{"features":[{"geometry":{"coordinates":[[[-2.286403,54.2404846],[-2.2927569,54.2526103],[-2.3051034,54.2493316],[-2.3190927,54.257144],[-2.3256431,54.2414266],[-2.3376536,54.2375873],[-2.3480486,54.237795],[-2.3623134,54.2497413],[-2.3723215,54.2482225],[-2.3730169,54.2400876],[-2.3967759,54.23937],[-2.4056282,54.224904],[-2.411967,54.2266757],[-2.4354151,54.2228663],[-2.4414149,54.2257282],[-2.4608591,54.226705],[-2.4736957,54.2152709],[-2.4799561,54.2023017],[-2.528719,54.1695004],[-2.5339768,54.1576813],[-2.5436141,54.1576062],[-2.54722,54.1532978],[-2.5605027,54.1530409],[-2.5578718,54.1433527],[-2.5634091,54.1403939],[-2.5613865,54.1298884],[-2.564739,54.1270267],[-2.5633275,54.1226946],[-2.5447662,54.117121],[-2.5458333,54.1143556],[-2.5361988,54.1086145],[-2.5367636,54.104087],[-2.5241067,54.1021175],[-2.5240073,54.0946108],[-2.5095245,54.0954139],[-2.5063032,54.0914629],[-2.4807489,54.0853671],[-2.4707219,54.076552],[-2.4643453,54.0752674],[-2.4695477,54.0462002],[-2.4587731,54.0404833],[-2.4327318,54.0415808],[-2.4258242,54.0380826],[-2.3740697,54.049076],[-2.3650678,54.0611892],[-2.3520062,54.0656304],[-2.3181664,54.0869208],[-2.3072535,54.0987679],[-2.3097246,54.1123678],[-2.2951262,54.1179678],[-2.2963314,54.1232658],[-2.3111904,54.1288434],[-2.3212984,54.1373907],[-2.3250244,54.1523513],[-2.3371092,54.1518116],[-2.3632846,54.1611745],[-2.3687664,54.1646103],[-2.3650644,54.1676403],[-2.3760592,54.1729257],[-2.3755573,54.1775005],[-2.3687822,54.1862872],[-2.3424252,54.2025839],[-2.3311296,54.1967121],[-2.3358942,54.2042735],[-2.3465731,54.2077986],[-2.32656,54.219398],[-2.3223407,54.227648],[-2.295267,54.2305902],[-2.286403,54.2404846]]],"type":"Polygon"},"id":"E02005742","properties":{"code":"E02005742","geography":"MSOA","name":"Craven 001"},"type":"Feature"},{"geometry":{"coordinates":[[[-2.190376,53.9688944],[-2.1820332,53.9842574],[-2.1813289,53.9939502],[-2.1915922,54.0027798],[-2.190825,54.0090208],[-2.1859067,54.0106393],[-2.2009571,54.022752],[-2.1970239,54.029827],[-2.2145142,54.0313188],[-2.2186657,54.0349316],[-2.2266064,54.0587602],[-2.207874,54.0648076],[-2.2026369,54.0695771],[-2.2107131,54.0817869],[-2.2178354,54.0812981],[-2.2215893,54.0899058],[-2.22032,54.0928895],[-2.2054333,54.0943201],[-2.2380667,54.1106796],[-2.2349048,54.1154843],[-2.2416883,54.1376438],[-2.2571845,54.142896],[-2.2465109,54.1571764],[-2.2449642,54.1683271],[-2.2347414,54.1721149],[-2.2493088,54.17705],[-2.2586297,54.1961914],[-2.2844628,54.205844],[-2.272645,54.2155084],[-2.2473362,54.2245806],[-2.2636623,54.2453286],[-2.2833162,54.2385483],[-2.286403,54.2404846],[-2.295267,54.2305902],[-2.3223407,54.227648],[-2.32656,54.219398],[-2.3465731,54.2077986],[-2.3358942,54.2042735],[-2.3311296,54.1967121],[-2.3424252,54.2025839],[-2.3687822,54.1862872],[-2.3755573,54.1775005],[-2.3760592,54.1729257],[-2.3650644,54.1676403],[-2.3687664,54.1646103],[-2.3632846,54.1611745],[-2.3371092,54.1518116],[-2.3250244,54.1523513],[-2.3212984,54.1373907],[-2.3111904,54.1288434],[-2.2963314,54.1232658],[-2.2951262,54.1179678],[-2.3097246,54.1123678],[-2.3072535,54.0987679],[-2.3181664,54.0869208],[-2.3520062,54.0656304],[-2.3650678,54.0611892],[-2.3740697,54.049076],[-2.361997,54.0406573],[-2.357321,54.0191043],[-2.3435383,54.0173148],[-2.3395579,54.0094204],[-2.3407578,54.0074496],[-2.3502866,54.0121876],[-2.3523083,54.0105263],[-2.3523554,53.9946609],[-2.3399212,53.9894147],[-2.3191488,53.9938288],[-2.296731,53.980541],[-2.2988523,53.9765472],[-2.2943172,53.9744195],[-2.2303422,53.9815166],[-2.2210597,53.9779141],[-2.2320123,53.9712163],[-2.2259448,53.9672399],[-2.2257333,53.9610857],[-2.2144168,53.9650852],[-2.2096359,53.9628851],[-2.2006319,53.9701126],[-2.1960161,53.9695623],[-2.190376,53.9688944]]],"type":"Polygon"},"id":"E02005744","properties":{"code":"E02005744","geography":"MSOA","name":"Craven 003"},"type":"Feature"},{"geometry":{"coordinates":[[[-1.9506795,53.9567281],[-1.9611395,53.9588743],[-1.9637249,53.9635352],[-1.9659137,53.9691198],[-1.9549653,53.9736274],[-1.9596332,53.9752277],[-1.978997,53.9698864],[-2.0073177,53.9671899],[-2.0132852,53.9634508],[-2.0177325,53.9686443],[-2.0267516,53.9595213],[-2.0129555,53.96009],[-2.0129564,53.9540383],[-2.0094337,53.955784],[-2.0046343,53.9524065],[-1.9977571,53.9525488],[-2.0032251,53.9571422],[-1.9963394,53.954836],[-1.9754678,53.9578239],[-1.9506795,53.9567281]]],"type":"Polygon"},"id":"E02005746","properties":{"code":"E02005746","geography":"MSOA","name":"Craven 005"},"type":"Feature"},{"geometry":{"coordinates":[[[-1.9506795,53.9567281],[-1.9754678,53.9578239],[-1.9963394,53.954836],[-2.0032251,53.9571422],[-1.9977571,53.9525488],[-2.0046343,53.9524065],[-2.0094337,53.955784],[-2.0129564,53.9540383],[-2.0129555,53.96009],[-2.0267516,53.9595213],[-2.0494312,53.9565687],[-2.0465384,53.9512759],[-2.0277242,53.9480841],[-2.0246657,53.9419153],[-2.0183078,53.9395976],[-2.01608,53.9430829],[-1.9979999,53.9435544],[-1.9842466,53.9504129],[-1.9650467,53.948221],[-1.9661703,53.951546],[-1.9493584,53.9529982],[-1.9506795,53.9567281]]],"type":"Polygon"},"id":"E02005747","properties":{"code":"E02005747","geography":"MSOA","name":"Craven 006"},"type":"Feature"},{"geometry":{"coordinates":[[[-2.0494312,53.9565687],[-2.061137,53.9592178],[-2.0644235,53.9656218],[-2.0762058,53.967301],[-2.0764532,53.9717618],[-2.0896216,53.9835962],[-2.0863101,53.9920498],[-2.0917856,53.9986605],[-2.1081666,53.9955525],[-2.1326184,54.0052239],[-2.1415424,54.0034269],[-2.14099,53.9908428],[-2.1147026,53.9824728],[-2.108419,53.9830522],[-2.105972,53.9812632],[-2.1122921,53.9761602],[-2.0990025,53.978357],[-2.1036107,53.9696477],[-2.1135005,53.9673739],[-2.1268636,53.968609],[-2.1295466,53.9578279],[-2.1392185,53.9658431],[-2.1556745,53.9647317],[-2.190376,53.9688944],[-2.1960161,53.9695623],[-2.1845198,53.9522507],[-2.1794654,53.9459714],[-2.1854851,53.9418728],[-2.1822785,53.9353762],[-2.1759421,53.9342462],[-2.1697847,53.9369963],[-2.162073,53.9326097],[-2.1628736,53.9272559],[-2.1517129,53.92947],[-2.1494296,53.926014],[-2.141795,53.9256604],[-2.1399743,53.9283112],[-2.1243468,53.9231865],[-2.1217549,53.9173167],[-2.1133427,53.9156128],[-2.1074642,53.9080284],[-2.1131729,53.9045973],[-2.1034143,53.8918788],[-2.0824547,53.8775407],[-2.0899124,53.868168],[-2.0811887,53.8699574],[-2.0748469,53.8623532],[-2.0461285,53.8501277],[-2.0317058,53.8585795],[-2.021628,53.8714835],[-2.0309535,53.8947555],[-2.0212431,53.895211],[-2.0194455,53.8979643],[-2.0307849,53.8963343],[-2.0480508,53.9031818],[-2.0433856,53.9101688],[-2.0465385,53.9119541],[-2.0161011,53.909674],[-1.9989845,53.9140541],[-1.9985324,53.9212685],[-2.0114286,53.9241485],[-2.009214,53.9286139],[-2.0183078,53.9395976],[-2.0246657,53.9419153],[-2.0277242,53.9480841],[-2.0465384,53.9512759],[-2.0494312,53.9565687]]],"type":"Polygon"},"id":"E02005748","properties":{"code":"E02005748","geography":"MSOA","name":"Craven 007"},"type":"Feature"},{"geometry":{"coordinates":[[[-1.9650467,53.948221],[-1.9842466,53.9504129],[-1.9979999,53.9435544],[-2.01608,53.9430829],[-2.0183078,53.9395976],[-2.009214,53.9286139],[-2.0114286,53.9241485],[-1.9985324,53.9212685],[-1.9989845,53.9140541],[-2.0161011,53.909674],[-2.0465385,53.9119541],[-2.0433856,53.9101688],[-2.0480508,53.9031818],[-2.0307849,53.8963343],[-2.0194455,53.8979643],[-2.0212431,53.895211],[-2.0309535,53.8947555],[-2.021628,53.8714835],[-2.013482,53.8697234],[-2.0027984,53.8717038],[-1.9876504,53.867723],[-1.9769766,53.8755869],[-1.9794163,53.9011181],[-1.9525646,53.9035191],[-1.953224,53.9116927],[-1.9601997,53.9161892],[-1.9768546,53.9264114],[-1.9719183,53.9299662],[-1.9658986,53.9278669],[-1.9680154,53.9318104],[-1.9630732,53.9333897],[-1.9705208,53.9433271],[-1.9622864,53.9431935],[-1.9650467,53.948221]]],"type":"Polygon"},"id":"E02005749","properties":{"code":"E02005749","geography":"MSOA","name":"Craven 008"},"type":"Feature"},{"geometry":{"coordinates":[[[-1.036836,54.4940314],[-1.0945095,54.5067474],[-1.1117687,54.5043614],[-1.1143927,54.4989305],[-1.1266672,54.4987195],[-1.1248918,54.4960137],[-1.132532,54.4930101],[-1.1448264,54.4916499],[-1.1378944,54.4864904],[-1.1291578,54.4868476],[-1.1312038,54.4838336],[-1.1383472,54.4844026],[-1.1343285,54.4825512],[-1.1645525,54.4713222],[-1.1731904,54.4738943],[-1.1701845,54.4645723],[-1.1815874,54.4694551],[-1.1821053,54.478302],[-1.1898431,54.4732851],[-1.2054859,54.4762945],[-1.202327,54.4668144],[-1.1941668,54.4692518],[-1.1890407,54.4659734],[-1.2062035,54.4618012],[-1.2057802,54.4581541],[-1.1906569,54.4470831],[-1.181158,54.4261003],[-1.173127,54.4192559],[-1.1534577,54.4250812],[-1.1271837,54.4266134],[-1.102075,54.4163939],[-1.1054439,54.4151138],[-1.0977423,54.4096408],[-1.0817985,54.4050126],[-1.0709287,54.4056679],[-1.0593676,54.4125656],[-1.0646823,54.421128],[-1.0555496,54.4274223],[-1.0526493,54.4369462],[-1.057492,54.4409051],[-1.0483758,54.4521336],[-1.0339259,54.4589772],[-0.9847868,54.4574393],[-0.9720768,54.460834],[-0.9835008,54.4788645],[-1.0041129,54.4754678],[-1.0164386,54.4766303],[-1.0190551,54.4824934],[-1.036836,54.4940314]]],"type":"Polygon"},"id":"E02005750","properties":{"code":"E02005750","geography":"MSOA","name":"Hambleton 001"},"type":"Feature"},{"geometry":{"coordinates":[[[-1.1954718,54.5066196],[-1.2201229,54.5109286],[-1.2348526,54.5103037],[-1.2343669,54.5061298],[-1.2423072,54.5016454],[-1.2566612,54.5010956],[-1.2532494,54.4977701],[-1.2573911,54.4873093],[-1.2745059,54.4910701],[-1.2895787,54.4879745],[-1.286697,54.4827225],[-1.2913022,54.4835677],[-1.2985992,54.4774692],[-1.284898,54.4750982],[-1.2862683,54.4716335],[-1.2763015,54.4643787],[-1.2926272,54.4608907],[-1.3018844,54.4556269],[-1.3098601,54.4565849],[-1.3085988,54.4495093],[-1.3286779,54.4429414],[-1.3188341,54.4251753],[-1.3295909,54.4223013],[-1.3313909,54.4131465],[-1.3426394,54.41283],[-1.3419493,54.4051358],[-1.3252976,54.4005503],[-1.328406,54.3914602],[-1.3176807,54.3841726],[-1.3132728,54.3859808],[-1.2981542,54.3820479],[-1.2915951,54.3924174],[-1.2812834,54.3856655],[-1.2687269,54.3873008],[-1.2512544,54.3760644],[-1.2384701,54.3759371],[-1.2250282,54.3780253],[-1.2087307,54.3737702],[-1.1808908,54.3767212],[-1.1721816,54.3818582],[-1.1630598,54.3724959],[-1.1575367,54.3492557],[-1.1455499,54.3489082],[-1.1329265,54.3435786],[-1.1217832,54.345225],[-1.118573,54.3387155],[-1.1225607,54.3314225],[-1.116655,54.3286442],[-1.0990225,54.3291784],[-1.0781509,54.3602341],[-1.0661994,54.3626547],[-1.0672219,54.375458],[-1.0788122,54.3882003],[-1.0704154,54.3957569],[-1.0817985,54.4050126],[-1.0977423,54.4096408],[-1.1054439,54.4151138],[-1.102075,54.4163939],[-1.1271837,54.4266134],[-1.1534577,54.4250812],[-1.173127,54.4192559],[-1.181158,54.4261003],[-1.1906569,54.4470831],[-1.2057802,54.4581541],[-1.2062035,54.4618012],[-1.1890407,54.4659734],[-1.1941668,54.4692518],[-1.202327,54.4668144],[-1.2054859,54.4762945],[-1.1898431,54.4732851],[-1.1821053,54.478302],[-1.1815874,54.4694551],[-1.1701845,54.4645723],[-1.1731904,54.4738943],[-1.1645525,54.4713222],[-1.1343285,54.4825512],[-1.1383472,54.4844026],[-1.1312038,54.4838336],[-1.1291578,54.4868476],[-1.1378944,54.4864904],[-1.1448264,54.4916499],[-1.132532,54.4930101],[-1.1248918,54.4960137],[-1.1266672,54.4987195],[-1.1461835,54.502809],[-1.1735472,54.502495],[-1.1850805,54.5072727],[-1.1954718,54.5066196]]],"type":"Polygon"},"id":"E02005751","properties":{"code":"E02005751","geography":"MSOA","name":"Hambleton 002"},"type":"Feature"},{"geometry":{"coordinates":[[[-1.4348349,54.4874519],[-1.4584976,54.5039076],[-1.4744023,54.5008253],[-1.4740208,54.4964138],[-1.4591823,54.4942566],[-1.4618177,54.4859402],[-1.4575746,54.4814718],[-1.4637887,54.4735398],[-1.4534042,54.4660037],[-1.4627815,54.4613809],[-1.4561398,54.4524382],[-1.4630913,54.4513661],[-1.4720432,54.4555883],[-1.4798273,54.4514062],[-1.4863503,54.4533637],[-1.482747,54.4478517],[-1.5056933,54.4473542],[-1.5148422,54.4521395],[-1.54615,54.4445228],[-1.5513752,54.4294795],[-1.5440496,54.4242036],[-1.5506362,54.4215177],[-1.5583621,54.4242911],[-1.5746044,54.4184941],[-1.576453,54.4133048],[-1.5713414,54.4055359],[-1.5609043,54.4008098],[-1.5571455,54.40185],[-1.5540121,54.3971737],[-1.5434313,54.3943262],[-1.5092165,54.4042065],[-1.5021017,54.3963752],[-1.4963844,54.3978872],[-1.4925334,54.4076637],[-1.4881561,54.4051952],[-1.4733172,54.4058492],[-1.4652785,54.4004292],[-1.4558496,54.405123],[-1.4418886,54.406706],[-1.4335251,54.3955594],[-1.4360602,54.390662],[-1.4468104,54.3866167],[-1.4470161,54.382062],[-1.4492357,54.3615551],[-1.4446656,54.3507515],[-1.430798,54.3533895],[-1.4319216,54.3488967],[-1.4247748,54.3539835],[-1.3926027,54.3453241],[-1.3987511,54.351552],[-1.3947336,54.3612116],[-1.3816678,54.3479139],[-1.3919986,54.3421832],[-1.3899451,54.330107],[-1.3837315,54.3269953],[-1.3583094,54.3285364],[-1.3553635,54.3223089],[-1.3511918,54.3208715],[-1.3385808,54.3212722],[-1.332403,54.3187011],[-1.337248,54.3136685],[-1.3300267,54.3099531],[-1.3275647,54.3037319],[-1.288297,54.3091912],[-1.2623972,54.3018781],[-1.2409549,54.3046283],[-1.2499307,54.3117621],[-1.2465826,54.3315254],[-1.2584917,54.336645],[-1.2659838,54.3458682],[-1.2647787,54.354079],[-1.2545625,54.3538573],[-1.2384701,54.3759371],[-1.2512544,54.3760644],[-1.2687269,54.3873008],[-1.2812834,54.3856655],[-1.2915951,54.3924174],[-1.2981542,54.3820479],[-1.3132728,54.3859808],[-1.3176807,54.3841726],[-1.328406,54.3914602],[-1.3252976,54.4005503],[-1.3419493,54.4051358],[-1.3426394,54.41283],[-1.3313909,54.4131465],[-1.3295909,54.4223013],[-1.3188341,54.4251753],[-1.3286779,54.4429414],[-1.3085988,54.4495093],[-1.3098601,54.4565849],[-1.3018844,54.4556269],[-1.2926272,54.4608907],[-1.2763015,54.4643787],[-1.2862683,54.4716335],[-1.284898,54.4750982],[-1.2985992,54.4774692],[-1.3131041,54.4772657],[-1.3183,54.4721876],[-1.3436163,54.4641438],[-1.3449026,54.4723967],[-1.3562815,54.4729631],[-1.3644053,54.4659411],[-1.3743322,54.4740498],[-1.3743723,54.4842217],[-1.370287,54.4861274],[-1.3809994,54.4940174],[-1.3830535,54.4872753],[-1.3950389,54.4856684],[-1.3992041,54.4928808],[-1.4070786,54.4935182],[-1.4127764,54.4771836],[-1.432107,54.4794432],[-1.4265726,54.4847681],[-1.4348349,54.4874519]]],"type":"Polygon"},"id":"E02005752","properties":{"code":"E02005752","geography":"MSOA","name":"Hambleton 003"},"type":"Feature"},{"geometry":{"coordinates":[[[-1.4470161,54.382062],[-1.4468104,54.3866167],[-1.4360602,54.390662],[-1.4335251,54.3955594],[-1.4418886,54.406706],[-1.4558496,54.405123],[-1.4652785,54.4004292],[-1.4733172,54.4058492],[-1.4881561,54.4051952],[-1.4925334,54.4076637],[-1.4963844,54.3978872],[-1.5021017,54.3963752],[-1.5092165,54.4042065],[-1.5434313,54.3943262],[-1.5540121,54.3971737],[-1.5571455,54.40185],[-1.5609043,54.4008098],[-1.571886,54.3957613],[-1.5748631,54.3811015],[-1.5841124,54.3754077],[-1.5853585,54.3633972],[-1.5893402,54.3615783],[-1.6020493,54.3648213],[-1.6152263,54.3570558],[-1.6086105,54.3508287],[-1.5845476,54.328694],[-1.580183,54.3295505],[-1.5702662,54.3038021],[-1.5605317,54.2971895],[-1.5354795,54.308077],[-1.5252893,54.3049098],[-1.50883,54.3053337],[-1.5119891,54.3012295],[-1.4960674,54.2872652],[-1.4967876,54.2904489],[-1.48681,54.2942461],[-1.4904698,54.2991167],[-1.463436,54.3055452],[-1.4589313,54.3029481],[-1.4484113,54.3034362],[-1.4465269,54.2994552],[-1.420998,54.3024378],[-1.4295199,54.3152001],[-1.418907,54.3182317],[-1.4027641,54.3074683],[-1.4088352,54.3207718],[-1.3905313,54.3268591],[-1.4021856,54.3268168],[-1.4297475,54.3364573],[-1.4286712,54.3297709],[-1.4334929,54.3295814],[-1.4303809,54.3283861],[-1.4347422,54.3213913],[-1.4395602,54.3294673],[-1.4465851,54.329106],[-1.451255,54.3363124],[-1.4687473,54.3356618],[-1.4688892,54.3445612],[-1.4648374,54.351926],[-1.4704824,54.3585821],[-1.4688234,54.3646988],[-1.4551501,54.36907],[-1.4603063,54.3697583],[-1.460572,54.3778028],[-1.4470161,54.382062]]],"type":"Polygon"},"id":"E02005754","properties":{"code":"E02005754","geography":"MSOA","name":"Hambleton 005"},"type":"Feature"},{"geometry":{"coordinates":[[[-1.5605317,54.2971895],[-1.5702662,54.3038021],[-1.580183,54.3295505],[-1.5845476,54.328694],[-1.6086105,54.3508287],[-1.6431801,54.3434705],[-1.6373904,54.3265747],[-1.6416248,54.3232093],[-1.6376445,54.3214269],[-1.6430899,54.3207466],[-1.6419812,54.3075007],[-1.6495753,54.3077729],[-1.6470155,54.3009197],[-1.6510551,54.2943552],[-1.6758156,54.2851489],[-1.6939176,54.2872703],[-1.705254,54.2855316],[-1.7016565,54.2787177],[-1.7048337,54.2769023],[-1.6947468,54.2736569],[-1.6844625,54.2615901],[-1.675095,54.24707],[-1.6700899,54.2476269],[-1.6723067,54.2508119],[-1.667836,54.2522306],[-1.6642035,54.2473031],[-1.6486218,54.2502005],[-1.6363678,54.239446],[-1.6467979,54.2368424],[-1.6346308,54.2292251],[-1.6254824,54.2304187],[-1.5970571,54.2413139],[-1.5771787,54.2401652],[-1.5809663,54.2347201],[-1.5727746,54.2325028],[-1.5676693,54.2348808],[-1.5692443,54.2375699],[-1.5530165,54.238818],[-1.5521278,54.2444206],[-1.5641643,54.2485163],[-1.5509727,54.2580448],[-1.5631593,54.2805059],[-1.5605317,54.2971895]]],"type":"Polygon"},"id":"E02005755","properties":{"code":"E02005755","geography":"MSOA","name":"Hambleton 006"},"type":"Feature"},{"geometry":{"coordinates":[[[-1.3553635,54.3223089],[-1.3884591,54.3239243],[-1.3905313,54.3268591],[-1.4088352,54.3207718],[-1.4027641,54.3074683],[-1.418907,54.3182317],[-1.4295199,54.3152001],[-1.420998,54.3024378],[-1.4465269,54.2994552],[-1.4484113,54.3034362],[-1.4589313,54.3029481],[-1.463436,54.3055452],[-1.4904698,54.2991167],[-1.48681,54.2942461],[-1.4967876,54.2904489],[-1.4960674,54.2872652],[-1.5119891,54.3012295],[-1.50883,54.3053337],[-1.5252893,54.3049098],[-1.5354795,54.308077],[-1.5605317,54.2971895],[-1.5631593,54.2805059],[-1.5509727,54.2580448],[-1.5641643,54.2485163],[-1.5521278,54.2444206],[-1.5530165,54.238818],[-1.5692443,54.2375699],[-1.5676693,54.2348808],[-1.5727746,54.2325028],[-1.5809663,54.2347201],[-1.5771787,54.2401652],[-1.5970571,54.2413139],[-1.6254824,54.2304187],[-1.6210138,54.2188461],[-1.6308849,54.1978912],[-1.6402627,54.190598],[-1.6223009,54.1858341],[-1.6021144,54.1911268],[-1.5956611,54.190176],[-1.5888596,54.196691],[-1.5969696,54.1971588],[-1.5978586,54.2011061],[-1.5819188,54.2048387],[-1.568053,54.1997473],[-1.5606263,54.1910633],[-1.5407441,54.1945364],[-1.5280576,54.194836],[-1.5010868,54.2042356],[-1.4950907,54.2032883],[-1.4931328,54.2177666],[-1.4846199,54.2202976],[-1.4747694,54.2061946],[-1.4436787,54.2161207],[-1.449424,54.2188245],[-1.4428956,54.2259862],[-1.4264817,54.2235455],[-1.4197093,54.2192375],[-1.3957606,54.2308775],[-1.384362,54.2319579],[-1.3889638,54.24331],[-1.402419,54.2451735],[-1.3943585,54.2549622],[-1.3856819,54.2553832],[-1.3780911,54.2598356],[-1.3644771,54.2603022],[-1.3574732,54.2537791],[-1.3530556,54.2540044],[-1.3535691,54.2643134],[-1.3729782,54.274017],[-1.3745943,54.2813815],[-1.3617957,54.3000515],[-1.3633677,54.3082035],[-1.3515146,54.3124453],[-1.3511918,54.3208715],[-1.3553635,54.3223089]]],"type":"Polygon"},"id":"E02005756","properties":{"code":"E02005756","geography":"MSOA","name":"Hambleton 007"},"type":"Feature"},{"geometry":{"coordinates":[[[-1.2409549,54.3046283],[-1.2623972,54.3018781],[-1.288297,54.3091912],[-1.3275647,54.3037319],[-1.3300267,54.3099531],[-1.337248,54.3136685],[-1.332403,54.3187011],[-1.3385808,54.3212722],[-1.3511918,54.3208715],[-1.3515146,54.3124453],[-1.3633677,54.3082035],[-1.3617957,54.3000515],[-1.3745943,54.2813815],[-1.3729782,54.274017],[-1.3535691,54.2643134],[-1.3530556,54.2540044],[-1.3574732,54.2537791],[-1.3644771,54.2603022],[-1.3780911,54.2598356],[-1.3856819,54.2553832],[-1.3943585,54.2549622],[-1.402419,54.2451735],[-1.3889638,54.24331],[-1.384362,54.2319579],[-1.3957606,54.2308775],[-1.4197093,54.2192375],[-1.4121986,54.2057725],[-1.4049,54.2056123],[-1.38401,54.2114037],[-1.3736305,54.2102278],[-1.3753774,54.2240134],[-1.3689621,54.2266726],[-1.3576234,54.2291431],[-1.3484271,54.2257293],[-1.3421919,54.2276706],[-1.3391194,54.2234982],[-1.329424,54.2226585],[-1.327487,54.2246051],[-1.3397793,54.231148],[-1.3313304,54.23373],[-1.3378594,54.2350079],[-1.3341281,54.2390053],[-1.2994589,54.22469],[-1.2932363,54.2299835],[-1.2997814,54.2344647],[-1.2807478,54.2270235],[-1.276089,54.2313551],[-1.2709279,54.227538],[-1.2672052,54.2314079],[-1.2558591,54.2339779],[-1.2491782,54.2283728],[-1.2451133,54.2303953],[-1.2336981,54.2276009],[-1.2167733,54.2303159],[-1.2119133,54.234016],[-1.215305,54.2349988],[-1.2083754,54.2363627],[-1.2150547,54.241504],[-1.214004,54.249226],[-1.2054465,54.2513053],[-1.2197374,54.2865605],[-1.2409549,54.3046283]]],"type":"Polygon"},"id":"E02005757","properties":{"code":"E02005757","geography":"MSOA","name":"Hambleton 008"},"type":"Feature"},{"geometry":{"coordinates":[[[-1.1264758,54.1812725],[-1.1357972,54.1897417],[-1.1687042,54.2024603],[-1.1892724,54.2001526],[-1.1885841,54.208466],[-1.1998889,54.2129005],[-1.2001909,54.216317],[-1.1920372,54.2210898],[-1.1966641,54.2263307],[-1.1970083,54.2410816],[-1.2083754,54.2363627],[-1.215305,54.2349988],[-1.2119133,54.234016],[-1.2167733,54.2303159],[-1.2336981,54.2276009],[-1.2451133,54.2303953],[-1.2491782,54.2283728],[-1.2558591,54.2339779],[-1.2672052,54.2314079],[-1.2709279,54.227538],[-1.276089,54.2313551],[-1.2807478,54.2270235],[-1.2997814,54.2344647],[-1.2932363,54.2299835],[-1.2994589,54.22469],[-1.3341281,54.2390053],[-1.3378594,54.2350079],[-1.3313304,54.23373],[-1.3397793,54.231148],[-1.327487,54.2246051],[-1.329424,54.2226585],[-1.3391194,54.2234982],[-1.3421919,54.2276706],[-1.3484271,54.2257293],[-1.3576234,54.2291431],[-1.3689621,54.2266726],[-1.3753774,54.2240134],[-1.3736305,54.2102278],[-1.38401,54.2114037],[-1.4049,54.2056123],[-1.4121986,54.2057725],[-1.4197093,54.2192375],[-1.4264817,54.2235455],[-1.4428956,54.2259862],[-1.449424,54.2188245],[-1.4436787,54.2161207],[-1.4459975,54.2140491],[-1.4365054,54.1994342],[-1.4382178,54.1926022],[-1.4321692,54.1860643],[-1.4122317,54.1812826],[-1.394047,54.1814527],[-1.3894752,54.1796329],[-1.3902856,54.1746129],[-1.3828964,54.1736412],[-1.3755245,54.1676641],[-1.3608078,54.1670595],[-1.3577067,54.1622669],[-1.3473794,54.1594738],[-1.3515939,54.1540996],[-1.3393779,54.1518738],[-1.3432669,54.1568235],[-1.3337969,54.1593096],[-1.3260371,54.1559186],[-1.3236976,54.1574919],[-1.3229119,54.1543867],[-1.3079559,54.1548968],[-1.2768758,54.145703],[-1.2720868,54.1507215],[-1.262727,54.1492511],[-1.2575302,54.1523947],[-1.2585102,54.1657954],[-1.2712985,54.1721354],[-1.2604743,54.18784],[-1.2498986,54.1898395],[-1.2457458,54.1879211],[-1.2461128,54.1756708],[-1.2387263,54.1747983],[-1.2292221,54.1671229],[-1.2307748,54.1569874],[-1.2192656,54.1461433],[-1.2198393,54.1358345],[-1.2020231,54.1415058],[-1.1893653,54.1403731],[-1.154112,54.1483207],[-1.1371871,54.1435798],[-1.1312794,54.1506535],[-1.1393191,54.1566012],[-1.1278907,54.1629486],[-1.1357748,54.1725093],[-1.1264758,54.1812725]]],"type":"Polygon"},"id":"E02005758","properties":{"code":"E02005758","geography":"MSOA","name":"Hambleton 009"},"type":"Feature"},{"geometry":{"coordinates":[[[-1.0130517,54.1346003],[-1.0886975,54.1629042],[-1.0805955,54.1720857],[-1.0974915,54.1775592],[-1.0991447,54.185292],[-1.1264758,54.1812725],[-1.1357748,54.1725093],[-1.1278907,54.1629486],[-1.1393191,54.1566012],[-1.1312794,54.1506535],[-1.1371871,54.1435798],[-1.154112,54.1483207],[-1.1893653,54.1403731],[-1.2020231,54.1415058],[-1.2198393,54.1358345],[-1.2357074,54.1328403],[-1.2226958,54.1233502],[-1.2472145,54.1199437],[-1.244257,54.101272],[-1.2358035,54.1032448],[-1.2185192,54.1008184],[-1.1896808,54.0924491],[-1.1779364,54.0752691],[-1.1876025,54.0704717],[-1.1860316,54.0651611],[-1.1900208,54.064837],[-1.1877108,54.0621093],[-1.1926769,54.0588263],[-1.1827505,54.0542094],[-1.1849927,54.0422988],[-1.1819414,54.0403482],[-1.1796726,54.0433412],[-1.1593957,54.0448839],[-1.1519789,54.0380249],[-1.1398478,54.0355679],[-1.1407884,54.0298423],[-1.1202738,54.0290284],[-1.1148805,54.0358257],[-1.0960764,54.0404952],[-1.0942686,54.0466093],[-1.0889974,54.0480825],[-1.0621609,54.0501213],[-1.0587241,54.0478283],[-1.0597024,54.0565904],[-1.0556443,54.0673898],[-1.0451114,54.0697857],[-1.0390855,54.0756922],[-1.0421059,54.0776863],[-1.0494522,54.0757063],[-1.0464404,54.0790835],[-1.0601488,54.0853287],[-1.0394547,54.098368],[-1.0437684,54.1074703],[-1.0162471,54.1079075],[-1.0085276,54.1237559],[-1.0130517,54.1346003]]],"type":"Polygon"},"id":"E02005759","properties":{"code":"E02005759","geography":"MSOA","name":"Hambleton 010"},"type":"Feature"},{"geometry":{"coordinates":[[[-1.2198393,54.1358345],[-1.2192656,54.1461433],[-1.2307748,54.1569874],[-1.2292221,54.1671229],[-1.2387263,54.1747983],[-1.2461128,54.1756708],[-1.2457458,54.1879211],[-1.2498986,54.1898395],[-1.2604743,54.18784],[-1.2712985,54.1721354],[-1.2585102,54.1657954],[-1.2575302,54.1523947],[-1.262727,54.1492511],[-1.2720868,54.1507215],[-1.2768758,54.145703],[-1.3079559,54.1548968],[-1.3229119,54.1543867],[-1.3236976,54.1574919],[-1.3260371,54.1559186],[-1.3337969,54.1593096],[-1.3432669,54.1568235],[-1.3393779,54.1518738],[-1.3394656,54.1481827],[-1.3347319,54.1496118],[-1.3320084,54.1459719],[-1.3387962,54.1367755],[-1.3400118,54.1290205],[-1.332794,54.12212],[-1.3349155,54.1122324],[-1.3406984,54.1075406],[-1.335889,54.1061719],[-1.3334325,54.1090577],[-1.3277345,54.1017775],[-1.3311646,54.0990651],[-1.3459615,54.1011543],[-1.3449913,54.0899566],[-1.3357175,54.0810063],[-1.3107124,54.080916],[-1.2980899,54.066249],[-1.28732,54.061522],[-1.2885837,54.0517249],[-1.2809793,54.0457186],[-1.2773901,54.0351361],[-1.2243879,54.0346311],[-1.2176165,54.0241262],[-1.2184276,54.0144181],[-1.2067728,54.0161888],[-1.1755024,54.0021792],[-1.1519041,53.9891606],[-1.1369893,53.9910654],[-1.1490821,54.0029299],[-1.1428675,54.0107707],[-1.1480606,54.0156948],[-1.1423734,54.0189358],[-1.1450258,54.0245171],[-1.1407884,54.0298423],[-1.1398478,54.0355679],[-1.1519789,54.0380249],[-1.1593957,54.0448839],[-1.1796726,54.0433412],[-1.1819414,54.0403482],[-1.1849927,54.0422988],[-1.1827505,54.0542094],[-1.1926769,54.0588263],[-1.1877108,54.0621093],[-1.1900208,54.064837],[-1.1860316,54.0651611],[-1.1876025,54.0704717],[-1.1779364,54.0752691],[-1.1896808,54.0924491],[-1.2185192,54.1008184],[-1.2358035,54.1032448],[-1.244257,54.101272],[-1.2472145,54.1199437],[-1.2226958,54.1233502],[-1.2357074,54.1328403],[-1.2198393,54.1358345]]],"type":"Polygon"},"id":"E02005760","properties":{"code":"E02005760","geography":"MSOA","name":"Hambleton 011"},"type":"Feature"},{"geometry":{"coordinates":[[[-1.6254824,54.2304187],[-1.6346308,54.2292251],[-1.6467979,54.2368424],[-1.6363678,54.239446],[-1.6486218,54.2502005],[-1.6642035,54.2473031],[-1.667836,54.2522306],[-1.6723067,54.2508119],[-1.6700899,54.2476269],[-1.675095,54.24707],[-1.6844625,54.2615901],[-1.6988166,54.2564087],[-1.7045628,54.2608194],[-1.709282,54.2555751],[-1.717303,54.2572354],[-1.737118,54.2542245],[-1.7389007,54.2484666],[-1.7559571,54.2393522],[-1.8233282,54.2474758],[-1.8162989,54.240686],[-1.8280615,54.2316278],[-1.87944,54.2202643],[-1.8864437,54.2099996],[-1.8637874,54.2056839],[-1.8441038,54.1955377],[-1.8317493,54.1937341],[-1.8155573,54.1706539],[-1.7798024,54.1637243],[-1.7745325,54.1501562],[-1.7644447,54.1441041],[-1.7542418,54.1169303],[-1.7297214,54.1184534],[-1.7060465,54.1109097],[-1.7007395,54.1133833],[-1.676524,54.0986638],[-1.6765968,54.0897396],[-1.6512505,54.0945203],[-1.6369262,54.0935322],[-1.6240723,54.0882606],[-1.5981573,54.0859784],[-1.6035723,54.0936464],[-1.5961885,54.0980645],[-1.6021074,54.0998826],[-1.6016803,54.1029712],[-1.5920038,54.1083133],[-1.5873549,54.1089934],[-1.5845048,54.106172],[-1.5769899,54.1079234],[-1.5728713,54.1120181],[-1.5638337,54.1093064],[-1.5531686,54.1101433],[-1.5541364,54.1148783],[-1.5440224,54.1232787],[-1.5436053,54.1246378],[-1.5489347,54.1278802],[-1.5525501,54.1391438],[-1.5676063,54.1441082],[-1.5698163,54.1488744],[-1.5800293,54.1494452],[-1.5872492,54.1540204],[-1.5777143,54.1522201],[-1.564333,54.1549362],[-1.5682106,54.1492933],[-1.5478321,54.1461081],[-1.5448492,54.1491165],[-1.5236023,54.1517746],[-1.5226247,54.1546525],[-1.5186373,54.1608438],[-1.5104286,54.1601703],[-1.5249,54.1651865],[-1.5312708,54.1723257],[-1.5310031,54.1835602],[-1.5402563,54.1826174],[-1.5463161,54.1857559],[-1.5407441,54.1945364],[-1.5606263,54.1910633],[-1.568053,54.1997473],[-1.5819188,54.2048387],[-1.5978586,54.2011061],[-1.5969696,54.1971588],[-1.5888596,54.196691],[-1.5956611,54.190176],[-1.6021144,54.1911268],[-1.6223009,54.1858341],[-1.6402627,54.190598],[-1.6308849,54.1978912],[-1.6210138,54.2188461],[-1.6254824,54.2304187]]],"type":"Polygon"},"id":"E02005761","properties":{"code":"E02005761","geography":"MSOA","name":"Harrogate 001"},"type":"Feature"},{"geometry":{"coordinates":[[[-1.5226247,54.1546525],[-1.5236023,54.1517746],[-1.5448492,54.1491165],[-1.5478321,54.1461081],[-1.5682106,54.1492933],[-1.564333,54.1549362],[-1.5777143,54.1522201],[-1.5872492,54.1540204],[-1.5800293,54.1494452],[-1.5698163,54.1488744],[-1.5676063,54.1441082],[-1.5525501,54.1391438],[-1.5489347,54.1278802],[-1.5436053,54.1246378],[-1.5392184,54.131059],[-1.5276641,54.1328008],[-1.5236618,54.140669],[-1.5153329,54.1436587],[-1.5213086,54.1475363],[-1.5226247,54.1546525]]],"type":"Polygon"},"id":"E02005762","properties":{"code":"E02005762","geography":"MSOA","name":"Harrogate 002"},"type":"Feature"},{"geometry":{"coordinates":[[[-1.4436787,54.2161207],[-1.4747694,54.2061946],[-1.4846199,54.2202976],[-1.4931328,54.2177666],[-1.4950907,54.2032883],[-1.5010868,54.2042356],[-1.5280576,54.194836],[-1.5407441,54.1945364],[-1.5463161,54.1857559],[-1.5402563,54.1826174],[-1.5310031,54.1835602],[-1.5312708,54.1723257],[-1.5249,54.1651865],[-1.5104286,54.1601703],[-1.5186373,54.1608438],[-1.5226247,54.1546525],[-1.5213086,54.1475363],[-1.5122358,54.1470019],[-1.4949958,54.1247993],[-1.4995971,54.1233047],[-1.5020174,54.1260118],[-1.5070637,54.1236995],[-1.5103468,54.1262089],[-1.5326048,54.1199296],[-1.5440224,54.1232787],[-1.5541364,54.1148783],[-1.5531686,54.1101433],[-1.5638337,54.1093064],[-1.5728713,54.1120181],[-1.5769899,54.1079234],[-1.5845048,54.106172],[-1.5873549,54.1089934],[-1.5920038,54.1083133],[-1.6016803,54.1029712],[-1.6021074,54.0998826],[-1.5961885,54.0980645],[-1.6035723,54.0936464],[-1.5981573,54.0859784],[-1.589274,54.0782162],[-1.5797623,54.0760165],[-1.5752002,54.0636223],[-1.5718496,54.0640253],[-1.5703371,54.0687752],[-1.5469934,54.0742018],[-1.534789,54.0718401],[-1.5335431,54.0785723],[-1.52981,54.0789154],[-1.5336222,54.0870775],[-1.530411,54.0937931],[-1.5154872,54.1014393],[-1.5100204,54.0966671],[-1.4989416,54.0995088],[-1.4944731,54.0945048],[-1.4895869,54.0981257],[-1.483559,54.0931027],[-1.4924582,54.089944],[-1.4989744,54.0913904],[-1.4933231,54.082192],[-1.4726792,54.0835346],[-1.4707257,54.0757365],[-1.452103,54.0697527],[-1.4316099,54.0729438],[-1.4101548,54.0821813],[-1.4033009,54.0893262],[-1.404629,54.0983176],[-1.410911,54.0975343],[-1.413568,54.0910815],[-1.4420868,54.0928691],[-1.441308,54.099632],[-1.4226545,54.1059452],[-1.4254282,54.1133938],[-1.4217846,54.1176724],[-1.4310927,54.1221082],[-1.4124886,54.1252135],[-1.4088023,54.122168],[-1.3749591,54.130914],[-1.3725848,54.1342801],[-1.3661871,54.1321747],[-1.3506909,54.1399378],[-1.3387962,54.1367755],[-1.3320084,54.1459719],[-1.3347319,54.1496118],[-1.3394656,54.1481827],[-1.3393779,54.1518738],[-1.3515939,54.1540996],[-1.3473794,54.1594738],[-1.3577067,54.1622669],[-1.3608078,54.1670595],[-1.3755245,54.1676641],[-1.3828964,54.1736412],[-1.3902856,54.1746129],[-1.3894752,54.1796329],[-1.394047,54.1814527],[-1.4122317,54.1812826],[-1.4321692,54.1860643],[-1.4382178,54.1926022],[-1.4365054,54.1994342],[-1.4459975,54.2140491],[-1.4436787,54.2161207]]],"type":"Polygon"},"id":"E02005763","properties":{"code":"E02005763","geography":"MSOA","name":"Harrogate 003"},"type":"Feature"},{"geometry":{"coordinates":[[[-1.5440224,54.1232787],[-1.5326048,54.1199296],[-1.5103468,54.1262089],[-1.5070637,54.1236995],[-1.5020174,54.1260118],[-1.4995971,54.1233047],[-1.4949958,54.1247993],[-1.5122358,54.1470019],[-1.5213086,54.1475363],[-1.5153329,54.1436587],[-1.5236618,54.140669],[-1.5276641,54.1328008],[-1.5392184,54.131059],[-1.5436053,54.1246378],[-1.5440224,54.1232787]]],"type":"Polygon"},"id":"E02005764","properties":{"code":"E02005764","geography":"MSOA","name":"Harrogate 004"},"type":"Feature"},{"geometry":{"coordinates":[[[-1.3387962,54.1367755],[-1.3506909,54.1399378],[-1.3661871,54.1321747],[-1.3725848,54.1342801],[-1.3749591,54.130914],[-1.4088023,54.122168],[-1.4124886,54.1252135],[-1.4310927,54.1221082],[-1.4217846,54.1176724],[-1.4254282,54.1133938],[-1.4226545,54.1059452],[-1.441308,54.099632],[-1.4420868,54.0928691],[-1.413568,54.0910815],[-1.410911,54.0975343],[-1.404629,54.0983176],[-1.4033009,54.0893262],[-1.4101548,54.0821813],[-1.4316099,54.0729438],[-1.4114062,54.0557412],[-1.4313477,54.0442825],[-1.4419528,54.0430002],[-1.4543468,54.0344764],[-1.451837,54.0301435],[-1.4447437,54.0318234],[-1.4437996,54.0254477],[-1.4353916,54.0284157],[-1.4278647,54.0290057],[-1.4282961,54.0256812],[-1.4224105,54.0255769],[-1.4208387,54.0168549],[-1.4109122,54.0173102],[-1.4143006,54.0123347],[-1.4070192,54.0134121],[-1.3995688,54.0233476],[-1.3781214,54.0278345],[-1.3795794,54.0373443],[-1.3570487,54.0430419],[-1.3462281,54.0517982],[-1.3526628,54.056022],[-1.3436542,54.0561448],[-1.3324552,54.0607012],[-1.3256541,54.0575478],[-1.3101611,54.0649236],[-1.301544,54.0620815],[-1.2980899,54.066249],[-1.3107124,54.080916],[-1.3357175,54.0810063],[-1.3449913,54.0899566],[-1.3459615,54.1011543],[-1.3311646,54.0990651],[-1.3277345,54.1017775],[-1.3334325,54.1090577],[-1.335889,54.1061719],[-1.3406984,54.1075406],[-1.3349155,54.1122324],[-1.332794,54.12212],[-1.3400118,54.1290205],[-1.3387962,54.1367755]]],"type":"Polygon"},"id":"E02005765","properties":{"code":"E02005765","geography":"MSOA","name":"Harrogate 005"},"type":"Feature"},{"geometry":{"coordinates":[[[-1.8864437,54.2099996],[-1.895611,54.2103451],[-1.9244018,54.2001452],[-1.9421588,54.1991015],[-1.9787073,54.1882937],[-2.0045041,54.1728721],[-1.9925404,54.1552664],[-1.9724882,54.1580724],[-1.963583,54.1521176],[-1.9542254,54.1430938],[-1.9571394,54.1325507],[-1.9479686,54.1252493],[-1.9221523,54.1203032],[-1.9056133,54.1224602],[-1.8951052,54.1137817],[-1.8909974,54.1044037],[-1.8671087,54.0976758],[-1.8617206,54.080526],[-1.8405895,54.0705665],[-1.8537207,54.0531073],[-1.8735217,54.0460289],[-1.8686665,54.0420355],[-1.8724165,54.0355955],[-1.8534663,54.0287587],[-1.8480407,54.0136563],[-1.8359345,54.0142152],[-1.8309714,54.0034448],[-1.8195231,53.9964019],[-1.7906433,54.0048501],[-1.7596721,54.0047664],[-1.7616934,54.0080893],[-1.7334554,54.0179716],[-1.6971317,54.03698],[-1.6765937,54.0330419],[-1.6507712,54.0393296],[-1.6342077,54.0369605],[-1.6110188,54.0571378],[-1.6001297,54.0578921],[-1.5881019,54.0548332],[-1.5752002,54.0636223],[-1.5797623,54.0760165],[-1.589274,54.0782162],[-1.5981573,54.0859784],[-1.6240723,54.0882606],[-1.6369262,54.0935322],[-1.6512505,54.0945203],[-1.6765968,54.0897396],[-1.676524,54.0986638],[-1.7007395,54.1133833],[-1.7060465,54.1109097],[-1.7297214,54.1184534],[-1.7542418,54.1169303],[-1.7644447,54.1441041],[-1.7745325,54.1501562],[-1.7798024,54.1637243],[-1.8155573,54.1706539],[-1.8317493,54.1937341],[-1.8441038,54.1955377],[-1.8637874,54.2056839],[-1.8864437,54.2099996]]],"type":"Polygon"},"id":"E02005766","properties":{"code":"E02005766","geography":"MSOA","name":"Harrogate 006"},"type":"Feature"},{"geometry":{"coordinates":[[[-1.4316099,54.0729438],[-1.452103,54.0697527],[-1.4707257,54.0757365],[-1.4726792,54.0835346],[-1.4933231,54.082192],[-1.4989744,54.0913904],[-1.4924582,54.089944],[-1.483559,54.0931027],[-1.4895869,54.0981257],[-1.4944731,54.0945048],[-1.4989416,54.0995088],[-1.5100204,54.0966671],[-1.5154872,54.1014393],[-1.530411,54.0937931],[-1.5336222,54.0870775],[-1.52981,54.0789154],[-1.5335431,54.0785723],[-1.534789,54.0718401],[-1.5469934,54.0742018],[-1.5703371,54.0687752],[-1.5718496,54.0640253],[-1.5537217,54.0515949],[-1.546783,54.0511539],[-1.5235596,54.0393055],[-1.5211598,54.0214447],[-1.5146816,54.024226],[-1.5056875,54.0220652],[-1.5053516,54.018821],[-1.4960451,54.0192003],[-1.4990954,54.0158482],[-1.4949875,54.0144118],[-1.4956288,54.0072035],[-1.4881838,54.0050775],[-1.4693408,54.0118781],[-1.4631632,54.0187484],[-1.4579454,54.0176552],[-1.4555543,54.0126823],[-1.4444768,54.0132502],[-1.4437675,54.0223833],[-1.4353916,54.0284157],[-1.4437996,54.0254477],[-1.4447437,54.0318234],[-1.451837,54.0301435],[-1.4543468,54.0344764],[-1.4419528,54.0430002],[-1.4313477,54.0442825],[-1.4114062,54.0557412],[-1.4316099,54.0729438]]],"type":"Polygon"},"id":"E02005767","properties":{"code":"E02005767","geography":"MSOA","name":"Harrogate 007"},"type":"Feature"},{"geometry":{"coordinates":[[[-1.5211598,54.0214447],[-1.5235596,54.0393055],[-1.546783,54.0511539],[-1.5537217,54.0515949],[-1.5718496,54.0640253],[-1.5752002,54.0636223],[-1.5881019,54.0548332],[-1.5806424,54.049328],[-1.5898237,54.0449082],[-1.5879973,54.0269735],[-1.6077596,54.028913],[-1.6085325,54.0261055],[-1.6166946,54.0250853],[-1.6179321,54.0195199],[-1.6136621,54.0166007],[-1.6115235,54.018631],[-1.6099349,54.0142645],[-1.6231484,53.9970825],[-1.6041051,53.9932389],[-1.5920786,53.9837774],[-1.5818781,53.9868624],[-1.5806679,53.9972438],[-1.573018,54.0062069],[-1.5701235,54.003385],[-1.5682973,54.0084426],[-1.5589581,54.0085896],[-1.5578339,54.0140824],[-1.5478907,54.0130637],[-1.5412729,54.0108439],[-1.5365947,54.0153089],[-1.5375147,54.0116954],[-1.5322869,54.0142797],[-1.5324682,54.0204871],[-1.5211598,54.0214447]]],"type":"Polygon"},"id":"E02005768","properties":{"code":"E02005768","geography":"MSOA","name":"Harrogate 008"},"type":"Feature"},{"geometry":{"coordinates":[[[-1.4555543,54.0126823],[-1.4579454,54.0176552],[-1.4631632,54.0187484],[-1.4693408,54.0118781],[-1.4881838,54.0050775],[-1.4859492,53.998281],[-1.4815399,53.9989266],[-1.4668863,53.9985508],[-1.4663236,54.0044743],[-1.461729,54.0018689],[-1.4611317,54.0059976],[-1.4518371,54.0055882],[-1.4555543,54.0126823]]],"type":"Polygon"},"id":"E02005769","properties":{"code":"E02005769","geography":"MSOA","name":"Harrogate 009"},"type":"Feature"},{"geometry":{"coordinates":[[[-1.4956288,54.0072035],[-1.4949875,54.0144118],[-1.4990954,54.0158482],[-1.4960451,54.0192003],[-1.5053516,54.018821],[-1.5056875,54.0220652],[-1.5146816,54.024226],[-1.5211598,54.0214447],[-1.5324682,54.0204871],[-1.5322869,54.0142797],[-1.5375147,54.0116954],[-1.5365947,54.0153089],[-1.5412729,54.0108439],[-1.5478907,54.0130637],[-1.5495477,54.0048904],[-1.5471925,54.0067769],[-1.540758,54.0049459],[-1.5296732,54.0051253],[-1.5184559,54.0108938],[-1.5122674,54.0073438],[-1.4956288,54.0072035]]],"type":"Polygon"},"id":"E02005770","properties":{"code":"E02005770","geography":"MSOA","name":"Harrogate 010"},"type":"Feature"},{"geometry":{"coordinates":[[[-1.5478907,54.0130637],[-1.5578339,54.0140824],[-1.5589581,54.0085896],[-1.5682973,54.0084426],[-1.5701235,54.003385],[-1.573018,54.0062069],[-1.5806679,53.9972438],[-1.5653947,54.0006758],[-1.5517697,53.9994078],[-1.5440631,54.0010578],[-1.540758,54.0049459],[-1.5471925,54.0067769],[-1.5495477,54.0048904],[-1.5478907,54.0130637]]],"type":"Polygon"},"id":"E02005771","properties":{"code":"E02005771","geography":"MSOA","name":"Harrogate 011"},"type":"Feature"},{"geometry":{"coordinates":[[[-1.4070192,54.0134121],[-1.4143006,54.0123347],[-1.4109122,54.0173102],[-1.4208387,54.0168549],[-1.4224105,54.0255769],[-1.4282961,54.0256812],[-1.4278647,54.0290057],[-1.4353916,54.0284157],[-1.4437675,54.0223833],[-1.4444768,54.0132502],[-1.4555543,54.0126823],[-1.4518371,54.0055882],[-1.4611317,54.0059976],[-1.461729,54.0018689],[-1.4663236,54.0044743],[-1.4668863,53.9985508],[-1.4815399,53.9989266],[-1.4785493,53.9933589],[-1.4876454,53.992297],[-1.4896175,53.9883735],[-1.4836571,53.981562],[-1.5052117,53.9777598],[-1.5121371,53.9708962],[-1.5173007,53.9658128],[-1.5107909,53.9581718],[-1.5050189,53.9606957],[-1.500037,53.9592632],[-1.5004823,53.962968],[-1.4900721,53.9655381],[-1.4770057,53.9587942],[-1.4563668,53.9632439],[-1.4629822,53.9713314],[-1.4291267,53.9777392],[-1.4248762,53.9826711],[-1.4211564,53.9809608],[-1.4088613,53.9841376],[-1.4120489,53.9865665],[-1.3992031,53.9944248],[-1.3924638,53.994142],[-1.3880917,54.0003259],[-1.3933366,54.0132292],[-1.3983665,54.0144984],[-1.4059347,54.0114651],[-1.4070192,54.0134121]]],"type":"Polygon"},"id":"E02005772","properties":{"code":"E02005772","geography":"MSOA","name":"Harrogate 012"},"type":"Feature"},{"geometry":{"coordinates":[[[-1.5122674,54.0073438],[-1.5184559,54.0108938],[-1.5296732,54.0051253],[-1.540758,54.0049459],[-1.5440631,54.0010578],[-1.5371489,53.9986616],[-1.5330108,54.000903],[-1.5297655,53.996069],[-1.5242084,53.9935575],[-1.5068234,53.9886615],[-1.5105365,53.9908724],[-1.5059068,53.9950193],[-1.5126431,53.9961019],[-1.5132035,53.9931508],[-1.5153886,53.9953054],[-1.515786,53.9992849],[-1.5078236,54.0047523],[-1.5122674,54.0073438]]],"type":"Polygon"},"id":"E02005773","properties":{"code":"E02005773","geography":"MSOA","name":"Harrogate 013"},"type":"Feature"},{"geometry":{"coordinates":[[[-1.4956288,54.0072035],[-1.5122674,54.0073438],[-1.5078236,54.0047523],[-1.515786,53.9992849],[-1.5153886,53.9953054],[-1.5132035,53.9931508],[-1.5126431,53.9961019],[-1.5059068,53.9950193],[-1.5105365,53.9908724],[-1.5068234,53.9886615],[-1.504139,53.9943527],[-1.4859492,53.998281],[-1.4881838,54.0050775],[-1.4956288,54.0072035]]],"type":"Polygon"},"id":"E02005774","properties":{"code":"E02005774","geography":"MSOA","name":"Harrogate 014"},"type":"Feature"},{"geometry":{"coordinates":[[[-1.5297655,53.996069],[-1.5330108,54.000903],[-1.5371489,53.9986616],[-1.5440631,54.0010578],[-1.5517697,53.9994078],[-1.5650948,53.9913717],[-1.5591618,53.9857784],[-1.5501171,53.9864891],[-1.5505506,53.9893867],[-1.545388,53.9875819],[-1.5418407,53.9938386],[-1.5368189,53.9887499],[-1.537365,53.9956329],[-1.5297655,53.996069]]],"type":"Polygon"},"id":"E02005775","properties":{"code":"E02005775","geography":"MSOA","name":"Harrogate 015"},"type":"Feature"},{"geometry":{"coordinates":[[[-1.1755024,54.0021792],[-1.2067728,54.0161888],[-1.2184276,54.0144181],[-1.2176165,54.0241262],[-1.2243879,54.0346311],[-1.2773901,54.0351361],[-1.2809793,54.0457186],[-1.2885837,54.0517249],[-1.28732,54.061522],[-1.2980899,54.066249],[-1.301544,54.0620815],[-1.3101611,54.0649236],[-1.3256541,54.0575478],[-1.3324552,54.0607012],[-1.3436542,54.0561448],[-1.3526628,54.056022],[-1.3462281,54.0517982],[-1.3570487,54.0430419],[-1.3795794,54.0373443],[-1.3781214,54.0278345],[-1.3995688,54.0233476],[-1.4070192,54.0134121],[-1.4059347,54.0114651],[-1.3983665,54.0144984],[-1.3933366,54.0132292],[-1.3880917,54.0003259],[-1.3924638,53.994142],[-1.3992031,53.9944248],[-1.4120489,53.9865665],[-1.4088613,53.9841376],[-1.4211564,53.9809608],[-1.4248762,53.9826711],[-1.4291267,53.9777392],[-1.4247783,53.9744913],[-1.4259375,53.9713704],[-1.4349913,53.9699338],[-1.434571,53.9625982],[-1.4245587,53.9592463],[-1.4231725,53.9466209],[-1.4091908,53.9354493],[-1.4006518,53.9374841],[-1.3971933,53.9425121],[-1.3836685,53.9414398],[-1.3585549,53.9416843],[-1.3403997,53.9458719],[-1.3447062,53.9394846],[-1.3395333,53.9407932],[-1.3069567,53.9344069],[-1.3089869,53.9240807],[-1.3004151,53.9293995],[-1.294182,53.9268225],[-1.3042381,53.9249468],[-1.3073054,53.9214772],[-1.2971983,53.9216648],[-1.3005827,53.9074681],[-1.3137201,53.9046844],[-1.2824514,53.902204],[-1.2916463,53.8997228],[-1.2837044,53.8973844],[-1.2785474,53.891413],[-1.2667842,53.8994748],[-1.2702648,53.916958],[-1.2608008,53.9197951],[-1.2626916,53.9277541],[-1.2708504,53.9346418],[-1.2518962,53.9355841],[-1.2449426,53.9315931],[-1.2352717,53.9349905],[-1.2217817,53.9250261],[-1.2051362,53.9256041],[-1.1956322,53.9223629],[-1.2236984,53.9748122],[-1.2165123,53.9855736],[-1.2001738,53.9890151],[-1.1922122,53.9841746],[-1.1820956,53.9853286],[-1.1832746,53.9961988],[-1.1919289,54.0004911],[-1.1885623,54.0024658],[-1.1795064,53.9988437],[-1.1755024,54.0021792]]],"type":"Polygon"},"id":"E02005776","properties":{"code":"E02005776","geography":"MSOA","name":"Harrogate 016"},"type":"Feature"},{"geometry":{"coordinates":[[[-1.5121371,53.9708962],[-1.5052117,53.9777598],[-1.4836571,53.981562],[-1.4896175,53.9883735],[-1.4876454,53.992297],[-1.4785493,53.9933589],[-1.4815399,53.9989266],[-1.4859492,53.998281],[-1.504139,53.9943527],[-1.5068234,53.9886615],[-1.5242084,53.9935575],[-1.5290731,53.991012],[-1.5252134,53.9858136],[-1.5300824,53.9789216],[-1.5310306,53.9717481],[-1.5239547,53.9727743],[-1.5225925,53.9761418],[-1.5121371,53.9708962]]],"type":"Polygon"},"id":"E02005777","properties":{"code":"E02005777","geography":"MSOA","name":"Harrogate 017"},"type":"Feature"},{"geometry":{"coordinates":[[[-1.5881019,54.0548332],[-1.6001297,54.0578921],[-1.6110188,54.0571378],[-1.6342077,54.0369605],[-1.6507712,54.0393296],[-1.6765937,54.0330419],[-1.6971317,54.03698],[-1.7334554,54.0179716],[-1.7616934,54.0080893],[-1.7596721,54.0047664],[-1.7906433,54.0048501],[-1.8195231,53.9964019],[-1.8187615,53.992511],[-1.8267551,53.9856489],[-1.8167289,53.9781248],[-1.8631595,53.9619376],[-1.8652044,53.9559479],[-1.8788788,53.9542601],[-1.8741472,53.9450735],[-1.8621035,53.9405546],[-1.8622048,53.9336291],[-1.8370594,53.9313551],[-1.8486535,53.9360123],[-1.8476861,53.9407583],[-1.830124,53.9403688],[-1.830197,53.9380038],[-1.8050859,53.9390082],[-1.8028603,53.9359429],[-1.7974923,53.9364701],[-1.7980061,53.9296995],[-1.7926523,53.9292816],[-1.7823731,53.9294018],[-1.7778337,53.9233177],[-1.7728619,53.9208744],[-1.7654214,53.9247078],[-1.7555034,53.921026],[-1.7456219,53.9229887],[-1.7421597,53.9145649],[-1.7272128,53.9101816],[-1.7223101,53.9119431],[-1.7179546,53.9085271],[-1.7164284,53.9176197],[-1.7061084,53.9170561],[-1.7070797,53.919116],[-1.6870159,53.9163733],[-1.6891666,53.9126304],[-1.6822068,53.9104464],[-1.6561849,53.9126513],[-1.6520255,53.9057072],[-1.6422551,53.9073488],[-1.6205329,53.9033797],[-1.5999881,53.9097613],[-1.5992429,53.903967],[-1.586853,53.9012368],[-1.5828943,53.9093445],[-1.6072874,53.9214165],[-1.5966032,53.9244154],[-1.5905265,53.9333512],[-1.5766341,53.9259957],[-1.5661672,53.9255676],[-1.5551419,53.930177],[-1.5409591,53.942338],[-1.5449993,53.946688],[-1.5436381,53.9548491],[-1.5487188,53.9526421],[-1.5517185,53.9565343],[-1.5599974,53.9562133],[-1.5642895,53.9600118],[-1.5579183,53.9622912],[-1.5592346,53.9661791],[-1.5615009,53.9775846],[-1.5760235,53.9755824],[-1.5837049,53.983798],[-1.5818781,53.9868624],[-1.5920786,53.9837774],[-1.6041051,53.9932389],[-1.6231484,53.9970825],[-1.6099349,54.0142645],[-1.6115235,54.018631],[-1.6136621,54.0166007],[-1.6179321,54.0195199],[-1.6166946,54.0250853],[-1.6085325,54.0261055],[-1.6077596,54.028913],[-1.5879973,54.0269735],[-1.5898237,54.0449082],[-1.5806424,54.049328],[-1.5881019,54.0548332]]],"type":"Polygon"},"id":"E02005778","properties":{"code":"E02005778","geography":"MSOA","name":"Harrogate 018"},"type":"Feature"},{"geometry":{"coordinates":[[[-1.5242084,53.9935575],[-1.5297655,53.996069],[-1.537365,53.9956329],[-1.5368189,53.9887499],[-1.5418407,53.9938386],[-1.545388,53.9875819],[-1.5505506,53.9893867],[-1.5501171,53.9864891],[-1.537088,53.9751004],[-1.5300824,53.9789216],[-1.5252134,53.9858136],[-1.5290731,53.991012],[-1.5242084,53.9935575]]],"type":"Polygon"},"id":"E02005779","properties":{"code":"E02005779","geography":"MSOA","name":"Harrogate 019"},"type":"Feature"},{"geometry":{"coordinates":[[[-1.5517697,53.9994078],[-1.5653947,54.0006758],[-1.5806679,53.9972438],[-1.5818781,53.9868624],[-1.5837049,53.983798],[-1.5760235,53.9755824],[-1.5615009,53.9775846],[-1.5592346,53.9661791],[-1.5471157,53.9681906],[-1.5448947,53.9651746],[-1.53456,53.9690434],[-1.5311497,53.9650463],[-1.5310306,53.9717481],[-1.5300824,53.9789216],[-1.537088,53.9751004],[-1.5501171,53.9864891],[-1.5591618,53.9857784],[-1.5650948,53.9913717],[-1.5517697,53.9994078]]],"type":"Polygon"},"id":"E02005780","properties":{"code":"E02005780","geography":"MSOA","name":"Harrogate 020"},"type":"Feature"},{"geometry":{"coordinates":[[[-1.4091908,53.9354493],[-1.4231725,53.9466209],[-1.4245587,53.9592463],[-1.434571,53.9625982],[-1.4349913,53.9699338],[-1.4259375,53.9713704],[-1.4247783,53.9744913],[-1.4291267,53.9777392],[-1.4629822,53.9713314],[-1.4563668,53.9632439],[-1.4770057,53.9587942],[-1.4900721,53.9655381],[-1.5004823,53.962968],[-1.500037,53.9592632],[-1.5050189,53.9606957],[-1.5107909,53.9581718],[-1.5173007,53.9658128],[-1.5121371,53.9708962],[-1.5225925,53.9761418],[-1.5239547,53.9727743],[-1.5310306,53.9717481],[-1.5311497,53.9650463],[-1.53456,53.9690434],[-1.5448947,53.9651746],[-1.5471157,53.9681906],[-1.5592346,53.9661791],[-1.5579183,53.9622912],[-1.5642895,53.9600118],[-1.5599974,53.9562133],[-1.5517185,53.9565343],[-1.5487188,53.9526421],[-1.5436381,53.9548491],[-1.5449993,53.946688],[-1.5409591,53.942338],[-1.5551419,53.930177],[-1.5661672,53.9255676],[-1.5766341,53.9259957],[-1.5905265,53.9333512],[-1.5966032,53.9244154],[-1.6072874,53.9214165],[-1.5828943,53.9093445],[-1.5677337,53.910784],[-1.5628774,53.9039146],[-1.5525719,53.9029925],[-1.5487877,53.9108984],[-1.5285905,53.9086834],[-1.4987751,53.915291],[-1.4860205,53.9108962],[-1.4682898,53.9109988],[-1.4630939,53.9059981],[-1.4509223,53.9071163],[-1.4404403,53.913887],[-1.4324291,53.9111861],[-1.4302366,53.9286609],[-1.408351,53.9278649],[-1.4091908,53.9354493]]],"type":"Polygon"},"id":"E02005781","properties":{"code":"E02005781","geography":"MSOA","name":"Harrogate 021"},"type":"Feature"},{"geometry":{"coordinates":[[[-1.6969167,54.5359962],[-1.7218718,54.5422506],[-1.7272748,54.5305018],[-1.7330818,54.5277261],[-1.7612038,54.5289415],[-1.7697137,54.5328342],[-1.7796887,54.5318628],[-1.7761228,54.5067176],[-1.7821663,54.5070025],[-1.7871675,54.5010276],[-1.7929381,54.4843575],[-1.8224353,54.4951679],[-1.8277789,54.5029195],[-1.8394251,54.5084276],[-1.8482087,54.5036534],[-1.8577936,54.5035303],[-1.8591231,54.4818474],[-1.8672477,54.4821072],[-1.8775958,54.4780397],[-1.8934233,54.4668884],[-1.9425366,54.4533855],[-1.9190758,54.4482569],[-1.9154855,54.4541721],[-1.9013965,54.4567831],[-1.8780033,54.4459039],[-1.8681376,54.4326734],[-1.8500688,54.4429455],[-1.8329224,54.4456824],[-1.816582,54.441603],[-1.8022176,54.4282653],[-1.786732,54.4234121],[-1.7743577,54.4243397],[-1.7524841,54.415884],[-1.7275623,54.4124288],[-1.7129797,54.4147667],[-1.7104589,54.4177156],[-1.6982177,54.4170779],[-1.7002913,54.4145448],[-1.6931012,54.4105291],[-1.6863888,54.4152787],[-1.6724466,54.4147284],[-1.6781055,54.4215535],[-1.6654321,54.4229216],[-1.6604837,54.407017],[-1.629348,54.4114873],[-1.6324548,54.4198118],[-1.6086346,54.4259142],[-1.5891604,54.4269068],[-1.5746044,54.4184941],[-1.5583621,54.4242911],[-1.5506362,54.4215177],[-1.5440496,54.4242036],[-1.5513752,54.4294795],[-1.54615,54.4445228],[-1.5148422,54.4521395],[-1.5056933,54.4473542],[-1.482747,54.4478517],[-1.4863503,54.4533637],[-1.4798273,54.4514062],[-1.4720432,54.4555883],[-1.4676093,54.4621392],[-1.475363,54.473834],[-1.4990434,54.4756664],[-1.4915123,54.4860802],[-1.5052376,54.4824086],[-1.5113312,54.4750011],[-1.5141223,54.4837638],[-1.5288264,54.4848026],[-1.5301416,54.4757396],[-1.519824,54.4710356],[-1.5327105,54.4691379],[-1.5456639,54.4712276],[-1.5551872,54.4849668],[-1.5732953,54.4901484],[-1.5829714,54.4970895],[-1.579206,54.5051763],[-1.5916145,54.5039932],[-1.5843257,54.5079573],[-1.5810595,54.5128345],[-1.6026283,54.5105707],[-1.6006143,54.5170868],[-1.6095114,54.519898],[-1.633321,54.5141003],[-1.6401898,54.5171694],[-1.6329221,54.5186934],[-1.6337641,54.5253537],[-1.6546657,54.5246393],[-1.6579276,54.534578],[-1.6822497,54.5333288],[-1.6969167,54.5359962]]],"type":"Polygon"},"id":"E02005782","properties":{"code":"E02005782","geography":"MSOA","name":"Richmondshire 001"},"type":"Feature"},{"geometry":{"coordinates":[[[-1.8022176,54.4282653],[-1.7992745,54.4189687],[-1.805666,54.4103058],[-1.8024348,54.406464],[-1.7872479,54.407939],[-1.7763737,54.4043625],[-1.7745323,54.4002427],[-1.7517497,54.4040005],[-1.7483453,54.4026454],[-1.7465189,54.3996095],[-1.7341966,54.4003262],[-1.7291956,54.404496],[-1.72236,54.4001873],[-1.7125269,54.4085169],[-1.7129797,54.4147667],[-1.7275623,54.4124288],[-1.7524841,54.415884],[-1.7743577,54.4243397],[-1.786732,54.4234121],[-1.8022176,54.4282653]]],"type":"Polygon"},"id":"E02005783","properties":{"code":"E02005783","geography":"MSOA","name":"Richmondshire 002"},"type":"Feature"},{"geometry":{"coordinates":[[[-1.5746044,54.4184941],[-1.5891604,54.4269068],[-1.6086346,54.4259142],[-1.6324548,54.4198118],[-1.629348,54.4114873],[-1.6604837,54.407017],[-1.6654321,54.4229216],[-1.6781055,54.4215535],[-1.6724466,54.4147284],[-1.6863888,54.4152787],[-1.6931012,54.4105291],[-1.7002913,54.4145448],[-1.6982177,54.4170779],[-1.7104589,54.4177156],[-1.7129797,54.4147667],[-1.7125269,54.4085169],[-1.72236,54.4001873],[-1.7158407,54.3960652],[-1.7198507,54.3918493],[-1.7145484,54.3902925],[-1.702909,54.3896488],[-1.6994731,54.394966],[-1.6915014,54.3974781],[-1.6883477,54.3925299],[-1.6819213,54.3922663],[-1.672293,54.3935715],[-1.6711902,54.3895631],[-1.6636927,54.3900875],[-1.6597468,54.3873169],[-1.6433374,54.3904636],[-1.6430627,54.3843037],[-1.6596636,54.3748597],[-1.6585002,54.3681537],[-1.6414038,54.3631665],[-1.6401926,54.3597929],[-1.6152263,54.3570558],[-1.6020493,54.3648213],[-1.5893402,54.3615783],[-1.5853585,54.3633972],[-1.5841124,54.3754077],[-1.5748631,54.3811015],[-1.571886,54.3957613],[-1.5609043,54.4008098],[-1.5713414,54.4055359],[-1.576453,54.4133048],[-1.5746044,54.4184941]]],"type":"Polygon"},"id":"E02005784","properties":{"code":"E02005784","geography":"MSOA","name":"Richmondshire 003"},"type":"Feature"},{"geometry":{"coordinates":[[[-1.72236,54.4001873],[-1.7291956,54.404496],[-1.7341966,54.4003262],[-1.7465189,54.3996095],[-1.7483453,54.4026454],[-1.7517452,54.4025779],[-1.7517233,54.4023358],[-1.7512882,54.3975246],[-1.7438168,54.3930199],[-1.7452014,54.3892795],[-1.7585989,54.3848187],[-1.7613517,54.376357],[-1.7709303,54.3760241],[-1.7713731,54.373599],[-1.7872156,54.3734075],[-1.7753326,54.3834235],[-1.7866112,54.3817147],[-1.7948803,54.3751903],[-1.7958945,54.3724282],[-1.7900067,54.370388],[-1.7931001,54.3647835],[-1.7670529,54.3623212],[-1.7473881,54.370451],[-1.7415382,54.3599046],[-1.7443292,54.3549013],[-1.711079,54.3545079],[-1.7170254,54.3509735],[-1.7164325,54.346187],[-1.6949808,54.3488398],[-1.7050253,54.3573616],[-1.7041077,54.3617332],[-1.6763269,54.3637875],[-1.6845073,54.3677076],[-1.6796573,54.3697085],[-1.6837258,54.3708385],[-1.6819213,54.3922663],[-1.6883477,54.3925299],[-1.6915014,54.3974781],[-1.6994731,54.394966],[-1.702909,54.3896488],[-1.7145484,54.3902925],[-1.7198507,54.3918493],[-1.7158407,54.3960652],[-1.72236,54.4001873]]],"type":"Polygon"},"id":"E02005785","properties":{"code":"E02005785","geography":"MSOA","name":"Richmondshire 004"},"type":"Feature"},{"geometry":{"coordinates":[[[-1.8022176,54.4282653],[-1.816582,54.441603],[-1.8329224,54.4456824],[-1.8500688,54.4429455],[-1.8681376,54.4326734],[-1.8780033,54.4459039],[-1.9013965,54.4567831],[-1.9154855,54.4541721],[-1.9190758,54.4482569],[-1.9425366,54.4533855],[-1.9700525,54.4515107],[-1.9761181,54.4597185],[-1.985533,54.4599144],[-1.9967575,54.4668938],[-2.0447227,54.4751768],[-2.0431935,54.4835897],[-2.0612415,54.4805237],[-2.0863902,54.4683833],[-2.1165911,54.4622541],[-2.1501145,54.4599539],[-2.1592215,54.4555055],[-2.1702068,54.458189],[-2.1705725,54.4611318],[-2.1775024,54.4616164],[-2.1893097,54.4489684],[-2.2356122,54.4482213],[-2.2495542,54.4519307],[-2.2678979,54.4472237],[-2.265374,54.4429165],[-2.2713429,54.4409064],[-2.2928606,54.4392979],[-2.2918489,54.4314528],[-2.3033685,54.4262666],[-2.3081412,54.4197839],[-2.305502,54.3971103],[-2.2917792,54.3908943],[-2.2974359,54.3768884],[-2.317038,54.3763003],[-2.3260877,54.3680853],[-2.3446437,54.3596181],[-2.3607449,54.3549373],[-2.3677077,54.3560595],[-2.3357634,54.3404238],[-2.3347449,54.3349335],[-2.320198,54.3317398],[-2.3098375,54.3243039],[-2.3149734,54.313575],[-2.3230284,54.3110715],[-2.3203973,54.3067593],[-2.3245185,54.3031722],[-2.3203862,54.2990331],[-2.324168,54.2935934],[-2.3171882,54.287154],[-2.3258872,54.2796843],[-2.3155104,54.2702733],[-2.3190927,54.257144],[-2.3051034,54.2493316],[-2.2927569,54.2526103],[-2.286403,54.2404846],[-2.2833162,54.2385483],[-2.2636623,54.2453286],[-2.2292147,54.2521665],[-2.2168253,54.2504747],[-2.1946554,54.2459116],[-2.1719419,54.2284653],[-2.1666368,54.228302],[-2.1566798,54.2346515],[-2.1515989,54.2355783],[-2.1506913,54.2325555],[-2.1438325,54.2350236],[-2.1404683,54.225282],[-2.1285336,54.2256885],[-2.1134523,54.2325503],[-2.1000289,54.231953],[-2.0870935,54.2209661],[-2.0608692,54.2103133],[-2.0594465,54.1967073],[-2.0542573,54.194887],[-2.0457809,54.1818679],[-2.0341733,54.1804248],[-2.0313881,54.1747896],[-2.0228313,54.1767614],[-2.0147127,54.1727828],[-2.0045041,54.1728721],[-1.9787073,54.1882937],[-1.9421588,54.1991015],[-1.9244018,54.2001452],[-1.895611,54.2103451],[-1.892925,54.2122425],[-1.9022251,54.2232158],[-1.8938482,54.2332854],[-1.9015984,54.2414025],[-1.901101,54.2479311],[-1.8829443,54.2569586],[-1.8834292,54.2599465],[-1.8912457,54.2594058],[-1.9023723,54.2674114],[-1.9129868,54.2648208],[-1.9394672,54.2698182],[-1.9209278,54.275041],[-1.879633,54.2802539],[-1.8754653,54.2887634],[-1.8820232,54.2919998],[-1.8798797,54.2977614],[-1.8972613,54.2995666],[-1.9055411,54.3045478],[-1.9193252,54.3048706],[-1.9283076,54.3085071],[-1.9476219,54.3048954],[-1.9681119,54.2952178],[-1.986868,54.2916372],[-1.9940582,54.2955458],[-2.0039938,54.2938018],[-2.0107521,54.2969596],[-2.0100331,54.3016715],[-2.0293314,54.3067128],[-2.0293363,54.3129783],[-2.0411185,54.323057],[-2.0417287,54.3316061],[-2.055159,54.3415037],[-2.039564,54.349682],[-2.0252746,54.3449968],[-2.0109027,54.3491578],[-1.9925982,54.3603733],[-1.9640772,54.3578458],[-1.9245823,54.3494162],[-1.9004339,54.3545985],[-1.8887082,54.3519112],[-1.8903975,54.34648],[-1.8414164,54.3483477],[-1.8130942,54.3456904],[-1.8006528,54.3535478],[-1.7931001,54.3647835],[-1.7900067,54.370388],[-1.7958945,54.3724282],[-1.7948803,54.3751903],[-1.7866112,54.3817147],[-1.7753326,54.3834235],[-1.7872156,54.3734075],[-1.7713731,54.373599],[-1.7709303,54.3760241],[-1.7613517,54.376357],[-1.7585989,54.3848187],[-1.7452014,54.3892795],[-1.7438168,54.3930199],[-1.7512882,54.3975246],[-1.7517233,54.4023358],[-1.7517452,54.4025779],[-1.7483453,54.4026454],[-1.7517497,54.4040005],[-1.7745323,54.4002427],[-1.7763737,54.4043625],[-1.7872479,54.407939],[-1.8024348,54.406464],[-1.805666,54.4103058],[-1.7992745,54.4189687],[-1.8022176,54.4282653]]],"type":"Polygon"},"id":"E02005786","properties":{"code":"E02005786","geography":"MSOA","name":"Richmondshire 005"},"type":"Feature"},{"geometry":{"coordinates":[[[-1.6152263,54.3570558],[-1.6401926,54.3597929],[-1.6414038,54.3631665],[-1.6585002,54.3681537],[-1.6596636,54.3748597],[-1.6430627,54.3843037],[-1.6433374,54.3904636],[-1.6597468,54.3873169],[-1.6636927,54.3900875],[-1.6711902,54.3895631],[-1.672293,54.3935715],[-1.6819213,54.3922663],[-1.6837258,54.3708385],[-1.6796573,54.3697085],[-1.6845073,54.3677076],[-1.6763269,54.3637875],[-1.7041077,54.3617332],[-1.7050253,54.3573616],[-1.6949808,54.3488398],[-1.7164325,54.346187],[-1.7170254,54.3509735],[-1.711079,54.3545079],[-1.7443292,54.3549013],[-1.7415382,54.3599046],[-1.7473881,54.370451],[-1.7670529,54.3623212],[-1.7931001,54.3647835],[-1.8006528,54.3535478],[-1.8130942,54.3456904],[-1.8414164,54.3483477],[-1.8903975,54.34648],[-1.8887082,54.3519112],[-1.9004339,54.3545985],[-1.9245823,54.3494162],[-1.9640772,54.3578458],[-1.9925982,54.3603733],[-2.0109027,54.3491578],[-2.0252746,54.3449968],[-2.039564,54.349682],[-2.055159,54.3415037],[-2.0417287,54.3316061],[-2.0411185,54.323057],[-2.0293363,54.3129783],[-2.0293314,54.3067128],[-2.0100331,54.3016715],[-2.0107521,54.2969596],[-2.0039938,54.2938018],[-1.9940582,54.2955458],[-1.986868,54.2916372],[-1.9681119,54.2952178],[-1.9476219,54.3048954],[-1.9283076,54.3085071],[-1.9193252,54.3048706],[-1.9055411,54.3045478],[-1.8972613,54.2995666],[-1.8798797,54.2977614],[-1.8820232,54.2919998],[-1.8754653,54.2887634],[-1.879633,54.2802539],[-1.9209278,54.275041],[-1.9394672,54.2698182],[-1.9129868,54.2648208],[-1.9023723,54.2674114],[-1.8912457,54.2594058],[-1.8834292,54.2599465],[-1.8829443,54.2569586],[-1.901101,54.2479311],[-1.9015984,54.2414025],[-1.8938482,54.2332854],[-1.9022251,54.2232158],[-1.892925,54.2122425],[-1.895611,54.2103451],[-1.8864437,54.2099996],[-1.87944,54.2202643],[-1.8280615,54.2316278],[-1.8162989,54.240686],[-1.8233282,54.2474758],[-1.7559571,54.2393522],[-1.7389007,54.2484666],[-1.737118,54.2542245],[-1.717303,54.2572354],[-1.709282,54.2555751],[-1.7045628,54.2608194],[-1.6988166,54.2564087],[-1.6844625,54.2615901],[-1.6947468,54.2736569],[-1.7048337,54.2769023],[-1.7016565,54.2787177],[-1.705254,54.2855316],[-1.6939176,54.2872703],[-1.6758156,54.2851489],[-1.6510551,54.2943552],[-1.6470155,54.3009197],[-1.6495753,54.3077729],[-1.6419812,54.3075007],[-1.6430899,54.3207466],[-1.6376445,54.3214269],[-1.6416248,54.3232093],[-1.6373904,54.3265747],[-1.6431801,54.3434705],[-1.6086105,54.3508287],[-1.6152263,54.3570558]]],"type":"Polygon"},"id":"E02005787","properties":{"code":"E02005787","geography":"MSOA","name":"Richmondshire 006"},"type":"Feature"},{"geometry":{"coordinates":[[[-0.7531069,54.3685774],[-0.7566046,54.3633694],[-0.7660605,54.3621092],[-0.7737648,54.3569361],[-0.7942622,54.3543482],[-0.8084089,54.3597993],[-0.8236198,54.3825034],[-0.8344024,54.3808913],[-0.8470757,54.3831908],[-0.9175485,54.4006318],[-0.9268751,54.4006072],[-0.9504278,54.4088445],[-0.9758856,54.3968992],[-0.9878255,54.3959411],[-1.0268592,54.4153315],[-1.0593676,54.4125656],[-1.0709287,54.4056679],[-1.0817985,54.4050126],[-1.0704154,54.3957569],[-1.0788122,54.3882003],[-1.0672219,54.375458],[-1.0661994,54.3626547],[-1.042275,54.3228942],[-1.0244721,54.3259009],[-0.998807,54.303366],[-0.9962753,54.2967618],[-0.9791399,54.2905597],[-0.9787257,54.2872389],[-0.9905774,54.2813777],[-0.9810318,54.2736326],[-0.9719854,54.2729409],[-0.9685716,54.2594278],[-0.9789769,54.2591057],[-1.0035847,54.2803168],[-0.9953188,54.262883],[-0.9794851,54.2513463],[-0.9807132,54.2409877],[-0.9861919,54.2429735],[-0.9807287,54.2291501],[-0.9549921,54.2231181],[-0.9568548,54.2289195],[-0.9518613,54.2369194],[-0.9424822,54.2268669],[-0.9413291,54.2303957],[-0.9265577,54.2338741],[-0.9303854,54.2404076],[-0.9199514,54.2584283],[-0.9060982,54.2573791],[-0.8949921,54.2648509],[-0.8814057,54.2622397],[-0.8570721,54.2743635],[-0.841988,54.2615833],[-0.8411944,54.2431205],[-0.8500082,54.2468754],[-0.8738193,54.244392],[-0.8882677,54.2496331],[-0.8946119,54.248115],[-0.8915114,54.2440737],[-0.9051838,54.2294853],[-0.8911199,54.2296612],[-0.8892393,54.2234869],[-0.876475,54.2152492],[-0.8613281,54.2187292],[-0.8347373,54.2177021],[-0.8159032,54.2204741],[-0.8264058,54.2307528],[-0.8129698,54.2429024],[-0.8042971,54.2444101],[-0.7907823,54.2613992],[-0.7873916,54.2735202],[-0.7937135,54.2943152],[-0.7761361,54.298063],[-0.7716892,54.2917308],[-0.7501212,54.2895552],[-0.7534335,54.2866772],[-0.7455617,54.2867604],[-0.7454721,54.2842091],[-0.7453332,54.2867552],[-0.7421171,54.2842105],[-0.7420032,54.2867843],[-0.7351551,54.2879738],[-0.7284678,54.2839972],[-0.7446762,54.3085213],[-0.7522977,54.3127712],[-0.7520538,54.3189428],[-0.7466027,54.3244284],[-0.7368768,54.3256744],[-0.7285181,54.3312619],[-0.7241083,54.3415688],[-0.7040869,54.3448852],[-0.7033988,54.3513502],[-0.7111779,54.3571629],[-0.740001,54.3564047],[-0.7531069,54.3685774]]],"type":"Polygon"},"id":"E02005788","properties":{"code":"E02005788","geography":"MSOA","name":"Ryedale 001"},"type":"Feature"},{"geometry":{"coordinates":[[[-0.6103219,54.2749444],[-0.613327,54.2786218],[-0.6044918,54.2980706],[-0.5789683,54.3109146],[-0.5672806,54.3113747],[-0.5676861,54.3138605],[-0.5858387,54.3208432],[-0.5900855,54.3293821],[-0.6121709,54.3373551],[-0.6220186,54.3444022],[-0.6341374,54.3647513],[-0.632601,54.3759372],[-0.6613052,54.3664959],[-0.6695106,54.3743538],[-0.6872179,54.3730947],[-0.6917144,54.3656513],[-0.7032334,54.364865],[-0.7111779,54.3571629],[-0.7033988,54.3513502],[-0.7040869,54.3448852],[-0.7241083,54.3415688],[-0.7285181,54.3312619],[-0.7368768,54.3256744],[-0.7466027,54.3244284],[-0.7520538,54.3189428],[-0.7522977,54.3127712],[-0.7446762,54.3085213],[-0.7284678,54.2839972],[-0.7351551,54.2879738],[-0.7420032,54.2867843],[-0.7421171,54.2842105],[-0.7453332,54.2867552],[-0.7454721,54.2842091],[-0.7455617,54.2867604],[-0.7534335,54.2866772],[-0.7501212,54.2895552],[-0.7716892,54.2917308],[-0.7761361,54.298063],[-0.7937135,54.2943152],[-0.7873916,54.2735202],[-0.7907823,54.2613992],[-0.8042971,54.2444101],[-0.8129698,54.2429024],[-0.8264058,54.2307528],[-0.8159032,54.2204741],[-0.8090043,54.2189212],[-0.8066507,54.2120527],[-0.7958693,54.2086739],[-0.7941486,54.2024036],[-0.7851283,54.2005749],[-0.776882,54.193007],[-0.7860335,54.1800057],[-0.7777764,54.1749943],[-0.7710615,54.1780375],[-0.7622888,54.1740611],[-0.7510757,54.1684827],[-0.7397777,54.1706239],[-0.7493404,54.1761963],[-0.7493555,54.1806184],[-0.7101689,54.190916],[-0.7088781,54.1934794],[-0.7009686,54.1936039],[-0.6942342,54.1987071],[-0.6753434,54.2011302],[-0.660992,54.1976378],[-0.6428815,54.1992444],[-0.6388924,54.1967816],[-0.632697,54.2018198],[-0.6249504,54.1940223],[-0.6155706,54.1949125],[-0.6135109,54.192164],[-0.5993423,54.1970481],[-0.5990179,54.1997228],[-0.6089318,54.2048607],[-0.6184302,54.2054551],[-0.6119373,54.2131813],[-0.6072286,54.2132057],[-0.5979347,54.23482],[-0.6069208,54.248589],[-0.6130996,54.2696403],[-0.6103219,54.2749444]]],"type":"Polygon"},"id":"E02005789","properties":{"code":"E02005789","geography":"MSOA","name":"Ryedale 002"},"type":"Feature"},{"geometry":{"coordinates":[[[-1.0661994,54.3626547],[-1.0781509,54.3602341],[-1.0990225,54.3291784],[-1.116655,54.3286442],[-1.1225607,54.3314225],[-1.118573,54.3387155],[-1.1217832,54.345225],[-1.1329265,54.3435786],[-1.1455499,54.3489082],[-1.1575367,54.3492557],[-1.1630598,54.3724959],[-1.1721816,54.3818582],[-1.1808908,54.3767212],[-1.2087307,54.3737702],[-1.2250282,54.3780253],[-1.2384701,54.3759371],[-1.2545625,54.3538573],[-1.2647787,54.354079],[-1.2659838,54.3458682],[-1.2584917,54.336645],[-1.2465826,54.3315254],[-1.2499307,54.3117621],[-1.2409549,54.3046283],[-1.2197374,54.2865605],[-1.2054465,54.2513053],[-1.214004,54.249226],[-1.2150547,54.241504],[-1.2083754,54.2363627],[-1.1970083,54.2410816],[-1.1966641,54.2263307],[-1.1920372,54.2210898],[-1.2001909,54.216317],[-1.1998889,54.2129005],[-1.1885841,54.208466],[-1.1892724,54.2001526],[-1.1687042,54.2024603],[-1.1357972,54.1897417],[-1.1264758,54.1812725],[-1.0991447,54.185292],[-1.0974915,54.1775592],[-1.0805955,54.1720857],[-1.0886975,54.1629042],[-1.0130517,54.1346003],[-1.0005407,54.1366247],[-1.002807,54.1419789],[-0.9929453,54.1483876],[-0.9929172,54.1540777],[-1.0022333,54.1623794],[-1.0098686,54.1600963],[-1.0107899,54.1626222],[-1.0220262,54.1633498],[-1.023472,54.1731416],[-1.0031517,54.1774962],[-0.9948445,54.1853417],[-0.9963112,54.1891108],[-0.9864162,54.185957],[-0.9603641,54.1873275],[-0.9455954,54.1920677],[-0.9541885,54.1850729],[-0.9382626,54.1791805],[-0.9254263,54.1833719],[-0.9117312,54.1825375],[-0.8975842,54.1920209],[-0.880868,54.1886182],[-0.8721174,54.1924981],[-0.8640864,54.1870552],[-0.8618433,54.1954701],[-0.8313773,54.1912793],[-0.829478,54.1933077],[-0.8376917,54.1946784],[-0.8354671,54.2009433],[-0.8266329,54.1991049],[-0.8324475,54.2028644],[-0.8292221,54.206482],[-0.8336086,54.2072564],[-0.8263221,54.2093158],[-0.8273387,54.2117591],[-0.8348047,54.2118682],[-0.8347373,54.2177021],[-0.8613281,54.2187292],[-0.876475,54.2152492],[-0.8892393,54.2234869],[-0.8911199,54.2296612],[-0.9051838,54.2294853],[-0.8915114,54.2440737],[-0.8946119,54.248115],[-0.8882677,54.2496331],[-0.8738193,54.244392],[-0.8500082,54.2468754],[-0.8411944,54.2431205],[-0.841988,54.2615833],[-0.8570721,54.2743635],[-0.8814057,54.2622397],[-0.8949921,54.2648509],[-0.9060982,54.2573791],[-0.9199514,54.2584283],[-0.9303854,54.2404076],[-0.9265577,54.2338741],[-0.9413291,54.2303957],[-0.9424822,54.2268669],[-0.9518613,54.2369194],[-0.9568548,54.2289195],[-0.9549921,54.2231181],[-0.9807287,54.2291501],[-0.9861919,54.2429735],[-0.9807132,54.2409877],[-0.9794851,54.2513463],[-0.9953188,54.262883],[-1.0035847,54.2803168],[-0.9789769,54.2591057],[-0.9685716,54.2594278],[-0.9719854,54.2729409],[-0.9810318,54.2736326],[-0.9905774,54.2813777],[-0.9787257,54.2872389],[-0.9791399,54.2905597],[-0.9962753,54.2967618],[-0.998807,54.303366],[-1.0244721,54.3259009],[-1.042275,54.3228942],[-1.0661994,54.3626547]]],"type":"Polygon"},"id":"E02005790","properties":{"code":"E02005790","geography":"MSOA","name":"Ryedale 003"},"type":"Feature"},{"geometry":{"coordinates":[[[-0.418236,54.1740451],[-0.4374823,54.215005],[-0.4711042,54.2119288],[-0.4937098,54.2029611],[-0.4980896,54.2062822],[-0.5047332,54.2052143],[-0.5200033,54.1977473],[-0.5377201,54.200413],[-0.5503973,54.1925582],[-0.5664046,54.2023702],[-0.5858064,54.1986312],[-0.5990179,54.1997228],[-0.5993423,54.1970481],[-0.6135109,54.192164],[-0.6155706,54.1949125],[-0.6249504,54.1940223],[-0.632697,54.2018198],[-0.6388924,54.1967816],[-0.6428815,54.1992444],[-0.660992,54.1976378],[-0.6753434,54.2011302],[-0.6942342,54.1987071],[-0.7009686,54.1936039],[-0.7088781,54.1934794],[-0.7101689,54.190916],[-0.7493555,54.1806184],[-0.7493404,54.1761963],[-0.7397777,54.1706239],[-0.7335111,54.1689481],[-0.732507,54.1633677],[-0.741861,54.1589628],[-0.7474798,54.1513009],[-0.7607484,54.1459012],[-0.7566634,54.1409508],[-0.7694141,54.1351429],[-0.7652828,54.13064],[-0.7558994,54.1237861],[-0.7564648,54.1147205],[-0.7827877,54.1170473],[-0.788833,54.1043286],[-0.8058684,54.1043721],[-0.8173284,54.1077117],[-0.8303669,54.1063043],[-0.8357385,54.0921882],[-0.8278954,54.0903855],[-0.8295577,54.0772728],[-0.8130679,54.0753721],[-0.8177329,54.0679371],[-0.8025465,54.0685787],[-0.7997988,54.0652338],[-0.7840065,54.0638357],[-0.7776419,54.0574517],[-0.7756157,54.0498361],[-0.7989786,54.0240724],[-0.7992382,54.0190334],[-0.7342479,54.0302402],[-0.7304799,54.0126825],[-0.7107365,54.0111528],[-0.7048932,54.0060537],[-0.6829812,54.0090795],[-0.6783398,54.0180026],[-0.6883636,54.0237121],[-0.687029,54.0307489],[-0.6768055,54.0376731],[-0.6594744,54.0371516],[-0.658007,54.0436262],[-0.6446432,54.0550947],[-0.660305,54.0630813],[-0.6155132,54.0704749],[-0.5909941,54.087044],[-0.5664716,54.0902849],[-0.5631255,54.0939815],[-0.5418051,54.0915102],[-0.5340189,54.0871616],[-0.5279159,54.0893207],[-0.5246057,54.0854559],[-0.4968771,54.0972134],[-0.4659306,54.1076144],[-0.4683125,54.1112324],[-0.4543383,54.1167442],[-0.4585266,54.1259552],[-0.4270808,54.1374245],[-0.4331549,54.1640543],[-0.4229134,54.1662965],[-0.4245426,54.1695569],[-0.4180956,54.1712019],[-0.418236,54.1740451]]],"type":"Polygon"},"id":"E02005791","properties":{"code":"E02005791","geography":"MSOA","name":"Ryedale 004"},"type":"Feature"},{"geometry":{"coordinates":[[[-0.7622888,54.1740611],[-0.7710615,54.1780375],[-0.7777764,54.1749943],[-0.7860335,54.1800057],[-0.776882,54.193007],[-0.7851283,54.2005749],[-0.7941486,54.2024036],[-0.7958693,54.2086739],[-0.8066507,54.2120527],[-0.8090043,54.2189212],[-0.8159032,54.2204741],[-0.8347373,54.2177021],[-0.8348047,54.2118682],[-0.8273387,54.2117591],[-0.8263221,54.2093158],[-0.8336086,54.2072564],[-0.8292221,54.206482],[-0.8324475,54.2028644],[-0.8266329,54.1991049],[-0.8354671,54.2009433],[-0.8376917,54.1946784],[-0.829478,54.1933077],[-0.8313773,54.1912793],[-0.8618433,54.1954701],[-0.8640864,54.1870552],[-0.8721174,54.1924981],[-0.880868,54.1886182],[-0.8975842,54.1920209],[-0.9117312,54.1825375],[-0.9254263,54.1833719],[-0.9382626,54.1791805],[-0.9541885,54.1850729],[-0.9455954,54.1920677],[-0.9603641,54.1873275],[-0.9864162,54.185957],[-0.9963112,54.1891108],[-0.9948445,54.1853417],[-1.0031517,54.1774962],[-1.023472,54.1731416],[-1.0220262,54.1633498],[-1.0107899,54.1626222],[-1.0098686,54.1600963],[-1.0022333,54.1623794],[-0.9929172,54.1540777],[-0.9929453,54.1483876],[-1.002807,54.1419789],[-1.0005407,54.1366247],[-1.0130517,54.1346003],[-1.0085276,54.1237559],[-1.0162471,54.1079075],[-1.0437684,54.1074703],[-1.0394547,54.098368],[-1.0601488,54.0853287],[-1.0464404,54.0790835],[-1.0494522,54.0757063],[-1.0421059,54.0776863],[-1.0390855,54.0756922],[-1.0451114,54.0697857],[-1.0556443,54.0673898],[-1.0597024,54.0565904],[-1.0143673,54.049305],[-1.0023308,54.0553275],[-0.9932666,54.0422797],[-0.9845982,54.0388515],[-0.9823047,54.0309052],[-0.9733077,54.0292885],[-0.9706097,54.0230549],[-0.966836,54.0229585],[-0.9794124,54.0174026],[-0.9769313,54.0157564],[-0.9827438,54.0100131],[-0.9793768,54.0052552],[-0.9847725,54.0026617],[-0.9754102,54.0047324],[-0.9718466,53.9969748],[-0.9790932,53.9959358],[-0.9812536,53.9911445],[-0.9958089,53.9839626],[-0.9846487,53.9815305],[-0.9670364,53.9859006],[-0.9576719,53.9839394],[-0.9443536,53.9891101],[-0.9252854,53.9914998],[-0.9128681,53.9921135],[-0.9074822,53.9975292],[-0.8938939,53.9995169],[-0.8885464,54.0094964],[-0.8776606,54.0135386],[-0.8784353,54.017166],[-0.8597208,54.0163609],[-0.8452698,54.0201415],[-0.7989786,54.0240724],[-0.7756157,54.0498361],[-0.7776419,54.0574517],[-0.7840065,54.0638357],[-0.7997988,54.0652338],[-0.8025465,54.0685787],[-0.8177329,54.0679371],[-0.8130679,54.0753721],[-0.8295577,54.0772728],[-0.8278954,54.0903855],[-0.8357385,54.0921882],[-0.8303669,54.1063043],[-0.8253001,54.1176814],[-0.8123639,54.1191389],[-0.8130203,54.1257333],[-0.8232745,54.1270252],[-0.8210714,54.1386688],[-0.8075324,54.1639533],[-0.7949755,54.1687779],[-0.7805024,54.1672669],[-0.7622888,54.1740611]]],"type":"Polygon"},"id":"E02005794","properties":{"code":"E02005794","geography":"MSOA","name":"Ryedale 007"},"type":"Feature"},{"geometry":{"coordinates":[[[[-0.6125139,54.4920045],[-0.6126432,54.4923973],[-0.612772,54.4914532],[-0.6125139,54.4920045]]],[[[-0.6399185,54.4956101],[-0.64976,54.4801129],[-0.6459526,54.4834428],[-0.6342909,54.4795963],[-0.6341045,54.4825112],[-0.6237001,54.4842866],[-0.6220435,54.4805224],[-0.6175918,54.4811545],[-0.6132124,54.4905123],[-0.6130548,54.4936476],[-0.6131527,54.493945],[-0.6142202,54.4909599],[-0.6399185,54.4956101]]]],"type":"MultiPolygon"},"id":"E02005795","properties":{"code":"E02005795","geography":"MSOA","name":"Scarborough 001"},"type":"Feature"},{"geometry":{"coordinates":[[[-0.6399185,54.4956101],[-0.6399811,54.4956214],[-0.6702622,54.5007405],[-0.6750727,54.5060323],[-0.6726528,54.5125065],[-0.673143,54.5128677],[-0.677128,54.5139627],[-0.6775058,54.5160823],[-0.6823611,54.519659],[-0.6936967,54.520376],[-0.7129645,54.5336281],[-0.7200951,54.5313983],[-0.720192,54.5311064],[-0.7213688,54.5309999],[-0.7312737,54.5279014],[-0.744641,54.5285262],[-0.7454602,54.5302671],[-0.7485311,54.5331412],[-0.7473159,54.5342106],[-0.7509318,54.5418919],[-0.7648361,54.545744],[-0.7672412,54.5464101],[-0.7654,54.5483568],[-0.7651562,54.5486705],[-0.7741679,54.553239],[-0.7745198,54.5573858],[-0.7933309,54.5582952],[-0.7987723,54.5556043],[-0.800404,54.550997],[-0.8156609,54.5524932],[-0.8269689,54.5485615],[-0.8486312,54.5299903],[-0.8533048,54.5026996],[-0.8439263,54.4912108],[-0.8485151,54.4879587],[-0.8757649,54.4911509],[-0.8808086,54.4970331],[-0.9529349,54.4880225],[-0.9678129,54.4972555],[-1.0033848,54.5029991],[-1.0237849,54.5020322],[-1.036836,54.4940314],[-1.0190551,54.4824934],[-1.0164386,54.4766303],[-1.0041129,54.4754678],[-0.9835008,54.4788645],[-0.9720768,54.460834],[-0.9847868,54.4574393],[-1.0339259,54.4589772],[-1.0483758,54.4521336],[-1.057492,54.4409051],[-1.0526493,54.4369462],[-1.0555496,54.4274223],[-1.0646823,54.421128],[-1.0593676,54.4125656],[-1.0268592,54.4153315],[-0.9878255,54.3959411],[-0.9758856,54.3968992],[-0.9504278,54.4088445],[-0.9268751,54.4006072],[-0.9175485,54.4006318],[-0.8470757,54.3831908],[-0.8344024,54.3808913],[-0.8236198,54.3825034],[-0.8084089,54.3597993],[-0.7942622,54.3543482],[-0.7737648,54.3569361],[-0.7660605,54.3621092],[-0.7566046,54.3633694],[-0.7531069,54.3685774],[-0.7488709,54.3908665],[-0.731336,54.3995842],[-0.7419736,54.4104712],[-0.7384036,54.4124352],[-0.739952,54.4193181],[-0.7341181,54.4224488],[-0.7359289,54.4261516],[-0.7312118,54.4262074],[-0.7226322,54.4347478],[-0.7216382,54.4311585],[-0.7041354,54.4256664],[-0.6975549,54.4344244],[-0.7030082,54.4429189],[-0.6984744,54.4494304],[-0.6859432,54.4472158],[-0.6824751,54.454555],[-0.6705303,54.4542602],[-0.6717969,54.4578557],[-0.6569331,54.4694935],[-0.658681,54.4771393],[-0.64976,54.4801129],[-0.6399185,54.4956101]]],"type":"Polygon"},"id":"E02005796","properties":{"code":"E02005796","geography":"MSOA","name":"Scarborough 002"},"type":"Feature"},{"geometry":{"coordinates":[[[-0.5924057,54.4880957],[-0.5933156,54.4878227],[-0.6093297,54.4904931],[-0.6098224,54.4910252],[-0.6098797,54.4910301],[-0.6110682,54.4925974],[-0.612251,54.4940289],[-0.6124371,54.4920054],[-0.6124938,54.4921617],[-0.6125139,54.4920045],[-0.612772,54.4914532],[-0.6128605,54.4908043],[-0.6133946,54.486888],[-0.6132538,54.4896884],[-0.6132124,54.4905123],[-0.6175918,54.4811545],[-0.6220435,54.4805224],[-0.6237001,54.4842866],[-0.6341045,54.4825112],[-0.6342909,54.4795963],[-0.6459526,54.4834428],[-0.64976,54.4801129],[-0.658681,54.4771393],[-0.6569331,54.4694935],[-0.6479537,54.4637765],[-0.6224708,54.4715321],[-0.6002642,54.4632424],[-0.5961359,54.4709555],[-0.6010387,54.4790152],[-0.5950712,54.4813665],[-0.5924057,54.4880957]]],"type":"Polygon"},"id":"E02005797","properties":{"code":"E02005797","geography":"MSOA","name":"Scarborough 003"},"type":"Feature"},{"geometry":{"coordinates":[[[-0.4188079,54.3195302],[-0.4188538,54.3198706],[-0.4215842,54.3259815],[-0.4170362,54.3314488],[-0.4233016,54.3390126],[-0.4326177,54.3401272],[-0.4330678,54.350296],[-0.4469683,54.3593442],[-0.4470609,54.3597726],[-0.44981,54.3724855],[-0.4615877,54.3856778],[-0.4616225,54.3857168],[-0.4616574,54.3857559],[-0.4717051,54.3970029],[-0.4766908,54.3997539],[-0.4835783,54.4028406],[-0.4849378,54.4043034],[-0.4914536,54.4078966],[-0.5027719,54.4073562],[-0.5227684,54.4162596],[-0.5310931,54.4254938],[-0.5316509,54.4362772],[-0.522532,54.4408721],[-0.5214603,54.4469528],[-0.5569321,54.4651058],[-0.5688915,54.4797328],[-0.5852037,54.4838686],[-0.5881471,54.4886252],[-0.5895531,54.4889516],[-0.5924057,54.4880957],[-0.5950712,54.4813665],[-0.6010387,54.4790152],[-0.5961359,54.4709555],[-0.6002642,54.4632424],[-0.6224708,54.4715321],[-0.6479537,54.4637765],[-0.6569331,54.4694935],[-0.6717969,54.4578557],[-0.6705303,54.4542602],[-0.6824751,54.454555],[-0.6859432,54.4472158],[-0.6984744,54.4494304],[-0.7030082,54.4429189],[-0.6975549,54.4344244],[-0.7041354,54.4256664],[-0.7216382,54.4311585],[-0.7226322,54.4347478],[-0.7312118,54.4262074],[-0.7359289,54.4261516],[-0.7341181,54.4224488],[-0.739952,54.4193181],[-0.7384036,54.4124352],[-0.7419736,54.4104712],[-0.731336,54.3995842],[-0.7488709,54.3908665],[-0.7531069,54.3685774],[-0.740001,54.3564047],[-0.7111779,54.3571629],[-0.7032334,54.364865],[-0.6917144,54.3656513],[-0.6872179,54.3730947],[-0.6695106,54.3743538],[-0.6613052,54.3664959],[-0.632601,54.3759372],[-0.6341374,54.3647513],[-0.6220186,54.3444022],[-0.6121709,54.3373551],[-0.5900855,54.3293821],[-0.5858387,54.3208432],[-0.5676861,54.3138605],[-0.5672806,54.3113747],[-0.5789683,54.3109146],[-0.6044918,54.2980706],[-0.613327,54.2786218],[-0.6103219,54.2749444],[-0.6057198,54.2742715],[-0.6035482,54.278116],[-0.5887162,54.2757357],[-0.578759,54.282143],[-0.5751452,54.2895487],[-0.5695585,54.2881964],[-0.5644796,54.2905982],[-0.5687318,54.2939564],[-0.5600285,54.2971469],[-0.552297,54.2955239],[-0.5470534,54.2901511],[-0.5321735,54.2932305],[-0.5339071,54.2884539],[-0.5255227,54.290532],[-0.52323,54.2860011],[-0.4964354,54.2730387],[-0.4858633,54.2757594],[-0.4753837,54.2862175],[-0.452586,54.2854695],[-0.4501849,54.2909605],[-0.4540997,54.2897233],[-0.4545403,54.2935489],[-0.4622273,54.2929777],[-0.4578149,54.2983987],[-0.4633837,54.2982029],[-0.4589072,54.3010418],[-0.4510627,54.2976248],[-0.4465641,54.2990274],[-0.4472806,54.3044881],[-0.4485975,54.3018705],[-0.4517604,54.3054949],[-0.4487245,54.3042546],[-0.4462159,54.3093862],[-0.4188079,54.3195302]]],"type":"Polygon"},"id":"E02005798","properties":{"code":"E02005798","geography":"MSOA","name":"Scarborough 004"},"type":"Feature"},{"geometry":{"coordinates":[[[-0.4086861,54.30368],[-0.4076392,54.3052178],[-0.4107383,54.3068593],[-0.4112654,54.3068107],[-0.4122427,54.3076561],[-0.4175887,54.3104873],[-0.4188079,54.3195302],[-0.4462159,54.3093862],[-0.4487245,54.3042546],[-0.4517604,54.3054949],[-0.4485975,54.3018705],[-0.4472806,54.3044881],[-0.4465641,54.2990274],[-0.4510627,54.2976248],[-0.4589072,54.3010418],[-0.4633837,54.2982029],[-0.4578149,54.2983987],[-0.4622273,54.2929777],[-0.4545403,54.2935489],[-0.4540997,54.2897233],[-0.4501849,54.2909605],[-0.452586,54.2854695],[-0.4495689,54.283828],[-0.4334087,54.2859674],[-0.4280081,54.2931851],[-0.4148903,54.2941164],[-0.4243625,54.3018844],[-0.4121638,54.3047049],[-0.4086861,54.30368]]],"type":"Polygon"},"id":"E02005799","properties":{"code":"E02005799","geography":"MSOA","name":"Scarborough 005"},"type":"Feature"},{"geometry":{"coordinates":[[[-0.4086861,54.30368],[-0.4121638,54.3047049],[-0.4243625,54.3018844],[-0.4148903,54.2941164],[-0.4076932,54.290056],[-0.4097346,54.2872835],[-0.4056236,54.282619],[-0.3944805,54.2807617],[-0.3855387,54.2852187],[-0.3850082,54.2871202],[-0.3860954,54.2893088],[-0.3873102,54.2901568],[-0.3910242,54.2897746],[-0.3913971,54.2896607],[-0.3927588,54.2892448],[-0.3951203,54.2882945],[-0.3954071,54.2884357],[-0.3967897,54.2880133],[-0.4058735,54.292085],[-0.406682,54.2944295],[-0.4068896,54.2945396],[-0.4068219,54.2948353],[-0.4071652,54.2958307],[-0.4084532,54.2973255],[-0.4079506,54.2981079],[-0.4094737,54.302523],[-0.4086861,54.30368]]],"type":"Polygon"},"id":"E02005800","properties":{"code":"E02005800","geography":"MSOA","name":"Scarborough 006"},"type":"Feature"},{"geometry":{"coordinates":[[[-0.4097346,54.2872835],[-0.4076932,54.290056],[-0.4148903,54.2941164],[-0.4280081,54.2931851],[-0.4334087,54.2859674],[-0.426724,54.2836041],[-0.4308214,54.2814396],[-0.4195436,54.2823328],[-0.4097346,54.2872835]]],"type":"Polygon"},"id":"E02005801","properties":{"code":"E02005801","geography":"MSOA","name":"Scarborough 007"},"type":"Feature"},{"geometry":{"coordinates":[[[-0.4056236,54.282619],[-0.4097346,54.2872835],[-0.4195436,54.2823328],[-0.4204318,54.2790314],[-0.4162152,54.2793578],[-0.4127408,54.2743217],[-0.4056236,54.282619]]],"type":"Polygon"},"id":"E02005802","properties":{"code":"E02005802","geography":"MSOA","name":"Scarborough 008"},"type":"Feature"},{"geometry":{"coordinates":[[[-0.4195436,54.2823328],[-0.4308214,54.2814396],[-0.426724,54.2836041],[-0.4334087,54.2859674],[-0.4495689,54.283828],[-0.4540278,54.2732081],[-0.4490377,54.2651742],[-0.4433407,54.2653881],[-0.4330341,54.2661196],[-0.4234876,54.2556388],[-0.4167087,54.2541061],[-0.4149619,54.2631121],[-0.4127408,54.2743217],[-0.4162152,54.2793578],[-0.4204318,54.2790314],[-0.4195436,54.2823328]]],"type":"Polygon"},"id":"E02005803","properties":{"code":"E02005803","geography":"MSOA","name":"Scarborough 009"},"type":"Feature"},{"geometry":{"coordinates":[[[-0.3944805,54.2807617],[-0.4056236,54.282619],[-0.4127408,54.2743217],[-0.4149619,54.2631121],[-0.4122229,54.2568302],[-0.4067328,54.2602632],[-0.4023208,54.2565479],[-0.3991822,54.2623024],[-0.3933887,54.2634838],[-0.3972651,54.2656746],[-0.3912791,54.2639088],[-0.3870324,54.2676693],[-0.3965816,54.2743833],[-0.397098,54.278712],[-0.3971819,54.2794149],[-0.3944805,54.2807617]]],"type":"Polygon"},"id":"E02005804","properties":{"code":"E02005804","geography":"MSOA","name":"Scarborough 010"},"type":"Feature"},{"geometry":{"coordinates":[[[-0.3025058,54.2271711],[-0.3126949,54.2286053],[-0.3139542,54.2319972],[-0.3348755,54.2383625],[-0.3386675,54.2425954],[-0.350374,54.2408614],[-0.3638743,54.2450767],[-0.3694888,54.2493073],[-0.3671416,54.2523686],[-0.3677884,54.2533758],[-0.3690312,54.2551776],[-0.3696471,54.2554383],[-0.3870324,54.2676693],[-0.3912791,54.2639088],[-0.3972651,54.2656746],[-0.3933887,54.2634838],[-0.3991822,54.2623024],[-0.4023208,54.2565479],[-0.4067328,54.2602632],[-0.4122229,54.2568302],[-0.4149619,54.2631121],[-0.4167087,54.2541061],[-0.4179324,54.2508474],[-0.3922396,54.2546259],[-0.3853896,54.2488238],[-0.3920726,54.2480474],[-0.390858,54.242516],[-0.3963299,54.2407108],[-0.3904226,54.2391126],[-0.3911542,54.2361796],[-0.4067729,54.2390779],[-0.4077338,54.2187754],[-0.3955354,54.213598],[-0.3575593,54.2088545],[-0.3424086,54.2104503],[-0.3258295,54.2176633],[-0.3043797,54.2149851],[-0.3025058,54.2271711]]],"type":"Polygon"},"id":"E02005805","properties":{"code":"E02005805","geography":"MSOA","name":"Scarborough 011"},"type":"Feature"},{"geometry":{"coordinates":[[[-0.4167087,54.2541061],[-0.4234876,54.2556388],[-0.4330341,54.2661196],[-0.4433407,54.2653881],[-0.4483276,54.2534946],[-0.438015,54.2436829],[-0.4397933,54.2410022],[-0.4468687,54.243219],[-0.4489046,54.2394341],[-0.4257578,54.2356064],[-0.4229068,54.2415644],[-0.4191491,54.2380296],[-0.4133948,54.2377702],[-0.414207,54.2408303],[-0.4067729,54.2390779],[-0.3911542,54.2361796],[-0.3904226,54.2391126],[-0.3963299,54.2407108],[-0.390858,54.242516],[-0.3920726,54.2480474],[-0.3853896,54.2488238],[-0.3922396,54.2546259],[-0.4179324,54.2508474],[-0.4167087,54.2541061]]],"type":"Polygon"},"id":"E02005806","properties":{"code":"E02005806","geography":"MSOA","name":"Scarborough 012"},"type":"Feature"},{"geometry":{"coordinates":[[[-0.452586,54.2854695],[-0.4753837,54.2862175],[-0.4858633,54.2757594],[-0.4964354,54.2730387],[-0.52323,54.2860011],[-0.5255227,54.290532],[-0.5339071,54.2884539],[-0.5321735,54.2932305],[-0.5470534,54.2901511],[-0.552297,54.2955239],[-0.5600285,54.2971469],[-0.5687318,54.2939564],[-0.5644796,54.2905982],[-0.5695585,54.2881964],[-0.5751452,54.2895487],[-0.578759,54.282143],[-0.5887162,54.2757357],[-0.6035482,54.278116],[-0.6057198,54.2742715],[-0.6103219,54.2749444],[-0.6130996,54.2696403],[-0.6069208,54.248589],[-0.5979347,54.23482],[-0.6072286,54.2132057],[-0.6119373,54.2131813],[-0.6184302,54.2054551],[-0.6089318,54.2048607],[-0.5990179,54.1997228],[-0.5858064,54.1986312],[-0.5664046,54.2023702],[-0.5503973,54.1925582],[-0.5377201,54.200413],[-0.5200033,54.1977473],[-0.5047332,54.2052143],[-0.4980896,54.2062822],[-0.4937098,54.2029611],[-0.4711042,54.2119288],[-0.4374823,54.215005],[-0.4211359,54.212418],[-0.4077338,54.2187754],[-0.4067729,54.2390779],[-0.414207,54.2408303],[-0.4133948,54.2377702],[-0.4191491,54.2380296],[-0.4229068,54.2415644],[-0.4257578,54.2356064],[-0.4489046,54.2394341],[-0.4468687,54.243219],[-0.4397933,54.2410022],[-0.438015,54.2436829],[-0.4483276,54.2534946],[-0.4433407,54.2653881],[-0.4490377,54.2651742],[-0.4540278,54.2732081],[-0.4495689,54.283828],[-0.452586,54.2854695]]],"type":"Polygon"},"id":"E02005807","properties":{"code":"E02005807","geography":"MSOA","name":"Scarborough 013"},"type":"Feature"},{"geometry":{"coordinates":[[[-0.2125735,54.1575836],[-0.2328378,54.1618072],[-0.2632397,54.1759343],[-0.2644376,54.1764906],[-0.2722322,54.1844025],[-0.2745159,54.1859903],[-0.2758241,54.1880473],[-0.2827353,54.1950582],[-0.2852109,54.2031688],[-0.2850542,54.2035297],[-0.280118,54.2148947],[-0.2753793,54.2176502],[-0.2592444,54.2158596],[-0.3025058,54.2271711],[-0.3043797,54.2149851],[-0.3258295,54.2176633],[-0.3424086,54.2104503],[-0.3575593,54.2088545],[-0.3955354,54.213598],[-0.4077338,54.2187754],[-0.4211359,54.212418],[-0.4374823,54.215005],[-0.418236,54.1740451],[-0.3907688,54.1765126],[-0.3745116,54.1625455],[-0.3749131,54.1540938],[-0.3600234,54.1531015],[-0.3463833,54.1468543],[-0.3238275,54.1502778],[-0.3226387,54.1452574],[-0.3137518,54.1463835],[-0.3040691,54.1362506],[-0.2905508,54.1397364],[-0.2690551,54.1383139],[-0.2654068,54.1405389],[-0.2372108,54.1372296],[-0.2297334,54.1324199],[-0.2290524,54.1357073],[-0.2216777,54.1379531],[-0.2125735,54.1575836]]],"type":"Polygon"},"id":"E02005808","properties":{"code":"E02005808","geography":"MSOA","name":"Scarborough 014"},"type":"Feature"},{"geometry":{"coordinates":[[[-1.2785474,53.891413],[-1.2837044,53.8973844],[-1.2916463,53.8997228],[-1.2824514,53.902204],[-1.3137201,53.9046844],[-1.3210491,53.9034629],[-1.3222667,53.9004397],[-1.3177264,53.8963314],[-1.3207995,53.8837704],[-1.3156025,53.8816647],[-1.3196894,53.8789401],[-1.3125982,53.8652991],[-1.3529655,53.856733],[-1.3384247,53.8517268],[-1.3421332,53.8451552],[-1.326553,53.840406],[-1.3252046,53.8353289],[-1.3174037,53.8383859],[-1.3197069,53.8416103],[-1.2958416,53.8451471],[-1.2983534,53.8516394],[-1.2945927,53.8540587],[-1.2849111,53.8532677],[-1.2847743,53.8604127],[-1.2774794,53.8565512],[-1.2638434,53.8586555],[-1.2727193,53.8632577],[-1.2677125,53.8666463],[-1.2672497,53.8742617],[-1.2555131,53.880379],[-1.2522019,53.8752365],[-1.2420123,53.876272],[-1.2335374,53.8691654],[-1.2184289,53.8866736],[-1.2422903,53.8973012],[-1.2422884,53.8940094],[-1.2593992,53.8925873],[-1.264803,53.8895379],[-1.2785474,53.891413]]],"type":"Polygon"},"id":"E02005809","properties":{"code":"E02005809","geography":"MSOA","name":"Selby 001"},"type":"Feature"},{"geometry":{"coordinates":[[[-1.1956322,53.9223629],[-1.2051362,53.9256041],[-1.2217817,53.9250261],[-1.2352717,53.9349905],[-1.2449426,53.9315931],[-1.2518962,53.9355841],[-1.2708504,53.9346418],[-1.2626916,53.9277541],[-1.2608008,53.9197951],[-1.2702648,53.916958],[-1.2667842,53.8994748],[-1.2785474,53.891413],[-1.264803,53.8895379],[-1.2593992,53.8925873],[-1.2422884,53.8940094],[-1.2422903,53.8973012],[-1.2184289,53.8866736],[-1.2335374,53.8691654],[-1.2420123,53.876272],[-1.2522019,53.8752365],[-1.2555131,53.880379],[-1.2672497,53.8742617],[-1.2677125,53.8666463],[-1.2727193,53.8632577],[-1.2638434,53.8586555],[-1.2774794,53.8565512],[-1.2847743,53.8604127],[-1.2849111,53.8532677],[-1.2945927,53.8540587],[-1.2983534,53.8516394],[-1.2958416,53.8451471],[-1.3197069,53.8416103],[-1.3174037,53.8383859],[-1.3252046,53.8353289],[-1.3360934,53.8335723],[-1.3096694,53.8228777],[-1.3103855,53.8198926],[-1.3036196,53.8165184],[-1.2584741,53.8036906],[-1.2522084,53.8077583],[-1.2426883,53.8085841],[-1.2412708,53.8177006],[-1.2276293,53.8176308],[-1.228839,53.8063359],[-1.2212009,53.8027211],[-1.2170659,53.8051067],[-1.2013532,53.8000486],[-1.1874793,53.8031634],[-1.183314,53.799041],[-1.1684247,53.8046302],[-1.1707839,53.7853362],[-1.14211,53.7786351],[-1.1381626,53.7790284],[-1.1305182,53.7817001],[-1.1340627,53.7875547],[-1.1441288,53.7908942],[-1.1250512,53.796457],[-1.1241222,53.8007441],[-1.1147911,53.8046886],[-1.1019909,53.8026177],[-1.092461,53.805231],[-1.0783955,53.7979245],[-1.0637883,53.7945455],[-1.0641408,53.7878528],[-1.047371,53.7896176],[-1.0477996,53.7945007],[-1.0477559,53.8045834],[-1.0427609,53.8104589],[-1.060997,53.8135511],[-1.0841557,53.8223984],[-1.0763319,53.8358189],[-1.088662,53.8316224],[-1.1032985,53.8372742],[-1.11838,53.8366458],[-1.1258967,53.8329167],[-1.1292564,53.8348038],[-1.1339304,53.843215],[-1.1246173,53.8448572],[-1.1181093,53.8559055],[-1.1277574,53.8638011],[-1.105097,53.8757144],[-1.1249773,53.8826579],[-1.1364808,53.8957953],[-1.1435546,53.8924721],[-1.1543897,53.8959104],[-1.1649099,53.9105579],[-1.1705896,53.9088039],[-1.1792979,53.9168796],[-1.1857022,53.916046],[-1.1911262,53.9225639],[-1.1956322,53.9223629]]],"type":"Polygon"},"id":"E02005810","properties":{"code":"E02005810","geography":"MSOA","name":"Selby 002"},"type":"Feature"},{"geometry":{"coordinates":[[[-0.9694638,53.882284],[-0.9928263,53.8751915],[-1.0081983,53.889976],[-1.0215362,53.8883524],[-1.0649527,53.874567],[-1.0776636,53.8835737],[-1.0955798,53.8843979],[-1.1004234,53.8766075],[-1.105097,53.8757144],[-1.1277574,53.8638011],[-1.1181093,53.8559055],[-1.1246173,53.8448572],[-1.1339304,53.843215],[-1.1292564,53.8348038],[-1.1258967,53.8329167],[-1.11838,53.8366458],[-1.1032985,53.8372742],[-1.088662,53.8316224],[-1.0763319,53.8358189],[-1.0841557,53.8223984],[-1.060997,53.8135511],[-1.0427609,53.8104589],[-1.0477559,53.8045834],[-1.0477996,53.7945007],[-1.039777,53.7914334],[-1.0365506,53.796918],[-1.0235191,53.797638],[-1.0181727,53.814888],[-1.0115761,53.8151818],[-1.0129605,53.8218131],[-0.9889087,53.8218754],[-0.9757965,53.8106726],[-0.9635066,53.8124923],[-0.9639161,53.7943443],[-0.9341877,53.7861557],[-0.9280392,53.7970722],[-0.9344729,53.8018369],[-0.9201004,53.8160724],[-0.940606,53.8234979],[-0.9402978,53.8326824],[-0.9470209,53.843635],[-0.9419912,53.8548365],[-0.9482154,53.8616617],[-0.9390458,53.867715],[-0.9394768,53.8751018],[-0.9254054,53.8778207],[-0.9235119,53.8807466],[-0.9268289,53.8825424],[-0.9344273,53.8797968],[-0.9386057,53.8875219],[-0.9440652,53.8881017],[-0.9480206,53.8848467],[-0.9694638,53.882284]]],"type":"Polygon"},"id":"E02005811","properties":{"code":"E02005811","geography":"MSOA","name":"Selby 003"},"type":"Feature"},{"geometry":{"coordinates":[[[-1.1707839,53.7853362],[-1.1684247,53.8046302],[-1.183314,53.799041],[-1.1874793,53.8031634],[-1.2013532,53.8000486],[-1.2170659,53.8051067],[-1.2212009,53.8027211],[-1.228839,53.8063359],[-1.2276293,53.8176308],[-1.2412708,53.8177006],[-1.2426883,53.8085841],[-1.2522084,53.8077583],[-1.2584741,53.8036906],[-1.3036196,53.8165184],[-1.3124317,53.8143583],[-1.3148682,53.8095402],[-1.3138061,53.781538],[-1.3034609,53.7749105],[-1.3067837,53.7730271],[-1.2955784,53.7712953],[-1.2922247,53.7605075],[-1.2207733,53.7666514],[-1.2279553,53.7691822],[-1.2150506,53.7707153],[-1.2067027,53.7758617],[-1.1913452,53.7761049],[-1.1826435,53.7864762],[-1.1707839,53.7853362]]],"type":"Polygon"},"id":"E02005812","properties":{"code":"E02005812","geography":"MSOA","name":"Selby 004"},"type":"Feature"},{"geometry":{"coordinates":[[[-1.0477996,53.7945007],[-1.047371,53.7896176],[-1.0641408,53.7878528],[-1.0637883,53.7945455],[-1.0783955,53.7979245],[-1.0875234,53.7944176],[-1.075799,53.7906439],[-1.0841389,53.7896208],[-1.0840481,53.7813204],[-1.0736457,53.78319],[-1.0764161,53.7795279],[-1.0703456,53.7777397],[-1.0708883,53.7733965],[-1.0671342,53.7729208],[-1.0688958,53.7691117],[-1.0526565,53.7643957],[-1.0368681,53.7718508],[-1.0303721,53.7696951],[-1.0212632,53.7726008],[-1.0267477,53.7772242],[-1.0365265,53.7774279],[-1.0355246,53.787612],[-1.0417559,53.7897076],[-1.039777,53.7914334],[-1.0477996,53.7945007]]],"type":"Polygon"},"id":"E02005813","properties":{"code":"E02005813","geography":"MSOA","name":"Selby 005"},"type":"Feature"},{"geometry":{"coordinates":[[[-1.0783955,53.7979245],[-1.092461,53.805231],[-1.1019909,53.8026177],[-1.1147911,53.8046886],[-1.1241222,53.8007441],[-1.1250512,53.796457],[-1.1441288,53.7908942],[-1.1340627,53.7875547],[-1.1305182,53.7817001],[-1.1381626,53.7790284],[-1.1226197,53.7768572],[-1.1086182,53.7784932],[-1.1130687,53.7744294],[-1.1115813,53.7689646],[-1.1177711,53.7691826],[-1.1092243,53.7554069],[-1.0964729,53.7581258],[-1.0954913,53.7679163],[-1.0881976,53.7715719],[-1.0881412,53.7755688],[-1.0724693,53.7754561],[-1.0708883,53.7733965],[-1.0703456,53.7777397],[-1.0764161,53.7795279],[-1.0736457,53.78319],[-1.0840481,53.7813204],[-1.0841389,53.7896208],[-1.075799,53.7906439],[-1.0875234,53.7944176],[-1.0783955,53.7979245]]],"type":"Polygon"},"id":"E02005814","properties":{"code":"E02005814","geography":"MSOA","name":"Selby 006"},"type":"Feature"},{"geometry":{"coordinates":[[[-1.0708883,53.7733965],[-1.0724693,53.7754561],[-1.0881412,53.7755688],[-1.0881976,53.7715719],[-1.0954913,53.7679163],[-1.0964729,53.7581258],[-1.1092243,53.7554069],[-1.1177711,53.7691826],[-1.1115813,53.7689646],[-1.1130687,53.7744294],[-1.1086182,53.7784932],[-1.1226197,53.7768572],[-1.1381626,53.7790284],[-1.14211,53.7786351],[-1.142119,53.7744006],[-1.1317077,53.7704162],[-1.1299482,53.7589843],[-1.1569706,53.7616294],[-1.1836728,53.7589344],[-1.1810827,53.7501342],[-1.1661212,53.7464357],[-1.1489687,53.7405298],[-1.1324557,53.7411431],[-1.1278984,53.7387486],[-1.1240549,53.7410609],[-1.1102246,53.7361135],[-1.0726378,53.732467],[-1.0604596,53.7413107],[-1.0606089,53.7515559],[-1.0114878,53.7383402],[-1.003524,53.739484],[-1.0017177,53.7455696],[-0.9942627,53.7468699],[-0.9951303,53.7647265],[-1.0007058,53.7688061],[-1.0238223,53.7598033],[-1.0336075,53.7648397],[-1.0303721,53.7696951],[-1.0368681,53.7718508],[-1.0526565,53.7643957],[-1.0688958,53.7691117],[-1.0671342,53.7729208],[-1.0708883,53.7733965]]],"type":"Polygon"},"id":"E02005815","properties":{"code":"E02005815","geography":"MSOA","name":"Selby 007"},"type":"Feature"},{"geometry":{"coordinates":[[[-0.9341877,53.7861557],[-0.9639161,53.7943443],[-0.9635066,53.8124923],[-0.9757965,53.8106726],[-0.9889087,53.8218754],[-1.0129605,53.8218131],[-1.0115761,53.8151818],[-1.0181727,53.814888],[-1.0235191,53.797638],[-1.0365506,53.796918],[-1.039777,53.7914334],[-1.0417559,53.7897076],[-1.0355246,53.787612],[-1.0365265,53.7774279],[-1.0267477,53.7772242],[-1.0212632,53.7726008],[-1.0303721,53.7696951],[-1.0336075,53.7648397],[-1.0238223,53.7598033],[-1.0007058,53.7688061],[-0.9951303,53.7647265],[-0.9942627,53.7468699],[-1.0017177,53.7455696],[-1.003524,53.739484],[-1.0114878,53.7383402],[-1.0606089,53.7515559],[-1.0604596,53.7413107],[-1.0726378,53.732467],[-1.0683156,53.725161],[-1.0488938,53.7190131],[-1.0378639,53.7120094],[-1.0586982,53.704362],[-1.0536196,53.696832],[-1.0457547,53.6986032],[-1.0388196,53.6938603],[-1.0224009,53.6980164],[-1.0068199,53.695281],[-1.0002131,53.6988808],[-0.9803244,53.6969228],[-0.981056,53.7048695],[-0.9677132,53.7066609],[-0.9701577,53.7022904],[-0.9655822,53.7004502],[-0.961597,53.7040352],[-0.9576699,53.7050335],[-0.961269,53.7076765],[-0.9573302,53.7149112],[-0.9440802,53.7125062],[-0.9233962,53.7186619],[-0.9052463,53.7170278],[-0.9066752,53.727151],[-0.9115536,53.7281921],[-0.9119077,53.732932],[-0.9365077,53.7319576],[-0.9609232,53.7360502],[-0.9631095,53.7464492],[-0.9736018,53.749857],[-0.9515747,53.7537489],[-0.9320887,53.7621699],[-0.9282906,53.7698964],[-0.9366165,53.7793334],[-0.9341877,53.7861557]]],"type":"Polygon"},"id":"E02005816","properties":{"code":"E02005816","geography":"MSOA","name":"Selby 008"},"type":"Feature"},{"geometry":{"coordinates":[[[-1.1707839,53.7853362],[-1.1826435,53.7864762],[-1.1913452,53.7761049],[-1.2067027,53.7758617],[-1.2150506,53.7707153],[-1.2279553,53.7691822],[-1.2207733,53.7666514],[-1.2922247,53.7605075],[-1.2967455,53.7589363],[-1.2949383,53.7554456],[-1.3122347,53.7558713],[-1.3153527,53.7436631],[-1.3020392,53.7417072],[-1.2919331,53.738716],[-1.2779185,53.7266743],[-1.2718592,53.7247869],[-1.269026,53.7151435],[-1.2600205,53.7127296],[-1.2391948,53.7123167],[-1.2295698,53.7148868],[-1.2260718,53.7098662],[-1.2198084,53.7144005],[-1.2105121,53.714026],[-1.2087136,53.7239528],[-1.200315,53.7314952],[-1.1870545,53.7325945],[-1.1755425,53.7282312],[-1.1665656,53.729539],[-1.1645379,53.7313936],[-1.1736098,53.7338386],[-1.1751003,53.7389437],[-1.1661212,53.7464357],[-1.1810827,53.7501342],[-1.1836728,53.7589344],[-1.1569706,53.7616294],[-1.1299482,53.7589843],[-1.1317077,53.7704162],[-1.142119,53.7744006],[-1.14211,53.7786351],[-1.1707839,53.7853362]]],"type":"Polygon"},"id":"E02005817","properties":{"code":"E02005817","geography":"MSOA","name":"Selby 009"},"type":"Feature"},{"geometry":{"coordinates":[[[-1.0726378,53.732467],[-1.1102246,53.7361135],[-1.1240549,53.7410609],[-1.1278984,53.7387486],[-1.1324557,53.7411431],[-1.1489687,53.7405298],[-1.1661212,53.7464357],[-1.1751003,53.7389437],[-1.1736098,53.7338386],[-1.1645379,53.7313936],[-1.1665656,53.729539],[-1.1755425,53.7282312],[-1.1870545,53.7325945],[-1.200315,53.7314952],[-1.2087136,53.7239528],[-1.2105121,53.714026],[-1.2198084,53.7144005],[-1.2184394,53.7070769],[-1.1988144,53.7007138],[-1.1990005,53.6948741],[-1.2278236,53.6930988],[-1.2439905,53.6911348],[-1.2439544,53.6732315],[-1.2523161,53.6666365],[-1.2469574,53.6555953],[-1.2487741,53.6496111],[-1.2552132,53.6489432],[-1.2536591,53.6411802],[-1.2428969,53.6345961],[-1.2328412,53.6210943],[-1.2174651,53.6242065],[-1.2193841,53.6366689],[-1.2156439,53.6419639],[-1.2108893,53.6409378],[-1.2098241,53.6431452],[-1.1903103,53.635898],[-1.1522947,53.6427583],[-1.1354044,53.6327097],[-1.1288695,53.6349337],[-1.1289928,53.6429703],[-1.1215443,53.6467467],[-1.0848141,53.6517074],[-1.0655057,53.6489641],[-1.0532742,53.6515173],[-1.0486592,53.6560377],[-1.060227,53.6592491],[-1.0711868,53.6578856],[-1.0710571,53.6600022],[-1.0856368,53.6623735],[-1.0915152,53.6686633],[-1.103568,53.6695375],[-1.101987,53.6743752],[-1.0810427,53.6845956],[-1.0850148,53.6869394],[-1.0749309,53.7039768],[-1.0696032,53.7028696],[-1.0624721,53.7068599],[-1.0586982,53.704362],[-1.0378639,53.7120094],[-1.0488938,53.7190131],[-1.0683156,53.725161],[-1.0726378,53.732467]]],"type":"Polygon"},"id":"E02005818","properties":{"code":"E02005818","geography":"MSOA","name":"Selby 010"},"type":"Feature"},{"geometry":{"coordinates":[[[-2.0045041,54.1728721],[-2.0147127,54.1727828],[-2.0228313,54.1767614],[-2.0313881,54.1747896],[-2.0341733,54.1804248],[-2.0457809,54.1818679],[-2.0542573,54.194887],[-2.0594465,54.1967073],[-2.0608692,54.2103133],[-2.0870935,54.2209661],[-2.1000289,54.231953],[-2.1134523,54.2325503],[-2.1285336,54.2256885],[-2.1404683,54.225282],[-2.1438325,54.2350236],[-2.1506913,54.2325555],[-2.1515989,54.2355783],[-2.1566798,54.2346515],[-2.1666368,54.228302],[-2.1719419,54.2284653],[-2.1946554,54.2459116],[-2.2168253,54.2504747],[-2.2292147,54.2521665],[-2.2636623,54.2453286],[-2.2473362,54.2245806],[-2.272645,54.2155084],[-2.2844628,54.205844],[-2.2586297,54.1961914],[-2.2493088,54.17705],[-2.2347414,54.1721149],[-2.2449642,54.1683271],[-2.2465109,54.1571764],[-2.2571845,54.142896],[-2.2416883,54.1376438],[-2.2349048,54.1154843],[-2.2380667,54.1106796],[-2.2054333,54.0943201],[-2.22032,54.0928895],[-2.2215893,54.0899058],[-2.2178354,54.0812981],[-2.2107131,54.0817869],[-2.2026369,54.0695771],[-2.207874,54.0648076],[-2.2266064,54.0587602],[-2.2186657,54.0349316],[-2.2145142,54.0313188],[-2.1970239,54.029827],[-2.2009571,54.022752],[-2.1859067,54.0106393],[-2.190825,54.0090208],[-2.1915922,54.0027798],[-2.1813289,53.9939502],[-2.1820332,53.9842574],[-2.190376,53.9688944],[-2.1556745,53.9647317],[-2.1392185,53.9658431],[-2.1295466,53.9578279],[-2.1268636,53.968609],[-2.1135005,53.9673739],[-2.1036107,53.9696477],[-2.0990025,53.978357],[-2.1122921,53.9761602],[-2.105972,53.9812632],[-2.108419,53.9830522],[-2.1147026,53.9824728],[-2.14099,53.9908428],[-2.1415424,54.0034269],[-2.1326184,54.0052239],[-2.1081666,53.9955525],[-2.0917856,53.9986605],[-2.0863101,53.9920498],[-2.0896216,53.9835962],[-2.0764532,53.9717618],[-2.0762058,53.967301],[-2.0644235,53.9656218],[-2.061137,53.9592178],[-2.0494312,53.9565687],[-2.0267516,53.9595213],[-2.0177325,53.9686443],[-2.0132852,53.9634508],[-2.0073177,53.9671899],[-1.978997,53.9698864],[-1.9596332,53.9752277],[-1.9549653,53.9736274],[-1.9659137,53.9691198],[-1.9637249,53.9635352],[-1.9611395,53.9588743],[-1.9506795,53.9567281],[-1.9308584,53.9502539],[-1.922767,53.9556194],[-1.9062703,53.9583641],[-1.8931346,53.9553693],[-1.8839972,53.963129],[-1.8787712,53.9624874],[-1.8788788,53.9542601],[-1.8652044,53.9559479],[-1.8631595,53.9619376],[-1.8167289,53.9781248],[-1.8267551,53.9856489],[-1.8187615,53.992511],[-1.8195231,53.9964019],[-1.8309714,54.0034448],[-1.8359345,54.0142152],[-1.8480407,54.0136563],[-1.8534663,54.0287587],[-1.8724165,54.0355955],[-1.8686665,54.0420355],[-1.8735217,54.0460289],[-1.8537207,54.0531073],[-1.8405895,54.0705665],[-1.8617206,54.080526],[-1.8671087,54.0976758],[-1.8909974,54.1044037],[-1.8951052,54.1137817],[-1.9056133,54.1224602],[-1.9221523,54.1203032],[-1.9479686,54.1252493],[-1.9571394,54.1325507],[-1.9542254,54.1430938],[-1.963583,54.1521176],[-1.9724882,54.1580724],[-1.9925404,54.1552664],[-2.0045041,54.1728721]]],"type":"Polygon"},"id":"E02007041","properties":{"code":"E02007041","geography":"MSOA","name":"Craven 009"},"type":"Feature"},{"geometry":{"coordinates":[[[-1.3553635,54.3223089],[-1.3583094,54.3285364],[-1.3837315,54.3269953],[-1.3899451,54.330107],[-1.3919986,54.3421832],[-1.3816678,54.3479139],[-1.3947336,54.3612116],[-1.3987511,54.351552],[-1.3926027,54.3453241],[-1.4247748,54.3539835],[-1.4319216,54.3488967],[-1.430798,54.3533895],[-1.4446656,54.3507515],[-1.4492357,54.3615551],[-1.4470161,54.382062],[-1.460572,54.3778028],[-1.4603063,54.3697583],[-1.4551501,54.36907],[-1.4688234,54.3646988],[-1.4704824,54.3585821],[-1.4648374,54.351926],[-1.4688892,54.3445612],[-1.4532959,54.3416373],[-1.4479878,54.3432463],[-1.450596,54.3407322],[-1.4444223,54.3370599],[-1.4304227,54.3450857],[-1.4210205,54.3461414],[-1.4185511,54.3421671],[-1.4269564,54.3405978],[-1.4229635,54.3370562],[-1.4309902,54.337741],[-1.4334251,54.3333979],[-1.4423801,54.3341836],[-1.4395602,54.3294673],[-1.4347422,54.3213913],[-1.4303809,54.3283861],[-1.4334929,54.3295814],[-1.4286712,54.3297709],[-1.4297475,54.3364573],[-1.4021856,54.3268168],[-1.3905313,54.3268591],[-1.3884591,54.3239243],[-1.3553635,54.3223089]]],"type":"Polygon"},"id":"E02007042","properties":{"code":"E02007042","geography":"MSOA","name":"Hambleton 012"},"type":"Feature"},{"geometry":{"coordinates":[[[-1.4395602,54.3294673],[-1.4423801,54.3341836],[-1.4334251,54.3333979],[-1.4309902,54.337741],[-1.4229635,54.3370562],[-1.4269564,54.3405978],[-1.4185511,54.3421671],[-1.4210205,54.3461414],[-1.4304227,54.3450857],[-1.4444223,54.3370599],[-1.450596,54.3407322],[-1.4479878,54.3432463],[-1.4532959,54.3416373],[-1.4688892,54.3445612],[-1.4687473,54.3356618],[-1.451255,54.3363124],[-1.4465851,54.329106],[-1.4395602,54.3294673]]],"type":"Polygon"},"id":"E02007043","properties":{"code":"E02007043","geography":"MSOA","name":"Hambleton 013"},"type":"Feature"},{"geometry":{"coordinates":[[[-0.7397777,54.1706239],[-0.7510757,54.1684827],[-0.7622888,54.1740611],[-0.7805024,54.1672669],[-0.7949755,54.1687779],[-0.8075324,54.1639533],[-0.8210714,54.1386688],[-0.8101731,54.141772],[-0.7978292,54.1370059],[-0.801226,54.1326771],[-0.784803,54.1351862],[-0.7802781,54.1282894],[-0.7748387,54.1284982],[-0.7739567,54.1337002],[-0.7652828,54.13064],[-0.7694141,54.1351429],[-0.7566634,54.1409508],[-0.7607484,54.1459012],[-0.7474798,54.1513009],[-0.741861,54.1589628],[-0.732507,54.1633677],[-0.7335111,54.1689481],[-0.7397777,54.1706239]]],"type":"Polygon"},"id":"E02007044","properties":{"code":"E02007044","geography":"MSOA","name":"Ryedale 009"},"type":"Feature"},{"geometry":{"coordinates":[[[-0.7652828,54.13064],[-0.7739567,54.1337002],[-0.7748387,54.1284982],[-0.7802781,54.1282894],[-0.784803,54.1351862],[-0.801226,54.1326771],[-0.7978292,54.1370059],[-0.8101731,54.141772],[-0.8210714,54.1386688],[-0.8232745,54.1270252],[-0.8130203,54.1257333],[-0.8123639,54.1191389],[-0.8253001,54.1176814],[-0.8303669,54.1063043],[-0.8173284,54.1077117],[-0.8058684,54.1043721],[-0.788833,54.1043286],[-0.7827877,54.1170473],[-0.7564648,54.1147205],[-0.7558994,54.1237861],[-0.7652828,54.13064]]],"type":"Polygon"},"id":"E02007045","properties":{"code":"E02007045","geography":"MSOA","name":"Ryedale 010"},"type":"Feature"}],"type":"FeatureCollection"}
