{"features":[{"geometry":{"coordinates":[[[[-1.2419351,54.7227237],[-1.2422443,54.7229581],[-1.2423815,54.7230621],[-1.243401,54.7226924],[-1.2431909,54.72263],[-1.2425197,54.7224308],[-1.2419351,54.7227237]]],[[[-1.2585614,54.7260555],[-1.2733428,54.7253674],[-1.2903015,54.7183978],[-1.3054812,54.7175635],[-1.3012951,54.7081586],[-1.3138792,54.7011972],[-1.3134959,54.6970865],[-1.3193639,54.6912974],[-1.3446028,54.6908263],[-1.3344902,54.6890177],[-1.3309442,54.6821617],[-1.3330646,54.6726136],[-1.3435439,54.6686115],[-1.3478713,54.6624292],[-1.3412227,54.6502433],[-1.383764,54.646243],[-1.3808471,54.6438022],[-1.3678318,54.6434714],[-1.356827,54.6383764],[-1.3397183,54.6362472],[-1.3350609,54.631324],[-1.3288636,54.6440016],[-1.3163643,54.6452349],[-1.3069799,54.6369498],[-1.2981163,54.6352407],[-1.2985941,54.6311572],[-1.2961991,54.6280277],[-1.2798752,54.6282463],[-1.2674785,54.6245583],[-1.2443042,54.6256518],[-1.2406201,54.6247093],[-1.2340183,54.628869],[-1.2320965,54.6256234],[-1.2233846,54.6264082],[-1.2239976,54.6236603],[-1.2202765,54.6251624],[-1.2126351,54.6217277],[-1.2124635,54.6222819],[-1.2052416,54.6227344],[-1.200263,54.6234119],[-1.1887627,54.6326511],[-1.1655911,54.6318761],[-1.1604247,54.6351924],[-1.1659247,54.6338941],[-1.1663888,54.6372637],[-1.1617988,54.635423],[-1.1687989,54.6442891],[-1.1579937,54.6483084],[-1.158343,54.6483199],[-1.1647609,54.6476053],[-1.1761069,54.6536286],[-1.1973151,54.6781672],[-1.1984924,54.6795835],[-1.198496,54.6796417],[-1.1988542,54.6853833],[-1.197599,54.6861243],[-1.196806,54.6870491],[-1.1986787,54.6862575],[-1.1978824,54.6918054],[-1.1945192,54.6897158],[-1.1940869,54.6902198],[-1.1959399,54.6923614],[-1.1875097,54.6939095],[-1.1963294,54.698565],[-1.1927751,54.7004915],[-1.184877,54.693295],[-1.1770176,54.6946475],[-1.1745534,54.6923561],[-1.1740262,54.6919932],[-1.1743368,54.6931622],[-1.1756973,54.6967466],[-1.210029,54.7089421],[-1.2315938,54.7177],[-1.2316464,54.7177213],[-1.2428395,54.7222639],[-1.2435094,54.7225197],[-1.2436887,54.7225881],[-1.251865,54.719623],[-1.2585614,54.7260555]]]],"type":"MultiPolygon"},"id":"E06000001","properties":{"code":"E06000001","geography":"LAD","name":"Hartlepool"},"type":"Feature"},{"geometry":{"coordinates":[[[[-1.2312648,54.5860705],[-1.230504,54.5856527],[-1.2290142,54.5854801],[-1.2312648,54.5860705]]],[[[-1.2157093,54.5810671],[-1.2517085,54.590677],[-1.2571597,54.5871382],[-1.260207,54.5729668],[-1.2594275,54.5809161],[-1.2613274,54.5718527],[-1.2663968,54.5682923],[-1.2826262,54.5652836],[-1.2781915,54.5608509],[-1.2706661,54.5563708],[-1.276196,54.5488152],[-1.2762656,54.5487284],[-1.2854317,54.53625],[-1.2842586,54.5285723],[-1.2792933,54.517812],[-1.2638627,54.5125454],[-1.2348659,54.510316],[-1.2201363,54.5109411],[-1.2072888,54.5081455],[-1.195485,54.5066324],[-1.1850938,54.5072853],[-1.1743915,54.5028943],[-1.1461969,54.5028216],[-1.1373687,54.5149951],[-1.15974,54.5158365],[-1.1649943,54.5219428],[-1.1615671,54.5250601],[-1.180807,54.5335222],[-1.1987635,54.5445645],[-1.1768263,54.5515756],[-1.1666629,54.554053],[-1.1707292,54.5574161],[-1.1722931,54.5593015],[-1.1777452,54.5684742],[-1.1903092,54.5748759],[-1.201743,54.5775671],[-1.194335,54.5798654],[-1.1970726,54.5817906],[-1.2024734,54.58041],[-1.2037727,54.5769325],[-1.2069742,54.5767436],[-1.2048148,54.5799886],[-1.2197832,54.5788817],[-1.2157093,54.5810671]]]],"type":"MultiPolygon"},"id":"E06000002","properties":{"code":"E06000002","geography":"LAD","name":"Middlesbrough"},"type":"Feature"},{"geometry":{"coordinates":[[[-1.1188125,54.6288614],[-1.1387462,54.640693],[-1.1374796,54.6475707],[-1.1419091,54.6381695],[-1.1354601,54.6296157],[-1.141134,54.6286099],[-1.1461192,54.6277265],[-1.1527398,54.6313457],[-1.1532991,54.6302054],[-1.1546242,54.6275035],[-1.149129,54.6143317],[-1.1575919,54.6054499],[-1.1467703,54.5990952],[-1.1602532,54.6045401],[-1.1634906,54.6021046],[-1.1513943,54.5961637],[-1.1638001,54.6021113],[-1.1970726,54.5817906],[-1.194335,54.5798654],[-1.201743,54.5775671],[-1.1903092,54.5748759],[-1.1777452,54.5684742],[-1.1722931,54.5593015],[-1.1707292,54.5574161],[-1.1666629,54.554053],[-1.1768263,54.5515756],[-1.1987635,54.5445645],[-1.180807,54.5335222],[-1.1615671,54.5250601],[-1.1649943,54.5219428],[-1.15974,54.5158365],[-1.1373687,54.5149951],[-1.1461969,54.5028216],[-1.11838,54.4981986],[-1.1117828,54.504374],[-1.094737,54.5066956],[-1.0679266,54.5004482],[-1.0368515,54.4940441],[-1.0238003,54.5020451],[-1.0034011,54.5030121],[-0.9678287,54.4972685],[-0.9529516,54.4880355],[-0.8942126,54.4969121],[-0.880825,54.4970469],[-0.8757812,54.4911646],[-0.8669788,54.489241],[-0.8441391,54.4895498],[-0.8533211,54.5027138],[-0.8486473,54.5300038],[-0.8270815,54.5485187],[-0.8156763,54.5525075],[-0.8004192,54.5510109],[-0.7987872,54.5556178],[-0.793342,54.5583086],[-0.7942517,54.5583525],[-0.7897088,54.5602597],[-0.7898714,54.5606382],[-0.8088107,54.558574],[-0.8462427,54.5697292],[-0.8530097,54.571744],[-0.8695248,54.5699492],[-0.8719759,54.5696826],[-0.8757051,54.5700066],[-0.8975731,54.5719042],[-0.8981809,54.5719569],[-0.8987898,54.5743552],[-0.9002255,54.5753404],[-0.9040242,54.5745857],[-0.9199822,54.5846698],[-0.9383406,54.5887578],[-0.9432761,54.5879201],[-0.9602879,54.5850307],[-0.9844318,54.5893121],[-0.9847092,54.5893897],[-1.0163941,54.5982484],[-1.0176926,54.5987563],[-1.0358149,54.6058428],[-1.0363998,54.6060714],[-1.0585064,54.6174934],[-1.0595965,54.6180564],[-1.0723195,54.621131],[-1.0731716,54.6213368],[-1.0846206,54.6203976],[-1.1188125,54.6288614]]],"type":"Polygon"},"id":"E06000003","properties":{"code":"E06000003","geography":"LAD","name":"Redcar and Cleveland"},"type":"Feature"},{"geometry":{"coordinates":[[[[-1.2007436,54.6230257],[-1.200263,54.6234119],[-1.2052416,54.6227344],[-1.2007436,54.6230257]]],[[[-1.2985941,54.6311572],[-1.2981163,54.6352407],[-1.3069799,54.6369498],[-1.3163643,54.6452349],[-1.3288636,54.6440016],[-1.3350609,54.631324],[-1.3397183,54.6362472],[-1.356827,54.6383764],[-1.3678318,54.6434714],[-1.3808471,54.6438022],[-1.3904483,54.6391351],[-1.3882713,54.6316031],[-1.3955098,54.6310975],[-1.3942352,54.6288823],[-1.4015988,54.6263593],[-1.3991581,54.6241293],[-1.4047798,54.6240456],[-1.4125363,54.6168009],[-1.4261708,54.6115187],[-1.4299699,54.6153228],[-1.4421932,54.6102505],[-1.4508975,54.6105584],[-1.4507858,54.6046985],[-1.4383555,54.5950796],[-1.4313686,54.5953598],[-1.4233272,54.6031269],[-1.4072917,54.5937284],[-1.4168079,54.5758296],[-1.4114194,54.5647927],[-1.4270801,54.5627746],[-1.4467556,54.5556684],[-1.4425821,54.5430874],[-1.4469894,54.5372185],[-1.443839,54.5345385],[-1.4496075,54.5329679],[-1.4447388,54.5269873],[-1.434727,54.5271864],[-1.4214855,54.5196376],[-1.4234188,54.5139823],[-1.4286586,54.5130644],[-1.4251614,54.5006502],[-1.4353815,54.4927105],[-1.4349053,54.4874932],[-1.4265832,54.4847794],[-1.4321178,54.4794546],[-1.4127864,54.4771954],[-1.4070888,54.4935296],[-1.3992153,54.4928922],[-1.39505,54.48568],[-1.3830651,54.4872865],[-1.3810106,54.4940289],[-1.3707863,54.4856462],[-1.37478,54.4824672],[-1.3725616,54.4723075],[-1.3644171,54.4659524],[-1.3564905,54.4729259],[-1.344915,54.472408],[-1.343629,54.4641554],[-1.3183415,54.4720886],[-1.313116,54.4772772],[-1.3032775,54.4783968],[-1.3004305,54.475822],[-1.2915907,54.4834453],[-1.2867101,54.4827346],[-1.289592,54.4879865],[-1.2810932,54.4905672],[-1.2574031,54.4873218],[-1.2532624,54.4977825],[-1.2566747,54.5011079],[-1.2423208,54.501658],[-1.2343801,54.5061421],[-1.2348659,54.510316],[-1.2638627,54.5125454],[-1.2792933,54.517812],[-1.2842586,54.5285723],[-1.2854317,54.53625],[-1.2762656,54.5487284],[-1.276196,54.5488152],[-1.2706661,54.5563708],[-1.2781915,54.5608509],[-1.2826262,54.5652836],[-1.2663968,54.5682923],[-1.2613274,54.5718527],[-1.2594275,54.5809161],[-1.2585814,54.5888662],[-1.2525189,54.5923976],[-1.24501,54.5916294],[-1.2453888,54.5938255],[-1.2312648,54.5860705],[-1.2290142,54.5854801],[-1.2044553,54.5826329],[-1.1674329,54.6047856],[-1.1657479,54.610122],[-1.1605848,54.6103263],[-1.1620448,54.6226186],[-1.1672402,54.6197715],[-1.1720481,54.6217869],[-1.1648463,54.6282277],[-1.1678199,54.6293104],[-1.1734797,54.6215367],[-1.2127658,54.6214986],[-1.2126351,54.6217277],[-1.2202765,54.6251624],[-1.2239976,54.6236603],[-1.2233846,54.6264082],[-1.2320965,54.6256234],[-1.2340183,54.628869],[-1.2406201,54.6247093],[-1.2443042,54.6256518],[-1.2674785,54.6245583],[-1.2798752,54.6282463],[-1.2961991,54.6280277],[-1.2985941,54.6311572]]]],"type":"MultiPolygon"},"id":"E06000004","properties":{"code":"E06000004","geography":"LAD","name":"Stockton-on-Tees"},"type":"Feature"},{"geometry":{"coordinates":[[[-1.6416285,54.6193657],[-1.6570397,54.6154733],[-1.6824222,54.6177711],[-1.68061,54.597833],[-1.6793117,54.5859733],[-1.6940278,54.5868938],[-1.7089844,54.5741417],[-1.7044803,54.5721617],[-1.7092821,54.5631795],[-1.7033112,54.5586958],[-1.6912067,54.5562446],[-1.6975625,54.5557124],[-1.7052742,54.549172],[-1.7037713,54.5449365],[-1.6983401,54.5442095],[-1.6969264,54.5360064],[-1.6822591,54.5333394],[-1.6579372,54.5345889],[-1.6546752,54.5246501],[-1.6337738,54.5253644],[-1.6329311,54.5187043],[-1.6404985,54.5171891],[-1.6334444,54.5141123],[-1.6095205,54.5199082],[-1.6006233,54.5170978],[-1.6027,54.5105369],[-1.5795272,54.5116271],[-1.5843246,54.5079706],[-1.5916228,54.5040043],[-1.5792149,54.5051877],[-1.5829803,54.4971007],[-1.5733039,54.4901596],[-1.5551952,54.4849782],[-1.5456727,54.4712385],[-1.5327198,54.4691491],[-1.5196937,54.4711152],[-1.5301508,54.4757509],[-1.528837,54.4848137],[-1.5141319,54.4837751],[-1.5113408,54.4750123],[-1.5052471,54.4824198],[-1.4915222,54.4860915],[-1.4990523,54.4756782],[-1.4753728,54.4738452],[-1.4676192,54.4621505],[-1.4720522,54.4555996],[-1.4617316,54.4511496],[-1.4547246,54.4536017],[-1.4627462,54.4611151],[-1.4539133,54.4661554],[-1.4638528,54.473758],[-1.4575972,54.4813623],[-1.4618275,54.4859514],[-1.4584735,54.4928394],[-1.4622414,54.4962938],[-1.4755593,54.4981083],[-1.4673527,54.5025273],[-1.457798,54.5036479],[-1.4349053,54.4874932],[-1.4353815,54.4927105],[-1.4251614,54.5006502],[-1.4286586,54.5130644],[-1.4234188,54.5139823],[-1.4214855,54.5196376],[-1.434727,54.5271864],[-1.4447388,54.5269873],[-1.4496075,54.5329679],[-1.443839,54.5345385],[-1.4469894,54.5372185],[-1.4425821,54.5430874],[-1.4467556,54.5556684],[-1.4270801,54.5627746],[-1.4114194,54.5647927],[-1.4168079,54.5758296],[-1.4072917,54.5937284],[-1.4233272,54.6031269],[-1.4313686,54.5953598],[-1.4383555,54.5950796],[-1.4434012,54.5906239],[-1.4517055,54.590828],[-1.4561228,54.5992909],[-1.4601969,54.5968256],[-1.4688963,54.6005275],[-1.51403,54.5953555],[-1.5264032,54.596486],[-1.5586445,54.5921168],[-1.5622619,54.5859713],[-1.552824,54.5823422],[-1.5833153,54.5809086],[-1.5828647,54.589475],[-1.5908608,54.590214],[-1.5934093,54.5950772],[-1.5898756,54.5977487],[-1.5929486,54.6045494],[-1.5840723,54.6072684],[-1.5841928,54.610486],[-1.6062181,54.6034402],[-1.6067585,54.6173949],[-1.6067641,54.6175404],[-1.6121258,54.6181274],[-1.6185054,54.6191676],[-1.631396,54.618457],[-1.6332394,54.6161278],[-1.6416285,54.6193657]]],"type":"Polygon"},"id":"E06000005","properties":{"code":"E06000005","geography":"LAD","name":"Darlington"},"type":"Feature"},{"geometry":{"coordinates":[[[[-2.6268352,53.3546405],[-2.6306219,53.3640498],[-2.6746408,53.3536644],[-2.6779718,53.3547102],[-2.6995157,53.3566828],[-2.7209578,53.3450611],[-2.7219783,53.3445076],[-2.7360443,53.3450571],[-2.7360888,53.3450588],[-2.743352,53.3453418],[-2.753773,53.343447],[-2.7584951,53.3386908],[-2.7587558,53.3384282],[-2.7595309,53.3359889],[-2.7578409,53.335479],[-2.7633777,53.3275497],[-2.7524809,53.3147338],[-2.7392691,53.306839],[-2.734641,53.3070689],[-2.7309921,53.3118528],[-2.7209657,53.3127599],[-2.700799,53.3057928],[-2.6853525,53.3153317],[-2.6415569,53.3050348],[-2.6450614,53.3101351],[-2.6325086,53.307521],[-2.6241227,53.3093982],[-2.617801,53.3161351],[-2.6210811,53.3191981],[-2.6103227,53.3181577],[-2.6090865,53.3120712],[-2.5952231,53.3224544],[-2.6103916,53.3304055],[-2.6149355,53.3288567],[-2.6191254,53.3310706],[-2.6066065,53.3429959],[-2.614137,53.3476611],[-2.6314677,53.3460335],[-2.6268352,53.3546405]]],[[[-2.6905891,53.3852605],[-2.6906328,53.3853882],[-2.7050421,53.3867458],[-2.7128034,53.390626],[-2.7152268,53.3990349],[-2.7309444,53.3999931],[-2.734448,53.4005469],[-2.7451746,53.4020956],[-2.7433955,53.3952852],[-2.7506479,53.3937881],[-2.7481417,53.3885014],[-2.7602707,53.3843357],[-2.7576541,53.3807379],[-2.7720782,53.3829645],[-2.7812829,53.3716916],[-2.7847592,53.3607919],[-2.784823,53.360723],[-2.7873017,53.3562904],[-2.8090643,53.3550814],[-2.8188069,53.3480007],[-2.8187317,53.3398033],[-2.8323393,53.3372863],[-2.8256538,53.3318319],[-2.8190552,53.3329785],[-2.7898065,53.3223565],[-2.7777082,53.3292343],[-2.7842878,53.3364309],[-2.7782788,53.3326131],[-2.7772487,53.335554],[-2.7689796,53.3455584],[-2.7603869,53.3490921],[-2.7595321,53.3494436],[-2.7591336,53.3496074],[-2.7597318,53.3503568],[-2.7620515,53.3532626],[-2.7598516,53.350905],[-2.7587289,53.3497016],[-2.7330735,53.3479817],[-2.7284844,53.3545114],[-2.7138238,53.3575316],[-2.7131479,53.3576708],[-2.7124143,53.3578219],[-2.7056515,53.3614729],[-2.6933787,53.3618162],[-2.6931816,53.3617635],[-2.6923036,53.3615287],[-2.6977248,53.3793128],[-2.6905891,53.3852605]]]],"type":"MultiPolygon"},"id":"E06000006","properties":{"code":"E06000006","geography":"LAD","name":"Halton"},"type":"Feature"},{"geometry":{"coordinates":[[[-2.4781533,53.4434175],[-2.4759865,53.4482377],[-2.4897138,53.4602823],[-2.4891455,53.4758482],[-2.4963345,53.4809294],[-2.5364459,53.4715041],[-2.5526385,53.4678134],[-2.5490896,53.4615116],[-2.5703201,53.4585337],[-2.5766648,53.4460853],[-2.5845966,53.4403931],[-2.5986849,53.4504138],[-2.5962305,53.4426663],[-2.6114228,53.4422747],[-2.6274624,53.4344126],[-2.6324076,53.4416601],[-2.63954,53.4444221],[-2.6706607,53.449926],[-2.6734082,53.4525821],[-2.6771857,53.4527529],[-2.6821682,53.4392344],[-2.6687717,53.4410441],[-2.6752677,53.4329653],[-2.6638524,53.4296666],[-2.6723198,53.4220247],[-2.6668562,53.4162639],[-2.6718766,53.4152866],[-2.6721363,53.4118074],[-2.671377,53.400174],[-2.6759967,53.3950099],[-2.6763172,53.3876194],[-2.6906328,53.3853882],[-2.6905891,53.3852605],[-2.6977248,53.3793128],[-2.6923036,53.3615287],[-2.6744884,53.3567628],[-2.660173,53.3739073],[-2.6542996,53.3758173],[-2.6456865,53.3739379],[-2.6389637,53.3784037],[-2.6217302,53.375025],[-2.6381942,53.3776168],[-2.6423273,53.3724621],[-2.6567684,53.3740986],[-2.6639776,53.3672488],[-2.6661416,53.3576986],[-2.6751882,53.354455],[-2.6779718,53.3547102],[-2.6746408,53.3536644],[-2.6306219,53.3640498],[-2.6268352,53.3546405],[-2.6314677,53.3460335],[-2.614137,53.3476611],[-2.6066065,53.3429959],[-2.6191254,53.3310706],[-2.6149355,53.3288567],[-2.6103916,53.3304055],[-2.5952231,53.3224544],[-2.5862897,53.3293968],[-2.5618751,53.3233428],[-2.5516644,53.332374],[-2.544529,53.3305255],[-2.5394529,53.3363903],[-2.518393,53.3423903],[-2.5210496,53.3479005],[-2.5058235,53.3554851],[-2.4868784,53.3679038],[-2.4649956,53.363531],[-2.458842,53.3682856],[-2.43988,53.3666626],[-2.4396631,53.3705422],[-2.4287235,53.3764058],[-2.4265899,53.3874615],[-2.448394,53.3948083],[-2.4585613,53.3929885],[-2.465898,53.3947765],[-2.4710264,53.3923311],[-2.4784396,53.3962132],[-2.4659767,53.4007479],[-2.4536814,53.4132128],[-2.4493782,53.4158914],[-2.4515436,53.4267091],[-2.4617239,53.4363687],[-2.4676996,53.4374429],[-2.4781533,53.4434175]]],"type":"Polygon"},"id":"E06000007","properties":{"code":"E06000007","geography":"LAD","name":"Warrington"},"type":"Feature"},{"geometry":{"coordinates":[[[-2.4554966,53.7740321],[-2.4658077,53.7808134],[-2.4770875,53.7810476],[-2.4808263,53.7739916],[-2.4947484,53.7701605],[-2.4989951,53.7686197],[-2.5085905,53.7694327],[-2.5287313,53.7594927],[-2.5456849,53.7593928],[-2.551262,53.7563663],[-2.5539463,53.7496764],[-2.5616016,53.7469014],[-2.5645913,53.7424589],[-2.557155,53.7346121],[-2.5570269,53.7274171],[-2.5463107,53.7249765],[-2.5473327,53.7224462],[-2.5408298,53.7197387],[-2.5394677,53.7146677],[-2.5432347,53.7099108],[-2.5397796,53.7021843],[-2.5318848,53.6964931],[-2.515656,53.6924029],[-2.5183279,53.6773721],[-2.5255494,53.6746764],[-2.532344,53.6649023],[-2.52211,53.6480118],[-2.5245842,53.6413169],[-2.5200616,53.6304817],[-2.5113229,53.626995],[-2.5104111,53.6263616],[-2.4730333,53.6165589],[-2.4660194,53.621699],[-2.4537809,53.6219744],[-2.4582893,53.6246312],[-2.4506533,53.6278106],[-2.4502704,53.6414321],[-2.4386822,53.646072],[-2.4261437,53.6350103],[-2.4258534,53.6258594],[-2.4199283,53.6236099],[-2.4053567,53.6251289],[-2.4012094,53.6245991],[-2.3978458,53.6322082],[-2.3791265,53.6308524],[-2.3704424,53.6315894],[-2.3686608,53.6369511],[-2.3724375,53.6423432],[-2.3670092,53.6450116],[-2.3626495,53.6559199],[-2.3712362,53.6670807],[-2.3759347,53.6756416],[-2.3744243,53.6872544],[-2.3983483,53.6915599],[-2.4109983,53.7051758],[-2.4336883,53.7192143],[-2.4335287,53.7276687],[-2.4386127,53.7323067],[-2.439658,53.7483083],[-2.4516333,53.7564684],[-2.4463171,53.7665897],[-2.4554966,53.7740321]]],"type":"Polygon"},"id":"E06000008","properties":{"code":"E06000008","geography":"LAD","name":"Blackburn with Darwen"},"type":"Feature"},{"geometry":{"coordinates":[[[-3.0204645,53.8407688],[-3.01523,53.8427746],[-3.0179375,53.8473697],[-3.0143119,53.850567],[-3.022613,53.8616997],[-3.0228384,53.8627256],[-3.0197499,53.8685996],[-3.036847,53.8750788],[-3.0479669,53.8756044],[-3.0492309,53.8659843],[-3.0512673,53.8577298],[-3.051401,53.8571875],[-3.0529102,53.8516198],[-3.0548793,53.8443534],[-3.0555759,53.8417819],[-3.0557312,53.8412088],[-3.0563271,53.8312098],[-3.056421,53.8296337],[-3.0564741,53.8287418],[-3.0566253,53.8191644],[-3.0566175,53.8189745],[-3.0563472,53.8124032],[-3.0563053,53.8113825],[-3.057311,53.7987816],[-3.0573331,53.7985058],[-3.0569173,53.7954966],[-3.0610106,53.7953292],[-3.0566919,53.7951058],[-3.0587874,53.7840281],[-3.0587082,53.7837236],[-3.0568505,53.7765774],[-3.0338537,53.7806751],[-3.0327653,53.7807489],[-3.0288013,53.7731168],[-2.9964783,53.774504],[-3.0061218,53.7879915],[-2.999346,53.7942646],[-2.9846105,53.793777],[-2.9895374,53.8004627],[-2.9866747,53.8021852],[-2.9920109,53.8081401],[-2.9945095,53.8176722],[-3.0106529,53.8261939],[-3.0137734,53.8292064],[-3.0072023,53.8329012],[-3.0115359,53.8371908],[-3.0155556,53.8407108],[-3.0191108,53.8370898],[-3.0204645,53.8407688]]],"type":"Polygon"},"id":"E06000009","properties":{"code":"E06000009","geography":"LAD","name":"Blackpool"},"type":"Feature"},{"geometry":{"coordinates":[[[-0.2943889,53.792994],[-0.3038844,53.7984699],[-0.3161343,53.8132702],[-0.3485934,53.8089007],[-0.3538056,53.8085166],[-0.3647632,53.8037136],[-0.3594054,53.793404],[-0.3650085,53.7922868],[-0.3922196,53.7911329],[-0.3905267,53.782488],[-0.3899343,53.7796028],[-0.3874068,53.7707418],[-0.3985282,53.7672144],[-0.4035028,53.7649219],[-0.4085725,53.7605884],[-0.4182038,53.7606323],[-0.4223417,53.7505611],[-0.4036445,53.7500127],[-0.4135906,53.7404178],[-0.4198073,53.7343446],[-0.4189697,53.7196149],[-0.3969536,53.7231552],[-0.396705,53.7231951],[-0.3846202,53.7243476],[-0.3326351,53.7382905],[-0.330232,53.7477712],[-0.3299732,53.7475229],[-0.3269598,53.7446316],[-0.3311036,53.738594],[-0.3311862,53.7383394],[-0.3311348,53.7383472],[-0.3088669,53.7417071],[-0.3072049,53.7419577],[-0.2732438,53.7409107],[-0.2502478,53.733316],[-0.2441373,53.7377239],[-0.2432851,53.7386736],[-0.2431678,53.7387995],[-0.2474168,53.7417396],[-0.2414547,53.754808],[-0.2533802,53.7646054],[-0.2543565,53.7689377],[-0.2523248,53.7813283],[-0.2656586,53.7823543],[-0.2683254,53.7850464],[-0.2782503,53.7820602],[-0.2943889,53.792994]]],"type":"Polygon"},"id":"E06000010","properties":{"code":"E06000010","geography":"LAD","name":"Kingston upon Hull, City of"},"type":"Feature"},{"geometry":{"coordinates":[[[[-0.2452426,53.7364922],[-0.2443382,53.7375001],[-0.2441373,53.7377239],[-0.2502478,53.733316],[-0.2452426,53.7364922]]],[[[-0.3600375,54.1531203],[-0.3749274,54.1541132],[-0.374526,54.162564],[-0.3907836,54.1765311],[-0.4184278,54.1740253],[-0.4181088,54.1712203],[-0.4245567,54.1695755],[-0.4229266,54.1663147],[-0.4331686,54.1640727],[-0.4326594,54.1575207],[-0.4270939,54.1374426],[-0.4585397,54.1259736],[-0.4543511,54.1167625],[-0.4683254,54.1112505],[-0.4659425,54.107633],[-0.4968894,54.0972318],[-0.5246123,54.0854747],[-0.5279277,54.0893389],[-0.5340309,54.0871798],[-0.5418163,54.0915285],[-0.5631372,54.0939995],[-0.5664665,54.0903056],[-0.5910046,54.087062],[-0.6155234,54.0704937],[-0.6603169,54.0631001],[-0.644654,54.0551131],[-0.6580177,54.0436448],[-0.6594843,54.0371698],[-0.6798686,54.0366735],[-0.6884837,54.0240107],[-0.6784159,54.0182388],[-0.6817985,54.0103553],[-0.7049024,54.0060724],[-0.7107461,54.0111713],[-0.7304893,54.0127008],[-0.7342573,54.0302588],[-0.7992476,54.0190518],[-0.7989881,54.0240907],[-0.8203661,54.0208734],[-0.8430297,54.021611],[-0.8597207,54.0163948],[-0.8784271,54.0171996],[-0.8776688,54.013557],[-0.8885553,54.0095145],[-0.8935349,53.9997681],[-0.9085824,53.9969187],[-0.9128768,53.9921321],[-0.925295,53.9915184],[-0.9203135,53.9900942],[-0.9278256,53.9840244],[-0.9341112,53.9686722],[-0.9212122,53.9604222],[-0.927657,53.9526666],[-0.9233506,53.9349326],[-0.9276785,53.9308316],[-0.9216336,53.9211934],[-0.9315803,53.9174619],[-0.9320536,53.9087125],[-0.9382811,53.9078703],[-0.9402912,53.8986388],[-0.9495153,53.8938464],[-0.9229224,53.8907354],[-0.9195807,53.8893329],[-0.9235962,53.8877268],[-0.9234033,53.8807196],[-0.9251059,53.8779321],[-0.9405879,53.8742012],[-0.9389205,53.8678463],[-0.9481231,53.861918],[-0.9449335,53.8575258],[-0.9419969,53.8548127],[-0.9456272,53.84665],[-0.9405581,53.8234514],[-0.9200863,53.8159768],[-0.934499,53.8017772],[-0.9280466,53.797158],[-0.9366863,53.7798718],[-0.9283541,53.7702959],[-0.9320932,53.7621902],[-0.9515789,53.753769],[-0.9735935,53.749857],[-0.9631309,53.7464585],[-0.9610629,53.7360785],[-0.9365116,53.7319775],[-0.9119111,53.7329522],[-0.9115575,53.728212],[-0.9066795,53.7271708],[-0.9052492,53.7170483],[-0.9233991,53.7186813],[-0.9440838,53.7125257],[-0.9577148,53.7148355],[-0.9612727,53.7076962],[-0.9576732,53.7050538],[-0.9626499,53.7007959],[-0.9700981,53.7022138],[-0.9678655,53.7067213],[-0.9805468,53.7049832],[-0.9801325,53.69697],[-1.0002165,53.6989004],[-1.0068234,53.6953006],[-1.0224036,53.6980363],[-1.0390832,53.6938952],[-1.0457582,53.6986226],[-1.0536227,53.6968513],[-1.0540334,53.7014342],[-1.0624755,53.7068792],[-1.069535,53.7028045],[-1.0749141,53.7039428],[-1.0787071,53.694078],[-1.085018,53.6869588],[-1.0810598,53.6845261],[-1.101763,53.6743738],[-1.1033593,53.6694993],[-1.0913914,53.6686246],[-1.0856392,53.6623935],[-1.0710603,53.6600217],[-1.0711901,53.6579051],[-1.06023,53.6592686],[-1.0486626,53.6560575],[-1.0293621,53.6549697],[-0.9904595,53.6612233],[-0.9902346,53.6589833],[-0.9468446,53.6591418],[-0.8653387,53.6377082],[-0.8482641,53.6330367],[-0.8291532,53.6432359],[-0.8058057,53.6463555],[-0.8015421,53.6527264],[-0.7887435,53.6592097],[-0.772136,53.6640753],[-0.7744995,53.6562092],[-0.7532432,53.6626991],[-0.7589785,53.6643667],[-0.7466076,53.6696122],[-0.7231909,53.673729],[-0.7217685,53.6793606],[-0.7023808,53.6774873],[-0.704311,53.6815093],[-0.6941384,53.6859921],[-0.6962025,53.6895874],[-0.6984936,53.6846113],[-0.6997253,53.6956934],[-0.6998973,53.6961573],[-0.6999759,53.6988665],[-0.7305873,53.7043282],[-0.7443723,53.7034438],[-0.746257,53.7033227],[-0.7530018,53.7013039],[-0.7750428,53.6947027],[-0.7897778,53.6985612],[-0.8118851,53.7043454],[-0.8025517,53.7048066],[-0.7940933,53.7052239],[-0.7896524,53.7029339],[-0.7790521,53.6974663],[-0.7425986,53.7069815],[-0.7001235,53.7037598],[-0.6872793,53.7078814],[-0.6729963,53.7213403],[-0.6378383,53.7275822],[-0.6369894,53.7277327],[-0.6207305,53.7302286],[-0.5853544,53.7271762],[-0.5592004,53.7116395],[-0.5585766,53.7115197],[-0.5425525,53.7084427],[-0.4867472,53.7164786],[-0.486189,53.7164851],[-0.464447,53.7167358],[-0.4632636,53.7167493],[-0.4474595,53.713864],[-0.434176,53.7161945],[-0.434124,53.7189885],[-0.4319825,53.7168247],[-0.419206,53.7195769],[-0.4189697,53.7196149],[-0.4198073,53.7343446],[-0.4135906,53.7404178],[-0.4036445,53.7500127],[-0.4223417,53.7505611],[-0.4182038,53.7606323],[-0.4085725,53.7605884],[-0.4035028,53.7649219],[-0.3985282,53.7672144],[-0.3874068,53.7707418],[-0.3899343,53.7796028],[-0.3905267,53.782488],[-0.3922196,53.7911329],[-0.3650085,53.7922868],[-0.3594054,53.793404],[-0.3647632,53.8037136],[-0.3538056,53.8085166],[-0.3485934,53.8089007],[-0.3161343,53.8132702],[-0.3038844,53.7984699],[-0.2943889,53.792994],[-0.2782503,53.7820602],[-0.2683254,53.7850464],[-0.2656586,53.7823543],[-0.2523248,53.7813283],[-0.2543565,53.7689377],[-0.2533802,53.7646054],[-0.2414547,53.754808],[-0.2474168,53.7417396],[-0.2431678,53.7387995],[-0.243048,53.738928],[-0.2427702,53.7388085],[-0.2431947,53.7295765],[-0.2353365,53.728377],[-0.2369404,53.7267052],[-0.227255,53.7084938],[-0.2101139,53.702031],[-0.1843881,53.6866947],[-0.173698,53.680317],[-0.1694309,53.6739278],[-0.1513213,53.6622232],[-0.1393675,53.6544923],[-0.1333759,53.6507808],[-0.1325034,53.6512251],[-0.1307904,53.6521236],[-0.1307656,53.652097],[-0.1249271,53.6458124],[-0.1035468,53.6353419],[-0.0569938,53.6293838],[-0.0538015,53.6292146],[-0.049681,53.6321007],[0.0173274,53.6449156],[0.0005765,53.6548607],[0.0194766,53.6452507],[0.0344835,53.649212],[0.0892392,53.6379128],[0.1155134,53.6271317],[0.1245641,53.6234154],[0.1446886,53.6085618],[0.1452773,53.6058469],[0.1420471,53.5962609],[0.1372024,53.5926997],[0.1130753,53.5783193],[0.1077311,53.5751319],[0.1083466,53.5714719],[0.1128967,53.5747345],[0.1417625,53.595416],[0.146626,53.599626],[0.1462974,53.6032323],[0.1456367,53.608563],[0.1417765,53.6219856],[0.1197875,53.6577312],[0.117251,53.6618506],[0.1169994,53.6622591],[-0.0442715,53.7953832],[-0.0447117,53.7957771],[-0.0954686,53.8411374],[-0.1015309,53.8465478],[-0.1016485,53.8466663],[-0.1018143,53.8468335],[-0.1106703,53.8557574],[-0.1281709,53.8712992],[-0.1421322,53.8874248],[-0.153965,53.8993207],[-0.1737008,53.9333008],[-0.1890154,53.9596289],[-0.1892652,53.9600581],[-0.2105241,54.0060436],[-0.2107842,54.0065869],[-0.2150567,54.0158349],[-0.2152804,54.0227594],[-0.2157826,54.0382982],[-0.2085473,54.063758],[-0.2085306,54.0638167],[-0.198424,54.0779186],[-0.1930341,54.0788864],[-0.1921566,54.0799812],[-0.1918251,54.0799574],[-0.1876537,54.0799762],[-0.1911858,54.0812001],[-0.1891552,54.0811162],[-0.1872814,54.0811385],[-0.1864973,54.0799445],[-0.1863806,54.0796501],[-0.184728,54.084601],[-0.1838209,54.0852833],[-0.1837864,54.0853093],[-0.1664613,54.0983361],[-0.1648062,54.0995799],[-0.1403622,54.1043833],[-0.1051491,54.1040104],[-0.0771029,54.1142692],[-0.0780372,54.1160837],[-0.0937516,54.1284007],[-0.0950787,54.1288079],[-0.1043939,54.1305843],[-0.1066528,54.1296273],[-0.1078277,54.1312389],[-0.1109577,54.1318354],[-0.1136462,54.1311043],[-0.1228954,54.1341098],[-0.1257547,54.1346544],[-0.125931,54.1347184],[-0.126403,54.1348084],[-0.136777,54.1386185],[-0.1440234,54.1409711],[-0.1443361,54.1410726],[-0.1642501,54.1483983],[-0.1705418,54.1507115],[-0.1870709,54.1536986],[-0.2126045,54.157607],[-0.2216915,54.137973],[-0.2290661,54.1357275],[-0.2297466,54.1324404],[-0.2372247,54.1372494],[-0.2654198,54.1405585],[-0.2690688,54.1383333],[-0.2905656,54.1397558],[-0.304083,54.1362705],[-0.3137654,54.1464027],[-0.322653,54.1452764],[-0.3238419,54.1502969],[-0.3463972,54.1468729],[-0.3600375,54.1531203]]]],"type":"MultiPolygon"},"id":"E06000011","properties":{"code":"E06000011","geography":"LAD","name":"East Riding of Yorkshire"},"type":"Feature"},{"geometry":{"coordinates":[[[-0.1887974,53.631119],[-0.2044228,53.6379],[-0.2046354,53.6380876],[-0.2326167,53.624003],[-0.2509582,53.6229931],[-0.2921151,53.6132674],[-0.2811944,53.606263],[-0.2830389,53.6044969],[-0.2593603,53.5969697],[-0.2544735,53.5924883],[-0.248476,53.5936637],[-0.2513956,53.5846531],[-0.2391639,53.5881621],[-0.2346687,53.5862504],[-0.2225589,53.5680169],[-0.1951854,53.5716194],[-0.1875294,53.5636128],[-0.2198825,53.5326065],[-0.2105896,53.5317065],[-0.2136241,53.526359],[-0.2040864,53.5117673],[-0.210605,53.4862885],[-0.1885652,53.4845381],[-0.1818047,53.4686494],[-0.15368,53.4656778],[-0.1585077,53.4615837],[-0.1492277,53.4466997],[-0.1445004,53.4409034],[-0.134248,53.4407384],[-0.131845,53.4359255],[-0.1227861,53.4373458],[-0.1203437,53.4335649],[-0.0822093,53.451151],[-0.1078206,53.4698628],[-0.0898037,53.4776824],[-0.0954885,53.485989],[-0.075262,53.4893357],[-0.067096,53.5168382],[-0.0605449,53.5197491],[-0.0466135,53.5200987],[-0.0396002,53.5131166],[-0.0286387,53.5173379],[-0.0195481,53.5179753],[-0.0174303,53.515067],[0.0053665,53.5196746],[0.0164658,53.5262724],[0.0164202,53.5263239],[0.0088528,53.5348612],[0.0084738,53.5351276],[-0.019668,53.5548995],[-0.0201441,53.555286],[-0.0201854,53.5553195],[-0.0281401,53.5617609],[-0.0282205,53.5618113],[-0.0509886,53.5760695],[-0.0518683,53.5766201],[-0.0602285,53.5815781],[-0.0685644,53.5830811],[-0.069804,53.5831814],[-0.0711407,53.582316],[-0.0794577,53.5769302],[-0.0922781,53.5816713],[-0.0928209,53.5813249],[-0.0932145,53.5810722],[-0.0943134,53.5816106],[-0.0946292,53.5817653],[-0.1115388,53.5900487],[-0.129336,53.6006513],[-0.1304374,53.6013474],[-0.1528379,53.6154975],[-0.1711949,53.6234749],[-0.1751424,53.6242407],[-0.1772326,53.6260975],[-0.1868103,53.6302564],[-0.1875088,53.6305596],[-0.1880567,53.6305384],[-0.1887974,53.631119]]],"type":"Polygon"},"id":"E06000012","properties":{"code":"E06000012","geography":"LAD","name":"North East Lincolnshire"},"type":"Feature"},{"geometry":{"coordinates":[[[[-0.5464084,53.6899338],[-0.5585998,53.6894871],[-0.5435729,53.6828773],[-0.5343203,53.6833837],[-0.5358305,53.6812718],[-0.5252352,53.6831869],[-0.5206044,53.685677],[-0.5251137,53.6852843],[-0.5464084,53.6899338]]],[[[-0.2664178,53.6953896],[-0.289364,53.7131988],[-0.3324403,53.711341],[-0.361557,53.7038924],[-0.3876508,53.7021805],[-0.3933419,53.7003573],[-0.3935351,53.6968749],[-0.3951613,53.7000742],[-0.4065205,53.6986334],[-0.4078934,53.6985864],[-0.4079836,53.6985833],[-0.4425459,53.6973956],[-0.4430081,53.6954645],[-0.4704915,53.6982187],[-0.4871157,53.6906585],[-0.4886354,53.6899672],[-0.4899473,53.689158],[-0.5034018,53.6808564],[-0.5255388,53.6779805],[-0.5487103,53.6796246],[-0.5835029,53.6954024],[-0.5862545,53.6933388],[-0.5843264,53.6961816],[-0.6114231,53.7146029],[-0.6913962,53.6967767],[-0.694942,53.6923246],[-0.6962025,53.6895874],[-0.6941384,53.6859921],[-0.704311,53.6815093],[-0.7023808,53.6774873],[-0.7217685,53.6793606],[-0.7231909,53.673729],[-0.7466076,53.6696122],[-0.7589785,53.6643667],[-0.7532432,53.6626991],[-0.7744995,53.6562092],[-0.772136,53.6640753],[-0.7887435,53.6592097],[-0.8015421,53.6527264],[-0.8058057,53.6463555],[-0.8291532,53.6432359],[-0.8482641,53.6330367],[-0.8653387,53.6377082],[-0.8873926,53.6099581],[-0.8868971,53.6010269],[-0.8979265,53.5832774],[-0.8962379,53.5829167],[-0.9011178,53.5687242],[-0.8909952,53.566559],[-0.9003029,53.5556588],[-0.8998334,53.5444777],[-0.8922679,53.5375943],[-0.8980745,53.532759],[-0.9437158,53.530643],[-0.9484735,53.5203729],[-0.9500091,53.5136574],[-0.9320942,53.5106718],[-0.9355646,53.5025165],[-0.9004706,53.4751559],[-0.9202468,53.4655076],[-0.916249,53.4602957],[-0.8737359,53.4614784],[-0.8719193,53.4663108],[-0.7974833,53.4550644],[-0.7843649,53.4633795],[-0.7843888,53.4766692],[-0.7715682,53.4792016],[-0.7756237,53.489025],[-0.7681096,53.4989256],[-0.7521139,53.5005306],[-0.7395917,53.5199359],[-0.7015783,53.5141826],[-0.6873549,53.5163888],[-0.6757067,53.5125255],[-0.6244911,53.5128392],[-0.6281932,53.5068232],[-0.6257265,53.495581],[-0.6301343,53.4859944],[-0.6340584,53.4853993],[-0.6348068,53.4695519],[-0.6266495,53.4620614],[-0.6297527,53.458219],[-0.5994799,53.4564021],[-0.5517931,53.45952],[-0.4717495,53.4748729],[-0.48663,53.4804702],[-0.4877719,53.4878144],[-0.4806866,53.4962454],[-0.4883649,53.5048357],[-0.4758385,53.5089789],[-0.4440366,53.5093918],[-0.4050745,53.5176169],[-0.4081451,53.5321089],[-0.4144001,53.5358416],[-0.4218624,53.5344481],[-0.4306647,53.5463372],[-0.5003401,53.5374689],[-0.4909088,53.5458738],[-0.4670184,53.5489607],[-0.4656717,53.5560233],[-0.4569087,53.5592906],[-0.450776,53.5579663],[-0.4394073,53.570293],[-0.429001,53.5745247],[-0.4196691,53.5637728],[-0.3493797,53.5558093],[-0.3458553,53.5579585],[-0.3486588,53.5595129],[-0.3359388,53.5586266],[-0.3108679,53.5901546],[-0.3034238,53.5907901],[-0.3007539,53.59554],[-0.3085552,53.6143288],[-0.3009304,53.6163881],[-0.2982373,53.6125617],[-0.2921151,53.6132674],[-0.2509582,53.6229931],[-0.2326167,53.624003],[-0.2046354,53.6380876],[-0.2334181,53.6634623],[-0.2339429,53.6639246],[-0.2372145,53.6637349],[-0.2374629,53.6636996],[-0.2378959,53.6635947],[-0.2375822,53.6636998],[-0.2378118,53.6637002],[-0.2627686,53.6902101],[-0.2681727,53.6900528],[-0.2639242,53.6914988],[-0.2664178,53.6953896]]]],"type":"MultiPolygon"},"id":"E06000013","properties":{"code":"E06000013","geography":"LAD","name":"North Lincolnshire"},"type":"Feature"},{"geometry":{"coordinates":[[[-1.0597122,54.0566069],[-1.0587338,54.0478451],[-1.0621707,54.0501378],[-1.094278,54.0466258],[-1.0961069,54.040455],[-1.1010771,54.0409641],[-1.099781,54.0376892],[-1.1148681,54.0358095],[-1.1201762,54.0290264],[-1.1407966,54.0298588],[-1.1448137,54.0255095],[-1.1423246,54.0189671],[-1.1480381,54.015624],[-1.1428756,54.0107882],[-1.1490907,54.0029474],[-1.1369982,53.9910826],[-1.1519125,53.9891781],[-1.17551,54.0021966],[-1.1795148,53.9988607],[-1.1885699,54.0024831],[-1.1919354,54.0005194],[-1.1832828,53.9962161],[-1.1821032,53.9853453],[-1.1920885,53.9842016],[-1.2001626,53.9890091],[-1.2165969,53.9856125],[-1.2237055,53.9748292],[-1.1955692,53.9224143],[-1.1911783,53.9226347],[-1.1859149,53.9160111],[-1.1793224,53.9168832],[-1.1706288,53.9088132],[-1.1648927,53.9105914],[-1.1543956,53.8959285],[-1.1435609,53.8924902],[-1.136776,53.8959261],[-1.1249842,53.8826761],[-1.1052705,53.8756723],[-1.1003986,53.8765596],[-1.0955867,53.8844175],[-1.0775522,53.8835334],[-1.0649868,53.8746107],[-1.021543,53.8883716],[-1.0081857,53.8899358],[-0.9928031,53.8751917],[-0.9676727,53.8828496],[-0.9480249,53.8848767],[-0.9439813,53.8880584],[-0.9384486,53.8874888],[-0.9349389,53.8800047],[-0.9267738,53.8825674],[-0.9234033,53.8807196],[-0.9235962,53.8877268],[-0.9195807,53.8893329],[-0.9229224,53.8907354],[-0.9495153,53.8938464],[-0.9402912,53.8986388],[-0.9382811,53.9078703],[-0.9320536,53.9087125],[-0.9315803,53.9174619],[-0.9216336,53.9211934],[-0.9276785,53.9308316],[-0.9233506,53.9349326],[-0.927657,53.9526666],[-0.9212122,53.9604222],[-0.9341112,53.9686722],[-0.9278256,53.9840244],[-0.9203135,53.9900942],[-0.925295,53.9915184],[-0.9443621,53.9891283],[-0.9576856,53.983956],[-0.967045,53.9859188],[-0.9846575,53.9815479],[-0.995818,53.9839811],[-0.9812496,53.9911542],[-0.9790568,53.9959707],[-0.9719194,53.9967102],[-0.9753663,54.0047316],[-0.9847072,54.0025472],[-0.9793296,54.0053575],[-0.9826176,54.0100778],[-0.9768851,54.0157617],[-0.9793647,54.0174202],[-0.9668636,54.0229666],[-0.9706877,54.0230836],[-0.973583,54.0293691],[-0.9822425,54.0309037],[-0.9823098,54.039482],[-0.9932549,54.0422277],[-1.0020847,54.0552631],[-1.0143774,54.0493218],[-1.0597122,54.0566069]]],"type":"Polygon"},"id":"E06000014","properties":{"code":"E06000014","geography":"LAD","name":"York"},"type":"Feature"},{"geometry":{"coordinates":[[[-1.4811579,52.9681536],[-1.4954055,52.9658794],[-1.4944118,52.9601786],[-1.4978006,52.9560047],[-1.507644,52.9543306],[-1.5059038,52.9483274],[-1.5106695,52.9463343],[-1.5080288,52.9374518],[-1.5212613,52.9323854],[-1.5270064,52.9324174],[-1.5396453,52.9244495],[-1.5440685,52.9242077],[-1.552912,52.9225607],[-1.5510703,52.9169692],[-1.5568347,52.9146455],[-1.5551459,52.9060516],[-1.5486236,52.9008742],[-1.5396377,52.8939422],[-1.538671,52.8885502],[-1.526372,52.8909111],[-1.5231979,52.8873412],[-1.5146119,52.8847059],[-1.5031122,52.8848454],[-1.5020036,52.8816018],[-1.4994945,52.8827043],[-1.49989,52.8772637],[-1.4935237,52.8736378],[-1.4951197,52.8703577],[-1.467662,52.8705363],[-1.4671535,52.8729221],[-1.4499076,52.8669486],[-1.4440867,52.8610603],[-1.4235675,52.865078],[-1.4297778,52.8702104],[-1.4212466,52.8747632],[-1.4164645,52.8756987],[-1.4189126,52.8845465],[-1.409734,52.8864394],[-1.4027723,52.9004625],[-1.3883558,52.9014737],[-1.391882,52.9072573],[-1.3878789,52.9114559],[-1.3896078,52.9227399],[-1.3839328,52.9238164],[-1.3852845,52.9263896],[-1.4034784,52.9322159],[-1.4145002,52.9312199],[-1.4161617,52.9313547],[-1.4199209,52.931787],[-1.4234678,52.9377431],[-1.4092806,52.9503226],[-1.4340337,52.9513095],[-1.4564106,52.9486974],[-1.4625689,52.9498407],[-1.4685522,52.9506623],[-1.4675946,52.9556894],[-1.467642,52.964821],[-1.474689,52.9659093],[-1.4784932,52.9646433],[-1.4811579,52.9681536]]],"type":"Polygon"},"id":"E06000015","properties":{"code":"E06000015","geography":"LAD","name":"Derby"},"type":"Feature"},{"geometry":{"coordinates":[[[-1.1377127,52.6753805],[-1.136687,52.6799166],[-1.144117,52.6879412],[-1.157252,52.691523],[-1.1708179,52.683595],[-1.1791726,52.6763441],[-1.1767443,52.6642913],[-1.1852892,52.6606441],[-1.1837544,52.6506484],[-1.1906559,52.6403939],[-1.1987593,52.6414656],[-1.2090049,52.6420918],[-1.2156692,52.6346879],[-1.2054653,52.6288727],[-1.2053954,52.6288165],[-1.2012442,52.6273321],[-1.1887716,52.6229714],[-1.1654986,52.6131026],[-1.1640888,52.6094544],[-1.1707699,52.605939],[-1.1653698,52.6030473],[-1.1679844,52.6014259],[-1.1721253,52.5918258],[-1.159267,52.5912399],[-1.1556063,52.5871531],[-1.1593288,52.581666],[-1.1494958,52.5810241],[-1.1436185,52.5880254],[-1.1264415,52.5929237],[-1.1264768,52.5956794],[-1.1128864,52.5969513],[-1.1036508,52.5959118],[-1.0953683,52.6073921],[-1.0966336,52.6163792],[-1.0932334,52.6161662],[-1.0743302,52.6134418],[-1.0704897,52.6180668],[-1.0552453,52.6248379],[-1.0561832,52.6321929],[-1.0469622,52.6346201],[-1.0509675,52.6439398],[-1.0486128,52.654996],[-1.0589452,52.656426],[-1.0567445,52.6638318],[-1.0644543,52.6647307],[-1.0750788,52.6696256],[-1.0821556,52.6694318],[-1.0978406,52.6700583],[-1.1146523,52.6727075],[-1.1188118,52.6731863],[-1.1290886,52.6653897],[-1.1377127,52.6753805]]],"type":"Polygon"},"id":"E06000016","properties":{"code":"E06000016","geography":"LAD","name":"Leicester"},"type":"Feature"},{"geometry":{"coordinates":[[[-0.6085936,52.7597134],[-0.6641015,52.7567105],[-0.6713212,52.7564113],[-0.6844288,52.7564801],[-0.684351,52.7531097],[-0.6969668,52.7492204],[-0.6961566,52.7465289],[-0.7075444,52.7455944],[-0.7181971,52.7447976],[-0.72021,52.7409625],[-0.7533192,52.7365746],[-0.757978,52.7397358],[-0.7647256,52.7391941],[-0.7676535,52.7436818],[-0.7764844,52.7439342],[-0.7806726,52.7405754],[-0.8011914,52.7367426],[-0.8173987,52.7251066],[-0.8217529,52.7156752],[-0.8002344,52.7077981],[-0.8024276,52.703265],[-0.7963648,52.7036815],[-0.7958766,52.6969061],[-0.7857336,52.6941641],[-0.7839097,52.6770491],[-0.783223,52.6724729],[-0.7821946,52.6691396],[-0.7901398,52.6671846],[-0.7928998,52.6596795],[-0.8087604,52.646121],[-0.8099008,52.6403026],[-0.8017517,52.6388396],[-0.8109995,52.6259961],[-0.8058247,52.6206879],[-0.8188266,52.6106573],[-0.8209504,52.5964549],[-0.8166947,52.5935697],[-0.8012936,52.5973273],[-0.7870531,52.5962484],[-0.7739115,52.5843658],[-0.7647908,52.5811949],[-0.7617895,52.5691056],[-0.7388644,52.5488833],[-0.7422065,52.539486],[-0.7285405,52.535821],[-0.7299523,52.5329798],[-0.7227065,52.5267945],[-0.7136583,52.524964],[-0.6964304,52.5385464],[-0.6978333,52.5457022],[-0.6884485,52.5461371],[-0.6748643,52.5586384],[-0.6609127,52.5689457],[-0.6422331,52.5730026],[-0.6378475,52.5718123],[-0.6029686,52.5886516],[-0.5887433,52.5867933],[-0.5814786,52.5958834],[-0.5779558,52.5878982],[-0.5719037,52.5858034],[-0.5625184,52.5862751],[-0.5580809,52.5945092],[-0.5441758,52.5928659],[-0.5429778,52.5957345],[-0.552938,52.6014119],[-0.547559,52.6069561],[-0.5501309,52.6122506],[-0.539057,52.6178756],[-0.5402607,52.6259658],[-0.5236307,52.6348872],[-0.5172031,52.6424417],[-0.4950258,52.6402364],[-0.523586,52.6652337],[-0.5190174,52.6665263],[-0.5066743,52.6595259],[-0.4938659,52.6607169],[-0.4947118,52.6646324],[-0.4838795,52.6654536],[-0.4616778,52.6690688],[-0.4328936,52.6862566],[-0.4304432,52.7054219],[-0.4447222,52.706173],[-0.4510921,52.7095803],[-0.4945309,52.7096533],[-0.5057213,52.7136049],[-0.5126411,52.7196804],[-0.5424336,52.7232814],[-0.5399743,52.7384018],[-0.5600341,52.7454723],[-0.5661108,52.7449877],[-0.5726365,52.753109],[-0.5895658,52.7537746],[-0.6054438,52.7504929],[-0.6085936,52.7597134]]],"type":"Polygon"},"id":"E06000017","properties":{"code":"E06000017","geography":"LAD","name":"Rutland"},"type":"Feature"},{"geometry":{"coordinates":[[[-1.1827462,53.0185691],[-1.1845254,53.0163862],[-1.1877192,53.017937],[-1.1952454,53.0154779],[-1.2100374,53.0181167],[-1.2130833,53.0126977],[-1.2251911,53.0081371],[-1.2186343,53.006505],[-1.2204364,53.0033926],[-1.2139215,52.9973846],[-1.219115,52.9914445],[-1.2034076,52.9875409],[-1.2036118,52.9870242],[-1.2150515,52.9831441],[-1.2225294,52.9860275],[-1.2260794,52.9811739],[-1.2468386,52.9845432],[-1.2319788,52.9676427],[-1.240762,52.9630515],[-1.2468267,52.9531051],[-1.2450712,52.950393],[-1.2324273,52.9420491],[-1.2242592,52.9424637],[-1.2171248,52.9389319],[-1.2152916,52.9339917],[-1.2051082,52.9333974],[-1.1957741,52.9278616],[-1.1823013,52.9173363],[-1.1990092,52.9094789],[-1.2105047,52.9122697],[-1.2139199,52.9044148],[-1.216573,52.9001649],[-1.2113016,52.9026121],[-1.1912299,52.8966364],[-1.1769358,52.8890176],[-1.1687879,52.8978446],[-1.1585639,52.9000358],[-1.1588591,52.9123096],[-1.15881,52.912815],[-1.1522888,52.9370265],[-1.1454017,52.932005],[-1.1385819,52.9349673],[-1.1315954,52.9428592],[-1.1151053,52.9438843],[-1.0996767,52.9419751],[-1.0861151,52.9485699],[-1.0965448,52.955459],[-1.1040583,52.9640829],[-1.1151897,52.9648566],[-1.1200489,52.9720779],[-1.1263954,52.9847916],[-1.1311899,52.9860744],[-1.1424887,52.9862884],[-1.1382547,52.9948436],[-1.1459787,52.9983655],[-1.1523837,52.9966404],[-1.1435277,53.0065101],[-1.1667358,53.0106423],[-1.1676812,53.0143249],[-1.1844816,53.014446],[-1.1827462,53.0185691]]],"type":"Polygon"},"id":"E06000018","properties":{"code":"E06000018","geography":"LAD","name":"Nottingham"},"type":"Feature"},{"geometry":{"coordinates":[[[-2.8073889,52.3759677],[-2.8054326,52.3882521],[-2.855451,52.3952493],[-2.8637428,52.3887016],[-2.8884157,52.3851704],[-2.8864676,52.3785127],[-2.8930363,52.3740913],[-2.8929267,52.3795743],[-2.9054125,52.3857767],[-2.9176851,52.3862885],[-2.9195561,52.3845415],[-2.9140069,52.3821328],[-2.9223108,52.3751473],[-2.9008051,52.3672703],[-2.9261433,52.3669953],[-2.9388893,52.361058],[-2.9306558,52.3549933],[-2.9361713,52.352935],[-2.9331492,52.3500521],[-2.9546514,52.3491548],[-2.9668012,52.3294491],[-2.9860266,52.3234685],[-2.9971472,52.3245278],[-3.0015573,52.320343],[-3.0013204,52.2999442],[-3.0056033,52.2906481],[-3.0119623,52.2880889],[-3.0093687,52.2828515],[-3.0126113,52.2794138],[-2.9927058,52.2728133],[-2.9650946,52.2743291],[-2.9496214,52.2695259],[-2.9559087,52.2709119],[-2.9650384,52.268125],[-2.9648967,52.262399],[-2.9775029,52.2597734],[-2.9785752,52.2623619],[-2.989869,52.2605073],[-3.0055023,52.2642717],[-3.0268017,52.2580554],[-3.0455988,52.2530721],[-3.0452849,52.2468226],[-3.0499358,52.2450361],[-3.0436789,52.2455422],[-3.0442151,52.2379275],[-3.0552466,52.2376234],[-3.073121,52.2357925],[-3.0703732,52.2292379],[-3.0780119,52.216048],[-3.0720918,52.2130873],[-3.1020819,52.2027204],[-3.094651,52.1837423],[-3.1014099,52.1772661],[-3.1124897,52.1736233],[-3.1124593,52.1702313],[-3.1219949,52.1669168],[-3.1169305,52.1604473],[-3.098896,52.1547339],[-3.0840344,52.1631674],[-3.0744392,52.160058],[-3.0725383,52.1557732],[-3.0936901,52.144306],[-3.1358733,52.1379084],[-3.1341372,52.1335779],[-3.1412295,52.129922],[-3.1368148,52.1233203],[-3.1280615,52.1245705],[-3.1049221,52.1167419],[-3.1053493,52.1054178],[-3.1226799,52.1031488],[-3.1187976,52.088816],[-3.1258946,52.0783106],[-3.1183331,52.0701639],[-3.1164132,52.0658332],[-3.0907809,52.0508253],[-3.0928124,52.0474788],[-3.0864919,52.0411428],[-3.0991989,52.0226858],[-3.086897,52.0139114],[-3.0840881,52.0041083],[-3.0673767,51.9831363],[-3.0395504,51.9664211],[-3.0353871,51.9597774],[-3.0259283,51.9572708],[-3.008523,51.9380812],[-3.0081233,51.9271305],[-2.9992429,51.9234578],[-2.9766653,51.9274902],[-2.971798,51.9049649],[-2.9524889,51.906227],[-2.9339245,51.9150507],[-2.9280486,51.9138916],[-2.9162435,51.9176921],[-2.9041354,51.9251822],[-2.8924369,51.9253713],[-2.8870486,51.9281635],[-2.8886572,51.9334625],[-2.8826992,51.9343422],[-2.8754226,51.9330887],[-2.8699004,51.9267875],[-2.8594388,51.927749],[-2.8451568,51.9222659],[-2.8464467,51.9198987],[-2.8633334,51.9171763],[-2.8618716,51.9139791],[-2.854118,51.9132994],[-2.8537103,51.9157354],[-2.8451639,51.9152035],[-2.8420141,51.9177502],[-2.8361447,51.9060748],[-2.8237605,51.9052989],[-2.8086705,51.8962279],[-2.7969946,51.8884132],[-2.7684571,51.8805383],[-2.7727221,51.8767947],[-2.7787989,51.8658591],[-2.7695081,51.8623588],[-2.7568796,51.8459058],[-2.741145,51.8424725],[-2.7388486,51.8366165],[-2.7315429,51.8413917],[-2.7275804,51.8401422],[-2.7196653,51.8488697],[-2.7161013,51.8407353],[-2.7102227,51.839069],[-2.7051127,51.8456958],[-2.6973368,51.8447981],[-2.6933657,51.833873],[-2.6870025,51.8330562],[-2.6828624,51.8384562],[-2.6661975,51.8356236],[-2.6581945,51.8327105],[-2.6568572,51.8268809],[-2.6504007,51.8261247],[-2.6363065,51.8394911],[-2.6367101,51.8430953],[-2.625467,51.838964],[-2.6215936,51.8433247],[-2.6094341,51.8467969],[-2.6064006,51.8520258],[-2.5995395,51.8565314],[-2.5861979,51.8497853],[-2.5788217,51.8518494],[-2.5852041,51.8599145],[-2.5758415,51.8625419],[-2.5616195,51.8642712],[-2.5340518,51.8603963],[-2.5222334,51.864696],[-2.5086244,51.8851691],[-2.5018679,51.8863121],[-2.5002538,51.881738],[-2.494656,51.8842397],[-2.4938613,51.8800028],[-2.4877947,51.8804175],[-2.4867284,51.884716],[-2.4807343,51.8857252],[-2.4734082,51.8855536],[-2.4652135,51.8929913],[-2.446027,51.893999],[-2.4392308,51.8995212],[-2.4453199,51.9005582],[-2.4400813,51.90242],[-2.4464496,51.9150883],[-2.466043,51.9279745],[-2.4678787,51.9373798],[-2.4633841,51.9392716],[-2.4655735,51.9517046],[-2.4737285,51.9565384],[-2.4861074,51.9574202],[-2.4901875,51.9549793],[-2.5009065,51.9606091],[-2.4990301,51.9637181],[-2.4922448,51.9641288],[-2.4949129,51.9810752],[-2.4886379,51.9874076],[-2.4709799,51.9947775],[-2.4776465,52.0001505],[-2.4854967,52.0003323],[-2.4912524,52.0104908],[-2.4803657,52.0160608],[-2.4789323,52.0225304],[-2.466192,52.0237463],[-2.4625115,52.0218385],[-2.4633728,52.0140424],[-2.4361214,52.0145915],[-2.4366075,51.9968432],[-2.4131963,51.9940903],[-2.3990185,51.9961459],[-2.3928922,52.0129588],[-2.3869827,52.0121665],[-2.3513785,52.021359],[-2.3506485,52.0299609],[-2.3469845,52.0512988],[-2.351548,52.0563749],[-2.3394253,52.0689239],[-2.3382981,52.0954489],[-2.3491179,52.0956457],[-2.3543984,52.1192324],[-2.355548,52.1282171],[-2.3446082,52.1325912],[-2.3512076,52.1418511],[-2.3587222,52.1518963],[-2.36515,52.150991],[-2.3793839,52.1550552],[-2.3940305,52.1467577],[-2.4001631,52.14827],[-2.4150042,52.145165],[-2.4351817,52.1682189],[-2.4330942,52.1720256],[-2.4220707,52.1723471],[-2.4254789,52.1770665],[-2.4150683,52.1832622],[-2.4192182,52.1879041],[-2.4110971,52.1932179],[-2.4078942,52.202741],[-2.4005699,52.2016728],[-2.4026591,52.2071499],[-2.3962902,52.2056332],[-2.3924844,52.2089931],[-2.4039839,52.2213941],[-2.3979951,52.2215217],[-2.3964863,52.2247764],[-2.3868102,52.2220717],[-2.385733,52.2265025],[-2.3932877,52.2310009],[-2.4142434,52.2317462],[-2.4230713,52.2372453],[-2.4649784,52.234383],[-2.4747017,52.2413591],[-2.4736489,52.250725],[-2.468099,52.256038],[-2.4279958,52.2706099],[-2.4514027,52.2850828],[-2.4833822,52.2843755],[-2.4920065,52.278176],[-2.5031128,52.2774496],[-2.5042515,52.2751125],[-2.4935407,52.2640217],[-2.4956712,52.2568907],[-2.5153755,52.2560156],[-2.5225431,52.2509949],[-2.5258962,52.2481671],[-2.531673,52.2532768],[-2.5479494,52.2496979],[-2.5531093,52.2524752],[-2.5673709,52.2501411],[-2.5742055,52.2527314],[-2.5761406,52.2477528],[-2.5854386,52.2482977],[-2.5964682,52.2442578],[-2.6288707,52.2403492],[-2.6342332,52.2507549],[-2.6282969,52.2611646],[-2.614395,52.2657161],[-2.6067304,52.2756651],[-2.5964493,52.2765933],[-2.5989672,52.2835418],[-2.6126293,52.2867671],[-2.6183046,52.2821972],[-2.6262188,52.2888615],[-2.6398803,52.2863112],[-2.6442406,52.2937013],[-2.6525681,52.2952848],[-2.6632073,52.3039514],[-2.6363253,52.3089527],[-2.6324454,52.3056409],[-2.6180952,52.3069466],[-2.6280496,52.3133801],[-2.623933,52.3213881],[-2.6292737,52.3206843],[-2.6368424,52.3244835],[-2.6415038,52.3330571],[-2.6556908,52.3331752],[-2.6598868,52.3347905],[-2.6560081,52.3378294],[-2.6603156,52.3413262],[-2.669604,52.3415246],[-2.6892858,52.3162017],[-2.6799447,52.3151996],[-2.6798112,52.3120231],[-2.7141366,52.3088322],[-2.72479,52.319863],[-2.7372235,52.3194811],[-2.7459881,52.3266559],[-2.764932,52.3329464],[-2.7670054,52.3361575],[-2.7484478,52.3349046],[-2.7379406,52.3427348],[-2.741266,52.349713],[-2.7327401,52.3555154],[-2.7486453,52.3590376],[-2.7614643,52.3594636],[-2.7924201,52.3568636],[-2.7956237,52.3604391],[-2.7921122,52.3745337],[-2.7986504,52.3726601],[-2.8073889,52.3759677]]],"type":"Polygon"},"id":"E06000019","properties":{"code":"E06000019","geography":"LAD","name":"Herefordshire, County of"},"type":"Feature"},{"geometry":{"coordinates":[[[-2.4302092,52.8281539],[-2.440473,52.8207718],[-2.4717023,52.8216585],[-2.4577462,52.7985299],[-2.4634704,52.7927462],[-2.4562694,52.7841199],[-2.4709509,52.784289],[-2.4725243,52.7804846],[-2.4798166,52.7822164],[-2.4854212,52.7802536],[-2.4899379,52.7839509],[-2.4771209,52.7993786],[-2.4784778,52.8015279],[-2.4883735,52.800425],[-2.4865066,52.8052457],[-2.4923669,52.8023707],[-2.5029479,52.7966125],[-2.5117507,52.7985147],[-2.5161781,52.7955341],[-2.5219477,52.7989091],[-2.5295733,52.7869532],[-2.5374207,52.7850595],[-2.5336989,52.7939995],[-2.5399967,52.793861],[-2.5529621,52.8029155],[-2.5613781,52.7989674],[-2.5696753,52.8051472],[-2.581216,52.8060156],[-2.5919034,52.7984099],[-2.5981335,52.797996],[-2.5927504,52.7935991],[-2.5903196,52.7781122],[-2.6210085,52.7764659],[-2.6285313,52.7629045],[-2.635252,52.7590026],[-2.6372762,52.7648963],[-2.6430635,52.7670764],[-2.6635149,52.7604027],[-2.6619099,52.7505728],[-2.6673621,52.7501979],[-2.6593755,52.7435191],[-2.664414,52.7380791],[-2.6600885,52.731643],[-2.6313283,52.7266858],[-2.6242839,52.7195035],[-2.6189183,52.721878],[-2.6151224,52.7189544],[-2.59742,52.7182512],[-2.6054222,52.7067801],[-2.6242729,52.7034382],[-2.622596,52.6990245],[-2.6132262,52.6970716],[-2.6032578,52.6893181],[-2.5966013,52.6905922],[-2.5885671,52.6837514],[-2.5556474,52.6710981],[-2.549413,52.666288],[-2.5542106,52.6599539],[-2.5454308,52.6583697],[-2.5483854,52.6546343],[-2.5300533,52.6494816],[-2.5101304,52.6384075],[-2.5013008,52.6294326],[-2.4856535,52.6243466],[-2.4722341,52.6240323],[-2.472302,52.6219],[-2.4646205,52.6237917],[-2.4380999,52.6145683],[-2.434047,52.6182162],[-2.4366347,52.627094],[-2.4182951,52.6337749],[-2.4175786,52.6503484],[-2.419029,52.662892],[-2.4099392,52.6716474],[-2.4077963,52.6795881],[-2.4012106,52.6845352],[-2.4052428,52.6948676],[-2.4015251,52.6949495],[-2.4025013,52.7039053],[-2.3851909,52.7200806],[-2.3750656,52.7408599],[-2.3688874,52.7405004],[-2.3719209,52.7385402],[-2.3673671,52.7331929],[-2.3580584,52.7312798],[-2.3364251,52.7330749],[-2.3300245,52.7294993],[-2.3156368,52.73294],[-2.3167175,52.7379759],[-2.312208,52.7408377],[-2.3215089,52.7499162],[-2.3305272,52.7515845],[-2.3301561,52.7580214],[-2.3575687,52.772198],[-2.368828,52.7772768],[-2.3659487,52.7833968],[-2.3762771,52.7837717],[-2.3856474,52.7907548],[-2.3812513,52.7907529],[-2.3805429,52.7947742],[-2.3713274,52.7953044],[-2.3776545,52.8116428],[-2.4163466,52.827006],[-2.4260379,52.8232122],[-2.4265082,52.8259289],[-2.4263235,52.822527],[-2.4302092,52.8281539]]],"type":"Polygon"},"id":"E06000020","properties":{"code":"E06000020","geography":"LAD","name":"Telford and Wrekin"},"type":"Feature"},{"geometry":{"coordinates":[[[-2.1985629,53.0927332],[-2.2013706,53.0867],[-2.215864,53.0853121],[-2.2387614,53.0733393],[-2.2341397,53.0643927],[-2.2279179,53.0637307],[-2.2219913,53.0498747],[-2.2150121,53.0404672],[-2.2083654,53.0344621],[-2.2049604,53.0231405],[-2.2025528,53.0200245],[-2.2155306,53.0152831],[-2.2115295,53.0070303],[-2.2171904,53.0016366],[-2.2134428,52.9950682],[-2.2124647,52.9881845],[-2.2043409,52.9813982],[-2.2125137,52.9805751],[-2.2071693,52.9717746],[-2.195376,52.9642237],[-2.1912534,52.9500864],[-2.1859976,52.9510063],[-2.1815605,52.9461582],[-2.1745054,52.9472218],[-2.1768139,52.9536936],[-2.1722381,52.9550115],[-2.1711199,52.951729],[-2.1625946,52.9533654],[-2.1594995,52.9636194],[-2.1498415,52.9652806],[-2.1514926,52.9711936],[-2.1457107,52.9761108],[-2.1313572,52.9715421],[-2.1281584,52.9664198],[-2.121585,52.9560863],[-2.1102844,52.9578189],[-2.1095965,52.9623592],[-2.1030153,52.9634092],[-2.1002797,52.9607401],[-2.0812309,52.966902],[-2.0881312,52.9738484],[-2.0794581,52.9740192],[-2.0847898,52.9812147],[-2.0919566,52.9855593],[-2.0885264,52.9970775],[-2.0950977,52.9987421],[-2.1013579,52.9956281],[-2.1072048,53.0038447],[-2.1034667,53.010858],[-2.1149524,53.013892],[-2.1209682,53.0202944],[-2.1237633,53.0215896],[-2.1188026,53.0264452],[-2.1232497,53.0278654],[-2.1291671,53.0356168],[-2.1265081,53.0401357],[-2.1290419,53.043574],[-2.1299688,53.0480684],[-2.116583,53.0480329],[-2.1274372,53.0537388],[-2.1253727,53.0646149],[-2.1390944,53.0652993],[-2.1398456,53.068321],[-2.161101,53.0700838],[-2.167346,53.0832492],[-2.177626,53.0911895],[-2.1811482,53.0898439],[-2.1985629,53.0927332]]],"type":"Polygon"},"id":"E06000021","properties":{"code":"E06000021","geography":"LAD","name":"Stoke-on-Trent"},"type":"Feature"},{"geometry":{"coordinates":[[[-2.3250284,51.4369906],[-2.3432897,51.4395335],[-2.3576698,51.435838],[-2.3672192,51.4370538],[-2.3772538,51.4328309],[-2.4030992,51.4315949],[-2.4057591,51.4286544],[-2.4229218,51.4238496],[-2.4440068,51.4225694],[-2.4415244,51.4192905],[-2.4459099,51.418479],[-2.4609337,51.4166621],[-2.4696449,51.4159325],[-2.4810403,51.4215835],[-2.4928961,51.418345],[-2.4884346,51.4264795],[-2.4942514,51.4294135],[-2.5079854,51.4246414],[-2.5104623,51.4287822],[-2.513495,51.4293372],[-2.5210736,51.4311885],[-2.5234528,51.4321949],[-2.5262905,51.4347772],[-2.5232108,51.4261373],[-2.5313129,51.423308],[-2.5292542,51.4212788],[-2.5337646,51.4182146],[-2.5345016,51.4138484],[-2.5433448,51.4074084],[-2.5588111,51.4112338],[-2.5707543,51.3993692],[-2.5820101,51.400893],[-2.5901323,51.3975452],[-2.5872753,51.3951491],[-2.6033615,51.3939538],[-2.6031159,51.3888242],[-2.6077626,51.3907928],[-2.6145059,51.3887288],[-2.6149833,51.3913159],[-2.6227043,51.3894092],[-2.6124599,51.3817655],[-2.6189066,51.3814761],[-2.6269533,51.387134],[-2.6317932,51.3832459],[-2.6273271,51.3805202],[-2.6347572,51.377903],[-2.6300232,51.3752131],[-2.6386263,51.3732448],[-2.6396083,51.37567],[-2.6444053,51.3751338],[-2.6498806,51.3689477],[-2.6511776,51.3450435],[-2.6594018,51.3414456],[-2.6765695,51.3419399],[-2.6769704,51.3456807],[-2.6742393,51.3434622],[-2.6709974,51.3465416],[-2.6766268,51.3475409],[-2.678029,51.3535051],[-2.6731308,51.3538163],[-2.6687255,51.3606137],[-2.6796883,51.3600854],[-2.6895866,51.3801478],[-2.6941913,51.3798369],[-2.6966938,51.3624373],[-2.6908771,51.3568473],[-2.6905013,51.3495283],[-2.6948733,51.3443778],[-2.704055,51.3435237],[-2.7078921,51.3378032],[-2.6871816,51.330358],[-2.6948766,51.3180764],[-2.676386,51.3109357],[-2.6706352,51.3113032],[-2.6624849,51.30656],[-2.6667949,51.3024451],[-2.6557618,51.3012927],[-2.6386247,51.2948003],[-2.6382298,51.2882312],[-2.6249103,51.2824595],[-2.6245839,51.2853002],[-2.612967,51.2841607],[-2.6003377,51.2889874],[-2.5948775,51.2923586],[-2.5954662,51.2961863],[-2.5822819,51.29193],[-2.5578242,51.3026614],[-2.5528033,51.3013175],[-2.5541645,51.2986863],[-2.5500125,51.3005159],[-2.5281143,51.2931424],[-2.5080634,51.2915154],[-2.4966712,51.2905204],[-2.4965376,51.2874494],[-2.5063561,51.2789908],[-2.4780011,51.2730967],[-2.4737536,51.277967],[-2.4558053,51.2737374],[-2.4517226,51.2742514],[-2.4524045,51.2771136],[-2.4443115,51.2774114],[-2.4460151,51.2808362],[-2.4390471,51.2851856],[-2.4300641,51.2846425],[-2.4173903,51.2921339],[-2.4202594,51.2966214],[-2.4009175,51.3048002],[-2.389626,51.294611],[-2.381575,51.300085],[-2.362886,51.3029391],[-2.3416045,51.3096949],[-2.3325212,51.3084433],[-2.3248177,51.3135599],[-2.2890908,51.325272],[-2.2884389,51.3297714],[-2.3009269,51.3332225],[-2.2944404,51.3372628],[-2.2964091,51.342662],[-2.3085089,51.3397667],[-2.3238343,51.3477303],[-2.3443088,51.3454568],[-2.3231303,51.3566407],[-2.3102147,51.3575346],[-2.3075187,51.3649968],[-2.2997981,51.3621377],[-2.2902607,51.3725957],[-2.2974082,51.3846546],[-2.2966774,51.394893],[-2.2819112,51.3972104],[-2.2908037,51.4057165],[-2.2785475,51.4159105],[-2.284885,51.4234873],[-2.2953502,51.4262523],[-2.2946422,51.4288037],[-2.3126157,51.4224462],[-2.3138494,51.4289106],[-2.3250284,51.4369906]]],"type":"Polygon"},"id":"E06000022","properties":{"code":"E06000022","geography":"LAD","name":"Bath and North East Somerset"},"type":"Feature"},{"geometry":{"coordinates":[[[[-2.8785506,51.4322005],[-2.8791294,51.4319009],[-2.8790458,51.4318647],[-2.8785506,51.4322005]]],[[[-2.6899255,51.4855201],[-2.6848484,51.4804621],[-2.6762449,51.4796772],[-2.6848073,51.4805509],[-2.6854332,51.4811587],[-2.6899255,51.4855201]]],[[[-2.7331874,51.4928865],[-2.7512375,51.4929517],[-2.7325338,51.4924705],[-2.7331874,51.4928865]]],[[[-2.7732758,51.4946784],[-2.7735503,51.4946168],[-2.7735595,51.4945639],[-2.7732758,51.4946784]]],[[[-2.6899255,51.4855201],[-2.7164822,51.5006083],[-2.7167854,51.5005821],[-2.6899255,51.4855201]]],[[[-2.7269137,51.4992702],[-2.7274316,51.4996758],[-2.727454,51.4996992],[-2.7288573,51.5026794],[-2.7281222,51.5002286],[-2.7277017,51.4988152],[-2.7269137,51.4992702]]],[[[-2.6636889,51.5369962],[-2.67382,51.5444319],[-2.673845,51.5443988],[-2.6741353,51.5441018],[-2.6743468,51.5438838],[-2.674426,51.5438025],[-2.6744906,51.5437362],[-2.674605,51.5436259],[-2.6747498,51.5434758],[-2.6751407,51.5430724],[-2.6752903,51.5429155],[-2.6763781,51.5417226],[-2.6765663,51.541481],[-2.676784,51.541274],[-2.6771125,51.5408623],[-2.6772816,51.5407398],[-2.677469,51.5405679],[-2.6775518,51.5403907],[-2.6778286,51.5402],[-2.6780494,51.53988],[-2.6781899,51.5397607],[-2.6783286,51.5395307],[-2.6785873,51.5393354],[-2.6787105,51.5391813],[-2.6789505,51.5389353],[-2.6790962,51.538841],[-2.6792141,51.5387271],[-2.6795459,51.5383987],[-2.6797826,51.5381702],[-2.6799356,51.5379921],[-2.6801428,51.5377297],[-2.6802593,51.5375529],[-2.680491,51.5373291],[-2.6805885,51.5371904],[-2.6810378,51.5367441],[-2.6810772,51.5365636],[-2.6813266,51.5360629],[-2.6809067,51.5355702],[-2.6805916,51.5352453],[-2.6805405,51.5350756],[-2.6808816,51.5353161],[-2.6810656,51.5354861],[-2.6819371,51.5356323],[-2.6821525,51.5354851],[-2.6825985,51.5351777],[-2.6826338,51.5350332],[-2.6827534,51.5349264],[-2.6829882,51.5347966],[-2.6830664,51.534653],[-2.6833073,51.5343684],[-2.6834339,51.5341918],[-2.6836191,51.5340141],[-2.6839877,51.5336437],[-2.6841598,51.5335355],[-2.6844993,51.5331262],[-2.6847162,51.5329275],[-2.6849076,51.5326933],[-2.6853193,51.5322565],[-2.6856125,51.5320872],[-2.6858128,51.531952],[-2.6861159,51.5315054],[-2.6862385,51.5313669],[-2.686633,51.5306619],[-2.6868869,51.5302863],[-2.6870257,51.5300257],[-2.6870433,51.529714],[-2.6870854,51.5295588],[-2.6870545,51.5294001],[-2.6875858,51.5293628],[-2.6910112,51.5264312],[-2.6927403,51.5246757],[-2.6929,51.5245597],[-2.6939844,51.5237151],[-2.6941185,51.5235823],[-2.6943964,51.5233003],[-2.69501,51.5226698],[-2.6952145,51.5224563],[-2.7027279,51.5168115],[-2.7145811,51.5079022],[-2.7182175,51.5082398],[-2.7137001,51.5059277],[-2.7183172,51.5061594],[-2.7087256,51.4977315],[-2.6788701,51.4809821],[-2.6637297,51.4878627],[-2.6573353,51.4851129],[-2.6572713,51.4850854],[-2.6511338,51.4736582],[-2.6343675,51.4668022],[-2.6315418,51.4599674],[-2.6318505,51.4577366],[-2.6265475,51.4503728],[-2.6270047,51.4466684],[-2.6330852,51.4472364],[-2.6398954,51.4413583],[-2.6301164,51.4391903],[-2.633927,51.4274905],[-2.6370864,51.4231996],[-2.6324636,51.4203456],[-2.6287439,51.416001],[-2.635465,51.4069764],[-2.6332521,51.4034419],[-2.6279553,51.4018601],[-2.6196599,51.4043826],[-2.6191582,51.401943],[-2.5981505,51.4000833],[-2.5901323,51.3975452],[-2.5820101,51.400893],[-2.5707543,51.3993692],[-2.5588111,51.4112338],[-2.5433448,51.4074084],[-2.5345016,51.4138484],[-2.5337646,51.4182146],[-2.5292542,51.4212788],[-2.5313129,51.423308],[-2.5232108,51.4261373],[-2.5262905,51.4347772],[-2.5234528,51.4321949],[-2.5210736,51.4311885],[-2.513495,51.4293372],[-2.5104623,51.4287822],[-2.5134364,51.4296315],[-2.5235425,51.4326063],[-2.5239036,51.4338734],[-2.5267514,51.4438648],[-2.5380593,51.4448219],[-2.5356064,51.4473405],[-2.5222779,51.4498032],[-2.5184633,51.4556575],[-2.5188047,51.4563169],[-2.5122461,51.4623333],[-2.5128926,51.4671734],[-2.5112655,51.4708394],[-2.5110727,51.4728461],[-2.51524,51.4814662],[-2.5151281,51.481758],[-2.5167994,51.4851548],[-2.510999,51.4899863],[-2.515865,51.4938673],[-2.5274726,51.4926541],[-2.5343293,51.4967449],[-2.5397972,51.4952443],[-2.5546165,51.4925882],[-2.5546622,51.4963483],[-2.564789,51.4955158],[-2.5673471,51.4987477],[-2.5713329,51.4996205],[-2.5881499,51.5012347],[-2.58769,51.5034489],[-2.5912229,51.5096822],[-2.5820035,51.5146271],[-2.5809885,51.5174088],[-2.6024431,51.5137828],[-2.6308791,51.5137015],[-2.647162,51.5121659],[-2.6544863,51.5137239],[-2.6514026,51.5207041],[-2.6654246,51.5309655],[-2.6636889,51.5369962]]]],"type":"MultiPolygon"},"id":"E06000023","properties":{"code":"E06000023","geography":"LAD","name":"Bristol, City of"},"type":"Feature"},{"geometry":{"coordinates":[[[[-2.9945954,51.3055785],[-2.9947069,51.3059374],[-2.9949799,51.305754],[-2.9944861,51.3052369],[-2.9945954,51.3055785]]],[[[-2.9863779,51.312526],[-2.9866318,51.3127488],[-2.9864104,51.3125078],[-2.9863779,51.312526]]],[[[-3.1051506,51.3401881],[-3.1060221,51.3414268],[-3.1148279,51.3396628],[-3.1051506,51.3401881]]],[[[-2.7167854,51.5005821],[-2.7274316,51.4996758],[-2.7269137,51.4992702],[-2.7277017,51.4988152],[-2.7275028,51.4981497],[-2.7354182,51.4942983],[-2.7352412,51.4941938],[-2.7312213,51.4928791],[-2.7331874,51.4928865],[-2.7325338,51.4924705],[-2.7512375,51.4929517],[-2.7528241,51.4928544],[-2.7569072,51.4926038],[-2.7587207,51.4951283],[-2.7615075,51.4950597],[-2.7732758,51.4946784],[-2.7735595,51.4945639],[-2.7740961,51.4914677],[-2.7831567,51.4876846],[-2.7838399,51.4875881],[-2.7994244,51.4853858],[-2.817237,51.4733057],[-2.817782,51.4729926],[-2.8458518,51.4568557],[-2.8458979,51.4568117],[-2.8633132,51.4402139],[-2.8636071,51.4399337],[-2.864627,51.439406],[-2.8785506,51.4322005],[-2.8790458,51.4318647],[-2.876023,51.4305584],[-2.8758325,51.430476],[-2.8744065,51.428699],[-2.8829111,51.4255484],[-2.8880478,51.4150709],[-2.8880656,51.4150348],[-2.8889282,51.4132748],[-2.913023,51.3959849],[-2.9056566,51.3930154],[-2.9037702,51.3922548],[-2.9030999,51.3922894],[-2.89583,51.3926647],[-2.8993096,51.3922937],[-2.8983945,51.3909532],[-2.8979725,51.3903351],[-2.9173418,51.3958873],[-2.9357851,51.3949727],[-2.9307333,51.3897606],[-2.9360434,51.3933332],[-2.9367494,51.3928622],[-2.9393926,51.3910988],[-2.9367241,51.3964714],[-2.9393609,51.3977475],[-2.9440793,51.3967614],[-2.9568284,51.3920916],[-2.9807986,51.3884162],[-2.9728745,51.3881685],[-2.962501,51.3823472],[-2.9632988,51.3698388],[-2.9677553,51.3640544],[-2.9683257,51.363314],[-2.9941321,51.3571532],[-2.990018,51.3510526],[-2.9834043,51.3506766],[-2.9834636,51.3503139],[-2.9858472,51.3357418],[-2.9859794,51.334933],[-2.9860448,51.3345334],[-2.9924371,51.3204994],[-2.9865175,51.3151432],[-2.9851795,51.3214112],[-2.9843972,51.3122585],[-2.9843641,51.3118711],[-2.9891076,51.3083377],[-2.9859358,51.3076801],[-2.9943111,51.306205],[-2.9940193,51.304748],[-2.9880735,51.2985199],[-2.9701216,51.2960893],[-2.9632101,51.2987091],[-2.9626019,51.3046111],[-2.9537139,51.3044967],[-2.9364292,51.3030141],[-2.9131699,51.2936484],[-2.8971038,51.2906146],[-2.884936,51.3066603],[-2.8771887,51.3001036],[-2.8679307,51.3022169],[-2.8531708,51.2994553],[-2.8302944,51.3007101],[-2.8102365,51.3014243],[-2.8120741,51.3106982],[-2.807253,51.3117264],[-2.8078188,51.3148356],[-2.8179415,51.3190244],[-2.8187525,51.3251927],[-2.8064454,51.326107],[-2.764605,51.3225587],[-2.7548638,51.3244907],[-2.7539216,51.3197247],[-2.7280725,51.3171796],[-2.7208473,51.3214889],[-2.7168056,51.3167515],[-2.6969356,51.3161068],[-2.6948766,51.3180764],[-2.6871816,51.330358],[-2.7078921,51.3378032],[-2.704055,51.3435237],[-2.6948733,51.3443778],[-2.6905013,51.3495283],[-2.6908771,51.3568473],[-2.6966938,51.3624373],[-2.6941913,51.3798369],[-2.6895866,51.3801478],[-2.6796883,51.3600854],[-2.6687255,51.3606137],[-2.6731308,51.3538163],[-2.678029,51.3535051],[-2.6766268,51.3475409],[-2.6709974,51.3465416],[-2.6742393,51.3434622],[-2.6769704,51.3456807],[-2.6765695,51.3419399],[-2.6594018,51.3414456],[-2.6511776,51.3450435],[-2.6498806,51.3689477],[-2.6444053,51.3751338],[-2.6396083,51.37567],[-2.6386263,51.3732448],[-2.6300232,51.3752131],[-2.6347572,51.377903],[-2.6273271,51.3805202],[-2.6317932,51.3832459],[-2.6269533,51.387134],[-2.6189066,51.3814761],[-2.6124599,51.3817655],[-2.6227043,51.3894092],[-2.6149833,51.3913159],[-2.6145059,51.3887288],[-2.6077626,51.3907928],[-2.6031159,51.3888242],[-2.6033615,51.3939538],[-2.5872753,51.3951491],[-2.5901323,51.3975452],[-2.5981505,51.4000833],[-2.6191582,51.401943],[-2.6196599,51.4043826],[-2.6279553,51.4018601],[-2.6332521,51.4034419],[-2.635465,51.4069764],[-2.6287439,51.416001],[-2.6324636,51.4203456],[-2.6370864,51.4231996],[-2.633927,51.4274905],[-2.6301164,51.4391903],[-2.6398954,51.4413583],[-2.6330852,51.4472364],[-2.6270047,51.4466684],[-2.6265475,51.4503728],[-2.6318505,51.4577366],[-2.6315418,51.4599674],[-2.6343675,51.4668022],[-2.6511338,51.4736582],[-2.6588703,51.4840687],[-2.6636235,51.486609],[-2.6681246,51.4814385],[-2.6762449,51.4796772],[-2.6848484,51.4804621],[-2.6899255,51.4855201],[-2.7167854,51.5005821]]]],"type":"MultiPolygon"},"id":"E06000024","properties":{"code":"E06000024","geography":"LAD","name":"North Somerset"},"type":"Feature"},{"geometry":{"coordinates":[[[[-2.6943964,51.5233003],[-2.694626,51.523172],[-2.69501,51.5226698],[-2.6943964,51.5233003]]],[[[-2.4849409,51.6484451],[-2.4931004,51.6520353],[-2.4896463,51.6639645],[-2.5090503,51.6660418],[-2.5323889,51.6780597],[-2.5347425,51.6772458],[-2.5582703,51.6664202],[-2.5740271,51.6487117],[-2.5793709,51.6361367],[-2.5801888,51.6342111],[-2.5793421,51.6338879],[-2.566707,51.6290628],[-2.5793268,51.6326888],[-2.5807511,51.6330979],[-2.5852072,51.6260119],[-2.5977842,51.6185996],[-2.5962143,51.6165278],[-2.5990228,51.6177813],[-2.6278048,51.605635],[-2.6375038,51.5922894],[-2.6379994,51.5918457],[-2.65725,51.5746043],[-2.6638952,51.5731525],[-2.67382,51.5444319],[-2.6636889,51.5369962],[-2.6654246,51.5309655],[-2.6514026,51.5207041],[-2.6544863,51.5137239],[-2.647162,51.5121659],[-2.6308791,51.5137015],[-2.6024431,51.5137828],[-2.5809885,51.5174088],[-2.5820035,51.5146271],[-2.5912229,51.5096822],[-2.58769,51.5034489],[-2.5881499,51.5012347],[-2.5713329,51.4996205],[-2.5673471,51.4987477],[-2.564789,51.4955158],[-2.5546622,51.4963483],[-2.5546165,51.4925882],[-2.5397972,51.4952443],[-2.5343293,51.4967449],[-2.5274726,51.4926541],[-2.515865,51.4938673],[-2.510999,51.4899863],[-2.5167994,51.4851548],[-2.5151281,51.481758],[-2.51524,51.4814662],[-2.5110727,51.4728461],[-2.5112655,51.4708394],[-2.5128926,51.4671734],[-2.5122461,51.4623333],[-2.5188047,51.4563169],[-2.5184633,51.4556575],[-2.5222779,51.4498032],[-2.5356064,51.4473405],[-2.5380593,51.4448219],[-2.5267514,51.4438648],[-2.5239036,51.4338734],[-2.5235425,51.4326063],[-2.5134364,51.4296315],[-2.5104623,51.4287822],[-2.5079854,51.4246414],[-2.4942514,51.4294135],[-2.4884346,51.4264795],[-2.4928961,51.418345],[-2.4810403,51.4215835],[-2.4696449,51.4159325],[-2.4609337,51.4166621],[-2.4459099,51.418479],[-2.4415244,51.4192905],[-2.4440068,51.4225694],[-2.4229218,51.4238496],[-2.4057591,51.4286544],[-2.4030992,51.4315949],[-2.3772538,51.4328309],[-2.3672192,51.4370538],[-2.3576698,51.435838],[-2.3432897,51.4395335],[-2.3250284,51.4369906],[-2.3138494,51.4289106],[-2.3126157,51.4224462],[-2.2946422,51.4288037],[-2.2852459,51.4579384],[-2.2957429,51.45859],[-2.288851,51.4781498],[-2.2905578,51.4868576],[-2.3115305,51.487258],[-2.3242761,51.4975166],[-2.297393,51.50626],[-2.296401,51.509757],[-2.2775632,51.5168618],[-2.2637192,51.5185591],[-2.2524098,51.5268897],[-2.2665227,51.5362679],[-2.2617778,51.5447392],[-2.2684114,51.5496955],[-2.2687492,51.5596856],[-2.2602864,51.5698801],[-2.2740009,51.5723449],[-2.2726302,51.5775574],[-2.2765618,51.5798963],[-2.2827458,51.5785166],[-2.2808884,51.5813129],[-2.2872776,51.5831569],[-2.2835032,51.5849635],[-2.2940857,51.5885735],[-2.2916373,51.5936959],[-2.2965496,51.5949945],[-2.300098,51.5914815],[-2.3082531,51.5928648],[-2.3165701,51.589834],[-2.3198466,51.5939154],[-2.3310626,51.5916022],[-2.3341758,51.5966332],[-2.3352525,51.5942537],[-2.3441118,51.5942289],[-2.3440193,51.5964986],[-2.3527856,51.5966956],[-2.3656415,51.6037411],[-2.3704297,51.5975734],[-2.3931,51.5970755],[-2.3950318,51.6048989],[-2.3889097,51.6275404],[-2.4004749,51.6351435],[-2.3881816,51.6371746],[-2.3859885,51.6399431],[-2.3971424,51.6395544],[-2.3947834,51.6421204],[-2.3988027,51.6457953],[-2.4071574,51.6412012],[-2.4318225,51.6468703],[-2.4429861,51.6524866],[-2.4456555,51.6493338],[-2.4604416,51.6526019],[-2.4703349,51.6474744],[-2.4855718,51.64507],[-2.4906753,51.644834],[-2.4849409,51.6484451]]]],"type":"MultiPolygon"},"id":"E06000025","properties":{"code":"E06000025","geography":"LAD","name":"South Gloucestershire"},"type":"Feature"},{"geometry":{"coordinates":[[[-4.1095406,50.4320947],[-4.1067079,50.4348685],[-4.1087472,50.4383224],[-4.1134883,50.4441538],[-4.1226763,50.4408178],[-4.1248786,50.4357101],[-4.1356634,50.4329284],[-4.1465747,50.4311022],[-4.1511218,50.4366352],[-4.1558555,50.436427],[-4.1653035,50.4299976],[-4.163392,50.427512],[-4.1695366,50.4231332],[-4.1780419,50.4234949],[-4.1779766,50.4234527],[-4.1766068,50.4225693],[-4.1694729,50.4223695],[-4.1697132,50.4222206],[-4.1758685,50.421976],[-4.1857938,50.4236212],[-4.1862353,50.4237289],[-4.1923404,50.4246826],[-4.1950712,50.4191208],[-4.2005498,50.4079578],[-4.1995887,50.4028992],[-4.2040012,50.4003226],[-4.2046148,50.3985105],[-4.2028074,50.3963642],[-4.1945432,50.392086],[-4.1829569,50.3962276],[-4.1797027,50.3966916],[-4.1818266,50.3956256],[-4.1926772,50.3901786],[-4.1873173,50.3839149],[-4.1842836,50.3843289],[-4.1859674,50.382337],[-4.1822342,50.3779727],[-4.1822988,50.377758],[-4.1814815,50.3771557],[-4.1846985,50.3689925],[-4.1822422,50.3692907],[-4.1854053,50.3671945],[-4.1684555,50.3641311],[-4.1665936,50.3665687],[-4.1664,50.3664188],[-4.1661859,50.3666629],[-4.1625979,50.363585],[-4.165203,50.361654],[-4.1644458,50.3590256],[-4.1641936,50.3589393],[-4.1532128,50.3660275],[-4.1528013,50.3623088],[-4.1520355,50.3622851],[-4.1461427,50.364008],[-4.1460477,50.364003],[-4.145635,50.3642536],[-4.1355118,50.3634466],[-4.1335379,50.3633422],[-4.1334888,50.3632852],[-4.1331701,50.3663958],[-4.1212748,50.361438],[-4.113947,50.3625256],[-4.1043444,50.3798423],[-4.0887103,50.3881923],[-4.0839811,50.3867328],[-4.0861043,50.3857638],[-4.0993093,50.3797355],[-4.1081542,50.367896],[-4.0980405,50.3668476],[-4.1088337,50.3665705],[-4.1124456,50.3594301],[-4.1053317,50.356532],[-4.1135292,50.354201],[-4.1161476,50.3603774],[-4.1204598,50.3578552],[-4.1282758,50.3607229],[-4.1353037,50.3594213],[-4.1323298,50.3586547],[-4.127803,50.3577007],[-4.1277031,50.3574618],[-4.1258705,50.3569893],[-4.1230242,50.3467266],[-4.1146754,50.3443739],[-4.1046627,50.3456887],[-4.0905877,50.340903],[-4.0716866,50.3534875],[-4.0581741,50.3561263],[-4.0578,50.3583347],[-4.0501955,50.3580489],[-4.0550874,50.3682559],[-4.0501922,50.3765804],[-4.0349993,50.3772049],[-4.0253178,50.3817847],[-4.0196343,50.3874655],[-4.0211694,50.391777],[-4.0280396,50.393273],[-4.0304115,50.3970786],[-4.0416468,50.3976249],[-4.0396498,50.4014205],[-4.07151,50.4018503],[-4.0725386,50.407137],[-4.0790051,50.4096603],[-4.0812588,50.4207701],[-4.0847308,50.4258264],[-4.0942083,50.427814],[-4.1095406,50.4320947]]],"type":"Polygon"},"id":"E06000026","properties":{"code":"E06000026","geography":"LAD","name":"Plymouth"},"type":"Feature"},{"geometry":{"coordinates":[[[-3.5091607,50.5166191],[-3.5208299,50.5176984],[-3.5199887,50.5109843],[-3.5299434,50.5045528],[-3.5391432,50.504535],[-3.5437982,50.4973475],[-3.5610748,50.4944635],[-3.5644698,50.4875828],[-3.5647736,50.486967],[-3.5657386,50.4877084],[-3.5696413,50.4907065],[-3.57124,50.488253],[-3.5841716,50.4779958],[-3.5842499,50.4777231],[-3.5828018,50.469011],[-3.5914838,50.4596506],[-3.5869835,50.4569879],[-3.5893438,50.450737],[-3.6154811,50.4445065],[-3.6251287,50.4412743],[-3.627954,50.4259494],[-3.6239205,50.4227189],[-3.6140656,50.4228545],[-3.6116187,50.4137275],[-3.5990384,50.4093367],[-3.5877006,50.4105878],[-3.5779892,50.408429],[-3.5788786,50.4041529],[-3.5736172,50.40217],[-3.5747526,50.394146],[-3.5639586,50.3915606],[-3.5551735,50.3778885],[-3.5441785,50.3734426],[-3.5366508,50.3759558],[-3.5207418,50.378146],[-3.5077461,50.3790589],[-3.5076303,50.3791556],[-3.4972832,50.38119],[-3.496541,50.3813772],[-3.4961354,50.3815279],[-3.4961509,50.3817187],[-3.4964356,50.3817985],[-3.4962593,50.3818999],[-3.497659,50.3833925],[-3.4983176,50.3840047],[-3.5020909,50.384543],[-3.5032092,50.3847026],[-3.5025934,50.3863704],[-3.5020371,50.387877],[-3.5015824,50.3891084],[-3.5015703,50.3891411],[-3.5013639,50.3897],[-3.494821,50.3916735],[-3.4948183,50.3915435],[-3.4938419,50.3915709],[-3.4928142,50.3919015],[-3.4926531,50.3920115],[-3.4926762,50.3921514],[-3.4928963,50.3922981],[-3.4921334,50.3925844],[-3.4923256,50.3937026],[-3.492176,50.3935619],[-3.4915328,50.3934933],[-3.4902094,50.3941411],[-3.4900884,50.3942584],[-3.4898939,50.3942249],[-3.4893692,50.3942761],[-3.4885841,50.3943594],[-3.4888738,50.3944466],[-3.4889387,50.3946355],[-3.4892748,50.3956142],[-3.4895279,50.3956983],[-3.4894887,50.3962438],[-3.4892904,50.3966401],[-3.4880168,50.3978986],[-3.4877623,50.3979079],[-3.4867243,50.3979537],[-3.4860863,50.3980321],[-3.4849234,50.3979792],[-3.4846569,50.3979858],[-3.4844976,50.3980749],[-3.4840415,50.3982989],[-3.483642,50.3984283],[-3.4829272,50.3986484],[-3.4826304,50.3987517],[-3.482433,50.398968],[-3.4824519,50.3996587],[-3.4824112,50.3998653],[-3.4824072,50.4000405],[-3.4826365,50.3998851],[-3.4830899,50.4001624],[-3.4832983,50.400202],[-3.4834437,50.4002237],[-3.4837047,50.4004404],[-3.4841382,50.4004889],[-3.4853479,50.400563],[-3.4859811,50.4005674],[-3.4861929,50.4007879],[-3.4864304,50.400778],[-3.4867206,50.4008358],[-3.4873701,50.400838],[-3.4875749,50.4007548],[-3.4876558,50.4007219],[-3.4896918,50.4007057],[-3.4903338,50.4008917],[-3.4932304,50.4012701],[-3.4934591,50.401251],[-3.5044791,50.3999803],[-3.5116602,50.4047276],[-3.5072573,50.4015115],[-3.5059173,50.4005338],[-3.5051446,50.3999761],[-3.5063514,50.3994864],[-3.5106708,50.3977334],[-3.5132309,50.3985903],[-3.5135108,50.398788],[-3.5195411,50.4031555],[-3.5224726,50.4023436],[-3.5228258,50.4022978],[-3.5228606,50.4023144],[-3.5239417,50.4028321],[-3.5268809,50.4042394],[-3.5280876,50.4047002],[-3.5299234,50.4047399],[-3.5318418,50.4047813],[-3.5331334,50.4048092],[-3.5355052,50.4044776],[-3.5393518,50.4034829],[-3.544702,50.4020991],[-3.5450571,50.4024961],[-3.5469251,50.4048128],[-3.5508671,50.4057095],[-3.5551203,50.4066767],[-3.5567977,50.4158273],[-3.5568735,50.4162409],[-3.5590883,50.4276642],[-3.5570327,50.4281532],[-3.556104,50.4281547],[-3.5552647,50.4281835],[-3.5553045,50.4287027],[-3.5553604,50.429434],[-3.5555028,50.4312942],[-3.5555988,50.4325488],[-3.5560703,50.4325225],[-3.5576176,50.4328339],[-3.5590842,50.4331155],[-3.5578005,50.4400272],[-3.5577731,50.4400822],[-3.553169,50.4493029],[-3.5526215,50.4495355],[-3.5448311,50.4528556],[-3.5445148,50.4530318],[-3.5403977,50.4601285],[-3.5401467,50.4605263],[-3.5340255,50.4630935],[-3.5306272,50.4610663],[-3.5306863,50.4607689],[-3.5310433,50.4589713],[-3.529136,50.4577528],[-3.5301307,50.4604228],[-3.530396,50.4611347],[-3.5235556,50.461363],[-3.5271347,50.4585561],[-3.5288809,50.4571866],[-3.5251714,50.4573327],[-3.5238075,50.4573864],[-3.5232357,50.4574089],[-3.5159762,50.4538009],[-3.5041416,50.4596151],[-3.4912663,50.4581942],[-3.4834322,50.4603701],[-3.4808245,50.4640287],[-3.4890122,50.4638038],[-3.4919865,50.4704743],[-3.5011056,50.4718608],[-3.4972953,50.4758375],[-3.5011143,50.4769999],[-3.5014381,50.4771538],[-3.5053352,50.4789276],[-3.5084811,50.4798457],[-3.514802,50.48169],[-3.514288,50.4835453],[-3.5137465,50.4853473],[-3.5135337,50.4854135],[-3.513235,50.4854892],[-3.5129995,50.4856154],[-3.5130204,50.4858924],[-3.5128431,50.4859858],[-3.5134451,50.4885484],[-3.515224,50.4961197],[-3.5091607,50.5166191]]],"type":"Polygon"},"id":"E06000027","properties":{"code":"E06000027","geography":"LAD","name":"Torbay"},"type":"Feature"},{"geometry":{"coordinates":[[[-1.7002119,51.6708831],[-1.6964436,51.6821476],[-1.6831346,51.6901264],[-1.6966114,51.6920997],[-1.7095723,51.6816874],[-1.7109892,51.6717912],[-1.7274881,51.6672086],[-1.739313,51.6674195],[-1.7538218,51.6621732],[-1.7664062,51.6627077],[-1.7702768,51.667969],[-1.7769541,51.6693725],[-1.7886002,51.6670069],[-1.7917341,51.6631676],[-1.7991722,51.6624911],[-1.7886423,51.632715],[-1.8063765,51.6327192],[-1.814316,51.6245066],[-1.8202007,51.6277516],[-1.8278971,51.6253268],[-1.8390952,51.6166865],[-1.8423689,51.6120741],[-1.8398423,51.6071407],[-1.8398317,51.599859],[-1.8318013,51.5967364],[-1.8375861,51.58722],[-1.8230542,51.5834571],[-1.8263357,51.5794366],[-1.830837,51.5817504],[-1.8383623,51.5800688],[-1.8431054,51.5787051],[-1.8442391,51.5701826],[-1.8500937,51.5681122],[-1.8451968,51.5617291],[-1.8600928,51.5652204],[-1.8651282,51.5595541],[-1.8494822,51.5535791],[-1.8537365,51.5505116],[-1.8504063,51.5467449],[-1.8539058,51.5462427],[-1.8442303,51.5430938],[-1.8307914,51.5111097],[-1.8370047,51.5108787],[-1.8437007,51.5217174],[-1.8421174,51.5262949],[-1.8467539,51.5243006],[-1.8440664,51.5151245],[-1.8441433,51.5138359],[-1.8375849,51.5008375],[-1.8134503,51.5070422],[-1.8130465,51.4965356],[-1.7977982,51.484447],[-1.7931921,51.4861671],[-1.7743305,51.4824546],[-1.7746934,51.4845125],[-1.7157367,51.4883833],[-1.7190817,51.5007055],[-1.6677404,51.505279],[-1.6342926,51.5129411],[-1.6285411,51.5173851],[-1.6236144,51.5141704],[-1.6028249,51.5183097],[-1.6137214,51.536511],[-1.6341318,51.5532655],[-1.6476863,51.5719347],[-1.6550426,51.5764934],[-1.6765477,51.5693909],[-1.6840094,51.5728046],[-1.6911107,51.5835237],[-1.6904294,51.5843869],[-1.6847564,51.5903269],[-1.6905954,51.6054112],[-1.6810823,51.613656],[-1.6749193,51.6117314],[-1.6669897,51.6162195],[-1.6737291,51.6228363],[-1.6599242,51.6350159],[-1.6632537,51.6398898],[-1.6756276,51.6414154],[-1.6862267,51.6523482],[-1.6918858,51.6521618],[-1.6884695,51.6568185],[-1.6906158,51.6637561],[-1.7002119,51.6708831]]],"type":"Polygon"},"id":"E06000030","properties":{"code":"E06000030","geography":"LAD","name":"Swindon"},"type":"Feature"},{"geometry":{"coordinates":[[[-0.0450005,52.6691384],[-0.0580237,52.6740916],[-0.0637852,52.6752244],[-0.0654454,52.6719958],[-0.0746109,52.6720741],[-0.087837,52.6667803],[-0.102196,52.6722062],[-0.1395017,52.6548618],[-0.141062,52.6515074],[-0.1800201,52.6605612],[-0.1928678,52.6524385],[-0.2060376,52.6680733],[-0.2125013,52.6666795],[-0.2240082,52.665662],[-0.2586648,52.6516454],[-0.2790833,52.6660042],[-0.309972,52.6734783],[-0.3350371,52.674866],[-0.3408937,52.6655073],[-0.3593398,52.6600643],[-0.3628076,52.6601061],[-0.4172059,52.6468115],[-0.4504779,52.6541247],[-0.4531155,52.6492722],[-0.4676362,52.6498992],[-0.4758315,52.6487147],[-0.4752447,52.6450578],[-0.4843201,52.6461291],[-0.4946887,52.6402653],[-0.4888238,52.6328309],[-0.4861077,52.6344217],[-0.4735035,52.6282345],[-0.4709613,52.6179533],[-0.4737293,52.6144332],[-0.479637,52.6144498],[-0.4810243,52.6027869],[-0.4854398,52.6021799],[-0.4907068,52.5905343],[-0.4976514,52.586851],[-0.4923598,52.5816717],[-0.4788343,52.5774386],[-0.4788149,52.5736451],[-0.4250276,52.5824127],[-0.4153814,52.5787426],[-0.4088802,52.5826581],[-0.3968397,52.5829983],[-0.3878509,52.5750615],[-0.3883749,52.5688578],[-0.3757434,52.5662802],[-0.367384,52.5627649],[-0.3484775,52.5643701],[-0.3373154,52.5536478],[-0.3272438,52.5529116],[-0.3236771,52.5515179],[-0.3259249,52.5486493],[-0.3327358,52.5465454],[-0.3178233,52.5343488],[-0.2962971,52.5143204],[-0.2932896,52.5068891],[-0.2878095,52.5087511],[-0.284638,52.5061131],[-0.2729617,52.5127827],[-0.2740474,52.5189645],[-0.2694475,52.5203898],[-0.2447805,52.5229989],[-0.2430744,52.5296421],[-0.2382543,52.5290779],[-0.2317202,52.5345314],[-0.2366469,52.5382578],[-0.235017,52.5434054],[-0.2231235,52.5424409],[-0.217664,52.5379234],[-0.2141438,52.5417915],[-0.2027561,52.5425543],[-0.2003984,52.5452158],[-0.18785,52.5418631],[-0.1856278,52.5449373],[-0.1910308,52.5503392],[-0.1978734,52.5508058],[-0.1885157,52.5598835],[-0.1898788,52.5654429],[-0.1816962,52.5665034],[-0.1869802,52.5685067],[-0.119959,52.5774647],[-0.0127518,52.5942462],[-0.0312707,52.6615327],[-0.0321029,52.6653607],[-0.0450005,52.6691384]]],"type":"Polygon"},"id":"E06000031","properties":{"code":"E06000031","geography":"LAD","name":"Peterborough"},"type":"Feature"},{"geometry":{"coordinates":[[[-0.4075598,51.9106917],[-0.419065,51.9123036],[-0.4211629,51.9174535],[-0.4238884,51.9262894],[-0.4378159,51.9277475],[-0.4518566,51.9247562],[-0.4623932,51.9235433],[-0.4857014,51.9227012],[-0.4784966,51.917331],[-0.4820727,51.9089961],[-0.491523,51.9063384],[-0.4940468,51.9060747],[-0.5059231,51.9006125],[-0.4998079,51.897831],[-0.495268,51.8958564],[-0.4839406,51.8883001],[-0.4671468,51.8882616],[-0.4666539,51.8881943],[-0.4494055,51.8783507],[-0.4350819,51.8649605],[-0.4220699,51.8544813],[-0.4144173,51.8590352],[-0.4161256,51.8619951],[-0.4091215,51.861495],[-0.4008934,51.8686515],[-0.3914678,51.870129],[-0.3892373,51.8715874],[-0.3697554,51.8681152],[-0.3657842,51.8707621],[-0.3682983,51.8730602],[-0.3548339,51.8740145],[-0.3498367,51.8786757],[-0.3581609,51.887571],[-0.3651344,51.8943776],[-0.3739093,51.895314],[-0.3783902,51.9016457],[-0.3856156,51.9156804],[-0.40122,51.9130532],[-0.402437,51.9097032],[-0.4075598,51.9106917]]],"type":"Polygon"},"id":"E06000032","properties":{"code":"E06000032","geography":"LAD","name":"Luton"},"type":"Feature"},{"geometry":{"coordinates":[[[[0.6398763,51.5334568],[0.6399706,51.5335162],[0.6465335,51.5376501],[0.6403234,51.537867],[0.6400712,51.5378758],[0.6251017,51.53658],[0.6254596,51.5323681],[0.6267373,51.5321763],[0.6398763,51.5334568]]],[[[0.753154,51.5548671],[0.7520925,51.5583619],[0.7390263,51.5593504],[0.7183917,51.5609458],[0.7050186,51.567119],[0.6678332,51.5722078],[0.6439553,51.5750849],[0.6389509,51.5768011],[0.6322208,51.5707151],[0.6320773,51.5705295],[0.6355757,51.5606496],[0.6316852,51.5576449],[0.6241601,51.5476575],[0.6250085,51.5376772],[0.6272034,51.5380388],[0.6402036,51.5401627],[0.6405183,51.5401419],[0.6707187,51.5381479],[0.6879329,51.5353541],[0.6904065,51.5351428],[0.718476,51.5327422],[0.7205171,51.5325674],[0.7308018,51.53033],[0.7315704,51.5301627],[0.7682955,51.5254599],[0.7683573,51.525452],[0.7765554,51.5227278],[0.7779099,51.5226196],[0.7877707,51.5218313],[0.8211531,51.5406052],[0.8191684,51.5422065],[0.8148693,51.5437318],[0.8108682,51.5401321],[0.7889906,51.5424441],[0.7867988,51.5472675],[0.7866899,51.5529434],[0.7698613,51.5517835],[0.753154,51.5548671]]]],"type":"MultiPolygon"},"id":"E06000033","properties":{"code":"E06000033","geography":"LAD","name":"Southend-on-Sea"},"type":"Feature"},{"geometry":{"coordinates":[[[[0.5465077,51.5169007],[0.5442186,51.5177259],[0.5451221,51.5169731],[0.5483081,51.5143185],[0.5485153,51.5141458],[0.5490741,51.5136801],[0.5465077,51.5169007]]],[[[0.391753,51.5671906],[0.3826051,51.5658238],[0.3437842,51.5678214],[0.3130351,51.5658181],[0.3152948,51.5578353],[0.3278161,51.5509946],[0.3339026,51.5424937],[0.3314294,51.5400455],[0.3224415,51.5405179],[0.2653473,51.5321503],[0.2666382,51.5229559],[0.2623079,51.5179305],[0.2538343,51.5178859],[0.250852,51.5288186],[0.2458375,51.5235162],[0.242856,51.5243925],[0.2407246,51.5212074],[0.2449058,51.5187595],[0.237176,51.5193344],[0.2419193,51.5079601],[0.2265973,51.5065632],[0.2299653,51.4993659],[0.2141569,51.4960396],[0.2118701,51.489959],[0.2285214,51.4863623],[0.2293122,51.4857806],[0.2470422,51.4727355],[0.2814021,51.4613985],[0.2914481,51.4695006],[0.3023913,51.4728402],[0.3046784,51.4735379],[0.3051641,51.4736861],[0.3062075,51.4737192],[0.3187354,51.4741155],[0.3281793,51.4692909],[0.3408453,51.4523277],[0.3787591,51.4521358],[0.3783315,51.4566179],[0.3816597,51.4526129],[0.3981102,51.4536434],[0.3984016,51.4536616],[0.4339797,51.4614986],[0.4402567,51.4915367],[0.4418401,51.4935044],[0.4456027,51.4981794],[0.4442885,51.5001513],[0.4449748,51.5001527],[0.446007,51.5001548],[0.447625,51.500158],[0.4575875,51.5052496],[0.4574117,51.5054154],[0.4558896,51.506851],[0.4608956,51.5069772],[0.4672853,51.5037482],[0.4942425,51.5071325],[0.5081654,51.5051971],[0.5187199,51.5104255],[0.5226912,51.507884],[0.5313144,51.5084968],[0.5412714,51.5125607],[0.5221939,51.5159665],[0.5176816,51.5271094],[0.5068688,51.531264],[0.5132205,51.53187],[0.5167603,51.5299855],[0.5170031,51.5301042],[0.5085536,51.5366486],[0.4916401,51.5401326],[0.4849197,51.5478081],[0.466802,51.5466825],[0.4616973,51.5536889],[0.4523539,51.5519334],[0.4460138,51.5511763],[0.4399367,51.5451137],[0.4310008,51.5497232],[0.4304002,51.5460051],[0.4247868,51.5480847],[0.4252318,51.5525192],[0.418181,51.5508386],[0.4211483,51.5530144],[0.4175605,51.5570742],[0.3935008,51.5577113],[0.391753,51.5671906]]]],"type":"MultiPolygon"},"id":"E06000034","properties":{"code":"E06000034","geography":"LAD","name":"Thurrock"},"type":"Feature"},{"geometry":{"coordinates":[[[[0.6146439,51.4004467],[0.6081139,51.4015436],[0.5951283,51.4002164],[0.5970148,51.3960798],[0.6033884,51.393833],[0.611561,51.3997365],[0.6153242,51.3953841],[0.6146439,51.4004467]]],[[[0.5644358,51.4079545],[0.5615204,51.4022334],[0.5825726,51.4031342],[0.5794649,51.4068829],[0.5746116,51.4050136],[0.5644358,51.4079545]]],[[[0.6389139,51.4212669],[0.633851,51.4238271],[0.6298837,51.4210516],[0.6369588,51.4196632],[0.638492,51.416489],[0.6389139,51.4212669]]],[[[0.6383165,51.4275994],[0.636622,51.4294292],[0.633152,51.4269565],[0.6383165,51.4275994]]],[[[0.6581448,51.4396251],[0.6529556,51.4402491],[0.6572875,51.441616],[0.6540865,51.442328],[0.6502799,51.4390469],[0.6581448,51.4396251]]],[[[0.6585627,51.447935],[0.6555291,51.4454396],[0.6612116,51.4437377],[0.6585627,51.447935]]],[[[0.5536352,51.4849424],[0.5470053,51.4870463],[0.5305831,51.4851434],[0.5293128,51.4851959],[0.4814914,51.487163],[0.4687436,51.4827716],[0.4578749,51.4669473],[0.4676184,51.4642019],[0.45835,51.4660092],[0.4543108,51.4634533],[0.4559303,51.4608859],[0.4571868,51.4605206],[0.4578636,51.4578207],[0.4593015,51.4555405],[0.4585098,51.4552423],[0.4585653,51.4550209],[0.4669684,51.4546356],[0.475765,51.446767],[0.4879601,51.4432846],[0.4909731,51.438677],[0.4863568,51.4360257],[0.4911962,51.4247752],[0.4892354,51.4153259],[0.4751402,51.4129471],[0.4776158,51.4071857],[0.468211,51.403171],[0.4677157,51.3985373],[0.4518534,51.398321],[0.4567093,51.3942856],[0.447144,51.3889583],[0.4311095,51.388033],[0.4249657,51.3765811],[0.4195706,51.3756171],[0.4012831,51.3529548],[0.3999197,51.3444569],[0.4067144,51.347762],[0.4185947,51.3479122],[0.4452728,51.3418325],[0.4540898,51.3408676],[0.4486128,51.3479981],[0.4566762,51.3521488],[0.4492979,51.3641541],[0.4562335,51.3687628],[0.4796581,51.3574428],[0.4940702,51.3526541],[0.4988974,51.3536806],[0.5030921,51.3546668],[0.5022181,51.3488037],[0.5072206,51.3432759],[0.5118487,51.3409452],[0.5193317,51.3399353],[0.5256411,51.3347172],[0.5328861,51.3371534],[0.5440036,51.3278964],[0.5634572,51.3387431],[0.5808776,51.335581],[0.6014036,51.3333011],[0.6038784,51.3362572],[0.6109494,51.3364739],[0.6285692,51.3593711],[0.6349081,51.36637],[0.6232925,51.3692226],[0.6250786,51.3752773],[0.6225309,51.3760302],[0.6248108,51.3810643],[0.6347922,51.3856162],[0.6346397,51.3890894],[0.6192316,51.3884876],[0.6219358,51.3827646],[0.6162974,51.3779269],[0.5988077,51.3847222],[0.5971694,51.3878605],[0.6021444,51.3906345],[0.596995,51.3881944],[0.594638,51.3864488],[0.5926701,51.3903102],[0.5857366,51.3903028],[0.5823799,51.390299],[0.5819937,51.3903805],[0.5781085,51.3912001],[0.5609692,51.394814],[0.5619317,51.3979119],[0.5586866,51.3962615],[0.5552258,51.3990937],[0.5546009,51.3998523],[0.5482194,51.4075975],[0.5371741,51.4103052],[0.5321069,51.4015678],[0.5225444,51.3850711],[0.5208947,51.3851801],[0.5138375,51.3856464],[0.5110203,51.3858324],[0.5090834,51.392765],[0.5087977,51.3937874],[0.5086437,51.3943385],[0.5082644,51.3941908],[0.5079213,51.3940571],[0.5019824,51.3917432],[0.5017111,51.3916374],[0.5013661,51.3916395],[0.5001234,51.3916468],[0.4992498,51.391652],[0.4933574,51.391687],[0.4919535,51.3916953],[0.4928548,51.3918402],[0.4996296,51.3929295],[0.506678,51.3966246],[0.5071167,51.3968559],[0.5189579,51.3869751],[0.5229862,51.398009],[0.5163202,51.4010329],[0.5229122,51.3997967],[0.5323855,51.4126527],[0.5379958,51.4124313],[0.5469726,51.4120765],[0.5635338,51.409541],[0.5766601,51.4157468],[0.5872012,51.4162587],[0.6108664,51.4174043],[0.6251796,51.4235809],[0.6182972,51.4286833],[0.6135918,51.4228955],[0.6052112,51.4204962],[0.6101379,51.4226171],[0.6124489,51.429643],[0.6176416,51.4309929],[0.6180279,51.4310933],[0.6185328,51.4330209],[0.6191308,51.4353036],[0.6195447,51.436883],[0.6289022,51.4376826],[0.6286959,51.4423596],[0.6331363,51.4449482],[0.6295647,51.4417006],[0.6334346,51.4412539],[0.6358148,51.4462226],[0.6451125,51.4433843],[0.6560108,51.4492241],[0.6622215,51.4477135],[0.6635149,51.4436251],[0.6720951,51.4479322],[0.6689984,51.4437262],[0.6766541,51.4387885],[0.6755019,51.4335515],[0.7102856,51.4348165],[0.7232459,51.4434967],[0.7227084,51.4537642],[0.720386,51.459737],[0.7031749,51.4712713],[0.6860394,51.4750954],[0.6712363,51.4721976],[0.674754,51.4680505],[0.6713286,51.4690953],[0.6696935,51.4750028],[0.6599839,51.477677],[0.6423014,51.4790679],[0.6152376,51.4750832],[0.6105005,51.4794122],[0.5909992,51.4833795],[0.5857812,51.4844404],[0.5824898,51.4796482],[0.5813297,51.4803226],[0.574546,51.4842657],[0.5599537,51.4846957],[0.554562,51.4813715],[0.5536352,51.4849424]]]],"type":"MultiPolygon"},"id":"E06000035","properties":{"code":"E06000035","geography":"LAD","name":"Medway"},"type":"Feature"},{"geometry":{"coordinates":[[[-0.7646282,51.4597226],[-0.7696416,51.4677586],[-0.7825649,51.4686901],[-0.7870673,51.4556433],[-0.799131,51.4463822],[-0.8000383,51.4411799],[-0.7979629,51.4257586],[-0.7966732,51.4144544],[-0.7925055,51.4088496],[-0.801802,51.4075402],[-0.7968302,51.3940076],[-0.7931249,51.3846078],[-0.78884,51.3717507],[-0.8135713,51.3703185],[-0.8220919,51.3661727],[-0.8220749,51.3661342],[-0.8373737,51.3528861],[-0.8281245,51.3528639],[-0.8190491,51.3488298],[-0.8140801,51.3415652],[-0.794929,51.3409596],[-0.7846509,51.3382321],[-0.7754662,51.3319589],[-0.77268,51.3328431],[-0.7581926,51.3405684],[-0.7594285,51.3435213],[-0.7443257,51.3545631],[-0.7353354,51.3650096],[-0.7352584,51.3650402],[-0.6676343,51.3845713],[-0.673163,51.3887407],[-0.6961925,51.411366],[-0.6762605,51.4315829],[-0.6679484,51.4307478],[-0.6630961,51.4260157],[-0.6445044,51.4194266],[-0.6383265,51.414655],[-0.6313093,51.4144545],[-0.6312295,51.4228614],[-0.6371462,51.4280047],[-0.6305529,51.4421924],[-0.6538685,51.4413679],[-0.6619823,51.4443193],[-0.6582587,51.4530824],[-0.6567558,51.4614942],[-0.6650158,51.4624661],[-0.6727461,51.4578491],[-0.6888662,51.4669599],[-0.70571,51.467738],[-0.7144182,51.4671442],[-0.7245262,51.4561392],[-0.7407712,51.458831],[-0.7527524,51.4622271],[-0.7573291,51.459025],[-0.7646282,51.4597226]]],"type":"Polygon"},"id":"E06000036","properties":{"code":"E06000036","geography":"LAD","name":"Bracknell Forest"},"type":"Feature"},{"geometry":{"coordinates":[[[-1.2701997,51.5446204],[-1.2855214,51.548331],[-1.287596,51.5528967],[-1.3262811,51.5596403],[-1.3287208,51.5637124],[-1.3379515,51.545777],[-1.343988,51.5433777],[-1.3556871,51.5467514],[-1.369015,51.5522079],[-1.3779513,51.5496866],[-1.3806985,51.5422587],[-1.3889034,51.53989],[-1.3958504,51.540345],[-1.4048577,51.5472352],[-1.4227687,51.5357649],[-1.4265912,51.5455989],[-1.4478319,51.5364265],[-1.4567565,51.5354584],[-1.4644225,51.5385167],[-1.4629877,51.530191],[-1.4707444,51.5286068],[-1.4762521,51.5307806],[-1.4858565,51.5340789],[-1.4860317,51.5405663],[-1.4958887,51.5456624],[-1.5166798,51.5511853],[-1.5309586,51.5460695],[-1.5474013,51.5530828],[-1.5563705,51.5530057],[-1.5661774,51.545569],[-1.5700073,51.5473802],[-1.5693594,51.5432831],[-1.5811869,51.536995],[-1.584695,51.5249221],[-1.5880644,51.5131486],[-1.582222,51.4940292],[-1.5704142,51.4862956],[-1.5668305,51.4769303],[-1.561583,51.4763786],[-1.5595259,51.4697386],[-1.5483902,51.4606558],[-1.529072,51.4555077],[-1.5240587,51.4409322],[-1.532029,51.4295019],[-1.5254024,51.4248589],[-1.5395458,51.4261298],[-1.5530746,51.4212475],[-1.5651187,51.4220434],[-1.5699571,51.4177677],[-1.5622244,51.4081735],[-1.5529223,51.4100374],[-1.5555966,51.3955387],[-1.5376397,51.3883107],[-1.5382754,51.3854879],[-1.5275801,51.3787769],[-1.5169014,51.3787711],[-1.5135277,51.372051],[-1.4953726,51.3696579],[-1.500633,51.3563211],[-1.4856178,51.3476507],[-1.4982869,51.3293617],[-1.4297057,51.3365442],[-1.4448784,51.3480977],[-1.4441158,51.3549138],[-1.4283552,51.3567669],[-1.4154661,51.371989],[-1.3528797,51.3672625],[-1.3167195,51.3729126],[-1.2734099,51.367521],[-1.2706941,51.368808],[-1.2511396,51.3720405],[-1.2415787,51.3662215],[-1.2225881,51.3697542],[-1.2210259,51.3675894],[-1.1892817,51.3633225],[-1.1768943,51.3573241],[-1.1696218,51.3607257],[-1.1441307,51.3572631],[-1.1157909,51.3604662],[-1.1154572,51.3742149],[-1.0975174,51.3817259],[-1.0866407,51.3839112],[-1.0753545,51.3795243],[-1.0800224,51.3746036],[-1.0725116,51.3752761],[-1.0657745,51.3723211],[-1.0515145,51.3626264],[-1.0500814,51.3581092],[-1.0111229,51.3591699],[-1.0002228,51.3626681],[-0.9861238,51.3628483],[-0.9917909,51.3666657],[-0.9817246,51.3757488],[-1.0118841,51.3928666],[-0.9991416,51.4122507],[-1.001259,51.4263413],[-1.0007223,51.4297938],[-1.0037173,51.4338953],[-1.0218084,51.4367031],[-1.0234503,51.4443175],[-1.030614,51.4498628],[-1.0329749,51.4517994],[-1.0467917,51.4501717],[-1.0467205,51.4562127],[-1.0529745,51.4603699],[-1.0478428,51.4640448],[-1.0365575,51.4752268],[-1.0373969,51.4838246],[-1.0435934,51.4893808],[-1.0554224,51.4920375],[-1.0711481,51.4897406],[-1.0883618,51.4857527],[-1.1027766,51.4901709],[-1.1069691,51.5010965],[-1.1147844,51.5104818],[-1.1336933,51.5112856],[-1.1420531,51.5161954],[-1.1435357,51.5234545],[-1.1344463,51.5337221],[-1.1403748,51.5429113],[-1.1607982,51.5345895],[-1.2046503,51.5283945],[-1.2046442,51.5376039],[-1.226792,51.5351585],[-1.2299414,51.5346136],[-1.2401647,51.5376582],[-1.2606556,51.5377899],[-1.2701997,51.5446204]]],"type":"Polygon"},"id":"E06000037","properties":{"code":"E06000037","geography":"LAD","name":"West Berkshire"},"type":"Feature"},{"geometry":{"coordinates":[[[-0.9467552,51.4717254],[-0.9411369,51.4749777],[-0.9470326,51.4860624],[-0.961805,51.4930919],[-0.9753586,51.4874073],[-0.9983989,51.4843048],[-0.9981811,51.47755],[-1.0069293,51.4734215],[-1.0072958,51.4682111],[-1.0182045,51.4665845],[-1.0365575,51.4752268],[-1.0478428,51.4640448],[-1.0529745,51.4603699],[-1.0467205,51.4562127],[-1.0467917,51.4501717],[-1.0329749,51.4517994],[-1.030614,51.4498628],[-1.0234503,51.4443175],[-1.0218084,51.4367031],[-1.0037173,51.4338953],[-1.0007223,51.4297938],[-1.001259,51.4263413],[-0.9962835,51.4195963],[-0.9813699,51.4206281],[-0.9797389,51.4128787],[-0.9711161,51.4100794],[-0.9619257,51.4123449],[-0.9541978,51.4214866],[-0.9434335,51.4292922],[-0.9437073,51.4384395],[-0.9481347,51.4392877],[-0.944229,51.4463129],[-0.9323346,51.4409795],[-0.9285602,51.4450982],[-0.9350691,51.451981],[-0.9500188,51.457839],[-0.9491678,51.4595133],[-0.9554526,51.4612565],[-0.9551839,51.4653338],[-0.9494408,51.4649309],[-0.9467552,51.4717254]]],"type":"Polygon"},"id":"E06000038","properties":{"code":"E06000038","geography":"LAD","name":"Reading"},"type":"Feature"},{"geometry":{"coordinates":[[[-0.594983,51.5242372],[-0.5962216,51.5279299],[-0.6105362,51.5315022],[-0.6182731,51.5352116],[-0.6247702,51.5380059],[-0.6397228,51.5371326],[-0.6530574,51.5299984],[-0.6599449,51.528447],[-0.6601435,51.5203572],[-0.6550237,51.5188454],[-0.6538997,51.5121929],[-0.6592713,51.5049024],[-0.6539154,51.5042251],[-0.6534645,51.500507],[-0.6429704,51.5026935],[-0.642212,51.5006272],[-0.6325663,51.502683],[-0.6265299,51.5044137],[-0.6171063,51.5016681],[-0.6077162,51.4972515],[-0.6005758,51.5023045],[-0.5926142,51.4985133],[-0.5910328,51.4973281],[-0.5896103,51.4993989],[-0.5655684,51.491342],[-0.5605507,51.4972117],[-0.5525434,51.4948462],[-0.5528302,51.4940551],[-0.5541242,51.4912815],[-0.5381103,51.4883061],[-0.5242438,51.4795097],[-0.5243587,51.4715285],[-0.5156612,51.4682687],[-0.5098073,51.4692073],[-0.4991692,51.4885812],[-0.4901168,51.4945789],[-0.4900247,51.4947476],[-0.5318195,51.4933945],[-0.528748,51.497068],[-0.5288543,51.5100884],[-0.5423868,51.5089653],[-0.568709,51.511269],[-0.568969,51.5177205],[-0.5650444,51.5206922],[-0.5750947,51.5292999],[-0.5680081,51.5302863],[-0.567256,51.532981],[-0.5759788,51.5339101],[-0.5809917,51.5230741],[-0.5897772,51.522675],[-0.594983,51.5242372]]],"type":"Polygon"},"id":"E06000039","properties":{"code":"E06000039","geography":"LAD","name":"Slough"},"type":"Feature"},{"geometry":{"coordinates":[[[-0.7168446,51.5771895],[-0.7278637,51.5772429],[-0.7487875,51.5683596],[-0.7571687,51.5647873],[-0.774743,51.5667777],[-0.7823822,51.5562636],[-0.7909746,51.5528384],[-0.7945034,51.5511571],[-0.810515,51.5526973],[-0.8243613,51.5504086],[-0.8290866,51.5456108],[-0.8377601,51.5469734],[-0.8427086,51.5447716],[-0.8539075,51.5260731],[-0.8361862,51.5127505],[-0.8240563,51.5124795],[-0.8173902,51.5072375],[-0.8170665,51.4964323],[-0.8204415,51.4949897],[-0.8209396,51.4971771],[-0.8291423,51.4862809],[-0.8217842,51.4726025],[-0.8251989,51.4655627],[-0.8337544,51.4640987],[-0.8282907,51.4620436],[-0.8180857,51.443191],[-0.8000383,51.4411799],[-0.799131,51.4463822],[-0.7870673,51.4556433],[-0.7825649,51.4686901],[-0.7696416,51.4677586],[-0.7646282,51.4597226],[-0.7573291,51.459025],[-0.7527524,51.4622271],[-0.7407712,51.458831],[-0.7245262,51.4561392],[-0.7144182,51.4671442],[-0.70571,51.467738],[-0.6888662,51.4669599],[-0.6727461,51.4578491],[-0.6650158,51.4624661],[-0.6567558,51.4614942],[-0.6582587,51.4530824],[-0.6619823,51.4443193],[-0.6538685,51.4413679],[-0.6305529,51.4421924],[-0.6371462,51.4280047],[-0.6312295,51.4228614],[-0.6313093,51.4144545],[-0.6383265,51.414655],[-0.6445044,51.4194266],[-0.6630961,51.4260157],[-0.6679484,51.4307478],[-0.6762605,51.4315829],[-0.6961925,51.411366],[-0.673163,51.3887407],[-0.6676343,51.3845713],[-0.6553005,51.3872458],[-0.6466789,51.3853843],[-0.6404734,51.3873804],[-0.6259307,51.3828727],[-0.6209225,51.3851717],[-0.6163443,51.3835396],[-0.6234947,51.3895434],[-0.6184952,51.3923883],[-0.6145206,51.3973941],[-0.6183686,51.3990258],[-0.6085012,51.4120107],[-0.6049562,51.4213808],[-0.6051246,51.4313121],[-0.5942225,51.4415455],[-0.5796756,51.4447473],[-0.5716901,51.4509916],[-0.5555692,51.4414784],[-0.5504479,51.4434678],[-0.5346605,51.4373651],[-0.5227779,51.4353037],[-0.5245396,51.4398801],[-0.5314949,51.4416787],[-0.5267316,51.4475099],[-0.5406132,51.4578521],[-0.5299602,51.4701682],[-0.5243587,51.4715285],[-0.5242438,51.4795097],[-0.5381103,51.4883061],[-0.5541242,51.4912815],[-0.5528302,51.4940551],[-0.5525434,51.4948462],[-0.5605507,51.4972117],[-0.5655684,51.491342],[-0.5896103,51.4993989],[-0.5910328,51.4973281],[-0.5926142,51.4985133],[-0.6005758,51.5023045],[-0.6077162,51.4972515],[-0.6171063,51.5016681],[-0.6265299,51.5044137],[-0.6325663,51.502683],[-0.642212,51.5006272],[-0.644447,51.4964853],[-0.6338279,51.492695],[-0.6482191,51.4882318],[-0.6519359,51.4854708],[-0.6622842,51.4879263],[-0.6784988,51.4945639],[-0.6884668,51.5084723],[-0.7031647,51.5111067],[-0.7015044,51.5211717],[-0.7020516,51.5239476],[-0.6926781,51.5440248],[-0.694177,51.5621755],[-0.6997775,51.5657104],[-0.7053043,51.5622759],[-0.7109457,51.5641644],[-0.7168446,51.5771895]]],"type":"Polygon"},"id":"E06000040","properties":{"code":"E06000040","geography":"LAD","name":"Windsor and Maidenhead"},"type":"Feature"},{"geometry":{"coordinates":[[[-0.8173902,51.5072375],[-0.8240563,51.5124795],[-0.8361862,51.5127505],[-0.8539075,51.5260731],[-0.8427086,51.5447716],[-0.862525,51.5490201],[-0.8727481,51.560311],[-0.8797231,51.5621276],[-0.8873703,51.5594713],[-0.8968822,51.544863],[-0.8998051,51.5361989],[-0.883907,51.5271582],[-0.8782182,51.523018],[-0.8802091,51.5116117],[-0.8716077,51.5075741],[-0.8705143,51.503283],[-0.8936761,51.4967633],[-0.8976517,51.4870453],[-0.9081859,51.4839606],[-0.9106082,51.4768309],[-0.9268672,51.4672847],[-0.9491678,51.4595133],[-0.9500188,51.457839],[-0.9350691,51.451981],[-0.9285602,51.4450982],[-0.9323346,51.4409795],[-0.944229,51.4463129],[-0.9481347,51.4392877],[-0.9437073,51.4384395],[-0.9434335,51.4292922],[-0.9541978,51.4214866],[-0.9619257,51.4123449],[-0.9711161,51.4100794],[-0.9797389,51.4128787],[-0.9813699,51.4206281],[-0.9962835,51.4195963],[-1.001259,51.4263413],[-0.9991416,51.4122507],[-1.0118841,51.3928666],[-0.9817246,51.3757488],[-0.9917909,51.3666657],[-0.9861238,51.3628483],[-0.9867401,51.3598556],[-0.9391534,51.3631716],[-0.9359894,51.3663171],[-0.9177478,51.3645566],[-0.9150757,51.360786],[-0.8739927,51.3523718],[-0.86808,51.3547493],[-0.8477717,51.352477],[-0.8428615,51.3522712],[-0.8373737,51.3528861],[-0.8220749,51.3661342],[-0.8220919,51.3661727],[-0.8135713,51.3703185],[-0.78884,51.3717507],[-0.7931249,51.3846078],[-0.7968302,51.3940076],[-0.801802,51.4075402],[-0.7925055,51.4088496],[-0.7966732,51.4144544],[-0.7979629,51.4257586],[-0.8000383,51.4411799],[-0.8180857,51.443191],[-0.8282907,51.4620436],[-0.8337544,51.4640987],[-0.8251989,51.4655627],[-0.8217842,51.4726025],[-0.8291423,51.4862809],[-0.8209396,51.4971771],[-0.8204415,51.4949897],[-0.8170665,51.4964323],[-0.8173902,51.5072375]]],"type":"Polygon"},"id":"E06000041","properties":{"code":"E06000041","geography":"LAD","name":"Wokingham"},"type":"Feature"},{"geometry":{"coordinates":[[[-0.6349293,52.1680667],[-0.6282545,52.1725363],[-0.6274467,52.1815455],[-0.6395101,52.1834349],[-0.6431603,52.1888449],[-0.6574481,52.1897753],[-0.6681356,52.1950341],[-0.6847884,52.1963551],[-0.7054556,52.1915707],[-0.7497348,52.1668768],[-0.7568103,52.1674498],[-0.7620476,52.1634464],[-0.7653318,52.1710991],[-0.7831942,52.1659247],[-0.7803123,52.1633567],[-0.7920913,52.1513295],[-0.8019568,52.1586788],[-0.8075879,52.156979],[-0.8140189,52.1424745],[-0.8319666,52.1436835],[-0.8282047,52.1326106],[-0.8467386,52.12941],[-0.8535292,52.1316737],[-0.8690051,52.1306481],[-0.8807585,52.1262922],[-0.8806686,52.1201732],[-0.8870331,52.1142149],[-0.8714728,52.1117797],[-0.8652702,52.1029377],[-0.8695309,52.1000377],[-0.8579173,52.097508],[-0.8547791,52.0923544],[-0.8467125,52.0915087],[-0.831313,52.0720063],[-0.8395946,52.0637959],[-0.8530762,52.0643475],[-0.8630164,52.0602719],[-0.852901,52.0499974],[-0.8594228,52.0446022],[-0.8677342,52.0462209],[-0.8712739,52.0402199],[-0.8669383,52.0400813],[-0.8449913,52.0226471],[-0.8272076,52.01521],[-0.8198176,52.0122859],[-0.8179964,52.0060718],[-0.812243,52.0060157],[-0.8035043,51.9855036],[-0.7892401,51.9879482],[-0.776278,51.9886253],[-0.771206,51.9829125],[-0.7617805,51.9853395],[-0.7436469,51.9752473],[-0.747555,51.9735572],[-0.7403792,51.9698626],[-0.7139414,51.9778705],[-0.7178697,51.9824161],[-0.7133842,51.9898165],[-0.7015766,51.9869653],[-0.6962762,51.9822502],[-0.6774503,51.976745],[-0.669129,51.9784213],[-0.653017,51.9692494],[-0.6456808,51.9722283],[-0.6561727,51.9820259],[-0.6616897,51.9997364],[-0.6506566,52.0096702],[-0.6434602,52.0109006],[-0.6509602,52.018547],[-0.6403293,52.0236608],[-0.6430758,52.0368909],[-0.6583998,52.0440617],[-0.668976,52.0487168],[-0.6510081,52.064144],[-0.641584,52.0677213],[-0.6313579,52.0809749],[-0.6057875,52.0921221],[-0.6039592,52.0991243],[-0.5967513,52.1016849],[-0.6018723,52.1050275],[-0.5918103,52.1106919],[-0.6072494,52.1338688],[-0.61936,52.1330206],[-0.6354517,52.1392536],[-0.6407659,52.1528176],[-0.6306876,52.1550241],[-0.6349293,52.1680667]]],"type":"Polygon"},"id":"E06000042","properties":{"code":"E06000042","geography":"LAD","name":"Milton Keynes"},"type":"Feature"},{"geometry":{"coordinates":[[[-0.1664266,50.8808964],[-0.1658395,50.8923349],[-0.1824168,50.888271],[-0.1818612,50.8809045],[-0.1897479,50.874416],[-0.1877345,50.8685705],[-0.1989876,50.8701206],[-0.2026372,50.8758571],[-0.2054017,50.8700872],[-0.2138823,50.8704647],[-0.214147,50.8751794],[-0.2267193,50.8781806],[-0.2392383,50.8678856],[-0.2449709,50.8638089],[-0.239753,50.8619523],[-0.2260014,50.8428747],[-0.2229062,50.8390886],[-0.2166185,50.8275952],[-0.2160378,50.8275721],[-0.2084146,50.8266839],[-0.2083725,50.826679],[-0.1916752,50.8255576],[-0.1889298,50.8252407],[-0.1812886,50.8243582],[-0.167949,50.8231817],[-0.1669324,50.823092],[-0.1569508,50.8217676],[-0.1370275,50.8185885],[-0.1369192,50.8185712],[-0.1239163,50.8163585],[-0.1130364,50.8143437],[-0.1080886,50.8129679],[-0.1075129,50.8128078],[-0.1077442,50.8116171],[-0.1063864,50.8082657],[-0.1072084,50.8115799],[-0.0940621,50.8106663],[-0.0955762,50.8092858],[-0.0967016,50.8085502],[-0.1061612,50.8095553],[-0.0969802,50.8083681],[-0.0964162,50.8085198],[-0.0918783,50.8117026],[-0.0768268,50.8073675],[-0.0759895,50.8071262],[-0.0417892,50.7995347],[-0.0384592,50.7991968],[-0.0382292,50.7994866],[-0.0379937,50.7994589],[-0.0165861,50.8162744],[-0.0204284,50.8218304],[-0.0302292,50.8173492],[-0.0459684,50.8218247],[-0.0421673,50.824817],[-0.0368601,50.8411732],[-0.0456143,50.8449578],[-0.0734523,50.8412146],[-0.0707789,50.8458188],[-0.0752616,50.8506998],[-0.0849276,50.8731196],[-0.0975193,50.8779454],[-0.1049152,50.8723432],[-0.12009,50.8735625],[-0.1242117,50.8780271],[-0.1352793,50.8780984],[-0.1350046,50.8866505],[-0.1388967,50.8844894],[-0.1446365,50.8869778],[-0.1524686,50.8854646],[-0.1529079,50.8798575],[-0.1664266,50.8808964]]],"type":"Polygon"},"id":"E06000043","properties":{"code":"E06000043","geography":"LAD","name":"Brighton and Hove"},"type":"Feature"},{"geometry":{"coordinates":[[[[-1.1239335,50.7822591],[-1.1122474,50.7892726],[-1.1247645,50.7821551],[-1.1239335,50.7822591]]],[[[-1.0925988,50.8150475],[-1.0980366,50.8203004],[-1.1016434,50.8136706],[-1.0925988,50.8150475]]],[[[-1.1500939,50.8331042],[-1.1516711,50.8341516],[-1.1501133,50.8323511],[-1.1500939,50.8331042]]],[[[-1.0441372,50.8313603],[-1.0441721,50.8316676],[-1.0495059,50.8325435],[-1.0547111,50.8333982],[-1.054752,50.8334049],[-1.0766078,50.8367971],[-1.0856107,50.8249313],[-1.0877579,50.8261049],[-1.0915118,50.8281565],[-1.093078,50.8290123],[-1.0960896,50.8281253],[-1.1002152,50.8269101],[-1.0906547,50.8168463],[-1.0912097,50.814802],[-1.0968588,50.8112928],[-1.0904905,50.8116272],[-1.0913383,50.8090448],[-1.0925045,50.8091762],[-1.1039928,50.8104701],[-1.1037377,50.8057018],[-1.1115125,50.8069646],[-1.1112494,50.7985381],[-1.1058445,50.7970435],[-1.1088321,50.7964973],[-1.1087561,50.7963678],[-1.1086264,50.7961467],[-1.1056753,50.7911151],[-1.1096724,50.7915422],[-1.1009038,50.7850567],[-1.0892226,50.7777007],[-1.0818021,50.778158],[-1.032097,50.7867846],[-1.0306598,50.795525],[-1.0319933,50.792005],[-1.0380827,50.7910718],[-1.0440029,50.7901643],[-1.0383052,50.7946517],[-1.0385414,50.79559],[-1.0388749,50.7969145],[-1.0392433,50.798378],[-1.0422927,50.8151068],[-1.0423534,50.8156419],[-1.0441372,50.8313603]]],[[[-1.1129605,50.8361149],[-1.1130067,50.8361911],[-1.1306171,50.838214],[-1.1523317,50.8411239],[-1.1521286,50.8410649],[-1.1492203,50.8405397],[-1.1369534,50.8383236],[-1.1222472,50.8356648],[-1.1129605,50.8361149]]],[[[-1.1538221,50.8447644],[-1.1538367,50.8448072],[-1.1676954,50.8417364],[-1.1538221,50.8447644]]],[[[-1.0661861,50.8584739],[-1.0755276,50.8563784],[-1.0907769,50.8585816],[-1.1157832,50.8582738],[-1.1181323,50.8442063],[-1.1143437,50.838396],[-1.1160858,50.8412685],[-1.1160496,50.8438497],[-1.1118179,50.8435014],[-1.1138421,50.8467994],[-1.1032798,50.8464002],[-1.1062758,50.837862],[-1.0949754,50.8313346],[-1.0879139,50.8313502],[-1.0884435,50.8302599],[-1.0891685,50.8285951],[-1.0787923,50.8372172],[-1.0542765,50.8338898],[-1.0441185,50.8321366],[-1.0362857,50.8353745],[-1.0348952,50.8293079],[-1.0241289,50.8263226],[-1.0240716,50.8329368],[-1.0239733,50.8329914],[-1.0242353,50.8330044],[-1.0217142,50.8373513],[-1.0218661,50.8373129],[-1.0211605,50.8383059],[-1.0206437,50.8391966],[-1.0251398,50.8477286],[-1.0226292,50.8520731],[-1.0540821,50.8565302],[-1.0543473,50.8550867],[-1.0661861,50.8584739]]]],"type":"MultiPolygon"},"id":"E06000044","properties":{"code":"E06000044","geography":"LAD","name":"Portsmouth"},"type":"Feature"},{"geometry":{"coordinates":[[[-1.4013571,50.9503901],[-1.4061398,50.9561275],[-1.4096106,50.9497594],[-1.421038,50.9516772],[-1.4237836,50.9472305],[-1.4357169,50.948992],[-1.4412935,50.9470557],[-1.4495458,50.9499114],[-1.4510082,50.9443267],[-1.4559791,50.9460042],[-1.4594124,50.9431854],[-1.4641085,50.9351064],[-1.4773282,50.9284619],[-1.4787905,50.9254015],[-1.4787245,50.9252336],[-1.475273,50.9215092],[-1.4741284,50.9204219],[-1.4735745,50.9196763],[-1.4734557,50.9195481],[-1.4647579,50.9101587],[-1.4646033,50.9099991],[-1.4509806,50.9040603],[-1.4410296,50.9080568],[-1.4409644,50.908083],[-1.4404425,50.9079212],[-1.4324858,50.9054537],[-1.4182316,50.9010314],[-1.4178082,50.9009],[-1.416727,50.9005645],[-1.4035417,50.8956284],[-1.4008218,50.8902854],[-1.3990224,50.8945485],[-1.3994891,50.8883325],[-1.3932708,50.8830557],[-1.3963905,50.8925601],[-1.392664,50.8884032],[-1.3883928,50.8941828],[-1.3928612,50.8948879],[-1.3879938,50.8954433],[-1.3882768,50.9048793],[-1.3882813,50.9050293],[-1.3775159,50.9113063],[-1.389684,50.9151648],[-1.3892742,50.9185074],[-1.389271,50.9185333],[-1.3891934,50.9191657],[-1.3800221,50.9212709],[-1.3808167,50.9321911],[-1.3808324,50.9324062],[-1.3807665,50.9322295],[-1.3801332,50.9305303],[-1.3769072,50.9218469],[-1.3876525,50.9170201],[-1.3855351,50.9146851],[-1.3767477,50.9163218],[-1.3723326,50.91244],[-1.3721654,50.912293],[-1.3717876,50.9119608],[-1.3848354,50.9039911],[-1.3825207,50.898136],[-1.3824531,50.897965],[-1.3827272,50.8978479],[-1.3827551,50.8972536],[-1.3831255,50.8893845],[-1.3651112,50.8800388],[-1.3640085,50.8792776],[-1.3493845,50.8885891],[-1.3420379,50.8937007],[-1.3219776,50.9009535],[-1.3240236,50.9044104],[-1.3278758,50.9044533],[-1.3246395,50.9084381],[-1.3298158,50.9149408],[-1.3394884,50.9237133],[-1.3534814,50.9265427],[-1.3574194,50.9317806],[-1.3527704,50.9353575],[-1.3589979,50.9379574],[-1.35469,50.9410218],[-1.3574427,50.9423715],[-1.3669181,50.9468683],[-1.3798919,50.9475181],[-1.3908317,50.9465352],[-1.3928614,50.9493821],[-1.4013571,50.9503901]]],"type":"Polygon"},"id":"E06000045","properties":{"code":"E06000045","geography":"LAD","name":"Southampton"},"type":"Feature"},{"geometry":{"coordinates":[[[-1.2829217,50.72972],[-1.2874586,50.7338626],[-1.2877613,50.734139],[-1.2938596,50.7505854],[-1.2938304,50.7507151],[-1.2925397,50.7564446],[-1.2921887,50.7580025],[-1.2927445,50.7583471],[-1.2953767,50.7599787],[-1.2954353,50.7600151],[-1.2999328,50.766947],[-1.3081027,50.7672164],[-1.3115191,50.7666881],[-1.3197222,50.7653942],[-1.3203122,50.7651935],[-1.3280791,50.757952],[-1.3425334,50.7526405],[-1.3459626,50.7466239],[-1.3461191,50.7464639],[-1.3533298,50.7390866],[-1.4087784,50.7255858],[-1.4094751,50.7251222],[-1.4078078,50.7238131],[-1.4011556,50.7272152],[-1.3959829,50.7263225],[-1.4000825,50.7241467],[-1.3861433,50.722636],[-1.3927724,50.7227095],[-1.3897186,50.7200076],[-1.3952103,50.7197447],[-1.3892416,50.7166343],[-1.3699246,50.7198236],[-1.379329,50.7174628],[-1.376673,50.7106468],[-1.3795212,50.7163383],[-1.392263,50.7155324],[-1.3974294,50.7191744],[-1.3998942,50.7165918],[-1.4039424,50.7208491],[-1.409184,50.7160891],[-1.4087447,50.7179246],[-1.4034794,50.7244571],[-1.4078358,50.7212575],[-1.4099015,50.7164919],[-1.4092946,50.7159082],[-1.3997233,50.7107771],[-1.4024436,50.7092928],[-1.4121935,50.7143416],[-1.4070237,50.7085559],[-1.4129001,50.7115098],[-1.4130363,50.7035437],[-1.4135294,50.7154509],[-1.4160475,50.7141175],[-1.4167483,50.7137464],[-1.415522,50.7152388],[-1.4124628,50.7189608],[-1.4137855,50.7189431],[-1.4182618,50.718883],[-1.4130732,50.7204624],[-1.411961,50.7208009],[-1.4127574,50.7211359],[-1.4211675,50.7246727],[-1.4120571,50.7245604],[-1.4167885,50.7253236],[-1.4273915,50.7260991],[-1.4346864,50.7232911],[-1.4701184,50.7096404],[-1.4762087,50.7089261],[-1.4870699,50.7068153],[-1.4895382,50.7068491],[-1.4934542,50.7069017],[-1.5039102,50.705673],[-1.5010084,50.7017272],[-1.4967569,50.7027045],[-1.4974381,50.7002074],[-1.5000461,50.7007141],[-1.5013497,50.7009674],[-1.4978537,50.6981186],[-1.4980086,50.6980098],[-1.5019454,50.6952442],[-1.4990598,50.6942187],[-1.5050915,50.6936672],[-1.5038864,50.6951408],[-1.5080291,50.6960306],[-1.5034042,50.6968893],[-1.4998353,50.6979537],[-1.5022639,50.699536],[-1.5033811,50.6971216],[-1.502794,50.7030208],[-1.5049359,50.7013322],[-1.5045723,50.7046764],[-1.5096704,50.705815],[-1.5029858,50.7067351],[-1.5237913,50.7062618],[-1.5313211,50.7023699],[-1.5320466,50.7019948],[-1.5356002,50.6920417],[-1.5375994,50.691543],[-1.5382039,50.6897371],[-1.5382513,50.6895954],[-1.5478584,50.6790904],[-1.5480029,50.6787296],[-1.5482438,50.6786689],[-1.5489782,50.6778657],[-1.5695711,50.6735198],[-1.5693301,50.6656281],[-1.5698248,50.6655562],[-1.5698702,50.6654233],[-1.5698705,50.6653651],[-1.5865349,50.6631223],[-1.5789019,50.6601482],[-1.5324259,50.6667926],[-1.5110358,50.6700033],[-1.485183,50.6669478],[-1.4849783,50.6668066],[-1.484499,50.6667487],[-1.4784715,50.6623179],[-1.464177,50.6524521],[-1.4639638,50.652305],[-1.4472696,50.6434883],[-1.4356842,50.6401562],[-1.4056992,50.6315246],[-1.3898517,50.627221],[-1.3667264,50.6138412],[-1.3506089,50.6056685],[-1.3394652,50.6017898],[-1.3181638,50.5894543],[-1.303496,50.5764883],[-1.2996462,50.575904],[-1.2690947,50.5795686],[-1.2498852,50.580882],[-1.204798,50.5930448],[-1.1962187,50.5951154],[-1.1826062,50.5983952],[-1.1752346,50.6068143],[-1.1752145,50.6068372],[-1.1733642,50.6167653],[-1.1707037,50.6312843],[-1.1706948,50.631333],[-1.1690156,50.6368421],[-1.1660027,50.6440044],[-1.1604542,50.649337],[-1.1600838,50.6495545],[-1.1525966,50.6539516],[-1.1522624,50.6541478],[-1.1522314,50.654166],[-1.1519003,50.6543605],[-1.1325964,50.6621033],[-1.1093164,50.665456],[-1.1090317,50.6654969],[-1.1089464,50.6655092],[-1.0980525,50.6652268],[-1.0976384,50.6658299],[-1.0947057,50.6719837],[-1.0698349,50.6838809],[-1.0706728,50.6879282],[-1.0819123,50.6941739],[-1.0837657,50.6946184],[-1.0936205,50.6958005],[-1.0948478,50.6944159],[-1.0955133,50.6936652],[-1.098308,50.690512],[-1.1082619,50.6935149],[-1.1079701,50.6938517],[-1.1028302,50.6997836],[-1.1038876,50.696262],[-1.0961429,50.6942314],[-1.097799,50.7061352],[-1.1013937,50.7073797],[-1.1015635,50.7076695],[-1.1097078,50.7215633],[-1.1368494,50.7270442],[-1.1375984,50.7272611],[-1.1376628,50.7272797],[-1.143754,50.7290429],[-1.1448993,50.7293321],[-1.1503725,50.7307136],[-1.1504964,50.7307449],[-1.151208,50.7309244],[-1.1557087,50.7320601],[-1.1559277,50.7321153],[-1.1601758,50.733187],[-1.1618253,50.7332095],[-1.1746305,50.7333839],[-1.1826612,50.7334932],[-1.2161233,50.7349054],[-1.2162074,50.734909],[-1.2175553,50.7349656],[-1.219804,50.732026],[-1.2198879,50.7319164],[-1.2249399,50.7253107],[-1.2254615,50.7246287],[-1.2250935,50.7259196],[-1.224405,50.7283346],[-1.2235425,50.7313598],[-1.2145313,50.7375737],[-1.2142083,50.738138],[-1.2386014,50.7437146],[-1.2386437,50.7437242],[-1.2392297,50.7438581],[-1.2447716,50.7490103],[-1.2454662,50.7496559],[-1.2551413,50.754559],[-1.2566112,50.7550633],[-1.2568309,50.7553233],[-1.2571501,50.7557008],[-1.2679923,50.7629365],[-1.275813,50.7657541],[-1.2801354,50.765461],[-1.2883399,50.7629644],[-1.2904659,50.7543536],[-1.2904265,50.7542206],[-1.2865826,50.7412258],[-1.2863829,50.7405507],[-1.2758754,50.7319371],[-1.2756352,50.7317243],[-1.2760685,50.7313556],[-1.2892755,50.7097396],[-1.2898858,50.7085697],[-1.2906962,50.7074163],[-1.2910865,50.7067779],[-1.2910272,50.7065579],[-1.2893765,50.7006149],[-1.2894053,50.7004883],[-1.2897093,50.6991447],[-1.2900254,50.6977384],[-1.2904035,50.6987459],[-1.2914784,50.7015864],[-1.2915936,50.7018908],[-1.292218,50.7055315],[-1.2909778,50.70876],[-1.2829217,50.72972]]],"type":"Polygon"},"id":"E06000046","properties":{"code":"E06000046","geography":"LAD","name":"Isle of Wight"},"type":"Feature"},{"geometry":{"coordinates":[[[-1.7376067,54.918689],[-1.750783,54.9173437],[-1.7607177,54.9085662],[-1.7672669,54.9096294],[-1.7687449,54.9067261],[-1.781637,54.9115566],[-1.7911829,54.9086975],[-1.7945223,54.9035741],[-1.807406,54.9072499],[-1.8206371,54.9057711],[-1.8276967,54.9054936],[-1.8346866,54.8990259],[-1.8454491,54.8969031],[-1.8474749,54.8897822],[-1.8544367,54.8911845],[-1.8509638,54.8846886],[-1.8600493,54.8780342],[-1.861278,54.8664308],[-1.8696711,54.8615578],[-1.8666006,54.8553856],[-1.8704097,54.8506729],[-1.8870683,54.8437282],[-1.8973934,54.8457482],[-1.9050515,54.8415692],[-1.9141088,54.8394797],[-1.911013,54.8366102],[-1.9158716,54.8340504],[-1.9208688,54.8379996],[-1.9181126,54.8407513],[-1.9271342,54.8411655],[-1.9209866,54.842452],[-1.9218609,54.8492657],[-1.9318404,54.8508453],[-1.9326155,54.8541608],[-1.9376553,54.8518298],[-1.9493061,54.8529789],[-1.9724652,54.8602426],[-1.9747664,54.8620638],[-1.9706932,54.8634889],[-1.9802363,54.8681835],[-2.000967,54.8696677],[-2.0264069,54.8586835],[-2.0396549,54.848241],[-2.0680447,54.844777],[-2.0825752,54.8381692],[-2.0974512,54.8367802],[-2.1038157,54.8402086],[-2.139789,54.8418707],[-2.1431305,54.8269592],[-2.1642648,54.8158278],[-2.16947,54.80361],[-2.1774163,54.8068211],[-2.1986007,54.8067363],[-2.2189068,54.7823774],[-2.2340641,54.7841652],[-2.2355207,54.7867973],[-2.2486628,54.7879599],[-2.2826778,54.7982521],[-2.292986,54.7931655],[-2.3120895,54.791015],[-2.313924,54.7811134],[-2.3084868,54.7735428],[-2.3224787,54.7639707],[-2.3208225,54.7550039],[-2.3323058,54.7319961],[-2.3257467,54.7266292],[-2.342095,54.716148],[-2.3443821,54.7017721],[-2.3554731,54.6971978],[-2.3515938,54.6857364],[-2.3356163,54.6753276],[-2.3271067,54.6736668],[-2.3275695,54.6708734],[-2.3033172,54.6696299],[-2.303397,54.6668241],[-2.292875,54.6638853],[-2.2879787,54.6504801],[-2.3249378,54.6316502],[-2.308758,54.6118833],[-2.3045145,54.5961978],[-2.2709365,54.5821991],[-2.2459621,54.5650627],[-2.2094882,54.5517134],[-2.2101425,54.5436583],[-2.1975306,54.532704],[-2.1822861,54.5358554],[-2.172398,54.5324441],[-2.1744925,54.521727],[-2.1687045,54.5196521],[-2.1623933,54.5039428],[-2.1664702,54.4899079],[-2.1593898,54.471092],[-2.170213,54.4581988],[-2.1592676,54.4554835],[-2.1501207,54.4599635],[-2.1165962,54.4622635],[-2.0863966,54.4683929],[-2.0612893,54.4805576],[-2.0431984,54.4835994],[-2.0447295,54.4751863],[-1.9967644,54.4669034],[-1.9855394,54.4599253],[-1.9761253,54.4597288],[-1.9700596,54.4515215],[-1.9425432,54.4533954],[-1.8934303,54.4668983],[-1.8776032,54.4780496],[-1.8672551,54.4821169],[-1.85913,54.4818579],[-1.8578005,54.5035398],[-1.8364727,54.5080216],[-1.8224434,54.4951777],[-1.7929765,54.4844924],[-1.7871772,54.501039],[-1.7821753,54.5070127],[-1.7761323,54.5067285],[-1.7796965,54.531873],[-1.769724,54.5328449],[-1.7612135,54.5289515],[-1.7330914,54.5277364],[-1.727305,54.5304851],[-1.7213109,54.5423017],[-1.6969264,54.5360064],[-1.6983401,54.5442095],[-1.7037713,54.5449365],[-1.7052742,54.549172],[-1.6975625,54.5557124],[-1.6912067,54.5562446],[-1.7033112,54.5586958],[-1.7092821,54.5631795],[-1.7044803,54.5721617],[-1.7089844,54.5741417],[-1.6940278,54.5868938],[-1.6793117,54.5859733],[-1.68061,54.597833],[-1.6824222,54.6177711],[-1.6570397,54.6154733],[-1.6416285,54.6193657],[-1.6332394,54.6161278],[-1.631396,54.618457],[-1.6185054,54.6191676],[-1.6121258,54.6181274],[-1.6067641,54.6175404],[-1.6067585,54.6173949],[-1.6062181,54.6034402],[-1.5841928,54.610486],[-1.5840723,54.6072684],[-1.5929486,54.6045494],[-1.5898756,54.5977487],[-1.5934093,54.5950772],[-1.5908608,54.590214],[-1.5828647,54.589475],[-1.5833153,54.5809086],[-1.552824,54.5823422],[-1.5622619,54.5859713],[-1.5586445,54.5921168],[-1.5264032,54.596486],[-1.51403,54.5953555],[-1.4688963,54.6005275],[-1.4601969,54.5968256],[-1.4561228,54.5992909],[-1.4517055,54.590828],[-1.4434012,54.5906239],[-1.4383555,54.5950796],[-1.4507858,54.6046985],[-1.4508975,54.6105584],[-1.4421932,54.6102505],[-1.4299699,54.6153228],[-1.4261708,54.6115187],[-1.4125363,54.6168009],[-1.4047798,54.6240456],[-1.3991581,54.6241293],[-1.4015988,54.6263593],[-1.3942352,54.6288823],[-1.3955098,54.6310975],[-1.3882713,54.6316031],[-1.3904483,54.6391351],[-1.3808471,54.6438022],[-1.383764,54.646243],[-1.3412227,54.6502433],[-1.3478713,54.6624292],[-1.3435439,54.6686115],[-1.3330646,54.6726136],[-1.3309442,54.6821617],[-1.3344902,54.6890177],[-1.3446028,54.6908263],[-1.3193639,54.6912974],[-1.3134959,54.6970865],[-1.3138792,54.7011972],[-1.3012951,54.7081586],[-1.3054812,54.7175635],[-1.2903015,54.7183978],[-1.2733428,54.7253674],[-1.2585614,54.7260555],[-1.251865,54.719623],[-1.2436887,54.7225881],[-1.2459213,54.7234405],[-1.243401,54.7226924],[-1.2423815,54.7230621],[-1.2816865,54.7528308],[-1.2910143,54.7598885],[-1.2913124,54.7600915],[-1.2913696,54.7601597],[-1.2923579,54.7610064],[-1.2935428,54.7627478],[-1.3088541,54.7809728],[-1.3083059,54.7832366],[-1.308147,54.7841983],[-1.3087507,54.7850845],[-1.3105588,54.7975151],[-1.3126106,54.8066222],[-1.320336,54.8215082],[-1.3197346,54.8223724],[-1.3226714,54.827569],[-1.3258846,54.832294],[-1.3256314,54.8325555],[-1.3215533,54.8367678],[-1.3246088,54.8348599],[-1.3293463,54.8379613],[-1.320891,54.8375635],[-1.321402,54.8376641],[-1.3298237,54.8389372],[-1.3354852,54.8437743],[-1.3359384,54.8441615],[-1.347427,54.8605995],[-1.3689605,54.857655],[-1.3816635,54.8471597],[-1.4135469,54.8448777],[-1.4120133,54.8418957],[-1.4216312,54.8384708],[-1.413122,54.824559],[-1.4130594,54.8233292],[-1.4216393,54.813164],[-1.422543,54.8031754],[-1.4375307,54.8005273],[-1.4440216,54.8024704],[-1.4546015,54.8000219],[-1.4935311,54.8000518],[-1.4818556,54.8096514],[-1.4943058,54.8160124],[-1.49029,54.8201815],[-1.4937396,54.8234724],[-1.4975087,54.822628],[-1.5042797,54.8312298],[-1.5033184,54.8366303],[-1.5102618,54.860107],[-1.5065307,54.8710801],[-1.5195614,54.8759417],[-1.532942,54.8770578],[-1.5415684,54.8734594],[-1.5619144,54.8756928],[-1.5594108,54.8820371],[-1.5799095,54.8777701],[-1.5807122,54.8810583],[-1.5875621,54.894341],[-1.5975173,54.9015847],[-1.6119327,54.8952479],[-1.6187435,54.8870587],[-1.6274106,54.8864473],[-1.6436895,54.878804],[-1.650982,54.8796671],[-1.6463459,54.8813953],[-1.6500117,54.8936264],[-1.6599509,54.8906648],[-1.6630359,54.8959394],[-1.6781337,54.8998451],[-1.6762778,54.9053407],[-1.6748376,54.9093024],[-1.687655,54.907917],[-1.6905728,54.9026657],[-1.6975877,54.9062433],[-1.6996393,54.90919],[-1.7249228,54.9088446],[-1.7376067,54.918689]]],"type":"Polygon"},"id":"E06000047","properties":{"code":"E06000047","geography":"LAD","name":"County Durham"},"type":"Feature"},{"geometry":{"coordinates":[[[-2.3847295,53.3700524],[-2.4007025,53.3752459],[-2.4080367,53.3828157],[-2.4265899,53.3874615],[-2.4287235,53.3764058],[-2.4396631,53.3705422],[-2.43988,53.3666626],[-2.458842,53.3682856],[-2.4649956,53.363531],[-2.4868784,53.3679038],[-2.5058235,53.3554851],[-2.5210496,53.3479005],[-2.518393,53.3423903],[-2.4939679,53.3432986],[-2.5122812,53.3213462],[-2.5029084,53.3133833],[-2.5055331,53.310681],[-2.5016954,53.2986441],[-2.4975907,53.2993409],[-2.4980061,53.289909],[-2.4850764,53.2908243],[-2.4699993,53.2857206],[-2.4644573,53.2872795],[-2.4469202,53.2801164],[-2.4504831,53.2781708],[-2.4440894,53.2704715],[-2.4336692,53.2686277],[-2.4274608,53.2611695],[-2.4228852,53.2600686],[-2.4144549,53.2683194],[-2.4000017,53.2653306],[-2.3941152,53.2667543],[-2.3882487,53.2649668],[-2.3882368,53.2613354],[-2.3868616,53.2640994],[-2.3789918,53.263376],[-2.3815375,53.2578398],[-2.3703993,53.2544709],[-2.3646501,53.2486797],[-2.3489715,53.2486723],[-2.3463531,53.2409372],[-2.3591309,53.2333613],[-2.3637999,53.2235708],[-2.3962893,53.2343624],[-2.3988589,53.2282763],[-2.4028217,53.2292958],[-2.397878,53.2252279],[-2.4011723,53.2217588],[-2.4141818,53.2192998],[-2.4088312,53.2118054],[-2.4101609,53.2056964],[-2.4008889,53.2032831],[-2.3950328,53.2061001],[-2.389862,53.1960856],[-2.37256,53.1955514],[-2.3711524,53.1904402],[-2.3769225,53.1872616],[-2.3686861,53.1829172],[-2.378202,53.1720816],[-2.3921097,53.1799152],[-2.3980564,53.1772132],[-2.3979421,53.1722984],[-2.4065795,53.174137],[-2.4163216,53.1878923],[-2.4306635,53.1979653],[-2.4345169,53.1966748],[-2.4431228,53.2013631],[-2.4512259,53.19936],[-2.4564358,53.2026341],[-2.4602557,53.1990813],[-2.457333,53.1766167],[-2.4419846,53.1688068],[-2.4432543,53.1601943],[-2.4546599,53.1609377],[-2.4564654,53.1568678],[-2.4690739,53.152762],[-2.4861802,53.1601567],[-2.4850247,53.1627377],[-2.4961943,53.1642819],[-2.5062792,53.1589864],[-2.5205656,53.1604098],[-2.5268653,53.1528386],[-2.5422513,53.1497609],[-2.5596804,53.1618833],[-2.56676,53.1626075],[-2.5766708,53.161981],[-2.583581,53.1554979],[-2.5965047,53.1588721],[-2.5974948,53.1552032],[-2.5887144,53.146577],[-2.5920052,53.1445159],[-2.6043495,53.1451071],[-2.6117414,53.1505677],[-2.6231944,53.1514217],[-2.629066,53.148658],[-2.6407879,53.1398604],[-2.6404285,53.1290638],[-2.6597303,53.1307164],[-2.6624365,53.1213491],[-2.6711451,53.11587],[-2.6966285,53.119968],[-2.7060541,53.1185091],[-2.7113636,53.0936424],[-2.7317386,53.091809],[-2.7349296,53.0865531],[-2.7454662,53.0821565],[-2.7529287,53.0692262],[-2.7410707,53.0645211],[-2.732423,53.0576836],[-2.7346989,53.0550842],[-2.7182628,53.0442141],[-2.7024106,53.0543212],[-2.6688173,53.0386539],[-2.6787706,53.032659],[-2.679321,53.0259396],[-2.6850181,53.0217132],[-2.6783206,53.0150111],[-2.6885549,53.0124864],[-2.6992924,52.9954388],[-2.6870785,52.9868305],[-2.6746623,52.9856628],[-2.6523568,52.9949945],[-2.6428051,52.9934807],[-2.6350745,52.9967342],[-2.6280282,52.995169],[-2.62194,52.9867422],[-2.6077341,52.9883621],[-2.6056794,52.9793951],[-2.5948891,52.9796071],[-2.5996299,52.9754329],[-2.5927562,52.9741695],[-2.5984466,52.9717182],[-2.5949175,52.9609929],[-2.586203,52.9553144],[-2.5750596,52.957308],[-2.5702766,52.9597717],[-2.5734924,52.9627164],[-2.5612629,52.9649521],[-2.5536975,52.9574662],[-2.5463552,52.9568377],[-2.5295158,52.9471649],[-2.5232807,52.9543553],[-2.521341,52.9743455],[-2.5068972,52.9649126],[-2.4990231,52.9684347],[-2.4917008,52.9676841],[-2.4811333,52.9588366],[-2.4752384,52.9624762],[-2.4502646,52.9660542],[-2.4429913,52.9707813],[-2.4346685,52.9695573],[-2.4381686,52.9855677],[-2.4108621,52.9879253],[-2.4044751,52.9916536],[-2.4069867,52.9959166],[-2.3897348,52.9953922],[-2.3807937,52.9984111],[-2.3830447,53.0077868],[-2.3704216,53.0145296],[-2.3842274,53.0261676],[-2.379785,53.0275914],[-2.3861247,53.0336027],[-2.3821591,53.0458497],[-2.3851237,53.048091],[-2.3750598,53.0545307],[-2.357579,53.0547185],[-2.3537353,53.0588488],[-2.3485978,53.0558447],[-2.3304022,53.0708801],[-2.3290094,53.0765799],[-2.3167823,53.0811864],[-2.303403,53.0829963],[-2.2944609,53.0782958],[-2.2816902,53.0803161],[-2.275289,53.0821891],[-2.2770593,53.0859116],[-2.255899,53.0906742],[-2.2532485,53.093977],[-2.2464316,53.0903076],[-2.2379514,53.1010471],[-2.2230736,53.1037952],[-2.2113149,53.1158245],[-2.1935063,53.1295649],[-2.1865338,53.1359773],[-2.1732802,53.1476049],[-2.1595429,53.1529061],[-2.1555454,53.1596535],[-2.1414229,53.1566125],[-2.1448659,53.1737678],[-2.1407397,53.1836008],[-2.1337442,53.1830396],[-2.1279465,53.1746481],[-2.1144059,53.1725771],[-2.1154323,53.1695366],[-2.1005237,53.1695241],[-2.0907078,53.1723536],[-2.0873984,53.1698366],[-2.0781007,53.1704156],[-2.0580563,53.1763888],[-2.0593175,53.1808356],[-2.0461097,53.1927771],[-2.0285809,53.1933721],[-2.0182317,53.1890845],[-2.0017493,53.1929557],[-1.9873798,53.2136037],[-1.9902487,53.2230223],[-1.9759002,53.227589],[-1.9748274,53.2308202],[-1.9819027,53.2385605],[-1.9997103,53.2450201],[-2.0003552,53.2554018],[-2.0094248,53.2606147],[-2.0051973,53.26904],[-2.0081344,53.2874883],[-2.0093291,53.3023142],[-2.001551,53.3189218],[-2.010266,53.322897],[-2.009283,53.3313886],[-2.0136499,53.3324202],[-2.0143192,53.3400585],[-2.0046598,53.3460097],[-2.0080652,53.3549667],[-2.0090486,53.3620078],[-2.0218055,53.3667782],[-2.027046,53.3637116],[-2.0341065,53.3677954],[-2.0310585,53.3702624],[-2.0405636,53.3740878],[-2.0553205,53.3668911],[-2.0608333,53.3584355],[-2.0786178,53.358173],[-2.095092,53.3660679],[-2.1039384,53.3660407],[-2.1144092,53.3646205],[-2.124295,53.3619671],[-2.1390253,53.367317],[-2.1381967,53.3568913],[-2.1425328,53.3541896],[-2.1511906,53.3481331],[-2.1440993,53.342871],[-2.1500084,53.3382975],[-2.1525354,53.3285533],[-2.1595546,53.3281896],[-2.1848768,53.3326914],[-2.1941629,53.3386504],[-2.1809773,53.3440438],[-2.1880152,53.3487366],[-2.1854383,53.3526516],[-2.200418,53.355245],[-2.2084645,53.3550044],[-2.2074095,53.3567986],[-2.2222242,53.3597813],[-2.2329816,53.3587952],[-2.2407901,53.3595743],[-2.2564473,53.3606768],[-2.2670767,53.3505735],[-2.2806401,53.3459689],[-2.2879328,53.3430886],[-2.3016616,53.3402242],[-2.2970125,53.3486475],[-2.3140125,53.3574304],[-2.3234755,53.3582771],[-2.3245251,53.3614558],[-2.3286872,53.3606403],[-2.3400902,53.3674438],[-2.3488925,53.36591],[-2.3539582,53.3682285],[-2.3649575,53.3631006],[-2.3847295,53.3700524]]],"type":"Polygon"},"id":"E06000049","properties":{"code":"E06000049","geography":"LAD","name":"Cheshire East"},"type":"Feature"},{"geometry":{"coordinates":[[[-2.4939679,53.3432986],[-2.518393,53.3423903],[-2.5394529,53.3363903],[-2.544529,53.3305255],[-2.5516644,53.332374],[-2.5618751,53.3233428],[-2.5862897,53.3293968],[-2.5952231,53.3224544],[-2.6090865,53.3120712],[-2.6103227,53.3181577],[-2.6210811,53.3191981],[-2.617801,53.3161351],[-2.6241227,53.3093982],[-2.6325086,53.307521],[-2.6450614,53.3101351],[-2.6415569,53.3050348],[-2.6853525,53.3153317],[-2.700799,53.3057928],[-2.7209657,53.3127599],[-2.7309921,53.3118528],[-2.734641,53.3070689],[-2.7392691,53.306839],[-2.7524809,53.3147338],[-2.7527918,53.3145696],[-2.7889661,53.2954509],[-2.7909573,53.2962416],[-2.815956,53.3061632],[-2.8429974,53.3075366],[-2.847746,53.3062553],[-2.8482882,53.3021147],[-2.8396011,53.2987369],[-2.853962,53.2952785],[-2.8555682,53.2920219],[-2.8783897,53.2907828],[-2.8868436,53.2931608],[-2.9005343,53.2970099],[-2.9016986,53.2976988],[-2.9036264,53.2988392],[-2.904651,53.2994661],[-2.9147781,53.3056606],[-2.9285719,53.3082489],[-2.9287639,53.3084068],[-2.9287938,53.3084314],[-2.9317024,53.3060361],[-2.9396085,53.3103882],[-2.9466105,53.3055106],[-2.9680333,53.3012551],[-2.9801638,53.304659],[-2.9927378,53.3071088],[-3.012837,53.2989708],[-3.02976,53.2989921],[-3.0483907,53.3109606],[-3.0596592,53.3090038],[-3.0726496,53.3158543],[-3.0830811,53.3107858],[-3.1065626,53.2981098],[-3.1035374,53.2991502],[-3.1059834,53.2952101],[-3.0966562,53.2971686],[-3.1037618,53.2952855],[-3.0963962,53.2942235],[-3.1095848,53.2931433],[-3.1033613,53.2914473],[-3.1084495,53.2903222],[-3.10131,53.2907308],[-3.1045389,53.2887108],[-3.101195,53.2869025],[-3.0977102,53.2901761],[-3.0989,53.2867915],[-3.0933529,53.2880893],[-3.0963139,53.2843325],[-3.0837404,53.2900567],[-3.0906386,53.2845338],[-3.0838799,53.2794509],[-3.0815966,53.2813261],[-3.0769097,53.2795447],[-3.0730356,53.2776291],[-3.0641758,53.273247],[-3.0734835,53.2773725],[-3.0775209,53.2791616],[-3.0783374,53.278649],[-3.0773791,53.2751413],[-3.077077,53.2740355],[-3.0775433,53.2750472],[-3.0790092,53.2782277],[-3.091817,53.2783367],[-3.084662,53.2746814],[-3.0849217,53.2745181],[-3.092364,53.2761428],[-3.0879493,53.272618],[-3.0841428,53.2712664],[-3.0780597,53.2691059],[-3.0845611,53.2710266],[-3.0849321,53.2711362],[-3.0848859,53.2708406],[-3.0842986,53.2670825],[-3.0870551,53.2695976],[-3.0889635,53.2713386],[-3.0908561,53.2686973],[-3.0897389,53.2680595],[-3.0811498,53.2631549],[-3.0895863,53.2673489],[-3.0915918,53.2646769],[-3.0841383,53.2623386],[-3.0917381,53.2645345],[-3.0920586,53.2667301],[-3.0925012,53.2697619],[-3.0966798,53.2723214],[-3.101329,53.2669472],[-3.0974437,53.2636432],[-3.0973554,53.263575],[-3.0744246,53.2537075],[-3.0611164,53.2527196],[-3.0486707,53.2522095],[-3.0360632,53.2518064],[-3.0259052,53.2484562],[-3.0164231,53.2441217],[-2.9495101,53.2112797],[-2.9436757,53.2040259],[-2.9222993,53.1892927],[-2.9203954,53.1825736],[-2.9203192,53.1794297],[-2.9278414,53.1714105],[-2.9403043,53.1667417],[-2.962841,53.1619942],[-2.970926,53.1607824],[-2.9814919,53.1562919],[-2.9899568,53.1575424],[-2.992929,53.1532881],[-2.9845649,53.1477797],[-2.979498,53.1506216],[-2.9638131,53.1327575],[-2.9469057,53.1272704],[-2.9436703,53.1216257],[-2.9208363,53.1184238],[-2.9102323,53.112639],[-2.8970015,53.1139943],[-2.8864998,53.1213838],[-2.8809423,53.1213747],[-2.8838788,53.1113435],[-2.8917159,53.1093947],[-2.8933795,53.1041766],[-2.8873038,53.1044225],[-2.8934867,53.0962419],[-2.8978198,53.0964152],[-2.894838,53.0988144],[-2.8994,53.0979251],[-2.9009437,53.0908335],[-2.8935762,53.0915525],[-2.8910512,53.087511],[-2.8757223,53.081522],[-2.8817507,53.0745945],[-2.8753627,53.0733014],[-2.8776528,53.0689202],[-2.8693578,53.0697443],[-2.8655086,53.0660211],[-2.8704338,53.0641919],[-2.8615131,53.0607743],[-2.8725627,53.058708],[-2.8609596,53.0576456],[-2.8670933,53.0567407],[-2.8592356,53.0541648],[-2.8660908,53.0527361],[-2.8683405,53.0500625],[-2.86342,53.0521244],[-2.8631187,53.0486226],[-2.8701179,53.0453606],[-2.8616012,53.0438252],[-2.8667043,53.0405626],[-2.861873,53.0386039],[-2.8557151,53.0372559],[-2.860496,53.0285537],[-2.8587018,53.0198999],[-2.844062,53.0176684],[-2.8377696,53.0106642],[-2.8408564,53.0084418],[-2.8359956,52.9971501],[-2.803311,52.9895942],[-2.7923648,52.9909144],[-2.7909671,52.9953025],[-2.7849016,52.9939035],[-2.7819456,52.9962827],[-2.7797359,52.9933818],[-2.7656165,52.9941359],[-2.7599402,52.9864197],[-2.7437414,52.9871475],[-2.7268406,52.9832729],[-2.7233583,52.9833956],[-2.7118787,52.9860844],[-2.6992924,52.9954388],[-2.6885549,53.0124864],[-2.6783206,53.0150111],[-2.6850181,53.0217132],[-2.679321,53.0259396],[-2.6787706,53.032659],[-2.6688173,53.0386539],[-2.7024106,53.0543212],[-2.7182628,53.0442141],[-2.7346989,53.0550842],[-2.732423,53.0576836],[-2.7410707,53.0645211],[-2.7529287,53.0692262],[-2.7454662,53.0821565],[-2.7349296,53.0865531],[-2.7317386,53.091809],[-2.7113636,53.0936424],[-2.7060541,53.1185091],[-2.6966285,53.119968],[-2.6711451,53.11587],[-2.6624365,53.1213491],[-2.6597303,53.1307164],[-2.6404285,53.1290638],[-2.6407879,53.1398604],[-2.629066,53.148658],[-2.6231944,53.1514217],[-2.6117414,53.1505677],[-2.6043495,53.1451071],[-2.5920052,53.1445159],[-2.5887144,53.146577],[-2.5974948,53.1552032],[-2.5965047,53.1588721],[-2.583581,53.1554979],[-2.5766708,53.161981],[-2.56676,53.1626075],[-2.5596804,53.1618833],[-2.5422513,53.1497609],[-2.5268653,53.1528386],[-2.5205656,53.1604098],[-2.5062792,53.1589864],[-2.4961943,53.1642819],[-2.4850247,53.1627377],[-2.4861802,53.1601567],[-2.4690739,53.152762],[-2.4564654,53.1568678],[-2.4546599,53.1609377],[-2.4432543,53.1601943],[-2.4419846,53.1688068],[-2.457333,53.1766167],[-2.4602557,53.1990813],[-2.4564358,53.2026341],[-2.4512259,53.19936],[-2.4431228,53.2013631],[-2.4345169,53.1966748],[-2.4306635,53.1979653],[-2.4163216,53.1878923],[-2.4065795,53.174137],[-2.3979421,53.1722984],[-2.3980564,53.1772132],[-2.3921097,53.1799152],[-2.378202,53.1720816],[-2.3686861,53.1829172],[-2.3769225,53.1872616],[-2.3711524,53.1904402],[-2.37256,53.1955514],[-2.389862,53.1960856],[-2.3950328,53.2061001],[-2.4008889,53.2032831],[-2.4101609,53.2056964],[-2.4088312,53.2118054],[-2.4141818,53.2192998],[-2.4011723,53.2217588],[-2.397878,53.2252279],[-2.4028217,53.2292958],[-2.3988589,53.2282763],[-2.3962893,53.2343624],[-2.3637999,53.2235708],[-2.3591309,53.2333613],[-2.3463531,53.2409372],[-2.3489715,53.2486723],[-2.3646501,53.2486797],[-2.3703993,53.2544709],[-2.3815375,53.2578398],[-2.3789918,53.263376],[-2.3868616,53.2640994],[-2.3882368,53.2613354],[-2.3882487,53.2649668],[-2.3941152,53.2667543],[-2.4000017,53.2653306],[-2.4144549,53.2683194],[-2.4228852,53.2600686],[-2.4274608,53.2611695],[-2.4336692,53.2686277],[-2.4440894,53.2704715],[-2.4504831,53.2781708],[-2.4469202,53.2801164],[-2.4644573,53.2872795],[-2.4699993,53.2857206],[-2.4850764,53.2908243],[-2.4980061,53.289909],[-2.4975907,53.2993409],[-2.5016954,53.2986441],[-2.5055331,53.310681],[-2.5029084,53.3133833],[-2.5122812,53.3213462],[-2.4939679,53.3432986]]],"type":"Polygon"},"id":"E06000050","properties":{"code":"E06000050","geography":"LAD","name":"Cheshire West and Chester"},"type":"Feature"},{"geometry":{"coordinates":[[[-2.3764963,52.9976899],[-2.3807937,52.9984111],[-2.3897348,52.9953922],[-2.4069867,52.9959166],[-2.4044751,52.9916536],[-2.4108621,52.9879253],[-2.4381686,52.9855677],[-2.4346685,52.9695573],[-2.4429913,52.9707813],[-2.4502646,52.9660542],[-2.4752384,52.9624762],[-2.4811333,52.9588366],[-2.4917008,52.9676841],[-2.4990231,52.9684347],[-2.5068972,52.9649126],[-2.521341,52.9743455],[-2.5232807,52.9543553],[-2.5295158,52.9471649],[-2.5463552,52.9568377],[-2.5536975,52.9574662],[-2.5612629,52.9649521],[-2.5734924,52.9627164],[-2.5702766,52.9597717],[-2.5750596,52.957308],[-2.586203,52.9553144],[-2.5949175,52.9609929],[-2.5984466,52.9717182],[-2.5927562,52.9741695],[-2.5996299,52.9754329],[-2.5948891,52.9796071],[-2.6056794,52.9793951],[-2.6077341,52.9883621],[-2.62194,52.9867422],[-2.6280282,52.995169],[-2.6350745,52.9967342],[-2.6428051,52.9934807],[-2.6523568,52.9949945],[-2.6746623,52.9856628],[-2.6870785,52.9868305],[-2.6992924,52.9954388],[-2.7118787,52.9860844],[-2.7233583,52.9833956],[-2.7268406,52.9832729],[-2.7352936,52.9699462],[-2.7274812,52.9663552],[-2.7241775,52.9571217],[-2.7281632,52.9469923],[-2.7285414,52.9251781],[-2.7553265,52.924628],[-2.7721097,52.9142659],[-2.8004769,52.8955151],[-2.812976,52.9095626],[-2.8130263,52.9149406],[-2.8384961,52.9321839],[-2.841015,52.9426237],[-2.8715639,52.9452578],[-2.8836621,52.9466689],[-2.8874313,52.9525299],[-2.898292,52.9502755],[-2.9081877,52.9420852],[-2.920278,52.9433954],[-2.9288887,52.9386788],[-2.9598133,52.9511696],[-2.9618241,52.9556589],[-2.9728283,52.9604624],[-2.9684868,52.9641756],[-2.9747701,52.9689516],[-2.9774034,52.9672651],[-2.9820223,52.9591983],[-3.0086137,52.9565913],[-3.0132498,52.9487263],[-3.0170391,52.9487079],[-3.0200619,52.9459711],[-3.0238681,52.9364414],[-3.0282941,52.9367999],[-3.0317268,52.9311491],[-3.0406757,52.9279644],[-3.0608725,52.9293472],[-3.0638739,52.9263493],[-3.0765132,52.9254793],[-3.0960463,52.9303155],[-3.1087311,52.9197901],[-3.1128091,52.9068785],[-3.1168943,52.8996934],[-3.1141622,52.8939782],[-3.1375179,52.8949167],[-3.1475039,52.8901693],[-3.135494,52.8851695],[-3.1470414,52.8846973],[-3.1483699,52.881227],[-3.1516594,52.8780415],[-3.1277129,52.867103],[-3.1630148,52.8474909],[-3.1512604,52.8425649],[-3.1564786,52.8370141],[-3.1551121,52.8307236],[-3.1678875,52.8192667],[-3.1682052,52.8073284],[-3.1614122,52.8035764],[-3.1543012,52.8074879],[-3.1541206,52.8025209],[-3.1619145,52.7992534],[-3.1584253,52.7934881],[-3.1479981,52.7920908],[-3.1445524,52.7885092],[-3.1424543,52.7903265],[-3.1189097,52.7872237],[-3.1190663,52.7847779],[-3.1097483,52.7866868],[-3.1061011,52.7929554],[-3.0977309,52.7913736],[-3.0866322,52.7955932],[-3.0857381,52.7903036],[-3.0916936,52.7867519],[-3.0888196,52.7775394],[-3.0806486,52.7774405],[-3.0795161,52.7715139],[-3.0742457,52.7696173],[-3.0695562,52.7742221],[-3.0626103,52.7690748],[-3.0579257,52.7736854],[-3.0477914,52.7726356],[-3.0525404,52.7685883],[-3.0466273,52.7670326],[-3.0389855,52.7703947],[-3.0326339,52.7672501],[-3.0355323,52.7640491],[-3.0267856,52.7670458],[-3.0227865,52.7641172],[-3.0171915,52.7676407],[-3.01062,52.7616446],[-3.0143595,52.7529936],[-3.0218912,52.7523788],[-3.0166425,52.7485313],[-3.0097688,52.7503467],[-2.9919928,52.743756],[-2.9925372,52.7385796],[-2.997383,52.7383546],[-2.9910302,52.7337179],[-2.9736526,52.7357354],[-2.9650657,52.7322681],[-2.9666978,52.7256463],[-2.9617222,52.7255645],[-2.9610999,52.7163872],[-2.9655995,52.714408],[-2.978103,52.7153573],[-2.977592,52.7265917],[-3.0005547,52.7202753],[-3.0183799,52.7212662],[-3.0190404,52.7253338],[-3.0214773,52.7242448],[-3.0253381,52.7165116],[-3.022486,52.7066679],[-3.0262618,52.7033543],[-3.0342241,52.6934407],[-3.0470478,52.6912658],[-3.042082,52.681497],[-3.0456566,52.6754637],[-3.0385803,52.6753732],[-3.0491096,52.6623439],[-3.0449321,52.6559694],[-3.050869,52.6534125],[-3.0511243,52.6473703],[-3.0695911,52.6458442],[-3.0835663,52.6412925],[-3.0695755,52.6374964],[-3.0598089,52.6307547],[-3.0731869,52.6289627],[-3.0720575,52.6260952],[-3.0825416,52.6195815],[-3.0826009,52.6156328],[-3.0936226,52.6093391],[-3.0895582,52.5995063],[-3.1004211,52.5976338],[-3.1174141,52.5857631],[-3.1221425,52.587636],[-3.1395008,52.5857198],[-3.1349784,52.5836749],[-3.1385856,52.5829318],[-3.1377079,52.573834],[-3.1273602,52.5660503],[-3.1114954,52.5413638],[-3.1371606,52.5333937],[-3.1330814,52.5274741],[-3.1086828,52.5291669],[-3.0854123,52.5345027],[-3.0807509,52.5391438],[-3.0939432,52.5449023],[-3.0923112,52.5478302],[-3.0650039,52.5568293],[-3.0598164,52.5555606],[-3.0347748,52.572165],[-3.01444,52.5754974],[-3.0064839,52.5738404],[-2.9976036,52.5638437],[-2.9997201,52.5546693],[-2.9943072,52.5530481],[-3.0050749,52.5294612],[-3.0009054,52.5241105],[-3.0038736,52.519833],[-3.0323789,52.5237313],[-3.030796,52.5195216],[-3.0367109,52.5132774],[-3.0292022,52.501268],[-3.0474994,52.4992222],[-3.1081243,52.4993009],[-3.1449254,52.4887936],[-3.1805918,52.4738363],[-3.1972402,52.4759894],[-3.230874,52.4532282],[-3.2355534,52.4425112],[-3.2283459,52.4395219],[-3.2306677,52.4305073],[-3.2222794,52.4267746],[-3.2195423,52.4212466],[-3.1788519,52.4094453],[-3.1605815,52.3999293],[-3.1615298,52.3921556],[-3.1544466,52.3877152],[-3.1295414,52.3845025],[-3.1202127,52.3774807],[-3.1106065,52.3771929],[-3.1007593,52.3677998],[-3.0705442,52.3559769],[-3.0632966,52.3492111],[-3.0401744,52.3443264],[-3.0000046,52.3517202],[-2.985925,52.3508784],[-2.9745033,52.3547008],[-2.9705301,52.3513566],[-2.9546514,52.3491548],[-2.9331492,52.3500521],[-2.9361713,52.352935],[-2.9306558,52.3549933],[-2.9388893,52.361058],[-2.9261433,52.3669953],[-2.9008051,52.3672703],[-2.9223108,52.3751473],[-2.9140069,52.3821328],[-2.9195561,52.3845415],[-2.9176851,52.3862885],[-2.9054125,52.3857767],[-2.8929267,52.3795743],[-2.8930363,52.3740913],[-2.8864676,52.3785127],[-2.8884157,52.3851704],[-2.8637428,52.3887016],[-2.855451,52.3952493],[-2.8054326,52.3882521],[-2.8073889,52.3759677],[-2.7986504,52.3726601],[-2.7921122,52.3745337],[-2.7956237,52.3604391],[-2.7924201,52.3568636],[-2.7614643,52.3594636],[-2.7486453,52.3590376],[-2.7327401,52.3555154],[-2.741266,52.349713],[-2.7379406,52.3427348],[-2.7484478,52.3349046],[-2.7670054,52.3361575],[-2.764932,52.3329464],[-2.7459881,52.3266559],[-2.7372235,52.3194811],[-2.72479,52.319863],[-2.7141366,52.3088322],[-2.6798112,52.3120231],[-2.6799447,52.3151996],[-2.6892858,52.3162017],[-2.669604,52.3415246],[-2.6603156,52.3413262],[-2.6560081,52.3378294],[-2.6598868,52.3347905],[-2.6556908,52.3331752],[-2.6415038,52.3330571],[-2.6368424,52.3244835],[-2.6292737,52.3206843],[-2.623933,52.3213881],[-2.6280496,52.3133801],[-2.6180952,52.3069466],[-2.6100013,52.3062813],[-2.5950891,52.3138859],[-2.5845004,52.3131719],[-2.579949,52.3165194],[-2.5741231,52.3175395],[-2.5625748,52.3110902],[-2.562219,52.3331083],[-2.5391499,52.3441391],[-2.5219072,52.3418476],[-2.5121295,52.3371103],[-2.5084102,52.3332569],[-2.5132048,52.3292139],[-2.4817959,52.3310777],[-2.4782211,52.3384221],[-2.4843544,52.3445599],[-2.4817922,52.3511198],[-2.488383,52.3554018],[-2.483892,52.3605633],[-2.474041,52.3607141],[-2.4747486,52.3671805],[-2.4677931,52.364559],[-2.45755,52.36785],[-2.4260416,52.3658219],[-2.4146959,52.368248],[-2.4098836,52.3706247],[-2.4151446,52.3789865],[-2.4109696,52.3864252],[-2.4044437,52.3828291],[-2.3935942,52.3843707],[-2.3906732,52.3815279],[-2.3874421,52.3844881],[-2.3779114,52.3831508],[-2.3673519,52.388063],[-2.352633,52.3889368],[-2.3501462,52.3857248],[-2.3355541,52.3853373],[-2.333756,52.3885025],[-2.3421584,52.3931905],[-2.3729571,52.4019338],[-2.3660362,52.4078419],[-2.3665808,52.4230297],[-2.3627326,52.4257684],[-2.3641561,52.4319387],[-2.3635279,52.4394258],[-2.3451091,52.4393327],[-2.3331193,52.4353549],[-2.3259248,52.4383151],[-2.3215507,52.4362193],[-2.3117501,52.4375312],[-2.3061848,52.4459461],[-2.2873824,52.4553169],[-2.2956303,52.4738916],[-2.3062771,52.4827322],[-2.3127492,52.4892088],[-2.308667,52.4944958],[-2.29139,52.5116799],[-2.2611234,52.5239141],[-2.2692154,52.5306888],[-2.2564191,52.5417307],[-2.2657295,52.5493131],[-2.2824766,52.5533961],[-2.260836,52.5631577],[-2.2629257,52.5704294],[-2.2789291,52.5835467],[-2.2950562,52.5846277],[-2.3002927,52.5930271],[-2.308546,52.5910937],[-2.3220245,52.593636],[-2.3239104,52.6039602],[-2.3210621,52.6147257],[-2.3134616,52.6140553],[-2.3096013,52.6074012],[-2.2793054,52.6058137],[-2.2680007,52.6102323],[-2.255804,52.6099833],[-2.2477927,52.6254556],[-2.2368872,52.6360671],[-2.2328945,52.6476942],[-2.2373858,52.6510332],[-2.2347091,52.6558542],[-2.2476874,52.6566601],[-2.2387153,52.6637013],[-2.2476955,52.6830431],[-2.2735505,52.679754],[-2.3030405,52.6829528],[-2.3079953,52.693332],[-2.3199078,52.6953978],[-2.3248336,52.7053358],[-2.3086035,52.7207461],[-2.314679,52.7245552],[-2.3156368,52.73294],[-2.3300245,52.7294993],[-2.3364251,52.7330749],[-2.3580584,52.7312798],[-2.3673671,52.7331929],[-2.3719209,52.7385402],[-2.3688874,52.7405004],[-2.3750656,52.7408599],[-2.3851909,52.7200806],[-2.4025013,52.7039053],[-2.4015251,52.6949495],[-2.4052428,52.6948676],[-2.4012106,52.6845352],[-2.4077963,52.6795881],[-2.4099392,52.6716474],[-2.419029,52.662892],[-2.4175786,52.6503484],[-2.4182951,52.6337749],[-2.4366347,52.627094],[-2.434047,52.6182162],[-2.4380999,52.6145683],[-2.4646205,52.6237917],[-2.472302,52.6219],[-2.4722341,52.6240323],[-2.4856535,52.6243466],[-2.5013008,52.6294326],[-2.5101304,52.6384075],[-2.5300533,52.6494816],[-2.5483854,52.6546343],[-2.5454308,52.6583697],[-2.5542106,52.6599539],[-2.549413,52.666288],[-2.5556474,52.6710981],[-2.5885671,52.6837514],[-2.5966013,52.6905922],[-2.6032578,52.6893181],[-2.6132262,52.6970716],[-2.622596,52.6990245],[-2.6242729,52.7034382],[-2.6054222,52.7067801],[-2.59742,52.7182512],[-2.6151224,52.7189544],[-2.6189183,52.721878],[-2.6242839,52.7195035],[-2.6313283,52.7266858],[-2.6600885,52.731643],[-2.664414,52.7380791],[-2.6593755,52.7435191],[-2.6673621,52.7501979],[-2.6619099,52.7505728],[-2.6635149,52.7604027],[-2.6430635,52.7670764],[-2.6372762,52.7648963],[-2.635252,52.7590026],[-2.6285313,52.7629045],[-2.6210085,52.7764659],[-2.5903196,52.7781122],[-2.5927504,52.7935991],[-2.5981335,52.797996],[-2.5919034,52.7984099],[-2.581216,52.8060156],[-2.5696753,52.8051472],[-2.5613781,52.7989674],[-2.5529621,52.8029155],[-2.5399967,52.793861],[-2.5336989,52.7939995],[-2.5374207,52.7850595],[-2.5295733,52.7869532],[-2.5219477,52.7989091],[-2.5161781,52.7955341],[-2.5117507,52.7985147],[-2.5029479,52.7966125],[-2.4923669,52.8023707],[-2.4865066,52.8052457],[-2.4883735,52.800425],[-2.4784778,52.8015279],[-2.4771209,52.7993786],[-2.4899379,52.7839509],[-2.4854212,52.7802536],[-2.4798166,52.7822164],[-2.4725243,52.7804846],[-2.4709509,52.784289],[-2.4562694,52.7841199],[-2.4634704,52.7927462],[-2.4577462,52.7985299],[-2.4717023,52.8216585],[-2.440473,52.8207718],[-2.4302092,52.8281539],[-2.4263235,52.822527],[-2.4265082,52.8259289],[-2.4260379,52.8232122],[-2.4163466,52.827006],[-2.4076556,52.8346053],[-2.3970903,52.8338536],[-2.3937562,52.83662],[-2.3884955,52.862234],[-2.3811558,52.8670627],[-2.3825605,52.876485],[-2.3753867,52.8914405],[-2.3789379,52.8917205],[-2.3855546,52.8879884],[-2.411858,52.8878902],[-2.4258507,52.8820022],[-2.4404116,52.8812273],[-2.4460968,52.874003],[-2.4576294,52.8791009],[-2.4562245,52.8852622],[-2.465263,52.8923153],[-2.4707819,52.9058783],[-2.4608545,52.9093835],[-2.455687,52.9155684],[-2.4568411,52.924374],[-2.4469455,52.9286064],[-2.4367227,52.9438698],[-2.4251506,52.9500126],[-2.4055027,52.9473176],[-2.4071338,52.9579081],[-2.4129171,52.9617707],[-2.3991535,52.9606508],[-2.3937431,52.9505519],[-2.3873373,52.9526781],[-2.3847503,52.9598221],[-2.3771416,52.9649355],[-2.3828321,52.970658],[-2.3797183,52.9760653],[-2.3707368,52.9774663],[-2.3702692,52.9821621],[-2.3798068,52.9910655],[-2.3764963,52.9976899]]],"type":"Polygon"},"id":"E06000051","properties":{"code":"E06000051","geography":"LAD","name":"Shropshire"},"type":"Feature"},{"geometry":{"coordinates":[[[[-5.1628073,50.095946],[-5.1634383,50.0963346],[-5.1633419,50.0958992],[-5.1628073,50.095946]]],[[[-5.4783738,50.1157102],[-5.4767416,50.1165824],[-5.4761377,50.117523],[-5.4782357,50.118416],[-5.4785389,50.11779],[-5.478849,50.1156394],[-5.4783738,50.1157102]]],[[[-4.4459281,50.3361663],[-4.4502414,50.3382771],[-4.4516876,50.3361316],[-4.449251,50.3358975],[-4.4459281,50.3361663]]],[[[-4.4561942,50.9289932],[-4.4712499,50.9312685],[-4.517502,50.926809],[-4.5458987,50.9286415],[-4.5459569,50.9283541],[-4.5550849,50.9259303],[-4.5519577,50.9242043],[-4.5564379,50.9209017],[-4.5579935,50.9191289],[-4.5593935,50.9187225],[-4.5621348,50.9167011],[-4.5644564,50.914989],[-4.5635143,50.9087479],[-4.5698458,50.9037021],[-4.5641342,50.9010278],[-4.5655757,50.8949087],[-4.5613365,50.8919095],[-4.5681124,50.8855445],[-4.5599618,50.8771082],[-4.5580448,50.8751234],[-4.5554162,50.8494975],[-4.5553312,50.848668],[-4.5545668,50.8358076],[-4.5544001,50.833001],[-4.5528222,50.830849],[-4.5566209,50.8314341],[-4.5574047,50.8303953],[-4.5586655,50.8287242],[-4.5569101,50.8092022],[-4.5568906,50.8089855],[-4.556854,50.8085784],[-4.5607764,50.8004343],[-4.5569416,50.7986206],[-4.5584999,50.7882581],[-4.5669787,50.7779628],[-4.5764619,50.7718694],[-4.5827153,50.7716653],[-4.5856924,50.770273],[-4.5902565,50.7662551],[-4.6104623,50.7621967],[-4.6179502,50.7573532],[-4.6194855,50.7548554],[-4.6199351,50.7513255],[-4.6331649,50.7499354],[-4.6342511,50.7464794],[-4.63976,50.7457206],[-4.6345735,50.740962],[-4.6415426,50.7381274],[-4.6532009,50.7397489],[-4.6538662,50.7397759],[-4.6493474,50.7288944],[-4.6543854,50.7247312],[-4.6556431,50.7206449],[-4.6552317,50.7157759],[-4.6552256,50.7157038],[-4.6551984,50.7153808],[-4.6611847,50.7132279],[-4.6679346,50.7080739],[-4.66816,50.7066971],[-4.6810794,50.7044306],[-4.685348,50.6995696],[-4.680285,50.6960181],[-4.698483,50.6943918],[-4.7012297,50.6919965],[-4.7014315,50.6917947],[-4.7007742,50.6916516],[-4.6961369,50.6908494],[-4.6969833,50.690826],[-4.6952526,50.6904491],[-4.7052719,50.6905817],[-4.7024939,50.6876256],[-4.7054332,50.6857773],[-4.7068832,50.6856579],[-4.7158944,50.6838345],[-4.7197418,50.6845987],[-4.7241022,50.6842392],[-4.727279,50.6806454],[-4.7279442,50.6787779],[-4.7298257,50.6736059],[-4.7333923,50.6726761],[-4.7335422,50.6724733],[-4.7337535,50.6725813],[-4.7383224,50.6713815],[-4.7421697,50.6767248],[-4.7467079,50.675023],[-4.7436753,50.6732434],[-4.7464771,50.6710708],[-4.7570516,50.6720082],[-4.7585522,50.6693244],[-4.758651,50.6688446],[-4.7587285,50.6688576],[-4.7592691,50.668042],[-4.7637548,50.6696394],[-4.7638355,50.6693642],[-4.7606215,50.6672898],[-4.7589315,50.6673538],[-4.7666842,50.6548532],[-4.7587172,50.6528356],[-4.7613324,50.644616],[-4.7649617,50.6432931],[-4.7687824,50.6365047],[-4.7691558,50.6344844],[-4.7709435,50.6316724],[-4.7725665,50.6272493],[-4.770432,50.62238],[-4.7914633,50.602235],[-4.80003,50.5971631],[-4.8067966,50.5967558],[-4.8242917,50.5941251],[-4.8235952,50.5930013],[-4.8271847,50.5939437],[-4.8278885,50.5941285],[-4.8322602,50.5943137],[-4.8324394,50.5921478],[-4.8353281,50.5944435],[-4.8395414,50.5946217],[-4.8418475,50.5931068],[-4.8493527,50.5987683],[-4.8600432,50.5931596],[-4.8604205,50.5932441],[-4.860834,50.5930339],[-4.8695616,50.5952914],[-4.8700015,50.5953899],[-4.8693683,50.590019],[-4.8702878,50.5901773],[-4.8675377,50.5890335],[-4.8730011,50.5906444],[-4.8736479,50.5907558],[-4.8740693,50.5904469],[-4.8745659,50.5876565],[-4.8804851,50.5857439],[-4.8828499,50.5840101],[-4.8851988,50.5822878],[-4.8900897,50.5838307],[-4.8964981,50.5858517],[-4.9083634,50.5845394],[-4.908821,50.5854028],[-4.9148523,50.5885634],[-4.9167136,50.5888146],[-4.9185904,50.5945066],[-4.9231385,50.5926979],[-4.9220052,50.591734],[-4.9343039,50.587643],[-4.9341665,50.5860254],[-4.9333208,50.5855397],[-4.9254881,50.582946],[-4.9175978,50.5803324],[-4.9155733,50.5759872],[-4.9234811,50.5730903],[-4.9248684,50.5715347],[-4.9255926,50.5700278],[-4.9269621,50.5691869],[-4.9311431,50.5644977],[-4.9265239,50.5614278],[-4.9293442,50.553235],[-4.9261198,50.5448534],[-4.9141501,50.5429319],[-4.9154631,50.5380379],[-4.9086028,50.5348856],[-4.9067715,50.534044],[-4.9000033,50.5309329],[-4.891962,50.5323196],[-4.8901988,50.5362116],[-4.8701713,50.5336633],[-4.8676359,50.5372114],[-4.8665698,50.5338069],[-4.8601887,50.5371815],[-4.8527578,50.5316223],[-4.8550153,50.5301637],[-4.8550491,50.5299786],[-4.8551683,50.5293272],[-4.855254,50.5288589],[-4.8852812,50.5301745],[-4.8994569,50.5261679],[-4.8997775,50.5262611],[-4.9197374,50.5314641],[-4.9294947,50.5296347],[-4.9290454,50.5244782],[-4.9377547,50.5246617],[-4.9362593,50.511576],[-4.9419571,50.5201809],[-4.9420931,50.5203862],[-4.9402071,50.5223791],[-4.9366899,50.5260952],[-4.9357162,50.5271238],[-4.9386857,50.5273574],[-4.9311375,50.5298668],[-4.9308418,50.5299651],[-4.9312717,50.5306361],[-4.9381025,50.5412942],[-4.9343417,50.5463643],[-4.9351639,50.5483157],[-4.9398403,50.5539778],[-4.9498614,50.5562007],[-4.9465933,50.5639493],[-4.9452791,50.5686283],[-4.9521844,50.5691697],[-4.9538196,50.5681374],[-4.9561057,50.5657652],[-4.9545702,50.5629438],[-4.9605143,50.5611898],[-4.9622728,50.5593645],[-4.9713123,50.5580026],[-4.9721355,50.5577595],[-4.9765379,50.5494171],[-4.9800569,50.5485912],[-4.9807971,50.5476864],[-4.9776404,50.545359],[-4.9838035,50.5422227],[-4.9890112,50.5429229],[-4.9936383,50.5428198],[-4.9982892,50.54026],[-5.0047526,50.5431427],[-5.0035849,50.5465146],[-5.0070161,50.5462377],[-5.0169521,50.5453028],[-5.0171836,50.5454166],[-5.0192382,50.5452505],[-5.0207962,50.5471922],[-5.0210823,50.5473328],[-5.0210066,50.5474543],[-5.0243206,50.5515835],[-5.0365924,50.5494369],[-5.038365,50.5469616],[-5.0396939,50.5450724],[-5.0352,50.5455279],[-5.0242223,50.5386668],[-5.0226715,50.5326496],[-5.0264875,50.5294506],[-5.0226325,50.526522],[-5.0277939,50.5251247],[-5.0284456,50.5243487],[-5.0262837,50.5235098],[-5.0290567,50.5210956],[-5.0291187,50.5202081],[-5.0260967,50.5202349],[-5.0276211,50.5179907],[-5.0273556,50.5176332],[-5.0294604,50.5141491],[-5.0281283,50.5110219],[-5.0212555,50.5092333],[-5.0240206,50.5093032],[-5.0315242,50.5094925],[-5.0325775,50.5087227],[-5.0344019,50.503922],[-5.0375342,50.5034688],[-5.0419716,50.5009667],[-5.0413426,50.4989129],[-5.0467906,50.4977943],[-5.0351705,50.4942435],[-5.0361242,50.4799192],[-5.0372423,50.4781084],[-5.038691,50.4728461],[-5.0326411,50.4659186],[-5.041016,50.4643983],[-5.0413591,50.4631513],[-5.0381246,50.4602657],[-5.0425367,50.4588713],[-5.0427766,50.4579992],[-5.0394406,50.4530574],[-5.0410338,50.4483603],[-5.0424618,50.4441492],[-5.055191,50.427993],[-5.0621794,50.4275079],[-5.063409,50.4269182],[-5.0546933,50.4259056],[-5.0549391,50.425828],[-5.0553053,50.4257124],[-5.0602522,50.4241501],[-5.0606871,50.4241932],[-5.0656057,50.4246811],[-5.0661302,50.4241886],[-5.0648988,50.4218795],[-5.067925,50.4203521],[-5.074517,50.4170242],[-5.0746898,50.416937],[-5.0852643,50.4150943],[-5.0861954,50.4172579],[-5.0864425,50.4172245],[-5.0865211,50.4172032],[-5.0869186,50.4184064],[-5.0911309,50.4207143],[-5.0935576,50.420688],[-5.0937155,50.4208038],[-5.0940375,50.4208091],[-5.0954693,50.4220901],[-5.0995689,50.4250964],[-5.0984888,50.4212898],[-5.097801,50.4188656],[-5.0982837,50.4181526],[-5.1013795,50.4135788],[-5.1066077,50.4134091],[-5.1077982,50.4133705],[-5.1100932,50.4133199],[-5.1237975,50.4128982],[-5.1218804,50.4100349],[-5.1217949,50.4099073],[-5.1148421,50.4093952],[-5.0976292,50.4081256],[-5.093942,50.4078533],[-5.0893983,50.4062612],[-5.0858272,50.4050096],[-5.0848504,50.4046672],[-5.0842949,50.4044726],[-5.0831764,50.4040805],[-5.0875197,50.4036432],[-5.0975141,50.4063598],[-5.0981878,50.4065429],[-5.0995385,50.4046583],[-5.1013923,50.4077627],[-5.1070728,50.4085781],[-5.1089961,50.4088541],[-5.1093119,50.408763],[-5.1260386,50.4039352],[-5.1347506,50.4085628],[-5.1352916,50.4087942],[-5.1384101,50.403923],[-5.1356753,50.4012171],[-5.1406959,50.4037021],[-5.1427853,50.4041861],[-5.1451035,50.4046954],[-5.1473601,50.4031812],[-5.1463108,50.3987218],[-5.1447646,50.3973142],[-5.1428108,50.3955352],[-5.1469298,50.390244],[-5.1436096,50.3889143],[-5.1470169,50.3890479],[-5.1576086,50.3894624],[-5.1495576,50.3816394],[-5.1558693,50.379386],[-5.1502985,50.3771726],[-5.1503674,50.3769321],[-5.1466246,50.3753129],[-5.1514389,50.3559253],[-5.1538666,50.3461438],[-5.1574153,50.3477611],[-5.1616987,50.3464461],[-5.1626376,50.3447959],[-5.1689891,50.343316],[-5.1698806,50.3413397],[-5.1813344,50.3404383],[-5.1807193,50.3349889],[-5.1810574,50.3348771],[-5.1810176,50.3343959],[-5.1869362,50.3329334],[-5.1898048,50.3319847],[-5.1899013,50.3316316],[-5.1901852,50.3283988],[-5.1909209,50.3279005],[-5.1914445,50.3259844],[-5.1939247,50.3258657],[-5.1974846,50.3234539],[-5.1990533,50.3223909],[-5.2006481,50.320581],[-5.2089215,50.3213901],[-5.2210443,50.322425],[-5.2219788,50.3222058],[-5.2340443,50.3187434],[-5.2340659,50.3059235],[-5.2339292,50.3048789],[-5.235479,50.3019498],[-5.2354613,50.300686],[-5.2370715,50.2989398],[-5.2385844,50.2960797],[-5.2388578,50.295477],[-5.242629,50.2871606],[-5.2507282,50.2818307],[-5.2511319,50.2817567],[-5.2610493,50.2799384],[-5.2617276,50.2797409],[-5.2619298,50.2794058],[-5.2635061,50.2748835],[-5.2714377,50.2743725],[-5.2789828,50.2733974],[-5.2852805,50.2694007],[-5.2878954,50.2676273],[-5.2852565,50.265006],[-5.2887772,50.2645672],[-5.2918952,50.2639784],[-5.2893668,50.2611311],[-5.2927264,50.2636943],[-5.2951415,50.2610087],[-5.299818,50.2624817],[-5.3020189,50.2620658],[-5.3104273,50.2558564],[-5.3100299,50.2558731],[-5.3095961,50.2558908],[-5.3098147,50.2557326],[-5.3221436,50.2468062],[-5.3306493,50.2421349],[-5.3408176,50.238251],[-5.3420155,50.2384098],[-5.342062,50.2383919],[-5.3559417,50.240454],[-5.3619903,50.2371217],[-5.3670496,50.2371034],[-5.3732312,50.2371276],[-5.3732635,50.2371742],[-5.378017,50.244037],[-5.3801995,50.2427243],[-5.3847125,50.2397596],[-5.3956984,50.2404041],[-5.3916528,50.228711],[-5.4084192,50.2104124],[-5.4090825,50.2099722],[-5.4091412,50.2099333],[-5.4336329,50.1936716],[-5.4225163,50.1884537],[-5.4137329,50.1931612],[-5.4070086,50.192802],[-5.4189946,50.1892986],[-5.4223441,50.1883193],[-5.4216783,50.1845929],[-5.4336799,50.1905449],[-5.4337565,50.1905829],[-5.4335106,50.1903594],[-5.4289284,50.186439],[-5.4332512,50.183453],[-5.4310935,50.1790762],[-5.431128,50.1787954],[-5.4367472,50.1759644],[-5.4372464,50.1759423],[-5.4377344,50.1759207],[-5.4408441,50.176129],[-5.4413633,50.1762395],[-5.4410991,50.1766624],[-5.4357012,50.1852995],[-5.43076,50.1867555],[-5.4367589,50.1933919],[-5.4680004,50.1999325],[-5.4691749,50.2001782],[-5.4692573,50.2023647],[-5.4733536,50.2080298],[-5.4745933,50.209744],[-5.4752278,50.2101473],[-5.4775843,50.2116061],[-5.478931,50.2125008],[-5.4796806,50.2129771],[-5.4756752,50.2188765],[-5.4844721,50.2149323],[-5.4905421,50.2164566],[-5.4907235,50.2165346],[-5.4981885,50.2197454],[-5.5122971,50.2157089],[-5.5150021,50.2162704],[-5.5269073,50.2136704],[-5.5386884,50.2162069],[-5.543043,50.211842],[-5.5432706,50.2116138],[-5.5549637,50.2093237],[-5.5551176,50.2055539],[-5.5551719,50.2042252],[-5.5559907,50.2042721],[-5.5635314,50.2011967],[-5.565452,50.1996166],[-5.5695205,50.1987533],[-5.569721,50.1986842],[-5.5716539,50.1983005],[-5.5756843,50.2009725],[-5.5774207,50.1950109],[-5.5845907,50.1955215],[-5.5849546,50.1955247],[-5.5846943,50.1914018],[-5.5893053,50.1919682],[-5.5908526,50.1887229],[-5.5955775,50.188663],[-5.6006663,50.1932509],[-5.5985796,50.1904394],[-5.6025707,50.1883645],[-5.6030451,50.1870638],[-5.603299,50.1870061],[-5.6033635,50.1868452],[-5.6068669,50.1861305],[-5.6089141,50.1850659],[-5.6070277,50.1809896],[-5.6149029,50.1818206],[-5.6241618,50.1726371],[-5.6259099,50.1691959],[-5.6259755,50.169194],[-5.6260204,50.1691068],[-5.6277634,50.1690637],[-5.6291076,50.1677298],[-5.6423702,50.168639],[-5.64304,50.1686849],[-5.6468149,50.1685909],[-5.6564384,50.1644778],[-5.6568865,50.1642863],[-5.673056,50.1663063],[-5.671236,50.1626824],[-5.6718214,50.1623151],[-5.671711,50.1619917],[-5.6727636,50.161724],[-5.6810479,50.1565258],[-5.6811167,50.1560858],[-5.68486,50.1540197],[-5.6864085,50.1531613],[-5.6931339,50.1489391],[-5.6935589,50.1379429],[-5.7013253,50.1359782],[-5.7048156,50.134874],[-5.7047167,50.1346906],[-5.7019762,50.1317401],[-5.7019882,50.1317125],[-5.7027262,50.1309961],[-5.7022733,50.1301552],[-5.7044156,50.1293926],[-5.7051252,50.1287191],[-5.7059572,50.1288438],[-5.7098253,50.1274667],[-5.705849,50.1237755],[-5.7004804,50.1194403],[-5.6975173,50.0989181],[-5.696302,50.0974286],[-5.690958,50.0931593],[-5.6909386,50.0912628],[-5.689829,50.0901291],[-5.6900568,50.0897725],[-5.6890319,50.0885158],[-5.6948128,50.0804784],[-5.7079098,50.0779114],[-5.7090772,50.0745756],[-5.7094787,50.0712695],[-5.7103182,50.0709913],[-5.7103896,50.0708118],[-5.7169795,50.068673],[-5.710763,50.0579991],[-5.6926206,50.0540537],[-5.6958591,50.0498243],[-5.6883843,50.0485627],[-5.6885329,50.048314],[-5.6884634,50.0483002],[-5.6890571,50.0478295],[-5.6892724,50.0476346],[-5.6917679,50.0450263],[-5.6792723,50.0349931],[-5.6762843,50.0355768],[-5.6582775,50.0394283],[-5.6533654,50.0378663],[-5.6529751,50.0382496],[-5.650368,50.0428878],[-5.6475735,50.043527],[-5.6474983,50.0435381],[-5.6427095,50.0446041],[-5.641702,50.0438573],[-5.641387,50.0438746],[-5.6413528,50.0438566],[-5.6364107,50.0400466],[-5.6343249,50.0440423],[-5.6329328,50.0441582],[-5.6280582,50.0445641],[-5.6287948,50.0463565],[-5.6293017,50.0474754],[-5.6290131,50.0475823],[-5.6191669,50.051229],[-5.6093642,50.0486815],[-5.6078413,50.0483099],[-5.607678,50.0482704],[-5.5961765,50.0526389],[-5.5960458,50.0525898],[-5.5957904,50.0524905],[-5.5899545,50.0502469],[-5.5844268,50.0533185],[-5.5801089,50.0523566],[-5.5769961,50.0518309],[-5.563727,50.0582256],[-5.5636974,50.0585088],[-5.5639836,50.0621484],[-5.5633331,50.0619981],[-5.5632816,50.0624911],[-5.5547679,50.0598615],[-5.5504931,50.0621834],[-5.5484532,50.0647538],[-5.5463666,50.0678301],[-5.5398747,50.0774368],[-5.5391754,50.0830762],[-5.5332194,50.0885155],[-5.5405364,50.0998092],[-5.5427392,50.1030261],[-5.545684,50.1013373],[-5.5488803,50.1034164],[-5.5489054,50.1034444],[-5.5489072,50.1058517],[-5.5436925,50.1031106],[-5.5444325,50.103706],[-5.5485813,50.1066311],[-5.5483198,50.1068017],[-5.5472101,50.1075258],[-5.5392945,50.1126901],[-5.5388695,50.1129856],[-5.5383664,50.1133591],[-5.5383249,50.1133613],[-5.5374162,50.1139152],[-5.5311393,50.1141457],[-5.5297731,50.1156681],[-5.5301743,50.1176149],[-5.5336095,50.1174982],[-5.5318895,50.119154],[-5.5316089,50.1196366],[-5.5307297,50.1211488],[-5.5311605,50.1222429],[-5.5312656,50.1225097],[-5.5284841,50.1246828],[-5.5279693,50.1250849],[-5.5176837,50.1265784],[-5.4961772,50.1286919],[-5.4858587,50.1270169],[-5.4837749,50.1267916],[-5.4836116,50.126652],[-5.4816932,50.1263405],[-5.4798228,50.1260367],[-5.4712186,50.1218952],[-5.4629112,50.123081],[-5.4606496,50.1211279],[-5.4548631,50.117815],[-5.4546206,50.1159205],[-5.4504721,50.1123363],[-5.4445145,50.1115331],[-5.4419515,50.1121801],[-5.4291013,50.1054047],[-5.4292439,50.0969887],[-5.4187225,50.1011525],[-5.4152248,50.0999007],[-5.4155725,50.1020352],[-5.4148279,50.102314],[-5.4089305,50.1045221],[-5.3975425,50.1007627],[-5.3952796,50.1018226],[-5.3945507,50.1025021],[-5.3939863,50.1024282],[-5.3917128,50.1034929],[-5.3749516,50.0976455],[-5.3737205,50.0956649],[-5.3703652,50.0934468],[-5.3662659,50.0936696],[-5.3632232,50.0890718],[-5.3567482,50.0903697],[-5.3462602,50.0925346],[-5.3348938,50.0914072],[-5.3285541,50.0876219],[-5.321678,50.0823333],[-5.3206841,50.0826713],[-5.3162844,50.0851953],[-5.317076,50.0838981],[-5.3163456,50.0841247],[-5.318297,50.0816017],[-5.2969884,50.070338],[-5.2969421,50.0702946],[-5.2931327,50.0667203],[-5.2790023,50.0543737],[-5.2782017,50.0526852],[-5.2756372,50.0502721],[-5.2765391,50.0491784],[-5.2765056,50.0491077],[-5.2801837,50.0430559],[-5.2715883,50.0410931],[-5.269909,50.0389586],[-5.2690121,50.0382391],[-5.2674329,50.0378345],[-5.2635593,50.0338983],[-5.2619027,50.0336619],[-5.2615161,50.0336067],[-5.2658477,50.0298245],[-5.2662354,50.029339],[-5.2650361,50.0284426],[-5.2564664,50.0231855],[-5.2570246,50.0224529],[-5.2559234,50.0216295],[-5.2613356,50.0166976],[-5.26117,50.0165087],[-5.2590901,50.0146151],[-5.2586639,50.0142288],[-5.2587057,50.0141887],[-5.2589317,50.0139559],[-5.2590948,50.0137685],[-5.2584739,50.0130185],[-5.2681949,50.0059013],[-5.2669135,50.0006438],[-5.2668562,50.0004683],[-5.2566255,49.9972331],[-5.2553617,49.9974926],[-5.2553215,49.9974321],[-5.2548566,49.9966736],[-5.2545411,49.9965737],[-5.2513512,49.9913904],[-5.2550538,49.988235],[-5.2546144,49.9880669],[-5.2528543,49.9875738],[-5.2451061,49.9854353],[-5.2451062,49.9854027],[-5.24527,49.9848267],[-5.2453517,49.9845238],[-5.2438651,49.983955],[-5.2460012,49.982113],[-5.2472362,49.9775287],[-5.2459899,49.9759913],[-5.2448856,49.9756124],[-5.2370947,49.9766107],[-5.2188806,49.9709797],[-5.2157189,49.9595252],[-5.2098984,49.9593259],[-5.2079521,49.9593946],[-5.2079197,49.959312],[-5.2000003,49.9589864],[-5.1987794,49.9589619],[-5.1969638,49.9639429],[-5.1856174,49.9631056],[-5.1832754,49.9671139],[-5.1888178,49.9736468],[-5.186158,49.9793525],[-5.1852096,49.979713],[-5.1849663,49.9802129],[-5.1823332,49.9821473],[-5.1800714,49.9854183],[-5.1798614,49.9868313],[-5.1703647,49.9909869],[-5.1718185,49.9976593],[-5.1666326,50.003735],[-5.1567296,50.0076359],[-5.1565201,50.0076422],[-5.1379157,50.008198],[-5.1325255,50.0052301],[-5.1331882,50.0079705],[-5.1315686,50.0081655],[-5.1315105,50.0081708],[-5.1223942,50.0092513],[-5.1126161,50.0028678],[-5.1115679,50.0029928],[-5.1080325,50.0041925],[-5.1062257,50.004834],[-5.1061766,50.0048222],[-5.1035561,50.0039477],[-5.1013798,50.0042071],[-5.0977926,50.011493],[-5.0976875,50.0117206],[-5.0968226,50.013723],[-5.0967539,50.0137396],[-5.0957585,50.0156232],[-5.0911471,50.0157103],[-5.0913755,50.0161156],[-5.0944492,50.0180751],[-5.0935218,50.0199229],[-5.0969813,50.0260585],[-5.0892273,50.031287],[-5.0734882,50.0342013],[-5.0689371,50.0350436],[-5.0680189,50.0395301],[-5.0662383,50.0482295],[-5.057826,50.0527913],[-5.0641989,50.0555783],[-5.0616188,50.0612359],[-5.0668502,50.0667827],[-5.0677012,50.0676304],[-5.0756744,50.0683917],[-5.0795544,50.068762],[-5.0766054,50.0829299],[-5.0760857,50.085426],[-5.0798566,50.0836483],[-5.0810264,50.0830643],[-5.0879618,50.0845159],[-5.0942451,50.0858305],[-5.0986635,50.0855954],[-5.0994777,50.0866033],[-5.103077,50.0866684],[-5.1178911,50.0823087],[-5.1017884,50.0891553],[-5.0968578,50.0885877],[-5.0948219,50.0891201],[-5.1004519,50.092128],[-5.1104481,50.0949927],[-5.1196722,50.0958022],[-5.1297723,50.0939458],[-5.1356045,50.0910856],[-5.1354317,50.0914993],[-5.1356486,50.0913879],[-5.1350138,50.0924995],[-5.1341894,50.0944728],[-5.1384026,50.0960243],[-5.14133,50.0964183],[-5.1509352,50.0941014],[-5.1475221,50.0853391],[-5.1547116,50.0931945],[-5.1773934,50.0893449],[-5.1788762,50.08591],[-5.178761,50.0892456],[-5.1787463,50.0896722],[-5.1841882,50.0881089],[-5.1848085,50.0879306],[-5.1929051,50.0831883],[-5.1921254,50.0800395],[-5.1945099,50.0827438],[-5.1869826,50.0875234],[-5.1859841,50.0881573],[-5.1910125,50.0896766],[-5.1870162,50.0894875],[-5.1613771,50.0934587],[-5.1594292,50.0939724],[-5.1616247,50.095266],[-5.1655203,50.0962875],[-5.1653134,50.0974393],[-5.1692811,50.0997766],[-5.1650077,50.101463],[-5.1701631,50.1057835],[-5.1658505,50.1024296],[-5.1628822,50.1039958],[-5.163652,50.1127667],[-5.1592763,50.1080973],[-5.1631517,50.096752],[-5.1453039,50.0986913],[-5.142027,50.103936],[-5.144977,50.107219],[-5.1445555,50.1071292],[-5.1410155,50.1062569],[-5.1378281,50.1117153],[-5.1302035,50.1102516],[-5.139433,50.105946],[-5.1403773,50.1001626],[-5.1401313,50.1001197],[-5.1246722,50.0991115],[-5.1240923,50.0991198],[-5.1211589,50.1002404],[-5.1154825,50.1034527],[-5.113911,50.1030088],[-5.1113079,50.1040028],[-5.1002711,50.0999671],[-5.0975754,50.1007399],[-5.0815015,50.1098865],[-5.0912837,50.1143797],[-5.0913631,50.1245655],[-5.093391,50.1261701],[-5.079728,50.1316198],[-5.072948,50.1343231],[-5.0730762,50.1345136],[-5.076772,50.1392936],[-5.076437,50.139433],[-5.0550595,50.1483217],[-5.0452995,50.1451174],[-5.0420505,50.1442936],[-5.0458373,50.150366],[-5.0492425,50.1557433],[-5.0516571,50.1536753],[-5.0522545,50.1531551],[-5.0559269,50.153637],[-5.0544779,50.1569286],[-5.0589166,50.1566534],[-5.0565824,50.1538158],[-5.0590376,50.1522622],[-5.0590587,50.1514944],[-5.0599006,50.1517206],[-5.0605427,50.1513176],[-5.0647426,50.1530215],[-5.0668656,50.1535918],[-5.0670592,50.1536438],[-5.0687914,50.1555278],[-5.06942,50.1560356],[-5.0701055,50.1565895],[-5.0707979,50.1574031],[-5.0804592,50.1647633],[-5.0808471,50.1650587],[-5.0814011,50.1645904],[-5.0818243,50.1642327],[-5.0833162,50.1629717],[-5.0838293,50.1630171],[-5.0860246,50.163211],[-5.0864171,50.1636694],[-5.0868409,50.1641644],[-5.1008822,50.1663521],[-5.097245,50.1674559],[-5.1022113,50.169789],[-5.0969912,50.1683979],[-5.0937985,50.1675469],[-5.0914831,50.1705792],[-5.0847555,50.1669448],[-5.0820082,50.1670889],[-5.0747432,50.1674696],[-5.0693081,50.1617329],[-5.0561981,50.1612989],[-5.0463984,50.1687604],[-5.0448576,50.1749853],[-5.0572041,50.1782191],[-5.0650586,50.177733],[-5.0773385,50.1842451],[-5.0608033,50.1784615],[-5.0565201,50.1805766],[-5.0549529,50.1847869],[-5.0562153,50.1892401],[-5.0594328,50.1918202],[-5.0738003,50.1998497],[-5.0760902,50.2050822],[-5.076311,50.2055866],[-5.0776321,50.2058034],[-5.0845769,50.2069426],[-5.0874545,50.2074146],[-5.0878977,50.2075947],[-5.0884613,50.2078237],[-5.0891983,50.2081233],[-5.0966994,50.2111713],[-5.0847706,50.2099462],[-5.0829703,50.2097612],[-5.0701343,50.2056601],[-5.0666158,50.2104625],[-5.064936,50.2026722],[-5.0578493,50.1983053],[-5.058998,50.1933705],[-5.0580692,50.1942384],[-5.0502374,50.2023152],[-5.0438719,50.2033333],[-5.048068,50.2090219],[-5.043848,50.2051665],[-5.0422575,50.2048532],[-5.0360353,50.2096403],[-5.038907,50.2126526],[-5.0284097,50.2099519],[-5.0282984,50.2161022],[-5.0289056,50.2204755],[-5.028992,50.2210974],[-5.0416522,50.2210063],[-5.0311449,50.2243009],[-5.0395621,50.2283737],[-5.0443311,50.2275328],[-5.0390418,50.2295406],[-5.0328229,50.2279157],[-5.0293541,50.223457],[-5.0216772,50.2249659],[-5.0184187,50.2258835],[-5.0242113,50.2350698],[-5.0160115,50.2406319],[-5.0225961,50.2430093],[-5.0313064,50.2381809],[-5.0298997,50.2416963],[-5.0354473,50.2460628],[-5.0466374,50.2476919],[-5.0468966,50.2477296],[-5.050484,50.2482516],[-5.0492697,50.2483489],[-5.0392297,50.2491529],[-5.0469914,50.2587382],[-5.0501597,50.2641018],[-5.0469973,50.2630242],[-5.0459956,50.2612014],[-5.0411778,50.2524162],[-5.0409889,50.2521903],[-5.0344502,50.2496431],[-5.0341197,50.2492994],[-5.0280154,50.2429499],[-5.0210431,50.2493917],[-5.0115129,50.2513916],[-5.0154369,50.2556968],[-5.0094521,50.2648352],[-5.0077455,50.267102],[-5.0029362,50.2734885],[-4.9978171,50.2763671],[-4.9963872,50.2771711],[-4.9915553,50.2798875],[-5.0052018,50.2669462],[-5.0058114,50.2663678],[-5.0058585,50.2661842],[-5.0096477,50.2513995],[-5.0096887,50.2512394],[-5.0097547,50.2509817],[-5.0097622,50.2509525],[-5.0102576,50.2490187],[-5.0217024,50.2451637],[-5.0141382,50.2417362],[-5.0130896,50.2414482],[-5.0131732,50.2413039],[-5.0121118,50.2408285],[-5.0163237,50.2343403],[-5.0152463,50.2295872],[-5.0146933,50.2278723],[-5.0072463,50.2285638],[-5.0015395,50.2249152],[-4.9918217,50.2263643],[-4.9848192,50.228681],[-4.9841721,50.2328681],[-4.9749085,50.2343921],[-4.9787055,50.2379741],[-4.9722921,50.2358229],[-4.9673184,50.2402869],[-4.9648541,50.2380074],[-4.9670958,50.2347405],[-4.9656964,50.2323069],[-4.9827134,50.2323271],[-4.9817911,50.2295045],[-4.9708743,50.2282263],[-4.9719101,50.2258528],[-4.9791694,50.2270872],[-4.9797335,50.2217482],[-4.9797778,50.2213287],[-4.9799559,50.2217424],[-4.982085,50.2266885],[-4.9927888,50.2246329],[-4.9921887,50.2215448],[-4.9944953,50.2247436],[-5.0061963,50.2221302],[-5.009016,50.2267554],[-5.0119427,50.2259309],[-5.0242342,50.2207794],[-5.0242478,50.2205971],[-5.0243548,50.2191618],[-5.0230611,50.2116008],[-5.0250452,50.2098997],[-5.0250806,50.2094246],[-5.0265213,50.2086341],[-5.0295427,50.2060433],[-5.0267419,50.2040005],[-5.031818,50.2054514],[-5.0349077,50.2033619],[-5.0256941,50.182194],[-5.0249149,50.1823953],[-5.0166402,50.1856069],[-5.0143831,50.1904496],[-5.0139735,50.1836378],[-5.0183317,50.1821002],[-5.0274786,50.1578908],[-5.0238009,50.1547556],[-5.013782,50.1591291],[-5.0049556,50.157169],[-5.0048394,50.1574425],[-5.0060187,50.1614921],[-5.000616,50.165268],[-5.0059409,50.1708066],[-4.9966435,50.1736243],[-4.9964818,50.1752486],[-4.98858,50.1784974],[-5.0015443,50.1675667],[-4.993847,50.1680363],[-4.9971431,50.1630558],[-4.9947199,50.1621208],[-4.9988218,50.1616837],[-5.0019208,50.1554272],[-5.0039256,50.1506965],[-5.0041841,50.1508569],[-5.0044065,50.1504079],[-5.0094363,50.1540585],[-5.0145728,50.1511244],[-5.0174494,50.1493183],[-5.0149777,50.1404983],[-5.0093618,50.1395312],[-4.9989325,50.1464671],[-4.9959892,50.1485655],[-4.9819381,50.1518124],[-4.9838613,50.1578081],[-4.9725118,50.1646608],[-4.9736248,50.18565],[-4.967572,50.1858714],[-4.9686518,50.1921183],[-4.9575946,50.2022266],[-4.9532731,50.2031039],[-4.9475593,50.2052903],[-4.941731,50.205446],[-4.9336268,50.2070897],[-4.9229039,50.2018853],[-4.9217983,50.1956494],[-4.9187757,50.1962239],[-4.9109337,50.2002538],[-4.910703,50.205281],[-4.9037907,50.2062645],[-4.9031616,50.2102997],[-4.9028627,50.2122282],[-4.9013289,50.2124139],[-4.9008674,50.2138436],[-4.8963421,50.2130165],[-4.8958774,50.2130727],[-4.8829937,50.2240706],[-4.8815717,50.2242254],[-4.876002,50.2248315],[-4.8736899,50.2311973],[-4.8629348,50.2359661],[-4.8541573,50.2349913],[-4.8467775,50.2352368],[-4.842415,50.2365881],[-4.8414759,50.2368789],[-4.8384321,50.2320121],[-4.8321284,50.2333624],[-4.8306672,50.230264],[-4.830238,50.2302531],[-4.8200243,50.230601],[-4.8185569,50.2306555],[-4.816197,50.2298944],[-4.8131832,50.2298172],[-4.81042,50.2259688],[-4.8053364,50.2188869],[-4.804944,50.2189203],[-4.798895,50.2194353],[-4.7982944,50.227904],[-4.7982324,50.2301649],[-4.7826181,50.236745],[-4.7809662,50.2374899],[-4.7882442,50.2412517],[-4.7854369,50.2456189],[-4.7817987,50.2473621],[-4.7805442,50.2485382],[-4.7766834,50.2498622],[-4.7687163,50.254343],[-4.7687326,50.2543936],[-4.7699449,50.2552304],[-4.7700893,50.25533],[-4.7708719,50.2558702],[-4.7670579,50.2567348],[-4.7856968,50.2618079],[-4.7818627,50.2691643],[-4.7821739,50.2691925],[-4.7870072,50.2694692],[-4.7854277,50.2695236],[-4.7864101,50.2696225],[-4.7842804,50.2695111],[-4.7837537,50.2695049],[-4.782589,50.2695176],[-4.7839806,50.2750613],[-4.777811,50.2790527],[-4.7781456,50.2793352],[-4.782531,50.2817823],[-4.7822203,50.2827756],[-4.7843712,50.2845915],[-4.7811901,50.2901557],[-4.7739814,50.2938824],[-4.7737614,50.2941175],[-4.7641479,50.2996358],[-4.7626944,50.3007256],[-4.7525925,50.2988469],[-4.7543382,50.3061537],[-4.765103,50.3129999],[-4.766835,50.3220673],[-4.7630815,50.3265372],[-4.756836,50.3310338],[-4.756601,50.3310813],[-4.7564725,50.3311869],[-4.7560703,50.3311885],[-4.7247314,50.3375089],[-4.7246377,50.3375226],[-4.7059622,50.3402361],[-4.7022147,50.3425296],[-4.7016382,50.3431414],[-4.7044585,50.3422941],[-4.7056789,50.3454654],[-4.7017758,50.3447803],[-4.7002353,50.3445099],[-4.7022028,50.3469554],[-4.6915656,50.3468303],[-4.6902661,50.3442545],[-4.6886465,50.3410437],[-4.6814433,50.3378072],[-4.6847333,50.320108],[-4.6729638,50.3140336],[-4.6721531,50.315106],[-4.6675961,50.3230735],[-4.6552084,50.323053],[-4.6544909,50.3232151],[-4.651656,50.3248547],[-4.6517928,50.3264647],[-4.6475222,50.3272452],[-4.638531,50.3324432],[-4.633719,50.3366892],[-4.6312376,50.3446549],[-4.6376273,50.3466501],[-4.6373493,50.3521354],[-4.6417651,50.3545889],[-4.6388722,50.354168],[-4.6387387,50.3703921],[-4.6496833,50.3770519],[-4.6516233,50.3789791],[-4.6598005,50.3871354],[-4.6624048,50.3897768],[-4.6613073,50.3891046],[-4.6608226,50.3887921],[-4.6432883,50.3767599],[-4.64223,50.3760334],[-4.6379666,50.3731063],[-4.6358869,50.3798928],[-4.6158476,50.385531],[-4.6198441,50.3820274],[-4.6336398,50.3792457],[-4.6359584,50.3600693],[-4.6076627,50.3593961],[-4.6117695,50.3592108],[-4.6359529,50.3581166],[-4.6360884,50.3473408],[-4.6274211,50.3479112],[-4.6306396,50.3426794],[-4.6306787,50.3426157],[-4.6314479,50.3413651],[-4.6310111,50.3396479],[-4.630993,50.3395765],[-4.6297062,50.334517],[-4.6088322,50.3382841],[-4.6198471,50.3351613],[-4.6179462,50.3352957],[-4.6198209,50.3348036],[-4.6180525,50.3348673],[-4.6311247,50.331684],[-4.6311255,50.3315561],[-4.6378959,50.3284253],[-4.6367241,50.3257305],[-4.6344779,50.3248581],[-4.6184326,50.3238753],[-4.6181454,50.3239864],[-4.6066471,50.3289486],[-4.5984247,50.3238877],[-4.5922246,50.3285205],[-4.5896714,50.3306635],[-4.589285,50.3307166],[-4.5874607,50.3320794],[-4.5784598,50.3325448],[-4.5515084,50.3243227],[-4.5389145,50.3237107],[-4.530218,50.3259214],[-4.5183716,50.3289315],[-4.516497,50.3305481],[-4.5183088,50.3313479],[-4.5017441,50.3306632],[-4.497628,50.3373621],[-4.4735116,50.3331535],[-4.4730522,50.3347936],[-4.4730682,50.3385593],[-4.4524404,50.3448998],[-4.4511996,50.3479769],[-4.4512992,50.3504039],[-4.4572423,50.3582827],[-4.4639378,50.3577902],[-4.4694089,50.3626438],[-4.4836522,50.3641248],[-4.4785163,50.3639409],[-4.4773749,50.3638958],[-4.4736302,50.363748],[-4.469035,50.3635665],[-4.4687122,50.3632633],[-4.4685946,50.3631391],[-4.4642717,50.3589434],[-4.459388,50.3591269],[-4.4591116,50.3658079],[-4.4590923,50.3662752],[-4.4592105,50.3675209],[-4.4594106,50.3696272],[-4.4511303,50.3508982],[-4.4506756,50.3512117],[-4.4461459,50.3543569],[-4.4392232,50.3591872],[-4.4391779,50.359194],[-4.4365053,50.3610489],[-4.417693,50.3624246],[-4.4113028,50.3633978],[-4.4111802,50.3633994],[-4.4105634,50.3634919],[-4.4011767,50.3636623],[-4.4011354,50.3636682],[-4.3869713,50.3656936],[-4.3649121,50.3600452],[-4.3609425,50.3602185],[-4.3570648,50.3611765],[-4.3564074,50.361108],[-4.355417,50.3613294],[-4.3501877,50.3606874],[-4.3244014,50.3618074],[-4.3016142,50.359092],[-4.2956079,50.3584583],[-4.2952474,50.3583325],[-4.2827055,50.3568352],[-4.250063,50.3441518],[-4.2448666,50.3421312],[-4.2334517,50.3346466],[-4.2317059,50.3339244],[-4.22849,50.3313921],[-4.2203484,50.3260504],[-4.2197142,50.3224475],[-4.2272898,50.3190501],[-4.2268354,50.3182815],[-4.2237783,50.3167018],[-4.2250674,50.3152909],[-4.2227373,50.3113489],[-4.2213129,50.3146322],[-4.2105947,50.3183256],[-4.1883714,50.3176713],[-4.1896409,50.3237215],[-4.1916753,50.324776],[-4.1990417,50.328336],[-4.199151,50.3286502],[-4.2008755,50.3295437],[-4.2012272,50.3329308],[-4.1881074,50.3408733],[-4.1715624,50.3427996],[-4.1703435,50.3429852],[-4.1699917,50.343325],[-4.167092,50.3503167],[-4.1701857,50.3546539],[-4.1761915,50.3601399],[-4.1829944,50.3580383],[-4.1862793,50.3569371],[-4.1934717,50.3536208],[-4.192388,50.3505714],[-4.2085292,50.3470305],[-4.2095249,50.3508289],[-4.2039367,50.3487879],[-4.1962409,50.3540389],[-4.1967956,50.3594485],[-4.2059519,50.361879],[-4.2093509,50.3593463],[-4.2238945,50.3586751],[-4.2174025,50.3621963],[-4.2351801,50.3638157],[-4.2393049,50.3616748],[-4.236779,50.3658824],[-4.2351679,50.3660225],[-4.2253507,50.3668753],[-4.2220649,50.3687921],[-4.2193293,50.3668178],[-4.207686,50.3696757],[-4.2110019,50.3732651],[-4.2111374,50.3734183],[-4.2111649,50.3734494],[-4.2110843,50.373423],[-4.2013367,50.3702288],[-4.2002403,50.3705026],[-4.1947674,50.3718694],[-4.1930752,50.375632],[-4.1932794,50.3759354],[-4.2025605,50.379102],[-4.198779,50.3831357],[-4.2075221,50.3852664],[-4.2085867,50.3855258],[-4.2045102,50.3867567],[-4.2016767,50.3876122],[-4.203182,50.3884161],[-4.2117638,50.3926376],[-4.224194,50.3911942],[-4.2267232,50.3902669],[-4.2267614,50.3902834],[-4.2268813,50.3902393],[-4.2280039,50.3907515],[-4.2307828,50.3904286],[-4.2354361,50.3874205],[-4.2334152,50.3841107],[-4.2493249,50.377291],[-4.2492011,50.3744664],[-4.2515178,50.3749086],[-4.2605432,50.3766309],[-4.2662192,50.3747242],[-4.2666518,50.3695178],[-4.2701889,50.3728802],[-4.2800343,50.3696896],[-4.2817928,50.3716654],[-4.2681556,50.3752495],[-4.2772664,50.3744426],[-4.2952123,50.3868036],[-4.2960885,50.3859142],[-4.2955883,50.3873646],[-4.3087201,50.3877711],[-4.3086667,50.3897722],[-4.3086493,50.3904241],[-4.3069669,50.3897115],[-4.303264,50.3881428],[-4.3027837,50.389562],[-4.3017232,50.392695],[-4.3012715,50.3924931],[-4.3012351,50.3924768],[-4.2935175,50.3890263],[-4.2915947,50.3941111],[-4.2822877,50.397922],[-4.2806477,50.3985934],[-4.2838372,50.3959203],[-4.2840524,50.3957399],[-4.2903196,50.3904862],[-4.2891196,50.3879796],[-4.2878987,50.3917525],[-4.2871844,50.3888992],[-4.2819244,50.3912808],[-4.2887436,50.3875922],[-4.2847873,50.3844589],[-4.2800523,50.3879815],[-4.2841633,50.3840628],[-4.2763228,50.3770038],[-4.2706322,50.3795131],[-4.2710803,50.3871812],[-4.2540044,50.3833985],[-4.2519601,50.38425],[-4.2452164,50.3870584],[-4.2521476,50.3882018],[-4.2527273,50.3882974],[-4.2521645,50.3885573],[-4.2477625,50.3905899],[-4.2523965,50.393447],[-4.2524388,50.393473],[-4.2523979,50.3934763],[-4.2471925,50.3938866],[-4.2493294,50.3916795],[-4.2437426,50.3891862],[-4.2328105,50.3936385],[-4.2356232,50.4015284],[-4.2322676,50.3994182],[-4.2322328,50.3993963],[-4.2287686,50.3972176],[-4.2298032,50.3938601],[-4.2291205,50.3940633],[-4.2244582,50.3964897],[-4.2234324,50.3967187],[-4.2119822,50.3993175],[-4.2100894,50.4039135],[-4.2134613,50.4047866],[-4.2126003,50.4051153],[-4.2077364,50.4069722],[-4.2073191,50.4086177],[-4.2072876,50.4087422],[-4.2069971,50.4098872],[-4.211637,50.4166304],[-4.2114592,50.41673],[-4.211057,50.4188183],[-4.2097982,50.4253542],[-4.222497,50.4253272],[-4.2227506,50.4242493],[-4.2230347,50.42429],[-4.2230738,50.4242955],[-4.2296184,50.4252322],[-4.2238456,50.4254111],[-4.2282519,50.4296271],[-4.228221,50.4297532],[-4.2269031,50.4351253],[-4.2367618,50.4387228],[-4.2263548,50.4355936],[-4.2212136,50.4260316],[-4.2171631,50.4297194],[-4.2037504,50.4299851],[-4.1993803,50.4364154],[-4.2058564,50.4406686],[-4.2030601,50.4425385],[-4.2113186,50.4456603],[-4.2115988,50.4562001],[-4.2176512,50.464448],[-4.229716,50.4550303],[-4.2375493,50.4574479],[-4.2386468,50.4591809],[-4.2426181,50.4654505],[-4.242961,50.4659918],[-4.2406866,50.4655018],[-4.2393111,50.465181],[-4.239225,50.4650095],[-4.2381018,50.4627725],[-4.2382514,50.4648829],[-4.2181735,50.4757837],[-4.2181707,50.4836125],[-4.2236291,50.4899475],[-4.2206416,50.4981851],[-4.1993571,50.4923688],[-4.1943978,50.4940643],[-4.1949204,50.4985831],[-4.1825325,50.4999062],[-4.1803045,50.5029395],[-4.1857502,50.5083572],[-4.1940554,50.5028304],[-4.2026357,50.5030415],[-4.2018424,50.5132139],[-4.2094383,50.5136006],[-4.2062509,50.5201479],[-4.2121185,50.5288366],[-4.2069635,50.5333669],[-4.2145049,50.5345683],[-4.2255522,50.5297137],[-4.2322954,50.5310175],[-4.240167,50.5414195],[-4.2534194,50.5436444],[-4.2687702,50.5352709],[-4.2714332,50.5386216],[-4.260033,50.5445442],[-4.259596,50.551143],[-4.2795159,50.5691733],[-4.2778587,50.5747824],[-4.2697239,50.5789771],[-4.2711496,50.5822142],[-4.2811665,50.5840188],[-4.2865493,50.5840983],[-4.2819255,50.5778173],[-4.2853455,50.5749913],[-4.2930635,50.5842878],[-4.3080626,50.5789437],[-4.312173,50.5894972],[-4.3063141,50.5947654],[-4.3084541,50.6026948],[-4.3034288,50.6115297],[-4.3074142,50.6200202],[-4.3001472,50.6335156],[-4.3113329,50.637467],[-4.3192734,50.6360038],[-4.3257623,50.6377892],[-4.3253626,50.640386],[-4.3275247,50.6407526],[-4.3311143,50.6404201],[-4.3352265,50.6465405],[-4.3355327,50.6557079],[-4.3452123,50.6647988],[-4.3489408,50.6895383],[-4.3526318,50.6937488],[-4.3667883,50.6977732],[-4.3693408,50.7023413],[-4.3615861,50.7187672],[-4.366641,50.7223854],[-4.3738935,50.7377252],[-4.3849992,50.7477558],[-4.3808102,50.7564863],[-4.3878178,50.7578043],[-4.3873812,50.7649692],[-4.3801129,50.7694304],[-4.3932271,50.7779207],[-4.4144171,50.7743956],[-4.4087228,50.7624169],[-4.423947,50.7645494],[-4.437515,50.774361],[-4.4457277,50.7764343],[-4.4513299,50.7856542],[-4.4564328,50.783693],[-4.4731046,50.7849767],[-4.4776804,50.7899821],[-4.4934965,50.7929238],[-4.4900317,50.796303],[-4.4744927,50.7972835],[-4.4746812,50.8018134],[-4.4634123,50.8017296],[-4.4467907,50.8082237],[-4.4385606,50.8230998],[-4.4441601,50.827745],[-4.4436998,50.8354196],[-4.4337265,50.8655093],[-4.4209592,50.8660862],[-4.4250439,50.8713719],[-4.4462491,50.8911684],[-4.4499571,50.9058545],[-4.4585535,50.9076],[-4.4626833,50.9134898],[-4.4561942,50.9289932]]]],"type":"MultiPolygon"},"id":"E06000052","properties":{"code":"E06000052","geography":"LAD","name":"Cornwall"},"type":"Feature"},{"geometry":{"coordinates":[[[[-6.3490336,49.8983917],[-6.3503139,49.8955018],[-6.3564254,49.89754],[-6.3495653,49.8945671],[-6.3530936,49.8883466],[-6.3461118,49.8900582],[-6.3412607,49.8823405],[-6.3358251,49.8866358],[-6.3383375,49.8934129],[-6.334422,49.8937376],[-6.3292942,49.8887432],[-6.3280035,49.8943051],[-6.3338327,49.8982887],[-6.3345943,49.8987622],[-6.3360456,49.8982147],[-6.3384698,49.8972442],[-6.3376198,49.8954558],[-6.3368119,49.8943903],[-6.3371808,49.894532],[-6.3369877,49.8941257],[-6.3490336,49.8983917]]],[[[-6.3701737,49.8957193],[-6.3753005,49.8998943],[-6.3771878,49.8976101],[-6.3780988,49.8959037],[-6.3708693,49.8957355],[-6.3669232,49.8920398],[-6.3701737,49.8957193]]],[[[-6.2759397,49.9208304],[-6.2762847,49.9222289],[-6.2808162,49.927131],[-6.2808884,49.9271429],[-6.2808415,49.9271592],[-6.2813715,49.927769],[-6.2767516,49.9285819],[-6.2764508,49.9286865],[-6.2882025,49.9308843],[-6.2903743,49.9362442],[-6.2977747,49.9367941],[-6.3076023,49.9343307],[-6.3084971,49.9338485],[-6.3133061,49.9281871],[-6.313477,49.9272006],[-6.3084233,49.9226993],[-6.3099341,49.9220795],[-6.3091778,49.9218537],[-6.3112078,49.921557],[-6.3127968,49.9209051],[-6.3084174,49.9200729],[-6.3090942,49.9166185],[-6.3166996,49.9152545],[-6.3166105,49.9185116],[-6.3276439,49.9125747],[-6.3237341,49.9088767],[-6.3207161,49.9080825],[-6.3177214,49.9086233],[-6.3175017,49.9120365],[-6.3176111,49.9123522],[-6.3175454,49.912365],[-6.3174234,49.9132514],[-6.3128782,49.9132391],[-6.3050382,49.9042176],[-6.3035587,49.9033038],[-6.301998,49.9045611],[-6.30061,49.9069439],[-6.3030039,49.9115333],[-6.287829,49.9100222],[-6.2871665,49.9102652],[-6.2842405,49.9132929],[-6.2864539,49.9167561],[-6.2791754,49.9150754],[-6.2759397,49.9208304]]],[[[-6.3522602,49.9376346],[-6.3550087,49.9339121],[-6.3544134,49.9330853],[-6.3569533,49.9312781],[-6.357655,49.9303275],[-6.3506128,49.9281331],[-6.3522602,49.9376346]]],[[[-6.3480736,49.9556526],[-6.3594383,49.9640141],[-6.3590345,49.9657061],[-6.3589668,49.9669241],[-6.3605273,49.9663447],[-6.3626131,49.9651748],[-6.356506,49.9613592],[-6.3621976,49.9580818],[-6.3584232,49.9536546],[-6.3643009,49.9542313],[-6.3650438,49.9516073],[-6.3580067,49.949569],[-6.3572595,49.9494593],[-6.3573396,49.9494291],[-6.3563237,49.9490814],[-6.3618315,49.9462982],[-6.3584344,49.9454294],[-6.3585793,49.9452104],[-6.3522998,49.9445474],[-6.3480736,49.9556526]]],[[[-6.3426423,49.9678622],[-6.3484476,49.9679133],[-6.3497611,49.966898],[-6.3500563,49.9636516],[-6.3390961,49.9558554],[-6.3392191,49.9470253],[-6.336382,49.943809],[-6.3348164,49.9432027],[-6.3351861,49.942453],[-6.3322947,49.9391745],[-6.328257,49.9435097],[-6.3197387,49.9447222],[-6.3227597,49.946877],[-6.3206656,49.9506492],[-6.3216768,49.9551593],[-6.3263531,49.95859],[-6.3287591,49.9591131],[-6.3324209,49.958912],[-6.3347482,49.9640232],[-6.3396364,49.9626784],[-6.3426423,49.9678622]]],[[[-6.3091439,49.9695932],[-6.3141916,49.9699236],[-6.3179214,49.9677815],[-6.3142503,49.9664427],[-6.3141785,49.966473],[-6.309374,49.9650384],[-6.3091439,49.9695932]]],[[[-6.320329,49.9732542],[-6.3266414,49.9747825],[-6.327105,49.9701112],[-6.320329,49.9732542]]],[[[-6.2912181,49.9704386],[-6.2918043,49.9710317],[-6.2917192,49.9713042],[-6.2928554,49.9732665],[-6.2912516,49.9745434],[-6.2903777,49.9756031],[-6.2893665,49.9788427],[-6.2922762,49.9799857],[-6.2943227,49.9797426],[-6.2929339,49.9762961],[-6.2914607,49.9747613],[-6.2917341,49.9744682],[-6.292167,49.9743896],[-6.2922805,49.9743701],[-6.297996,49.9734925],[-6.2986412,49.9694184],[-6.3008277,49.9696475],[-6.3036404,49.9677934],[-6.3041022,49.9651084],[-6.3027737,49.9636825],[-6.2901566,49.961775],[-6.2845032,49.9562695],[-6.2839449,49.9561933],[-6.2797391,49.9574443],[-6.2771466,49.9589974],[-6.2770902,49.9589851],[-6.2770446,49.9590119],[-6.2755857,49.9586793],[-6.2615768,49.9628437],[-6.2659466,49.9675332],[-6.2670683,49.9666303],[-6.2699044,49.9642334],[-6.2701354,49.9644042],[-6.2706594,49.9639974],[-6.2735278,49.9662709],[-6.2742612,49.9659477],[-6.2781692,49.9638507],[-6.2887485,49.9661724],[-6.2912181,49.9704386]]]],"type":"MultiPolygon"},"id":"E06000053","properties":{"code":"E06000053","geography":"LAD","name":"Isles of Scilly"},"type":"Feature"},{"geometry":{"coordinates":[[[-1.7991722,51.6624911],[-1.7917341,51.6631676],[-1.7886002,51.6670069],[-1.8119695,51.7031221],[-1.8185143,51.7023354],[-1.8193984,51.6943342],[-1.8124813,51.6863092],[-1.8232862,51.673543],[-1.8152846,51.6635441],[-1.8344862,51.6575069],[-1.850611,51.6562858],[-1.8738842,51.6825898],[-1.8933002,51.676901],[-1.8990197,51.6796896],[-1.8873915,51.6600413],[-1.8762672,51.6529808],[-1.8884045,51.6488651],[-1.9038752,51.6560196],[-1.9209363,51.6572315],[-1.9311135,51.6629761],[-1.9420595,51.6704169],[-1.9522207,51.6678292],[-1.9579464,51.6596764],[-1.9629675,51.6586869],[-1.9522595,51.6368653],[-1.9686442,51.6399513],[-1.9771987,51.6379297],[-1.9764685,51.643253],[-1.9848383,51.6431606],[-1.995311,51.6513768],[-2.0031088,51.6490314],[-2.0151014,51.6503682],[-2.0571738,51.6724431],[-2.0734769,51.6594985],[-2.108112,51.630907],[-2.152553,51.5903259],[-2.1828088,51.5993876],[-2.1810624,51.5965078],[-2.190024,51.5924756],[-2.1924604,51.5958129],[-2.2066783,51.5959413],[-2.2060983,51.6014845],[-2.2108414,51.6029549],[-2.2225322,51.5961836],[-2.2419044,51.5920918],[-2.2450978,51.581383],[-2.2674052,51.5826881],[-2.2726302,51.5775574],[-2.2740009,51.5723449],[-2.2602864,51.5698801],[-2.2687492,51.5596856],[-2.2684114,51.5496955],[-2.2617778,51.5447392],[-2.2665227,51.5362679],[-2.2524098,51.5268897],[-2.2637192,51.5185591],[-2.2775632,51.5168618],[-2.296401,51.509757],[-2.297393,51.50626],[-2.3242761,51.4975166],[-2.3115305,51.487258],[-2.2905578,51.4868576],[-2.288851,51.4781498],[-2.2957429,51.45859],[-2.2852459,51.4579384],[-2.2946422,51.4288037],[-2.2953502,51.4262523],[-2.284885,51.4234873],[-2.2785475,51.4159105],[-2.2908037,51.4057165],[-2.2819112,51.3972104],[-2.2966774,51.394893],[-2.2974082,51.3846546],[-2.2902607,51.3725957],[-2.2997981,51.3621377],[-2.3075187,51.3649968],[-2.3102147,51.3575346],[-2.3231303,51.3566407],[-2.3443088,51.3454568],[-2.3238343,51.3477303],[-2.3085089,51.3397667],[-2.2964091,51.342662],[-2.2944404,51.3372628],[-2.3009269,51.3332225],[-2.2884389,51.3297714],[-2.2890908,51.325272],[-2.2777472,51.3257041],[-2.2730949,51.322879],[-2.2723313,51.3185],[-2.2755193,51.3186805],[-2.2719545,51.3142541],[-2.2851201,51.309528],[-2.2782777,51.3024481],[-2.2799726,51.29223],[-2.265474,51.2962402],[-2.2652866,51.2928587],[-2.2534972,51.2898347],[-2.2444267,51.2631324],[-2.2495832,51.2589665],[-2.2453412,51.2538761],[-2.2528361,51.2473706],[-2.2633244,51.2326051],[-2.2697585,51.2188933],[-2.2666659,51.2155786],[-2.2845603,51.1972534],[-2.2984647,51.1753224],[-2.3100891,51.1684233],[-2.332287,51.1449576],[-2.3321693,51.1379832],[-2.3458619,51.1333625],[-2.3463047,51.1305107],[-2.3445392,51.1246782],[-2.3645276,51.1188788],[-2.3625294,51.1016237],[-2.3470512,51.0882363],[-2.3291404,51.0852585],[-2.3258631,51.0796783],[-2.2912693,51.0770755],[-2.2685958,51.0687257],[-2.2447266,51.0723114],[-2.225858,51.0575715],[-2.2180107,51.0551843],[-2.2054155,51.0427856],[-2.1933112,51.0377514],[-2.1888536,51.0252815],[-2.1886036,51.0185315],[-2.1763997,51.0128395],[-2.1781429,51.0083239],[-2.1718297,51.001029],[-2.1481472,50.986278],[-2.1197644,50.9781906],[-2.1206517,50.9694078],[-2.1194616,50.9596802],[-2.1105212,50.9554887],[-2.102861,50.9456077],[-2.0828636,50.9513384],[-2.0672831,50.9518205],[-2.0583277,50.9636432],[-2.0412253,50.9680677],[-2.0372082,50.9719698],[-1.99383,50.9757711],[-1.9852659,50.9847137],[-1.9653337,50.9920295],[-1.9568301,50.9898003],[-1.949936,50.9823106],[-1.9278759,50.9976972],[-1.8867413,50.9995277],[-1.8744816,51.0063306],[-1.8741809,50.987727],[-1.8739112,50.9845006],[-1.8528042,51.0050277],[-1.8358173,51.0094733],[-1.8154218,50.9859226],[-1.8075835,50.9920455],[-1.800314,50.9913948],[-1.7471016,50.9779412],[-1.719571,50.9767863],[-1.6976514,50.9604324],[-1.6768817,50.949667],[-1.66166,50.9452779],[-1.6463761,50.9494654],[-1.634965,50.9592422],[-1.6233992,50.9546373],[-1.6197509,50.9585669],[-1.6029298,50.9785042],[-1.6144257,50.9794812],[-1.6197308,50.983035],[-1.6189585,50.9874001],[-1.625213,50.9903307],[-1.6288047,50.9990945],[-1.617231,51.004182],[-1.6060779,51.0018978],[-1.6149103,51.0066386],[-1.6091036,51.0098543],[-1.6052397,51.0070401],[-1.5975761,51.0080271],[-1.6053181,51.0170391],[-1.6005789,51.0221726],[-1.6194571,51.0330594],[-1.6323757,51.0327797],[-1.6349768,51.0408468],[-1.6278073,51.0781558],[-1.6340976,51.0854626],[-1.6373148,51.0922023],[-1.6271019,51.1027573],[-1.6307954,51.1128865],[-1.6263413,51.1173369],[-1.6406595,51.1254125],[-1.6629754,51.127192],[-1.6546955,51.1520529],[-1.6570402,51.1593064],[-1.6722712,51.1785464],[-1.6693868,51.1848176],[-1.6688204,51.1907592],[-1.6927924,51.2030498],[-1.690935,51.209516],[-1.6897881,51.2147686],[-1.6667715,51.2174443],[-1.6534964,51.2204676],[-1.633621,51.2175906],[-1.6194148,51.241205],[-1.6103932,51.2429796],[-1.6075908,51.2527924],[-1.6002266,51.2514381],[-1.6001863,51.2535243],[-1.577572,51.2555796],[-1.5483292,51.2475105],[-1.5442542,51.2451106],[-1.5360218,51.248555],[-1.5298179,51.2608018],[-1.5305501,51.2626445],[-1.540599,51.2608312],[-1.5359032,51.2773145],[-1.5428615,51.2801154],[-1.5344564,51.2871211],[-1.5227772,51.2870633],[-1.5242176,51.2931632],[-1.5194205,51.2960815],[-1.5279992,51.2998286],[-1.5259349,51.3060699],[-1.5277575,51.3128896],[-1.5335619,51.3162236],[-1.5275079,51.3384441],[-1.5162281,51.3393521],[-1.4982869,51.3293617],[-1.4856178,51.3476507],[-1.500633,51.3563211],[-1.4953726,51.3696579],[-1.5135277,51.372051],[-1.5169014,51.3787711],[-1.5275801,51.3787769],[-1.5382754,51.3854879],[-1.5376397,51.3883107],[-1.5555966,51.3955387],[-1.5529223,51.4100374],[-1.5622244,51.4081735],[-1.5699571,51.4177677],[-1.5651187,51.4220434],[-1.5530746,51.4212475],[-1.5395458,51.4261298],[-1.5254024,51.4248589],[-1.532029,51.4295019],[-1.5240587,51.4409322],[-1.529072,51.4555077],[-1.5483902,51.4606558],[-1.5595259,51.4697386],[-1.561583,51.4763786],[-1.5668305,51.4769303],[-1.5704142,51.4862956],[-1.582222,51.4940292],[-1.5880644,51.5131486],[-1.584695,51.5249221],[-1.6028249,51.5183097],[-1.6236144,51.5141704],[-1.6285411,51.5173851],[-1.6342926,51.5129411],[-1.6677404,51.505279],[-1.7190817,51.5007055],[-1.7157367,51.4883833],[-1.7746934,51.4845125],[-1.7743305,51.4824546],[-1.7931921,51.4861671],[-1.7977982,51.484447],[-1.8130465,51.4965356],[-1.8134503,51.5070422],[-1.8375849,51.5008375],[-1.8441433,51.5138359],[-1.8440664,51.5151245],[-1.8467539,51.5243006],[-1.8421174,51.5262949],[-1.8437007,51.5217174],[-1.8370047,51.5108787],[-1.8307914,51.5111097],[-1.8442303,51.5430938],[-1.8539058,51.5462427],[-1.8504063,51.5467449],[-1.8537365,51.5505116],[-1.8494822,51.5535791],[-1.8651282,51.5595541],[-1.8600928,51.5652204],[-1.8451968,51.5617291],[-1.8500937,51.5681122],[-1.8442391,51.5701826],[-1.8431054,51.5787051],[-1.8383623,51.5800688],[-1.830837,51.5817504],[-1.8263357,51.5794366],[-1.8230542,51.5834571],[-1.8375861,51.58722],[-1.8318013,51.5967364],[-1.8398317,51.599859],[-1.8398423,51.6071407],[-1.8423689,51.6120741],[-1.8390952,51.6166865],[-1.8278971,51.6253268],[-1.8202007,51.6277516],[-1.814316,51.6245066],[-1.8063765,51.6327192],[-1.7886423,51.632715],[-1.7991722,51.6624911]]],"type":"Polygon"},"id":"E06000054","properties":{"code":"E06000054","geography":"LAD","name":"Wiltshire"},"type":"Feature"},{"geometry":{"coordinates":[[[-0.4653658,52.3229533],[-0.4762613,52.3180639],[-0.4871403,52.3210827],[-0.5198299,52.3176926],[-0.5140512,52.3146971],[-0.5406048,52.2914919],[-0.5311902,52.2704024],[-0.539325,52.2660949],[-0.5413119,52.2563173],[-0.5547381,52.2581798],[-0.5656931,52.2534682],[-0.588111,52.2707784],[-0.5863353,52.2728313],[-0.6063573,52.2788502],[-0.610617,52.2794979],[-0.6269781,52.2748774],[-0.6314125,52.2700476],[-0.6399083,52.272442],[-0.6536555,52.2682893],[-0.6373316,52.2273176],[-0.6614604,52.2081262],[-0.6681356,52.1950341],[-0.6574481,52.1897753],[-0.6431603,52.1888449],[-0.6395101,52.1834349],[-0.6274467,52.1815455],[-0.6282545,52.1725363],[-0.6349293,52.1680667],[-0.6306876,52.1550241],[-0.6407659,52.1528176],[-0.6354517,52.1392536],[-0.61936,52.1330206],[-0.6072494,52.1338688],[-0.5918103,52.1106919],[-0.5832353,52.1045589],[-0.5891859,52.0974992],[-0.5821036,52.0984285],[-0.5782636,52.0941047],[-0.5668008,52.0947684],[-0.5500855,52.0807046],[-0.5415857,52.0818828],[-0.5334878,52.0771401],[-0.5178163,52.0678906],[-0.5178956,52.0603306],[-0.5115175,52.0595588],[-0.5098143,52.0550253],[-0.5044889,52.0567814],[-0.4995912,52.0677076],[-0.5047568,52.0701291],[-0.4996724,52.0755654],[-0.4861227,52.0838802],[-0.471527,52.0880087],[-0.4577528,52.0728359],[-0.4403635,52.0633548],[-0.4298627,52.0677732],[-0.3970169,52.0710032],[-0.3896417,52.0745649],[-0.3848861,52.0754996],[-0.3891891,52.0808168],[-0.3769085,52.08774],[-0.3811875,52.0935651],[-0.3746507,52.0972076],[-0.3715051,52.0946467],[-0.3668775,52.0967791],[-0.3678467,52.099298],[-0.3561691,52.1077581],[-0.353013,52.1063864],[-0.3446011,52.1181666],[-0.3620335,52.14292],[-0.357799,52.1460036],[-0.3491497,52.1453299],[-0.3350686,52.156097],[-0.3300653,52.1653416],[-0.3212645,52.1688376],[-0.3108116,52.1671392],[-0.3042745,52.1669069],[-0.3016781,52.178225],[-0.2891171,52.1909258],[-0.2497851,52.184371],[-0.2440019,52.1826846],[-0.240723,52.1901931],[-0.264912,52.2057212],[-0.2619275,52.2096325],[-0.2742192,52.2087472],[-0.2929394,52.2076344],[-0.2993905,52.2160436],[-0.2866313,52.234848],[-0.2856937,52.2374015],[-0.293209,52.2405162],[-0.313688,52.2389988],[-0.3199966,52.2427079],[-0.3344937,52.2429206],[-0.3434689,52.2418744],[-0.3410108,52.2306475],[-0.3590381,52.2347353],[-0.3743757,52.2329983],[-0.3823412,52.2711257],[-0.3721751,52.2734999],[-0.3770009,52.2815478],[-0.3926259,52.2824296],[-0.3989795,52.2787289],[-0.4068712,52.2874619],[-0.4101588,52.2844968],[-0.4190096,52.2842506],[-0.429564,52.2915494],[-0.4318758,52.2965937],[-0.4357611,52.2966569],[-0.4360887,52.3144708],[-0.4441835,52.3142316],[-0.4653658,52.3229533]]],"type":"Polygon"},"id":"E06000055","properties":{"code":"E06000055","geography":"LAD","name":"Bedford"},"type":"Feature"},{"geometry":{"coordinates":[[[-0.2288629,52.1662428],[-0.2543991,52.1721848],[-0.2606941,52.1764014],[-0.2497851,52.184371],[-0.2891171,52.1909258],[-0.3016781,52.178225],[-0.3042745,52.1669069],[-0.3108116,52.1671392],[-0.3212645,52.1688376],[-0.3300653,52.1653416],[-0.3350686,52.156097],[-0.3491497,52.1453299],[-0.357799,52.1460036],[-0.3620335,52.14292],[-0.3446011,52.1181666],[-0.353013,52.1063864],[-0.3561691,52.1077581],[-0.3678467,52.099298],[-0.3668775,52.0967791],[-0.3715051,52.0946467],[-0.3746507,52.0972076],[-0.3811875,52.0935651],[-0.3769085,52.08774],[-0.3891891,52.0808168],[-0.3848861,52.0754996],[-0.3896417,52.0745649],[-0.3970169,52.0710032],[-0.4298627,52.0677732],[-0.4403635,52.0633548],[-0.4577528,52.0728359],[-0.471527,52.0880087],[-0.4861227,52.0838802],[-0.4996724,52.0755654],[-0.5047568,52.0701291],[-0.4995912,52.0677076],[-0.5044889,52.0567814],[-0.5098143,52.0550253],[-0.5115175,52.0595588],[-0.5178956,52.0603306],[-0.5178163,52.0678906],[-0.5334878,52.0771401],[-0.5415857,52.0818828],[-0.5500855,52.0807046],[-0.5668008,52.0947684],[-0.5782636,52.0941047],[-0.5821036,52.0984285],[-0.5891859,52.0974992],[-0.5832353,52.1045589],[-0.5918103,52.1106919],[-0.6018723,52.1050275],[-0.5967513,52.1016849],[-0.6039592,52.0991243],[-0.6057875,52.0921221],[-0.6313579,52.0809749],[-0.641584,52.0677213],[-0.6510081,52.064144],[-0.668976,52.0487168],[-0.6583998,52.0440617],[-0.6430758,52.0368909],[-0.6403293,52.0236608],[-0.6509602,52.018547],[-0.6434602,52.0109006],[-0.6506566,52.0096702],[-0.6616897,51.9997364],[-0.6561727,51.9820259],[-0.6456808,51.9722283],[-0.653017,51.9692494],[-0.6512445,51.9682451],[-0.6621236,51.9555477],[-0.6720762,51.9559103],[-0.6702527,51.9441343],[-0.6822885,51.9427627],[-0.6802838,51.9354944],[-0.6815786,51.9351421],[-0.6914635,51.9270549],[-0.7021568,51.9091191],[-0.6922199,51.9001624],[-0.6732361,51.9018177],[-0.6602814,51.894549],[-0.6596336,51.8906157],[-0.6519859,51.8868523],[-0.6284242,51.8821204],[-0.6200892,51.8854855],[-0.6089704,51.8755636],[-0.5835636,51.8703238],[-0.5692479,51.8580706],[-0.5692676,51.8517643],[-0.5636798,51.8512394],[-0.5668195,51.8508084],[-0.5640529,51.8470961],[-0.5376193,51.8314728],[-0.5437302,51.8245762],[-0.5489356,51.8280208],[-0.5536139,51.8267529],[-0.5416848,51.8184447],[-0.5431798,51.8154635],[-0.5241002,51.8058112],[-0.5197288,51.8050954],[-0.5022828,51.8154587],[-0.5015937,51.821487],[-0.5111929,51.8258936],[-0.5060168,51.8272998],[-0.5018183,51.8367948],[-0.4918818,51.8352785],[-0.4909329,51.8428194],[-0.4795708,51.8421443],[-0.4711957,51.8454679],[-0.4782985,51.8531365],[-0.47042,51.8557102],[-0.4641045,51.8501474],[-0.4540631,51.8530325],[-0.4475245,51.8476015],[-0.4389864,51.8518351],[-0.4252349,51.8467206],[-0.4215008,51.8502052],[-0.4048588,51.8406075],[-0.3739591,51.8291907],[-0.3687303,51.831083],[-0.3643707,51.8398913],[-0.3633077,51.8421047],[-0.3560305,51.8405132],[-0.3394859,51.8496056],[-0.3528717,51.8635432],[-0.3548339,51.8740145],[-0.3682983,51.8730602],[-0.3657842,51.8707621],[-0.3697554,51.8681152],[-0.3892373,51.8715874],[-0.3914678,51.870129],[-0.4008934,51.8686515],[-0.4091215,51.861495],[-0.4161256,51.8619951],[-0.4144173,51.8590352],[-0.4220699,51.8544813],[-0.4350819,51.8649605],[-0.4494055,51.8783507],[-0.4666539,51.8881943],[-0.4671468,51.8882616],[-0.4839406,51.8883001],[-0.495268,51.8958564],[-0.4998079,51.897831],[-0.5059231,51.9006125],[-0.4940468,51.9060747],[-0.491523,51.9063384],[-0.4820727,51.9089961],[-0.4784966,51.917331],[-0.4857014,51.9227012],[-0.4623932,51.9235433],[-0.4518566,51.9247562],[-0.4378159,51.9277475],[-0.4238884,51.9262894],[-0.4211629,51.9174535],[-0.419065,51.9123036],[-0.4075598,51.9106917],[-0.402437,51.9097032],[-0.40122,51.9130532],[-0.3856156,51.9156804],[-0.3835794,51.9182748],[-0.3893446,51.9257791],[-0.4056476,51.9324662],[-0.4024797,51.9333943],[-0.4058239,51.943431],[-0.3994395,51.9676714],[-0.3934328,51.9685769],[-0.3903733,51.9776194],[-0.3806864,51.9794323],[-0.3782057,51.9716358],[-0.382912,51.9514137],[-0.3725823,51.9480189],[-0.3502253,51.9575781],[-0.3491623,51.9637408],[-0.3507469,51.9727597],[-0.3638143,51.9751657],[-0.3672963,51.9837494],[-0.3587128,51.9855112],[-0.3387286,51.9827215],[-0.3114781,51.9821537],[-0.3068394,51.9890005],[-0.2953296,51.9954099],[-0.3000042,52.0007555],[-0.2824158,52.001564],[-0.2833753,51.9966603],[-0.2722814,51.9881356],[-0.2739006,51.9812095],[-0.2602551,51.9797048],[-0.2574485,51.9853859],[-0.247983,51.98508],[-0.2440787,51.9990233],[-0.2395977,51.9990229],[-0.2183525,52.0063376],[-0.2134906,52.0085144],[-0.201256,52.0098247],[-0.2194934,52.0367413],[-0.1949826,52.0624151],[-0.1725404,52.0602233],[-0.1641661,52.0770355],[-0.1576051,52.080441],[-0.1490005,52.0912257],[-0.1478884,52.1142525],[-0.1439855,52.1177421],[-0.1444345,52.1381638],[-0.1496908,52.1388354],[-0.1505134,52.1436195],[-0.1596731,52.1440684],[-0.1637506,52.140128],[-0.1715347,52.1395026],[-0.2062043,52.144449],[-0.234804,52.1447268],[-0.2166619,52.1587665],[-0.2288629,52.1662428]]],"type":"Polygon"},"id":"E06000056","properties":{"code":"E06000056","geography":"LAD","name":"Central Bedfordshire"},"type":"Feature"},{"geometry":{"coordinates":[[[[-1.6550082,55.6173835],[-1.6556746,55.6173323],[-1.6583478,55.6169155],[-1.6551284,55.6166536],[-1.6550082,55.6173835]]],[[[-1.8012102,55.6893116],[-1.8133426,55.6850627],[-1.8265925,55.6846723],[-1.8518254,55.688161],[-1.8549555,55.68563],[-1.8520702,55.6814871],[-1.8423949,55.6787148],[-1.8310145,55.6834304],[-1.8155912,55.68241],[-1.8060751,55.6781814],[-1.8024389,55.6682838],[-1.7949252,55.6681089],[-1.7932318,55.6706022],[-1.7788745,55.6677307],[-1.7789563,55.6720795],[-1.7810611,55.6768124],[-1.7791462,55.6821706],[-1.7792113,55.6856261],[-1.7893707,55.6850365],[-1.7924699,55.6887509],[-1.7973862,55.6872235],[-1.8012102,55.6893116]]],[[[-2.0311709,55.8042301],[-2.0344333,55.8110897],[-2.0526366,55.8025111],[-2.0622417,55.8027329],[-2.0769741,55.794117],[-2.0861231,55.7930453],[-2.0856391,55.7620403],[-2.0861477,55.7621415],[-2.1076415,55.7598881],[-2.1064443,55.7485636],[-2.1157222,55.747557],[-2.1189187,55.7381687],[-2.1383831,55.7404736],[-2.1460519,55.7384419],[-2.1505061,55.7231994],[-2.1688557,55.7222411],[-2.1769967,55.718375],[-2.1672311,55.7060352],[-2.1840552,55.7015933],[-2.197805,55.6883273],[-2.2186592,55.6759071],[-2.2184527,55.6642603],[-2.2299775,55.6624386],[-2.2481739,55.6523532],[-2.233631,55.6457616],[-2.2347993,55.6408121],[-2.2457259,55.6395193],[-2.2560175,55.6445263],[-2.2829723,55.6429224],[-2.3057897,55.6470438],[-2.324702,55.6431665],[-2.3262522,55.6370215],[-2.3325596,55.6349193],[-2.3360124,55.6320547],[-2.3243106,55.6261659],[-2.308626,55.628876],[-2.3089346,55.6224795],[-2.3160941,55.6204585],[-2.3072863,55.6111039],[-2.2951348,55.6086224],[-2.2892323,55.6037737],[-2.2859356,55.5965439],[-2.2923918,55.5857986],[-2.2885359,55.58005],[-2.2478542,55.5567307],[-2.2403065,55.5556272],[-2.2322487,55.5448298],[-2.2332172,55.5296133],[-2.2276024,55.5284081],[-2.2242833,55.5227877],[-2.2288455,55.5095188],[-2.2194526,55.5057325],[-2.2026493,55.4895413],[-2.2063551,55.4815598],[-2.2015917,55.475516],[-2.1737236,55.4722711],[-2.1655212,55.4683819],[-2.1896375,55.4611658],[-2.1942197,55.445258],[-2.2056243,55.4375388],[-2.2312819,55.4284293],[-2.2425439,55.4321463],[-2.2606113,55.432934],[-2.2622431,55.4285582],[-2.2706469,55.4295929],[-2.2738928,55.4259808],[-2.2945134,55.4204652],[-2.2959349,55.4149222],[-2.312545,55.4098552],[-2.3132536,55.4067893],[-2.3323664,55.4099107],[-2.3335305,55.4024253],[-2.3447254,55.3994488],[-2.3355123,55.3925655],[-2.3347414,55.3831552],[-2.3300205,55.3812416],[-2.3462332,55.3730611],[-2.3374771,55.3672809],[-2.3727982,55.3550693],[-2.3789118,55.3491694],[-2.3929784,55.3474474],[-2.3995214,55.3482744],[-2.402184,55.3544064],[-2.4149966,55.3589219],[-2.4292305,55.3564349],[-2.444406,55.3591832],[-2.4612236,55.3532092],[-2.4774719,55.3543329],[-2.4950208,55.3474915],[-2.5019882,55.3371996],[-2.5202697,55.3230471],[-2.5307686,55.322709],[-2.5504252,55.3157855],[-2.5590412,55.3178347],[-2.5570944,55.3117126],[-2.5652111,55.305937],[-2.5737044,55.3007862],[-2.5733631,55.2968844],[-2.6092381,55.283248],[-2.6281907,55.2679326],[-2.6266561,55.2622209],[-2.6467712,55.2600439],[-2.6276527,55.2505728],[-2.6114509,55.2471344],[-2.630229,55.2447915],[-2.6358057,55.2297659],[-2.6314142,55.2236981],[-2.6480701,55.2198672],[-2.6668148,55.2215804],[-2.6897892,55.1889832],[-2.6745553,55.1758915],[-2.6832539,55.1666305],[-2.6773244,55.1554876],[-2.6685783,55.147311],[-2.6616246,55.146365],[-2.6569394,55.1361318],[-2.6326388,55.127757],[-2.6212731,55.1292164],[-2.5989028,55.1245757],[-2.600471,55.1171618],[-2.5934364,55.1128326],[-2.5935586,55.1051202],[-2.5854931,55.1030818],[-2.583326,55.0990251],[-2.5794088,55.0961351],[-2.568426,55.0962614],[-2.5667057,55.091966],[-2.5582948,55.0888104],[-2.5627931,55.0843757],[-2.5569473,55.0810391],[-2.5180948,55.084957],[-2.5164676,55.0891154],[-2.5037071,55.0907504],[-2.4863412,55.0830455],[-2.4866387,55.0811024],[-2.4947333,55.081822],[-2.5012343,55.0752248],[-2.4921999,55.0681537],[-2.5039849,55.0624299],[-2.5000276,55.0621164],[-2.5020206,55.0577257],[-2.4954456,55.0533318],[-2.4907523,55.054526],[-2.4943416,55.0507148],[-2.4829565,55.0437011],[-2.4830499,55.0400191],[-2.505666,55.036748],[-2.5044784,55.0331908],[-2.510168,55.0363472],[-2.5125623,55.0337941],[-2.5269121,55.0329402],[-2.527622,55.0291],[-2.5395724,55.0288769],[-2.5526194,55.0210417],[-2.5650422,55.0201111],[-2.5731868,55.0161147],[-2.5736534,55.0067264],[-2.5702419,55.0065061],[-2.5741809,55.0037001],[-2.5677137,55.0027474],[-2.5733108,54.9876378],[-2.5792372,54.9828928],[-2.5866296,54.9820342],[-2.5915918,54.9741508],[-2.6003455,54.9736622],[-2.6014293,54.9713402],[-2.595569,54.9634809],[-2.5684265,54.9582911],[-2.5712854,54.9483704],[-2.5676495,54.940856],[-2.5515429,54.9295353],[-2.5460834,54.9305046],[-2.5462487,54.9271556],[-2.5594056,54.9244313],[-2.5571918,54.9215209],[-2.5662213,54.9192381],[-2.5675654,54.9090026],[-2.576414,54.8967171],[-2.605454,54.8843058],[-2.5902472,54.8737837],[-2.5733523,54.8535462],[-2.582671,54.8458668],[-2.5678486,54.8235748],[-2.5583067,54.8167246],[-2.5306522,54.805999],[-2.4953569,54.8103421],[-2.4606015,54.8341722],[-2.4522388,54.8320132],[-2.4226761,54.8428704],[-2.4116583,54.8564545],[-2.4016226,54.851484],[-2.3927264,54.8345153],[-2.3726695,54.8273796],[-2.3698308,54.8209665],[-2.3484286,54.8070793],[-2.3273852,54.8053325],[-2.3232843,54.7950089],[-2.3120895,54.791015],[-2.292986,54.7931655],[-2.2826778,54.7982521],[-2.2486628,54.7879599],[-2.2355207,54.7867973],[-2.2340641,54.7841652],[-2.2189068,54.7823774],[-2.1986007,54.8067363],[-2.1774163,54.8068211],[-2.16947,54.80361],[-2.1642648,54.8158278],[-2.1431305,54.8269592],[-2.139789,54.8418707],[-2.1038157,54.8402086],[-2.0974512,54.8367802],[-2.0825752,54.8381692],[-2.0680447,54.844777],[-2.0396549,54.848241],[-2.0264069,54.8586835],[-2.000967,54.8696677],[-1.9802363,54.8681835],[-1.9706932,54.8634889],[-1.9747664,54.8620638],[-1.9724652,54.8602426],[-1.9493061,54.8529789],[-1.9376553,54.8518298],[-1.9326155,54.8541608],[-1.9318404,54.8508453],[-1.9218609,54.8492657],[-1.9209866,54.842452],[-1.9271342,54.8411655],[-1.9181126,54.8407513],[-1.9208688,54.8379996],[-1.9158716,54.8340504],[-1.911013,54.8366102],[-1.9141088,54.8394797],[-1.9050515,54.8415692],[-1.8973934,54.8457482],[-1.8870683,54.8437282],[-1.8704097,54.8506729],[-1.8666006,54.8553856],[-1.8696711,54.8615578],[-1.861278,54.8664308],[-1.8600493,54.8780342],[-1.8509638,54.8846886],[-1.8544367,54.8911845],[-1.8474749,54.8897822],[-1.8454491,54.8969031],[-1.8346866,54.8990259],[-1.8276967,54.9054936],[-1.8206371,54.9057711],[-1.8266368,54.9100931],[-1.8527213,54.9174135],[-1.8411493,54.9297255],[-1.8269565,54.9307003],[-1.8244768,54.9393922],[-1.8310172,54.9443092],[-1.8336553,54.9532972],[-1.822923,54.9557466],[-1.822518,54.9648205],[-1.8154478,54.9673019],[-1.8128074,54.9762856],[-1.8026695,54.9787619],[-1.788515,54.9842674],[-1.7784034,54.9824098],[-1.7787771,54.9825301],[-1.7817577,54.9834895],[-1.7849717,54.9845242],[-1.770062,54.9814291],[-1.7698028,54.98139],[-1.7756851,54.9896304],[-1.7738424,55.0041395],[-1.7565633,55.0032633],[-1.7563442,55.015944],[-1.7510575,55.0156143],[-1.7502453,55.0240208],[-1.7400327,55.0245808],[-1.7393213,55.0295953],[-1.7269289,55.0331655],[-1.714448,55.0340236],[-1.7169438,55.0386258],[-1.708654,55.0422609],[-1.6950258,55.0429087],[-1.6980282,55.0523951],[-1.7105739,55.0527882],[-1.7137741,55.0654631],[-1.7040679,55.0658474],[-1.7045799,55.0709286],[-1.691296,55.0696996],[-1.69104,55.0727188],[-1.6476813,55.0793887],[-1.6378936,55.0647686],[-1.6329018,55.0659019],[-1.592115,55.0642255],[-1.5842751,55.0624351],[-1.579051,55.0629905],[-1.5750801,55.0556199],[-1.5597544,55.0544776],[-1.5475484,55.0566707],[-1.539881,55.0615822],[-1.5323935,55.0541256],[-1.510274,55.0550525],[-1.5073228,55.0483856],[-1.4929802,55.0543999],[-1.4877669,55.0535869],[-1.4912579,55.0659065],[-1.4796445,55.067209],[-1.4707172,55.0744861],[-1.4620193,55.0746127],[-1.4664038,55.0797846],[-1.4683758,55.0802918],[-1.4685345,55.081187],[-1.4693223,55.0814931],[-1.4692652,55.083159],[-1.4712008,55.0854412],[-1.4737368,55.0846743],[-1.4766294,55.0871366],[-1.4768975,55.0871681],[-1.478137,55.0884197],[-1.4941527,55.1020448],[-1.4941896,55.1020762],[-1.4945703,55.1023999],[-1.4984884,55.1126433],[-1.498021,55.1133698],[-1.4970987,55.1147513],[-1.4946793,55.1183747],[-1.4919432,55.1173496],[-1.4910031,55.1179257],[-1.4954399,55.1220917],[-1.4977413,55.1177595],[-1.4973343,55.1244478],[-1.4973228,55.1246369],[-1.4972909,55.1251609],[-1.5003094,55.1279365],[-1.5025677,55.1287005],[-1.5046088,55.1293909],[-1.5050653,55.1295894],[-1.5051544,55.1296282],[-1.5144669,55.1336773],[-1.5158273,55.1340385],[-1.5276447,55.1371751],[-1.5347595,55.1351234],[-1.5352302,55.1349762],[-1.5438383,55.1322836],[-1.5424982,55.1339941],[-1.548046,55.1344894],[-1.5483898,55.1345201],[-1.5488156,55.1343903],[-1.5524583,55.1332797],[-1.5562026,55.1334386],[-1.5645297,55.1337914],[-1.5651382,55.1338171],[-1.563163,55.1342165],[-1.5611203,55.1346294],[-1.5580419,55.1344834],[-1.5539247,55.134288],[-1.5495632,55.1350188],[-1.5339813,55.1376281],[-1.5581439,55.1469231],[-1.5332368,55.1390576],[-1.5225281,55.1417182],[-1.5200345,55.1388132],[-1.5219401,55.1435751],[-1.5041318,55.1305535],[-1.4986406,55.1284508],[-1.4909795,55.1207568],[-1.4912913,55.1214984],[-1.4986686,55.1295957],[-1.5035392,55.1334659],[-1.5054979,55.1342338],[-1.5102902,55.1388287],[-1.5161661,55.1434948],[-1.5187903,55.1485899],[-1.5193214,55.1491545],[-1.5194115,55.1497956],[-1.5249348,55.1605144],[-1.540075,55.1615572],[-1.5397154,55.1617088],[-1.5394121,55.1618366],[-1.5382238,55.1623374],[-1.5379952,55.1623434],[-1.5250776,55.162632],[-1.5206982,55.1671378],[-1.520005,55.1705547],[-1.5139406,55.174088],[-1.513223,55.1748259],[-1.5127227,55.1777547],[-1.5143764,55.1786717],[-1.5143727,55.1787113],[-1.5118317,55.1829697],[-1.5117148,55.1836538],[-1.4990238,55.1854382],[-1.5051104,55.1925969],[-1.5017369,55.1963357],[-1.5105218,55.1991263],[-1.5123653,55.2009849],[-1.5191215,55.2068892],[-1.5269211,55.2160749],[-1.5259217,55.217295],[-1.5288647,55.2212784],[-1.5254508,55.2272075],[-1.5524204,55.2459485],[-1.5543676,55.2473007],[-1.5709101,55.2754512],[-1.5722065,55.2754035],[-1.5731356,55.2753483],[-1.5699576,55.2918349],[-1.568765,55.2933564],[-1.5578612,55.3072623],[-1.55492,55.308755],[-1.5497793,55.3113635],[-1.5493942,55.3217234],[-1.570215,55.335382],[-1.5707578,55.3389907],[-1.5736895,55.3362532],[-1.5839572,55.3356101],[-1.5846804,55.3359523],[-1.5849666,55.3360877],[-1.5853427,55.3362657],[-1.5924382,55.3396221],[-1.594073,55.3425461],[-1.5941215,55.342633],[-1.5944488,55.3432753],[-1.5881233,55.3403915],[-1.5828982,55.3380068],[-1.5820052,55.3375992],[-1.571067,55.3396545],[-1.5818404,55.3394794],[-1.5885623,55.3452237],[-1.5968553,55.3587935],[-1.5982194,55.3603318],[-1.5989154,55.3621699],[-1.6058165,55.3734759],[-1.6059009,55.3736143],[-1.6060595,55.373874],[-1.6084865,55.3839465],[-1.6137888,55.3843632],[-1.6146447,55.3799288],[-1.6234707,55.3894918],[-1.6235907,55.391814],[-1.6178287,55.3904996],[-1.617364,55.3892563],[-1.6212736,55.3883061],[-1.6114213,55.385168],[-1.5966818,55.3947185],[-1.5925986,55.4027694],[-1.5912924,55.4033517],[-1.5788462,55.4088976],[-1.5818286,55.4181251],[-1.5753575,55.4308801],[-1.5873161,55.4342574],[-1.5933454,55.440235],[-1.5863303,55.4466458],[-1.5930449,55.4570286],[-1.5886073,55.4619683],[-1.5933614,55.4730972],[-1.5933552,55.4731509],[-1.5911505,55.4922592],[-1.5934496,55.491804],[-1.5954893,55.4912718],[-1.6142744,55.4981543],[-1.6139831,55.5031343],[-1.6144864,55.504582],[-1.6138848,55.5048133],[-1.6136169,55.5093911],[-1.6187025,55.5145035],[-1.6105933,55.5217183],[-1.6190334,55.5225599],[-1.6189304,55.5233167],[-1.6184897,55.5263859],[-1.6262079,55.5278195],[-1.6366579,55.5393077],[-1.6381133,55.540907],[-1.6323817,55.5502616],[-1.6189477,55.5521836],[-1.6281395,55.5543722],[-1.6265198,55.5576756],[-1.6332724,55.5596655],[-1.6456639,55.5741765],[-1.6521637,55.5712559],[-1.6394287,55.5782306],[-1.6528669,55.5828998],[-1.6490537,55.5838209],[-1.6648317,55.5861095],[-1.6841772,55.6003781],[-1.6920192,55.6061584],[-1.716498,55.6122917],[-1.7215344,55.6159359],[-1.7270145,55.6171783],[-1.7423379,55.6185622],[-1.7690879,55.6029682],[-1.77837,55.6146165],[-1.7863319,55.6160044],[-1.7718278,55.6173494],[-1.7647767,55.6259096],[-1.7839627,55.6441037],[-1.7871258,55.6533448],[-1.7871991,55.6555087],[-1.7917161,55.6581202],[-1.7952826,55.6577938],[-1.7918193,55.6533529],[-1.7901063,55.6467865],[-1.8021702,55.6361143],[-1.8131862,55.6337046],[-1.8390168,55.6423461],[-1.8404653,55.6431666],[-1.8467112,55.6467038],[-1.8410496,55.6456588],[-1.8470916,55.652275],[-1.8490441,55.6534367],[-1.870025,55.6659138],[-1.8661844,55.6659258],[-1.8740764,55.6755617],[-1.8732469,55.682784],[-1.8856274,55.6839525],[-1.8802111,55.6853014],[-1.8840933,55.6944591],[-1.912009,55.7049588],[-1.9192154,55.7119829],[-1.9385465,55.721888],[-1.9394808,55.7222219],[-1.9402182,55.7227441],[-1.9607723,55.7332662],[-1.9632214,55.7382798],[-1.9832713,55.7509682],[-1.9835129,55.7512386],[-1.9925697,55.7613728],[-2.001578,55.7616918],[-2.003742,55.7617683],[-2.0134211,55.7712585],[-2.0253745,55.7693374],[-2.0265821,55.7691881],[-2.0294081,55.7688387],[-2.0259316,55.7705334],[-2.0252352,55.7708729],[-2.0251876,55.771288],[-2.0256158,55.7711866],[-2.031653,55.7697555],[-2.0381387,55.7601226],[-2.046035,55.7579869],[-2.0419577,55.7599378],[-2.0415579,55.760129],[-2.0404911,55.7606394],[-2.0388678,55.7691056],[-2.0321155,55.7707851],[-2.0320399,55.7708039],[-2.0299782,55.7713166],[-2.0293244,55.7714791],[-2.016569,55.7746499],[-2.0132758,55.7722088],[-2.0131102,55.772086],[-2.0130705,55.7720566],[-2.0107246,55.7703174],[-2.0103037,55.7700053],[-2.0097085,55.769564],[-2.0042061,55.7654836],[-2.0015781,55.7656642],[-1.9915996,55.7663496],[-1.9844632,55.7648084],[-1.9871641,55.7657231],[-1.9883916,55.7658084],[-1.9883708,55.7661225],[-1.9920194,55.7673298],[-1.9999867,55.7859281],[-2.0015781,55.7868627],[-2.0042032,55.7884043],[-2.0108489,55.7911604],[-2.0129401,55.7916116],[-2.0125941,55.7933304],[-2.0311709,55.8042301]]]],"type":"MultiPolygon"},"id":"E06000057","properties":{"code":"E06000057","geography":"LAD","name":"Northumberland"},"type":"Feature"},{"geometry":{"coordinates":[[[-1.845202,50.8096387],[-1.8566378,50.8049443],[-1.8645919,50.8066436],[-1.8644835,50.7957867],[-1.865325,50.773922],[-1.8733761,50.7633899],[-1.874348,50.7648329],[-1.8809955,50.7706512],[-1.8938929,50.7800913],[-1.9101337,50.7752679],[-1.9198843,50.7738052],[-1.9196018,50.7840365],[-1.9320651,50.7800275],[-1.9369989,50.7826724],[-1.9356115,50.7920944],[-1.9361608,50.7972089],[-1.9408835,50.7988143],[-1.9507283,50.7906809],[-1.9583273,50.7892936],[-1.9689937,50.7923903],[-1.9910955,50.7914057],[-2.0058619,50.7909295],[-1.9991329,50.7881281],[-2.0093207,50.7825892],[-2.0102566,50.7737881],[-2.0127061,50.7485012],[-2.0127372,50.7483007],[-2.0166152,50.7363346],[-2.0225218,50.7365655],[-2.024679,50.7294005],[-2.0363586,50.7252756],[-2.035044,50.7228132],[-2.0402271,50.7190633],[-2.0105608,50.7103913],[-2.0013576,50.7107402],[-2.0002458,50.7107822],[-1.9965834,50.7072929],[-1.9865039,50.7081977],[-1.9868171,50.7097054],[-1.9868439,50.709834],[-1.987853,50.710215],[-1.9931933,50.7122306],[-1.9945647,50.7131714],[-1.9937894,50.7177469],[-2.001358,50.7177464],[-2.0031612,50.7177462],[-2.0072962,50.726851],[-2.0114006,50.7265845],[-2.0055256,50.7296011],[-2.0118135,50.7288362],[-2.0105143,50.7326966],[-2.010331,50.7332409],[-2.0013587,50.7358933],[-1.995961,50.7374885],[-1.991953,50.729787],[-1.999243,50.7301345],[-2.0013585,50.7299577],[-2.0050655,50.7296478],[-2.0013585,50.729805],[-1.9989101,50.7299087],[-1.9923292,50.7295307],[-1.9922544,50.7234067],[-1.9845527,50.7203061],[-1.9895862,50.7188337],[-1.9919092,50.7124649],[-1.9726842,50.7104224],[-1.9630808,50.7157321],[-1.9575945,50.7152483],[-1.9603821,50.711932],[-1.9538165,50.7083233],[-1.9502442,50.7114935],[-1.949501,50.7112907],[-1.9493135,50.7112115],[-1.9487516,50.7101846],[-1.9487304,50.7101511],[-1.9489625,50.7075487],[-1.9496527,50.7071452],[-1.9531953,50.7079031],[-1.9523112,50.7040889],[-1.950092,50.7058632],[-1.9481384,50.7074251],[-1.9512401,50.7043074],[-1.9514633,50.7040679],[-1.9513758,50.7041234],[-1.9508028,50.7044871],[-1.9473688,50.7067062],[-1.9321274,50.6961467],[-1.9400074,50.6890973],[-1.9512775,50.6866155],[-1.9478094,50.6826769],[-1.920542,50.7007013],[-1.9023681,50.7087733],[-1.9008994,50.7094254],[-1.8792544,50.7146932],[-1.8761959,50.7154371],[-1.8651888,50.7174528],[-1.86488,50.7174818],[-1.8441856,50.7194201],[-1.8438006,50.7194561],[-1.8378787,50.7200974],[-1.8310378,50.7203164],[-1.816359,50.720785],[-1.809187,50.7206892],[-1.8025645,50.7199904],[-1.7692773,50.7164719],[-1.7686227,50.7162967],[-1.7668269,50.7161069],[-1.7488416,50.7110424],[-1.7451264,50.7140754],[-1.7411009,50.7232609],[-1.7426908,50.7215315],[-1.7460299,50.7154813],[-1.7501158,50.7174325],[-1.7470515,50.7180347],[-1.7634293,50.718605],[-1.7657093,50.7198622],[-1.7608733,50.720116],[-1.7669975,50.721765],[-1.7694733,50.7276825],[-1.7694837,50.7277073],[-1.7705682,50.730299],[-1.7656933,50.7288982],[-1.7643335,50.7233289],[-1.7602914,50.7228342],[-1.761996,50.7252882],[-1.7575237,50.7235677],[-1.7570872,50.73018],[-1.7541674,50.7274077],[-1.7434276,50.7282606],[-1.7423569,50.7237191],[-1.7415042,50.7238992],[-1.7411271,50.7240703],[-1.7221518,50.7346613],[-1.7179534,50.7350435],[-1.692548,50.7373528],[-1.6917481,50.7372827],[-1.6846454,50.7438209],[-1.6818188,50.75185],[-1.7270353,50.7510146],[-1.7441687,50.7474554],[-1.7446562,50.7560727],[-1.7389596,50.7632705],[-1.7487586,50.7794492],[-1.7701173,50.7725488],[-1.7688816,50.7697829],[-1.7760649,50.7663528],[-1.7834249,50.7646493],[-1.7882768,50.7668695],[-1.7878682,50.7788551],[-1.7975228,50.7838364],[-1.8009653,50.7918847],[-1.8059672,50.7920208],[-1.8008679,50.7941183],[-1.803905,50.7959652],[-1.8337463,50.8000334],[-1.845202,50.8096387]]],"type":"Polygon"},"id":"E06000058","properties":{"code":"E06000058","geography":"LAD","name":"Bournemouth, Christchurch and Poole"},"type":"Feature"},{"geometry":{"coordinates":[[[[-1.9871079,50.6792704],[-1.995345,50.6806281],[-1.9938572,50.6828744],[-1.9967039,50.6799707],[-1.9906296,50.6770585],[-1.9871079,50.6792704]]],[[[-2.0013562,50.6819739],[-1.999771,50.6838305],[-2.0013563,50.683861],[-2.0029488,50.6838916],[-2.0027531,50.6803376],[-2.0013562,50.6819739]]],[[[-1.9800465,50.683523],[-1.9861596,50.6846589],[-1.9911408,50.6841504],[-1.9889898,50.6816735],[-1.9800465,50.683523]]],[[[-2.0122342,50.6879656],[-2.0178462,50.6892824],[-2.0146078,50.6908944],[-2.0186764,50.6940691],[-2.022005,50.6939488],[-2.01738,50.6844263],[-2.0122342,50.6879656]]],[[[-1.9567643,50.6882194],[-1.9581554,50.6949304],[-1.9741689,50.6972277],[-1.9880885,50.6924533],[-1.9835457,50.6870749],[-1.9666472,50.6859154],[-1.9567643,50.6882194]]],[[[-2.2912693,51.0770755],[-2.3258631,51.0796783],[-2.3444572,51.0743284],[-2.3499873,51.068882],[-2.3492557,51.0612432],[-2.3444863,51.0554826],[-2.3401088,51.0560629],[-2.3331697,51.0514788],[-2.3300144,51.0413446],[-2.3606741,51.025175],[-2.3691468,51.0142759],[-2.3780471,51.0117144],[-2.3756555,51.009277],[-2.3817558,51.0019465],[-2.3777597,50.9914132],[-2.3549499,50.9908965],[-2.3438525,50.9843805],[-2.3445565,50.9788293],[-2.3835418,50.9723592],[-2.4149276,50.9605834],[-2.4279915,50.9713868],[-2.4471778,50.9678502],[-2.4434783,50.9584627],[-2.4524859,50.9502738],[-2.4586634,50.9497471],[-2.458644,50.9542883],[-2.4668173,50.9598107],[-2.4747423,50.9579515],[-2.4745778,50.9625078],[-2.4903452,50.9727724],[-2.4883327,50.9757565],[-2.5022806,50.993798],[-2.517313,50.9946092],[-2.5265305,50.9919252],[-2.5355615,50.9940224],[-2.5351673,50.9993729],[-2.5474351,50.9995417],[-2.5472914,50.9964184],[-2.5514899,50.9963447],[-2.5519243,50.993698],[-2.5447245,50.9916662],[-2.5454234,50.9850805],[-2.556207,50.9795352],[-2.5623714,50.9777106],[-2.5746304,50.9866937],[-2.574939,50.9833182],[-2.5860234,50.9768693],[-2.5958452,50.98134],[-2.6011397,50.9780117],[-2.6034177,50.9762832],[-2.5980574,50.973613],[-2.5998827,50.9674016],[-2.5949101,50.9622285],[-2.598378,50.9595067],[-2.5982003,50.9485745],[-2.6071745,50.9457574],[-2.6088465,50.9420078],[-2.6160354,50.9414484],[-2.6062676,50.9346743],[-2.60404,50.9267247],[-2.6148051,50.9232566],[-2.6204341,50.9100202],[-2.6238285,50.9071946],[-2.6148911,50.8932612],[-2.6095413,50.8915263],[-2.6155319,50.8818991],[-2.6240828,50.8792871],[-2.6279184,50.8863087],[-2.6470663,50.8883587],[-2.6503629,50.8833324],[-2.6606661,50.8871432],[-2.6788853,50.8775226],[-2.6957129,50.8760073],[-2.7070991,50.8697285],[-2.7144114,50.8711611],[-2.7154195,50.8638882],[-2.7230916,50.8661909],[-2.750937,50.863838],[-2.7549883,50.8667904],[-2.7599356,50.8659732],[-2.7618216,50.8607587],[-2.7822861,50.8596969],[-2.7889777,50.8534432],[-2.8078421,50.8586793],[-2.8080684,50.8636309],[-2.8257773,50.8508837],[-2.8286822,50.8520411],[-2.8286196,50.8487817],[-2.8428649,50.8473729],[-2.8452045,50.8516128],[-2.8667911,50.849256],[-2.8770517,50.8493204],[-2.879235,50.8463749],[-2.8862624,50.85054],[-2.9164789,50.8417659],[-2.9301227,50.840922],[-2.9343327,50.8364848],[-2.9416898,50.835883],[-2.9473408,50.8237395],[-2.9543223,50.8211656],[-2.961303,50.8155548],[-2.947961,50.8154257],[-2.938402,50.8098349],[-2.9185563,50.8056306],[-2.8928679,50.8047942],[-2.8870292,50.7961777],[-2.8870394,50.7925228],[-2.8974564,50.7861399],[-2.9296528,50.7824325],[-2.9409551,50.7774514],[-2.9543335,50.7677102],[-2.9525913,50.7613816],[-2.9351387,50.7541946],[-2.9405724,50.7498926],[-2.9378625,50.7440967],[-2.9530674,50.7284971],[-2.9473928,50.7182876],[-2.9342053,50.7191113],[-2.9382629,50.7192588],[-2.9371025,50.7225867],[-2.9274984,50.7280621],[-2.9274193,50.7286778],[-2.924869,50.7295608],[-2.9208993,50.7318231],[-2.8947858,50.7327422],[-2.8944558,50.7327538],[-2.8514219,50.7259386],[-2.8349585,50.7233267],[-2.8338507,50.7234827],[-2.831191,50.7227286],[-2.798843,50.7175879],[-2.7882415,50.715901],[-2.7797022,50.7146673],[-2.7791778,50.714458],[-2.7768023,50.7140796],[-2.7632814,50.7098184],[-2.7617146,50.7112666],[-2.7630706,50.7097519],[-2.7602491,50.7088621],[-2.6525511,50.6700254],[-2.6333441,50.6615767],[-2.6254944,50.6586587],[-2.617026,50.6543939],[-2.5908724,50.6428723],[-2.5669077,50.6301101],[-2.5449753,50.6184197],[-2.5318892,50.6114398],[-2.5174929,50.6041625],[-2.508542,50.598978],[-2.5040015,50.5965532],[-2.4514986,50.562273],[-2.451067,50.560731],[-2.4487066,50.5591417],[-2.4487621,50.5590218],[-2.4485651,50.5588886],[-2.4498181,50.5562691],[-2.4496513,50.5556731],[-2.4564113,50.5424578],[-2.4536645,50.5388624],[-2.4558978,50.5293636],[-2.4556683,50.5255144],[-2.4576405,50.521949],[-2.4589477,50.5163855],[-2.4584432,50.5150151],[-2.4572586,50.513387],[-2.4438183,50.5198994],[-2.4427692,50.520458],[-2.4424103,50.5208806],[-2.4371417,50.5301836],[-2.4312005,50.5340757],[-2.4295685,50.535996],[-2.4182096,50.5427316],[-2.4156752,50.5491851],[-2.4198523,50.555796],[-2.4283771,50.5660591],[-2.4279141,50.5662986],[-2.4286359,50.5670393],[-2.4224339,50.5692189],[-2.4333393,50.5676559],[-2.4356845,50.5684061],[-2.4374044,50.5682968],[-2.4366379,50.5687111],[-2.4386996,50.5693705],[-2.4345072,50.5706425],[-2.4391952,50.5693669],[-2.4389432,50.5698388],[-2.4410249,50.5693805],[-2.4418946,50.5685329],[-2.4437403,50.5687826],[-2.4459446,50.5682971],[-2.4605303,50.5710468],[-2.4605959,50.5710612],[-2.4616036,50.5724644],[-2.4695261,50.5824276],[-2.4699438,50.5781327],[-2.5025821,50.5975807],[-2.5167648,50.6049501],[-2.5427278,50.6184302],[-2.5669182,50.6309777],[-2.6114526,50.6540468],[-2.598221,50.6539987],[-2.5984462,50.6491233],[-2.5702585,50.6375622],[-2.5670039,50.6380905],[-2.5604959,50.6391466],[-2.5580555,50.6308343],[-2.5452842,50.6308877],[-2.5467653,50.6276685],[-2.5518664,50.6274294],[-2.548848,50.6248851],[-2.5455685,50.6258943],[-2.5333465,50.6184739],[-2.5316861,50.6174655],[-2.5174917,50.6178578],[-2.5136367,50.6101974],[-2.5115342,50.6106075],[-2.5083818,50.6112223],[-2.5067919,50.6061166],[-2.5013902,50.6068577],[-2.4956981,50.6028559],[-2.4988537,50.597423],[-2.4878017,50.5911046],[-2.4724017,50.5845239],[-2.4713435,50.5846515],[-2.4662262,50.5918161],[-2.464799,50.5932113],[-2.4522019,50.5999887],[-2.4501944,50.6011027],[-2.4498694,50.6012433],[-2.4363158,50.5973123],[-2.4334362,50.5965256],[-2.4399099,50.5987154],[-2.4494392,50.6018506],[-2.4494727,50.6019055],[-2.4495809,50.6020934],[-2.4508148,50.6042072],[-2.4507314,50.6042349],[-2.4507466,50.604463],[-2.4438005,50.6090146],[-2.4438435,50.6090232],[-2.4504629,50.6086307],[-2.4525705,50.6129382],[-2.4480141,50.618834],[-2.4440511,50.6239608],[-2.4438686,50.6241969],[-2.4409251,50.6266582],[-2.4233664,50.6358967],[-2.4112444,50.6341257],[-2.4111651,50.6341141],[-2.3985232,50.6359539],[-2.3947364,50.6366025],[-2.3944781,50.6365502],[-2.3936157,50.6366774],[-2.3656462,50.6309771],[-2.3387413,50.6319848],[-2.3242211,50.6252511],[-2.284088,50.6228276],[-2.2730714,50.6221616],[-2.2606536,50.6194038],[-2.2589457,50.6190244],[-2.2495324,50.6170251],[-2.2481708,50.6179304],[-2.2467252,50.6194222],[-2.2465589,50.6192297],[-2.2463925,50.6193795],[-2.2463617,50.6191332],[-2.2460433,50.6193448],[-2.2460184,50.6186041],[-2.2442178,50.6165197],[-2.2395431,50.6161741],[-2.2324278,50.6163257],[-2.2242179,50.6167043],[-2.2211451,50.6194853],[-2.2207851,50.6198111],[-2.2207654,50.6199407],[-2.2206893,50.6199537],[-2.220405,50.6201551],[-2.2072062,50.6223475],[-2.193103,50.6217267],[-2.193068,50.6217118],[-2.187964,50.6195437],[-2.1877844,50.6194674],[-2.1851346,50.6184281],[-2.1851593,50.6183953],[-2.1848258,50.6182104],[-2.1874451,50.6149164],[-2.1803289,50.614983],[-2.1577726,50.61541],[-2.1495047,50.6105383],[-2.1473571,50.6105241],[-2.1474378,50.6093202],[-2.1460349,50.6084933],[-2.1344158,50.6126154],[-2.1339816,50.6121099],[-2.1334566,50.612281],[-2.1325584,50.610453],[-2.1272457,50.604267],[-2.1034963,50.5973207],[-2.1027121,50.6003475],[-2.1030195,50.5971968],[-2.1021769,50.5971414],[-2.0983849,50.5981246],[-2.0929961,50.5965369],[-2.0767811,50.5954676],[-2.0757843,50.5944875],[-2.0729061,50.5922955],[-2.0699038,50.5925749],[-2.064125,50.5937346],[-2.0640183,50.5931225],[-2.0633642,50.5931834],[-2.0619018,50.5815175],[-2.0595774,50.57964],[-2.0553533,50.5765584],[-2.0452055,50.5788622],[-2.0396372,50.580174],[-2.0265991,50.5888846],[-2.0263459,50.5890018],[-1.9881293,50.5909108],[-1.9609541,50.590995],[-1.9513232,50.5944867],[-1.9525912,50.6010113],[-1.9509196,50.6022791],[-1.9508903,50.6036961],[-1.9459108,50.6060775],[-1.94409,50.6074581],[-1.95301,50.6075636],[-1.953276,50.6081648],[-1.9555658,50.6082959],[-1.957191,50.6159873],[-1.9568742,50.6162935],[-1.9569926,50.6165608],[-1.9537245,50.6196862],[-1.9437933,50.6291698],[-1.9362524,50.6303522],[-1.9331611,50.6309105],[-1.930963,50.6333602],[-1.9237595,50.642034],[-1.9408279,50.6406896],[-1.9493937,50.6458448],[-1.9501707,50.6486743],[-1.9518432,50.6500707],[-1.9513168,50.6528469],[-1.952298,50.656419],[-1.9417723,50.6729904],[-1.9420117,50.6732945],[-1.9498279,50.6801175],[-1.9580542,50.672336],[-1.9613409,50.6748984],[-1.9634842,50.6704755],[-1.9711022,50.669413],[-1.9681196,50.6604966],[-1.9727677,50.6642533],[-1.9782059,50.6592634],[-1.9747084,50.6651459],[-1.980776,50.6638566],[-1.9852495,50.6699014],[-1.9783664,50.6769453],[-1.9919168,50.6727051],[-1.9957323,50.6671549],[-2.0013556,50.6704258],[-2.001892,50.6707377],[-2.0013557,50.6709698],[-1.9957843,50.6733807],[-1.9985736,50.6766326],[-2.0013559,50.6762354],[-2.0071655,50.6754057],[-2.0095761,50.6709091],[-2.0094184,50.6747041],[-2.0129663,50.6742001],[-2.0039956,50.6777998],[-2.0114486,50.6827706],[-2.0220657,50.6820954],[-2.0210297,50.6762313],[-2.0232071,50.6775996],[-2.0260021,50.6747158],[-2.022794,50.6724377],[-2.027259,50.6679637],[-2.0248772,50.6726054],[-2.0288167,50.6743455],[-2.0294582,50.674193],[-2.0301549,50.6740273],[-2.0326982,50.6734224],[-2.026598,50.6780594],[-2.0269062,50.6815053],[-2.0298072,50.6806142],[-2.0251893,50.6842391],[-2.0247211,50.6846065],[-2.0251585,50.6843743],[-2.0351025,50.679092],[-2.0465193,50.6780797],[-2.0473134,50.6740488],[-2.0511174,50.6778754],[-2.0464664,50.6789961],[-2.0526716,50.677979],[-2.0463881,50.6814368],[-2.0368984,50.6805024],[-2.0244565,50.6876362],[-2.0278633,50.688872],[-2.0239967,50.6906733],[-2.0260566,50.6982169],[-2.0302824,50.6970557],[-2.0291792,50.7011819],[-2.0332028,50.7021142],[-2.0180834,50.7015746],[-2.0262489,50.7074353],[-2.0398754,50.7071579],[-2.0430183,50.7030236],[-2.0545202,50.6998028],[-2.0657231,50.6867205],[-2.0811972,50.6862808],[-2.0842385,50.6905772],[-2.0784155,50.6887171],[-2.0793892,50.6943792],[-2.083217,50.6933009],[-2.0710542,50.6979179],[-2.0721626,50.7050441],[-2.0576325,50.7056197],[-2.0713451,50.7076471],[-2.0708586,50.7099136],[-2.0629025,50.7165405],[-2.0556036,50.7178023],[-2.0416263,50.7140313],[-2.0469428,50.7175112],[-2.0407791,50.7199855],[-2.0441473,50.719685],[-2.0424212,50.7238022],[-2.0421401,50.7244727],[-2.0459315,50.7261277],[-2.0467922,50.7233696],[-2.0494653,50.7256909],[-2.0499946,50.7262508],[-2.0499634,50.7262746],[-2.0425705,50.7319006],[-2.0347874,50.7301308],[-2.0351882,50.7278797],[-2.0268693,50.7293263],[-2.0367664,50.7260393],[-2.0363586,50.7252756],[-2.024679,50.7294005],[-2.0225218,50.7365655],[-2.0166152,50.7363346],[-2.0127372,50.7483007],[-2.0127061,50.7485012],[-2.0102566,50.7737881],[-2.0093207,50.7825892],[-1.9991329,50.7881281],[-2.0058619,50.7909295],[-1.9910955,50.7914057],[-1.9689937,50.7923903],[-1.9583273,50.7892936],[-1.9507283,50.7906809],[-1.9408835,50.7988143],[-1.9361608,50.7972089],[-1.9356115,50.7920944],[-1.9369989,50.7826724],[-1.9320651,50.7800275],[-1.9196018,50.7840365],[-1.9198843,50.7738052],[-1.9101337,50.7752679],[-1.8938929,50.7800913],[-1.8809955,50.7706512],[-1.874348,50.7648329],[-1.8733761,50.7633899],[-1.865325,50.773922],[-1.8644835,50.7957867],[-1.8645919,50.8066436],[-1.8566378,50.8049443],[-1.845202,50.8096387],[-1.8337463,50.8000334],[-1.803905,50.7959652],[-1.8013735,50.7997145],[-1.8097355,50.8049569],[-1.8118322,50.8087301],[-1.8028736,50.813512],[-1.8072737,50.8162999],[-1.8017563,50.8209758],[-1.803635,50.830024],[-1.7944368,50.8310296],[-1.7966551,50.8332214],[-1.7906149,50.8363141],[-1.8033586,50.8444766],[-1.7999429,50.8484492],[-1.8054977,50.8519909],[-1.8080278,50.8644599],[-1.8127902,50.8645728],[-1.8148326,50.8587012],[-1.8295185,50.8553189],[-1.8509437,50.858725],[-1.8535393,50.866505],[-1.8478322,50.8696865],[-1.8479772,50.8823391],[-1.8440433,50.8868294],[-1.8485555,50.8898874],[-1.8398699,50.89789],[-1.8249532,50.8957706],[-1.8165419,50.9039481],[-1.8204072,50.9121059],[-1.812784,50.9275198],[-1.8263005,50.9268698],[-1.84184,50.9316804],[-1.8541845,50.9275113],[-1.8634882,50.9193888],[-1.8736443,50.9172259],[-1.8788026,50.9243256],[-1.9091835,50.9453266],[-1.9209861,50.9614955],[-1.9298888,50.9677958],[-1.9392199,50.9696571],[-1.9448296,50.9757484],[-1.9554656,50.9782663],[-1.9568301,50.9898003],[-1.9653337,50.9920295],[-1.9852659,50.9847137],[-1.99383,50.9757711],[-2.0372082,50.9719698],[-2.0412253,50.9680677],[-2.0583277,50.9636432],[-2.0672831,50.9518205],[-2.0828636,50.9513384],[-2.102861,50.9456077],[-2.1105212,50.9554887],[-2.1194616,50.9596802],[-2.1206517,50.9694078],[-2.1197644,50.9781906],[-2.1481472,50.986278],[-2.1718297,51.001029],[-2.1781429,51.0083239],[-2.1763997,51.0128395],[-2.1886036,51.0185315],[-2.1888536,51.0252815],[-2.1933112,51.0377514],[-2.2054155,51.0427856],[-2.2180107,51.0551843],[-2.225858,51.0575715],[-2.2447266,51.0723114],[-2.2685958,51.0687257],[-2.2912693,51.0770755]]]],"type":"MultiPolygon"},"id":"E06000059","properties":{"code":"E06000059","geography":"LAD","name":"Dorset"},"type":"Feature"},{"geometry":{"coordinates":[[[-0.9400558,52.0758419],[-0.9518729,52.0815336],[-0.9607629,52.0786444],[-0.9678053,52.0709109],[-0.9733574,52.0727235],[-0.9842794,52.069717],[-1.0048371,52.0734752],[-1.0128653,52.0715988],[-1.0263181,52.0756756],[-1.0420641,52.0739351],[-1.0295554,52.0700375],[-1.0266716,52.0642322],[-1.030947,52.0628972],[-1.0390704,52.0660989],[-1.0529589,52.0596604],[-1.062065,52.0627354],[-1.0716565,52.0581351],[-1.0766519,52.0588513],[-1.0832754,52.0523611],[-1.1172242,52.047345],[-1.1311863,52.0328462],[-1.1354501,52.0242716],[-1.1361583,52.0200339],[-1.1180864,52.0154262],[-1.1119797,52.0165923],[-1.1028776,52.0120897],[-1.0959191,52.0149695],[-1.088062,52.005782],[-1.0771443,52.0088065],[-1.0739204,52.0062811],[-1.0608205,52.0086272],[-1.0531307,52.0024464],[-1.078186,51.9810574],[-1.0951667,51.9574323],[-1.0812745,51.9504482],[-1.0789921,51.9433945],[-1.0648918,51.9482634],[-1.0546163,51.9479588],[-1.0621115,51.9351368],[-1.077549,51.9316434],[-1.0755346,51.9299381],[-1.0866733,51.9226459],[-1.0793564,51.917222],[-1.0862791,51.9053195],[-1.0842539,51.8995449],[-1.093519,51.8939369],[-1.0768094,51.8877802],[-1.0704171,51.8887162],[-1.0701651,51.8820634],[-1.0776052,51.8767308],[-1.0691661,51.8746449],[-1.0646424,51.8686972],[-1.0660312,51.8528167],[-1.062006,51.8441637],[-1.0471431,51.8397527],[-1.0619066,51.8323841],[-1.0685882,51.8346355],[-1.0784494,51.8292546],[-1.1215989,51.8453421],[-1.1407539,51.8346761],[-1.1100966,51.817305],[-1.1248897,51.8075112],[-1.1174059,51.7991671],[-1.1235412,51.7941813],[-1.119992,51.7922927],[-1.1219434,51.7870806],[-1.1153822,51.7868992],[-1.1063613,51.7816305],[-1.0829481,51.7802959],[-1.0788484,51.7712661],[-1.0828007,51.7641145],[-1.0808517,51.7565537],[-1.0728919,51.7583228],[-1.0663847,51.7536246],[-1.0549541,51.7521936],[-1.0454715,51.7445992],[-1.0336295,51.7445913],[-1.0296225,51.7459586],[-1.0298277,51.7578813],[-1.001531,51.7548083],[-0.9833528,51.7524253],[-0.9814201,51.7600227],[-0.9541588,51.7578538],[-0.9449091,51.7536431],[-0.93321,51.7523442],[-0.9284776,51.7459364],[-0.9241153,51.7477151],[-0.9182692,51.7372096],[-0.9127821,51.7370283],[-0.9040276,51.7319961],[-0.8971648,51.7228486],[-0.8876824,51.7183434],[-0.8865578,51.7050834],[-0.894773,51.6925223],[-0.8798959,51.6808649],[-0.8867635,51.6813906],[-0.8978964,51.6764008],[-0.8841347,51.6737748],[-0.8777068,51.6683851],[-0.8947454,51.6682544],[-0.9103811,51.6738494],[-0.917729,51.6724004],[-0.9248892,51.6654275],[-0.9322129,51.6648685],[-0.9230982,51.6569967],[-0.9272512,51.6514436],[-0.9294306,51.655749],[-0.9331693,51.6526017],[-0.9463175,51.6537841],[-0.9449836,51.6497906],[-0.9507258,51.6507412],[-0.937538,51.6416491],[-0.9354921,51.6356255],[-0.9500295,51.6289072],[-0.9497934,51.6206777],[-0.9386444,51.6177869],[-0.9431388,51.6050164],[-0.9336672,51.6016598],[-0.9291402,51.6043236],[-0.920175,51.6036114],[-0.9168987,51.5992901],[-0.9248796,51.5908884],[-0.9414712,51.585507],[-0.9392786,51.5740582],[-0.9241462,51.5635246],[-0.9016806,51.5561658],[-0.9022217,51.5485663],[-0.9033124,51.5459274],[-0.8968822,51.544863],[-0.8873703,51.5594713],[-0.8797231,51.5621276],[-0.8727481,51.560311],[-0.862525,51.5490201],[-0.8427086,51.5447716],[-0.8377601,51.5469734],[-0.8290866,51.5456108],[-0.8243613,51.5504086],[-0.810515,51.5526973],[-0.7945034,51.5511571],[-0.7909746,51.5528384],[-0.7823822,51.5562636],[-0.774743,51.5667777],[-0.7571687,51.5647873],[-0.7487875,51.5683596],[-0.7278637,51.5772429],[-0.7168446,51.5771895],[-0.7109457,51.5641644],[-0.7053043,51.5622759],[-0.6997775,51.5657104],[-0.694177,51.5621755],[-0.6926781,51.5440248],[-0.7020516,51.5239476],[-0.7015044,51.5211717],[-0.7031647,51.5111067],[-0.6884668,51.5084723],[-0.6784988,51.4945639],[-0.6622842,51.4879263],[-0.6519359,51.4854708],[-0.6482191,51.4882318],[-0.6338279,51.492695],[-0.644447,51.4964853],[-0.642212,51.5006272],[-0.6429704,51.5026935],[-0.6534645,51.500507],[-0.6539154,51.5042251],[-0.6592713,51.5049024],[-0.6538997,51.5121929],[-0.6550237,51.5188454],[-0.6601435,51.5203572],[-0.6599449,51.528447],[-0.6530574,51.5299984],[-0.6397228,51.5371326],[-0.6247702,51.5380059],[-0.6182731,51.5352116],[-0.6105362,51.5315022],[-0.5962216,51.5279299],[-0.594983,51.5242372],[-0.5897772,51.522675],[-0.5809917,51.5230741],[-0.5759788,51.5339101],[-0.567256,51.532981],[-0.5680081,51.5302863],[-0.5750947,51.5292999],[-0.5650444,51.5206922],[-0.568969,51.5177205],[-0.568709,51.511269],[-0.5423868,51.5089653],[-0.5288543,51.5100884],[-0.528748,51.497068],[-0.5318195,51.4933945],[-0.4900247,51.4947476],[-0.4832664,51.5066408],[-0.4855359,51.5100278],[-0.4897865,51.5115268],[-0.4916311,51.5188972],[-0.4889737,51.5290887],[-0.4954897,51.5384292],[-0.4910747,51.5445313],[-0.4773299,51.5552721],[-0.4769869,51.5596253],[-0.4827937,51.5628217],[-0.4840263,51.5751273],[-0.4948253,51.5847773],[-0.4996346,51.5967032],[-0.5005959,51.5996899],[-0.5176546,51.6002563],[-0.5225018,51.6050616],[-0.5300593,51.6171511],[-0.5341306,51.6371509],[-0.5392608,51.6380394],[-0.5373916,51.642907],[-0.5309278,51.6491335],[-0.5366661,51.6523694],[-0.5368915,51.6606245],[-0.5326261,51.6630072],[-0.5242544,51.6579369],[-0.5209948,51.6680454],[-0.5147185,51.6654529],[-0.5051079,51.6730769],[-0.5108972,51.6798172],[-0.5249341,51.678721],[-0.5242728,51.6821127],[-0.5388891,51.6798342],[-0.5478752,51.6825137],[-0.5432174,51.6951359],[-0.547668,51.7031814],[-0.5631479,51.7116821],[-0.5610994,51.7180793],[-0.5504136,51.7230429],[-0.5535968,51.7284108],[-0.5500828,51.7305751],[-0.5537204,51.7340647],[-0.5606463,51.734076],[-0.5592453,51.7373319],[-0.565583,51.7365462],[-0.5637,51.7396173],[-0.5727629,51.7358639],[-0.5824983,51.7453261],[-0.5863797,51.7521159],[-0.612936,51.7474273],[-0.6137664,51.7509133],[-0.6285485,51.7545696],[-0.6434582,51.7540173],[-0.6734493,51.7684772],[-0.6761857,51.7784644],[-0.6814998,51.7880591],[-0.690191,51.7923392],[-0.6821899,51.7945842],[-0.68265,51.7972095],[-0.7011476,51.8148626],[-0.7092953,51.8205396],[-0.719211,51.8161297],[-0.7234023,51.8176247],[-0.7391494,51.8347775],[-0.7457441,51.8421086],[-0.7363848,51.8424005],[-0.731199,51.8490411],[-0.7225994,51.8500324],[-0.7203442,51.8561541],[-0.7105567,51.8578172],[-0.7071636,51.8544036],[-0.699972,51.8579697],[-0.6923267,51.8570488],[-0.6867703,51.8492206],[-0.6954496,51.8411107],[-0.6879945,51.8399309],[-0.6672451,51.8158053],[-0.6592477,51.8154271],[-0.6477704,51.8136058],[-0.6359489,51.8180201],[-0.6329396,51.8199462],[-0.6118692,51.8120448],[-0.5948323,51.814023],[-0.5916548,51.8081358],[-0.5818257,51.8069054],[-0.5751704,51.8188173],[-0.5671447,51.8198051],[-0.5607874,51.8263823],[-0.5583483,51.8247879],[-0.5606562,51.8300826],[-0.5571377,51.8309666],[-0.5536139,51.8267529],[-0.5489356,51.8280208],[-0.5437302,51.8245762],[-0.5376193,51.8314728],[-0.5640529,51.8470961],[-0.5668195,51.8508084],[-0.5636798,51.8512394],[-0.5692676,51.8517643],[-0.5692479,51.8580706],[-0.5835636,51.8703238],[-0.6089704,51.8755636],[-0.6200892,51.8854855],[-0.6284242,51.8821204],[-0.6519859,51.8868523],[-0.6596336,51.8906157],[-0.6602814,51.894549],[-0.6732361,51.9018177],[-0.6922199,51.9001624],[-0.7021568,51.9091191],[-0.6914635,51.9270549],[-0.6815786,51.9351421],[-0.6802838,51.9354944],[-0.6822885,51.9427627],[-0.6702527,51.9441343],[-0.6720762,51.9559103],[-0.6621236,51.9555477],[-0.6512445,51.9682451],[-0.653017,51.9692494],[-0.669129,51.9784213],[-0.6774503,51.976745],[-0.6962762,51.9822502],[-0.7015766,51.9869653],[-0.7133842,51.9898165],[-0.7178697,51.9824161],[-0.7139414,51.9778705],[-0.7403792,51.9698626],[-0.747555,51.9735572],[-0.7436469,51.9752473],[-0.7617805,51.9853395],[-0.771206,51.9829125],[-0.776278,51.9886253],[-0.7892401,51.9879482],[-0.8035043,51.9855036],[-0.812243,52.0060157],[-0.8179964,52.0060718],[-0.8198176,52.0122859],[-0.8272076,52.01521],[-0.8449913,52.0226471],[-0.8669383,52.0400813],[-0.8712739,52.0402199],[-0.8775578,52.029905],[-0.8831859,52.02826],[-0.8901174,52.0315336],[-0.9060302,52.0212211],[-0.9302072,52.0431269],[-0.93788,52.0612019],[-0.9337442,52.0626365],[-0.9393161,52.0621598],[-0.9392792,52.0673537],[-0.9443906,52.0700321],[-0.9400558,52.0758419]]],"type":"Polygon"},"id":"E06000060","properties":{"code":"E06000060","geography":"LAD","name":"Buckinghamshire"},"type":"Feature"},{"geometry":{"coordinates":[[[-0.5172031,52.6424417],[-0.5236307,52.6348872],[-0.5402607,52.6259658],[-0.539057,52.6178756],[-0.5501309,52.6122506],[-0.547559,52.6069561],[-0.552938,52.6014119],[-0.5429778,52.5957345],[-0.5441758,52.5928659],[-0.5580809,52.5945092],[-0.5625184,52.5862751],[-0.5719037,52.5858034],[-0.5779558,52.5878982],[-0.5814786,52.5958834],[-0.5887433,52.5867933],[-0.6029686,52.5886516],[-0.6378475,52.5718123],[-0.6422331,52.5730026],[-0.6609127,52.5689457],[-0.6748643,52.5586384],[-0.6884485,52.5461371],[-0.6978333,52.5457022],[-0.6964304,52.5385464],[-0.7136583,52.524964],[-0.7157599,52.5223444],[-0.7268334,52.5231636],[-0.7422168,52.5170284],[-0.7572156,52.5109492],[-0.7748668,52.5182763],[-0.7877818,52.5137118],[-0.8108669,52.5193674],[-0.8125904,52.5159521],[-0.8201218,52.515541],[-0.8306269,52.5194589],[-0.8454657,52.5193662],[-0.8452809,52.5217071],[-0.8484138,52.5202724],[-0.8632225,52.5283273],[-0.8709933,52.524752],[-0.8725696,52.5183929],[-0.8834089,52.5138081],[-0.8794592,52.498214],[-0.8837215,52.4922629],[-0.8956015,52.4920444],[-0.8969212,52.4855072],[-0.8845346,52.4813068],[-0.8823615,52.4714057],[-0.8895568,52.4704405],[-0.9012806,52.4597559],[-0.9062503,52.4536596],[-0.9043837,52.4421711],[-0.87929,52.4391738],[-0.86438,52.434215],[-0.8750466,52.4235328],[-0.8869366,52.4233541],[-0.8905371,52.3985943],[-0.8736955,52.402674],[-0.8618077,52.3961793],[-0.840598,52.3928514],[-0.8311093,52.3761734],[-0.7963169,52.361663],[-0.7886553,52.3473067],[-0.7857795,52.3306168],[-0.8179504,52.3095959],[-0.8058977,52.288255],[-0.8091414,52.2753277],[-0.8025735,52.2629752],[-0.8014309,52.2526869],[-0.7950835,52.2540806],[-0.7914159,52.2422415],[-0.7624087,52.2488136],[-0.7488027,52.2460311],[-0.7272686,52.2379329],[-0.7142224,52.2214406],[-0.7169487,52.2132902],[-0.7117095,52.1973558],[-0.7054556,52.1915707],[-0.6847884,52.1963551],[-0.6681356,52.1950341],[-0.6614604,52.2081262],[-0.6373316,52.2273176],[-0.6536555,52.2682893],[-0.6399083,52.272442],[-0.6314125,52.2700476],[-0.6269781,52.2748774],[-0.610617,52.2794979],[-0.6063573,52.2788502],[-0.5863353,52.2728313],[-0.588111,52.2707784],[-0.5656931,52.2534682],[-0.5547381,52.2581798],[-0.5413119,52.2563173],[-0.539325,52.2660949],[-0.5311902,52.2704024],[-0.5406048,52.2914919],[-0.5140512,52.3146971],[-0.5198299,52.3176926],[-0.4871403,52.3210827],[-0.4762613,52.3180639],[-0.4653658,52.3229533],[-0.4666567,52.3389276],[-0.4832642,52.3409033],[-0.4776824,52.34892],[-0.4986998,52.3600958],[-0.4994868,52.3669929],[-0.4885188,52.3740235],[-0.4959463,52.3795155],[-0.4867376,52.3790312],[-0.4847607,52.3816312],[-0.4698883,52.379896],[-0.4682904,52.3828936],[-0.4568317,52.3823292],[-0.4549376,52.3857022],[-0.4437613,52.3838572],[-0.4329349,52.3962773],[-0.416157,52.4035893],[-0.4196119,52.4073246],[-0.4170728,52.4115991],[-0.4108341,52.412794],[-0.3895447,52.421766],[-0.362408,52.4335313],[-0.3718668,52.436843],[-0.370217,52.4399303],[-0.3528923,52.4610603],[-0.3415905,52.4669426],[-0.3497183,52.4728878],[-0.3500634,52.4825693],[-0.3593976,52.4898129],[-0.3593436,52.4971081],[-0.3521477,52.5033528],[-0.3571554,52.5057376],[-0.3779266,52.5106579],[-0.390749,52.5194399],[-0.4134674,52.5255069],[-0.4012833,52.5386847],[-0.4020605,52.5483216],[-0.4153388,52.5515533],[-0.4195938,52.558962],[-0.4072909,52.5640549],[-0.4156953,52.5701041],[-0.4153814,52.5787426],[-0.4250276,52.5824127],[-0.4788149,52.5736451],[-0.4788343,52.5774386],[-0.4923598,52.5816717],[-0.4976514,52.586851],[-0.4907068,52.5905343],[-0.4854398,52.6021799],[-0.4810243,52.6027869],[-0.479637,52.6144498],[-0.4737293,52.6144332],[-0.4709613,52.6179533],[-0.4735035,52.6282345],[-0.4861077,52.6344217],[-0.4888238,52.6328309],[-0.4946887,52.6402653],[-0.4950258,52.6402364],[-0.5172031,52.6424417]]],"type":"Polygon"},"id":"E06000061","properties":{"code":"E06000061","geography":"LAD","name":"North Northamptonshire"},"type":"Feature"},{"geometry":{"coordinates":[[[-0.947089,52.4757],[-0.967849,52.4772098],[-0.9792199,52.4700265],[-1.0006927,52.4709404],[-1.0056368,52.4650259],[-1.0277407,52.4585046],[-1.0445305,52.4457834],[-1.0422385,52.443385],[-1.0372311,52.4444845],[-1.0345015,52.4355553],[-1.0506783,52.4219686],[-1.0599032,52.423479],[-1.0693252,52.4335464],[-1.0793915,52.4363341],[-1.0908842,52.4331226],[-1.0933594,52.4276827],[-1.1019219,52.4248183],[-1.1257055,52.417701],[-1.1343915,52.4123013],[-1.1385357,52.4020437],[-1.1494697,52.3970082],[-1.1565823,52.4000512],[-1.1642206,52.3992037],[-1.1839747,52.3921717],[-1.1894622,52.3964469],[-1.2016335,52.3967344],[-1.1870239,52.3786011],[-1.1721264,52.3613009],[-1.1750193,52.3562514],[-1.1920184,52.3510635],[-1.1982202,52.3529318],[-1.2241949,52.348098],[-1.2381387,52.3441527],[-1.2580685,52.3372704],[-1.2652667,52.3283772],[-1.2463843,52.3216116],[-1.2092338,52.3152041],[-1.2337829,52.2903281],[-1.2236058,52.2868895],[-1.21689,52.2675149],[-1.2178553,52.2618008],[-1.2329988,52.2532588],[-1.2377663,52.2484347],[-1.2544795,52.2475676],[-1.2661518,52.2408301],[-1.2668524,52.2352486],[-1.2846831,52.2385191],[-1.2783631,52.228716],[-1.2725789,52.2275351],[-1.2769149,52.2251205],[-1.2750535,52.2218347],[-1.2609295,52.2160027],[-1.25478,52.198889],[-1.2625392,52.1959618],[-1.2811377,52.1957755],[-1.2811949,52.1919529],[-1.3131345,52.1904676],[-1.3181909,52.1814171],[-1.3228127,52.1818007],[-1.3314821,52.174137],[-1.3318971,52.1684851],[-1.2768296,52.1170764],[-1.2518475,52.1020182],[-1.2479828,52.0957414],[-1.2716688,52.0979399],[-1.2872404,52.0926102],[-1.3080193,52.0922829],[-1.3208689,52.0875688],[-1.3205419,52.0821953],[-1.3166151,52.0796057],[-1.2993607,52.0801015],[-1.2975088,52.0780567],[-1.3069032,52.0703135],[-1.3000669,52.0693634],[-1.3021755,52.0650189],[-1.3077046,52.0642603],[-1.3073701,52.0575754],[-1.31292,52.0514527],[-1.3090797,52.0487929],[-1.2964446,52.0408621],[-1.2916994,52.030978],[-1.2943127,52.0280357],[-1.2853166,52.0264773],[-1.278164,52.0142727],[-1.2786318,52.0113678],[-1.284521,52.010822],[-1.277066,52.0053595],[-1.283415,51.999459],[-1.282995,51.9915128],[-1.288829,51.9897443],[-1.2826924,51.9792473],[-1.2808651,51.9823641],[-1.2609155,51.9809261],[-1.2416122,51.9862934],[-1.2297004,51.9813673],[-1.2006417,51.9779449],[-1.1962598,51.9774314],[-1.1906901,51.9815229],[-1.1760546,51.9820454],[-1.1638235,51.9934122],[-1.1566508,51.9922344],[-1.1343287,51.9972964],[-1.131253,52.0048848],[-1.1180864,52.0154262],[-1.1361583,52.0200339],[-1.1354501,52.0242716],[-1.1311863,52.0328462],[-1.1172242,52.047345],[-1.0832754,52.0523611],[-1.0766519,52.0588513],[-1.0716565,52.0581351],[-1.062065,52.0627354],[-1.0529589,52.0596604],[-1.0390704,52.0660989],[-1.030947,52.0628972],[-1.0266716,52.0642322],[-1.0295554,52.0700375],[-1.0420641,52.0739351],[-1.0263181,52.0756756],[-1.0128653,52.0715988],[-1.0048371,52.0734752],[-0.9842794,52.069717],[-0.9733574,52.0727235],[-0.9678053,52.0709109],[-0.9607629,52.0786444],[-0.9518729,52.0815336],[-0.9400558,52.0758419],[-0.9443906,52.0700321],[-0.9392792,52.0673537],[-0.9393161,52.0621598],[-0.9337442,52.0626365],[-0.93788,52.0612019],[-0.9302072,52.0431269],[-0.9060302,52.0212211],[-0.8901174,52.0315336],[-0.8831859,52.02826],[-0.8775578,52.029905],[-0.8712739,52.0402199],[-0.8677342,52.0462209],[-0.8594228,52.0446022],[-0.852901,52.0499974],[-0.8630164,52.0602719],[-0.8530762,52.0643475],[-0.8395946,52.0637959],[-0.831313,52.0720063],[-0.8467125,52.0915087],[-0.8547791,52.0923544],[-0.8579173,52.097508],[-0.8695309,52.1000377],[-0.8652702,52.1029377],[-0.8714728,52.1117797],[-0.8870331,52.1142149],[-0.8806686,52.1201732],[-0.8807585,52.1262922],[-0.8690051,52.1306481],[-0.8535292,52.1316737],[-0.8467386,52.12941],[-0.8282047,52.1326106],[-0.8319666,52.1436835],[-0.8140189,52.1424745],[-0.8075879,52.156979],[-0.8019568,52.1586788],[-0.7920913,52.1513295],[-0.7803123,52.1633567],[-0.7831942,52.1659247],[-0.7653318,52.1710991],[-0.7620476,52.1634464],[-0.7568103,52.1674498],[-0.7497348,52.1668768],[-0.7054556,52.1915707],[-0.7117095,52.1973558],[-0.7169487,52.2132902],[-0.7142224,52.2214406],[-0.7272686,52.2379329],[-0.7488027,52.2460311],[-0.7624087,52.2488136],[-0.7914159,52.2422415],[-0.7950835,52.2540806],[-0.8014309,52.2526869],[-0.8025735,52.2629752],[-0.8091414,52.2753277],[-0.8058977,52.288255],[-0.8179504,52.3095959],[-0.7857795,52.3306168],[-0.7886553,52.3473067],[-0.7963169,52.361663],[-0.8311093,52.3761734],[-0.840598,52.3928514],[-0.8618077,52.3961793],[-0.8736955,52.402674],[-0.8905371,52.3985943],[-0.8869366,52.4233541],[-0.8750466,52.4235328],[-0.86438,52.434215],[-0.87929,52.4391738],[-0.9043837,52.4421711],[-0.9062503,52.4536596],[-0.9012806,52.4597559],[-0.9045779,52.4628792],[-0.9167461,52.4626461],[-0.9421919,52.4677725],[-0.947089,52.4757]]],"type":"Polygon"},"id":"E06000062","properties":{"code":"E06000062","geography":"LAD","name":"West Northamptonshire"},"type":"Feature"},{"geometry":{"coordinates":[[[[-3.2283959,54.2601893],[-3.2290406,54.259905],[-3.2286957,54.2598539],[-3.2283959,54.2601893]]],[[[-3.2243549,54.26471],[-3.2242758,54.2748464],[-3.22771,54.2609567],[-3.2243549,54.26471]]],[[[-3.1168296,54.9751247],[-3.1181486,54.9748666],[-3.1186195,54.9744654],[-3.1168296,54.9751247]]],[[[-3.102796,54.9778697],[-3.1038982,54.9776541],[-3.0990615,54.9767967],[-3.102796,54.9778697]]],[[[-3.0871671,54.9782072],[-3.0882937,54.9781233],[-3.0884261,54.9778592],[-3.0871671,54.9782072]]],[[[-3.0635363,54.9852572],[-3.063283,54.9853371],[-3.0648908,54.9852548],[-3.0664001,54.9843539],[-3.0635363,54.9852572]]],[[[-2.6616246,55.146365],[-2.6685783,55.147311],[-2.6773244,55.1554876],[-2.6832539,55.1666305],[-2.6745553,55.1758915],[-2.6897892,55.1889832],[-2.7034766,55.1731732],[-2.7326073,55.1672346],[-2.746252,55.1582338],[-2.774928,55.1492896],[-2.7848483,55.1417914],[-2.8127762,55.1361657],[-2.8255026,55.1383141],[-2.8330559,55.1324505],[-2.8276079,55.1248369],[-2.8326203,55.1214697],[-2.8412502,55.1224977],[-2.8381548,55.1170285],[-2.8436673,55.1167308],[-2.8445398,55.111865],[-2.8520944,55.1084875],[-2.8585401,55.1083488],[-2.8707355,55.1063401],[-2.8768725,55.0951989],[-2.8862925,55.0948099],[-2.8823152,55.092949],[-2.8837913,55.0875474],[-2.8933077,55.0878518],[-2.8968792,55.0779496],[-2.9150006,55.0789638],[-2.9220823,55.0721134],[-2.9404291,55.0691282],[-2.9430075,55.0641585],[-2.9364074,55.0595859],[-2.9554234,55.0546207],[-2.9585936,55.0492946],[-3.0275522,55.0552804],[-3.0431713,55.0556607],[-3.0509285,55.0528036],[-3.0534197,55.047284],[-3.0433879,55.0473741],[-3.0401476,55.0411364],[-3.0258756,55.0364867],[-3.0343153,55.029908],[-3.0302378,55.024646],[-3.0401267,55.0226351],[-3.0393166,55.0164206],[-3.0494567,55.009395],[-3.0486661,55.0067814],[-3.044938,55.0076591],[-3.0442011,54.9984389],[-3.0579027,54.9917194],[-3.0534518,54.9928045],[-3.0575559,54.9917211],[-3.0563717,54.9865668],[-3.04689,54.9846942],[-3.0417535,54.9796284],[-3.0510379,54.9849495],[-3.0378722,54.9740576],[-3.0402815,54.9700319],[-3.042372,54.9746779],[-3.0537388,54.9760231],[-3.0492026,54.9772001],[-3.0565984,54.9828264],[-3.060939,54.9772977],[-3.0584174,54.9830658],[-3.0627065,54.9775483],[-3.0640807,54.9802979],[-3.0723351,54.9748819],[-3.0695462,54.9713532],[-3.0756837,54.9675974],[-3.104023,54.9713739],[-3.108506,54.9676701],[-3.0949922,54.9662181],[-3.1086721,54.9659271],[-3.1162689,54.9606623],[-3.1159623,54.9569266],[-3.1033225,54.9545967],[-3.1137219,54.9533337],[-3.1087307,54.9491151],[-3.1159656,54.9523704],[-3.1150583,54.9470676],[-3.1209406,54.9519265],[-3.1311187,54.9476102],[-3.1260059,54.9401421],[-3.1286489,54.9380326],[-3.1206268,54.9405378],[-3.1241191,54.9366331],[-3.1156376,54.9375992],[-3.129785,54.9344049],[-3.110121,54.9333918],[-3.0947369,54.9379321],[-3.1006308,54.9393014],[-3.0828431,54.9399753],[-3.0716959,54.9464222],[-3.0746615,54.9486788],[-3.068571,54.9489175],[-3.076949,54.9521264],[-3.0665078,54.9486543],[-3.0549878,54.9536373],[-3.0565159,54.9509388],[-3.0500408,54.9524373],[-3.0557835,54.9503988],[-3.0442256,54.9474836],[-3.0425171,54.9493963],[-3.0400303,54.9460889],[-3.0080338,54.9470415],[-3.0008011,54.9375736],[-2.9998119,54.937243],[-2.9958623,54.9359229],[-3.0063874,54.9308863],[-3.0045476,54.9342484],[-3.0026078,54.9377924],[-3.0096078,54.9461801],[-3.0207735,54.9460213],[-3.0249471,54.9459616],[-3.0406379,54.9457362],[-3.040759,54.9457345],[-3.0416104,54.9457222],[-3.0469615,54.9456448],[-3.0521734,54.9429209],[-3.050193,54.9459989],[-3.0629025,54.9452746],[-3.0728885,54.9371519],[-3.0972061,54.9319633],[-3.1018859,54.9296844],[-3.1042968,54.9285102],[-3.1002015,54.9283784],[-3.1181023,54.9277558],[-3.1188704,54.9253493],[-3.1195645,54.9261068],[-3.1197257,54.9262827],[-3.1217188,54.9284576],[-3.1379641,54.9274627],[-3.1443841,54.9292913],[-3.155156,54.9323582],[-3.1570408,54.9378258],[-3.1766532,54.9418155],[-3.1860012,54.949934],[-3.2043922,54.9538753],[-3.2322019,54.95322],[-3.2478673,54.9444103],[-3.2504122,54.9442212],[-3.2649286,54.943142],[-3.2689383,54.9370735],[-3.2653373,54.9430343],[-3.2833065,54.9421233],[-3.3020388,54.9277036],[-3.3134758,54.9188931],[-3.3136951,54.914895],[-3.30314,54.9091591],[-3.2745783,54.9030913],[-3.2622336,54.908043],[-3.2494491,54.9131686],[-3.2485301,54.9135369],[-3.2476325,54.9138967],[-3.2336724,54.9113699],[-3.2212335,54.9023822],[-3.2145182,54.9054386],[-3.2113495,54.904423],[-3.2097134,54.9038985],[-3.2215793,54.9018018],[-3.2326997,54.909082],[-3.2447439,54.9103756],[-3.2412081,54.9066893],[-3.249385,54.9110974],[-3.2506525,54.9117806],[-3.2553751,54.9100999],[-3.254808,54.9053094],[-3.2491148,54.9023752],[-3.2485715,54.9020952],[-3.249088,54.9015094],[-3.2526071,54.8975179],[-3.2516274,54.9029337],[-3.2554334,54.9010989],[-3.2534052,54.8954482],[-3.2573712,54.8977248],[-3.2577514,54.8944164],[-3.2608683,54.8954634],[-3.2645448,54.8920209],[-3.2590697,54.8922405],[-3.2664166,54.8900602],[-3.259975,54.8905244],[-3.2661651,54.88567],[-3.2629963,54.8884746],[-3.2680113,54.8881653],[-3.2664104,54.8916995],[-3.273377,54.8872652],[-3.2724575,54.8910827],[-3.2771698,54.8855871],[-3.2753386,54.8905869],[-3.2779442,54.8863132],[-3.2776975,54.8910713],[-3.2751335,54.8917403],[-3.2880474,54.8926061],[-3.279976,54.8840171],[-3.2866198,54.8884188],[-3.2811474,54.8832049],[-3.2836348,54.8803468],[-3.2777961,54.8777914],[-3.283561,54.8693502],[-3.2793595,54.869976],[-3.2845776,54.8672122],[-3.2842458,54.8664971],[-3.2835284,54.8649509],[-3.2819349,54.8615162],[-3.2870866,54.8673204],[-3.285651,54.8696452],[-3.2819306,54.8756682],[-3.2836284,54.8766745],[-3.2896004,54.8802135],[-3.2858114,54.8753271],[-3.2944776,54.8787579],[-3.2885724,54.8723266],[-3.3022036,54.8851306],[-3.3077279,54.88353],[-3.3087806,54.8874397],[-3.3091632,54.8851052],[-3.3115201,54.8882666],[-3.3195198,54.8868013],[-3.3209825,54.8896703],[-3.3265003,54.8865482],[-3.3224684,54.889628],[-3.3274621,54.8909815],[-3.3296497,54.8915744],[-3.3295037,54.8910824],[-3.3283573,54.887219],[-3.3326185,54.888702],[-3.3308419,54.8906114],[-3.3334246,54.8893617],[-3.3397576,54.8962696],[-3.3445483,54.8945028],[-3.3448018,54.8944847],[-3.3457063,54.8913544],[-3.3473074,54.8913995],[-3.3486648,54.8895124],[-3.3417182,54.8890169],[-3.3417102,54.8869707],[-3.3487066,54.8890392],[-3.3497737,54.8935803],[-3.3547713,54.8909867],[-3.3482744,54.887953],[-3.3530902,54.8898173],[-3.3525296,54.8868632],[-3.357608,54.8918501],[-3.3369453,54.8981099],[-3.3351322,54.898659],[-3.3356898,54.8988955],[-3.3388445,54.900234],[-3.3669878,54.8914699],[-3.3793909,54.8824616],[-3.3865819,54.875578],[-3.3961124,54.8703085],[-3.3970939,54.8695949],[-3.3948043,54.8683288],[-3.3947247,54.8682902],[-3.3941512,54.8680874],[-3.3944507,54.8681572],[-3.3943015,54.8680848],[-3.3947478,54.8681403],[-3.3988699,54.8685058],[-3.4102584,54.8398687],[-3.4103115,54.839735],[-3.4378547,54.8016273],[-3.4315427,54.7811037],[-3.4333164,54.7662265],[-3.4381409,54.7606205],[-3.4454118,54.7521685],[-3.4464054,54.7515837],[-3.4555244,54.7462158],[-3.4789887,54.732394],[-3.480376,54.7317671],[-3.4935718,54.7258027],[-3.5011326,54.7171523],[-3.5071287,54.7176217],[-3.5010651,54.715326],[-3.5081699,54.7171775],[-3.5105593,54.7139339],[-3.5116788,54.7078393],[-3.5119589,54.7063145],[-3.5189811,54.6929755],[-3.5332245,54.6820876],[-3.5332702,54.6820526],[-3.5334995,54.6818773],[-3.5507853,54.6695842],[-3.5520451,54.6684585],[-3.5717434,54.6508463],[-3.5634116,54.6481486],[-3.5639238,54.6480596],[-3.5644871,54.6479617],[-3.5572149,54.6462542],[-3.5625161,54.646399],[-3.5780765,54.6517056],[-3.5777329,54.6469499],[-3.5745953,54.6393401],[-3.5745783,54.6392691],[-3.5744821,54.6388659],[-3.5720581,54.628703],[-3.5690603,54.6161273],[-3.5658908,54.6122244],[-3.5659555,54.6122307],[-3.5713312,54.6126465],[-3.5725948,54.6006971],[-3.5828108,54.5908654],[-3.5808116,54.5751992],[-3.580519,54.5751771],[-3.5807147,54.5744393],[-3.5803913,54.5719034],[-3.5841187,54.5648487],[-3.5842813,54.5645409],[-3.5843024,54.564501],[-3.5844684,54.5641868],[-3.591548,54.5522717],[-3.5915926,54.5521968],[-3.5941417,54.5525757],[-3.5943951,54.5525165],[-3.5922179,54.5520554],[-3.5898497,54.5519105],[-3.5910541,54.5506829],[-3.5934871,54.5482029],[-3.5975674,54.5517756],[-3.5992433,54.5513426],[-3.5999929,54.5479633],[-3.6062566,54.5327679],[-3.6075643,54.5313921],[-3.6076314,54.5312241],[-3.6080426,54.5308888],[-3.6136057,54.5250345],[-3.6148227,54.5246108],[-3.6262601,54.5206276],[-3.6388036,54.5174057],[-3.6388427,54.5172068],[-3.6361358,54.5078076],[-3.6351021,54.506689],[-3.6269875,54.5019818],[-3.6195721,54.4909065],[-3.6080039,54.4909567],[-3.5929852,54.4821171],[-3.5786396,54.4656998],[-3.5778501,54.464796],[-3.5592871,54.4507536],[-3.543341,54.4386807],[-3.5014505,54.4069209],[-3.501025,54.4066482],[-3.4994737,54.4056539],[-3.4765582,54.3864528],[-3.4765049,54.3864081],[-3.4755388,54.3830398],[-3.4733746,54.375492],[-3.4352853,54.3433826],[-3.4268103,54.3430651],[-3.4173747,54.3489234],[-3.417509,54.353264],[-3.4298617,54.3557527],[-3.4226466,54.3596651],[-3.4120324,54.3577243],[-3.4154427,54.3634521],[-3.4045264,54.3620199],[-3.4042269,54.3619806],[-3.4049991,54.3616253],[-3.4084206,54.3600514],[-3.4115018,54.357283],[-3.4043917,54.3379381],[-3.4118502,54.3380398],[-3.4100391,54.350354],[-3.4225339,54.3397739],[-3.4248845,54.328707],[-3.4157423,54.3035877],[-3.4227306,54.2928558],[-3.41724,54.2810691],[-3.3942157,54.2544402],[-3.3648957,54.2317526],[-3.3417697,54.2082664],[-3.3300379,54.1963398],[-3.3143058,54.1885624],[-3.290586,54.1907154],[-3.2877541,54.1970319],[-3.2777411,54.1939531],[-3.2776664,54.1939214],[-3.2686942,54.1901254],[-3.2539811,54.1916384],[-3.2392605,54.2031264],[-3.2493083,54.2092601],[-3.249791,54.2095547],[-3.2514667,54.2158316],[-3.2563183,54.2147511],[-3.25501,54.2170693],[-3.2539514,54.2191591],[-3.2514826,54.2281612],[-3.2509937,54.2198623],[-3.247541,54.2269716],[-3.2462934,54.223392],[-3.2443834,54.2262164],[-3.2432918,54.2252845],[-3.237629,54.2277587],[-3.2457623,54.2318274],[-3.2363685,54.2278759],[-3.2376521,54.2255555],[-3.2331232,54.228772],[-3.2434406,54.2340526],[-3.2354676,54.2314004],[-3.2383173,54.2336298],[-3.2367396,54.2362273],[-3.2343887,54.2323129],[-3.2300341,54.2409491],[-3.2299869,54.2367369],[-3.2289408,54.2374786],[-3.225638,54.23982],[-3.2239205,54.2472094],[-3.2293075,54.2497944],[-3.2229071,54.2515996],[-3.2295166,54.2568168],[-3.2337033,54.2601207],[-3.2328346,54.2617471],[-3.2321583,54.2600511],[-3.2296853,54.2624825],[-3.2281027,54.2640382],[-3.2245498,54.2755786],[-3.2278066,54.2776756],[-3.2255404,54.2772577],[-3.2381663,54.2940173],[-3.2309223,54.3146799],[-3.239507,54.31721],[-3.2418695,54.3235267],[-3.2184069,54.3360252],[-3.2185646,54.344996],[-3.207085,54.3529577],[-3.1945992,54.354351],[-3.1891362,54.3682749],[-3.1809648,54.3753621],[-3.1815286,54.3848522],[-3.1725202,54.3890483],[-3.1707579,54.3997303],[-3.1593255,54.4071682],[-3.1152615,54.4150208],[-3.1149337,54.4219904],[-3.1239962,54.4275066],[-3.1287354,54.4215325],[-3.1359781,54.4218835],[-3.1570183,54.4302813],[-3.1585919,54.4421775],[-3.1611164,54.447037],[-3.1662787,54.4477666],[-3.1671393,54.4541107],[-3.1538251,54.4601541],[-3.145558,54.4684437],[-3.1364441,54.470746],[-3.132213,54.4645439],[-3.1194257,54.4602376],[-3.1125731,54.4614908],[-3.1157044,54.466583],[-3.109479,54.4740037],[-3.0977531,54.4719034],[-3.0882652,54.4839641],[-3.0762144,54.4893655],[-3.0619855,54.4925227],[-3.0508017,54.4912651],[-3.048304,54.4962784],[-3.0148342,54.4998131],[-3.0113361,54.5071875],[-3.0169555,54.5148649],[-3.0152969,54.5255333],[-3.0257844,54.5303069],[-3.0250642,54.5410304],[-3.0166648,54.5479316],[-3.0203863,54.5589097],[-3.0167257,54.5615693],[-3.0288223,54.5669089],[-3.0182889,54.5749562],[-3.0270257,54.5745004],[-3.0370508,54.5809262],[-3.0074352,54.5952684],[-3.0227271,54.6026759],[-3.0343321,54.6027705],[-3.0391857,54.6123473],[-3.0444454,54.6142147],[-3.0680659,54.6141375],[-3.0777592,54.6105857],[-3.0869652,54.6127021],[-3.0924035,54.617236],[-3.0929935,54.654171],[-3.0866526,54.6635568],[-3.07996,54.6650528],[-3.0546044,54.6797572],[-3.070429,54.6849344],[-3.087191,54.686092],[-3.0819202,54.6952538],[-3.0637985,54.7000821],[-3.0337,54.6943203],[-2.9957687,54.6945283],[-2.9912305,54.7128451],[-2.9829989,54.719381],[-2.9896133,54.7277668],[-2.9966145,54.7336337],[-3.0119833,54.7347591],[-3.0215117,54.7401405],[-3.0261403,54.7479408],[-3.0008822,54.7553011],[-2.9977715,54.7620659],[-2.9929616,54.7602209],[-2.9857257,54.7660288],[-2.9886058,54.7700468],[-2.984432,54.7761596],[-2.9693469,54.7771437],[-2.9675735,54.7798953],[-2.962075,54.7786225],[-2.9447837,54.7840436],[-2.9311716,54.7921578],[-2.9348356,54.7929574],[-2.9197153,54.8059851],[-2.9210815,54.8092073],[-2.9044142,54.8130191],[-2.9073871,54.8218877],[-2.8814642,54.8234462],[-2.8720087,54.828561],[-2.8730588,54.8331441],[-2.8630807,54.8372316],[-2.8557348,54.833401],[-2.8382732,54.8341699],[-2.8294108,54.8254759],[-2.8177692,54.8275373],[-2.799378,54.8187182],[-2.7830518,54.8222854],[-2.7731988,54.8205234],[-2.7670091,54.8233054],[-2.7564278,54.8228578],[-2.754872,54.8270607],[-2.74362,54.8278464],[-2.7292067,54.818656],[-2.7145399,54.8199412],[-2.7056626,54.8163626],[-2.689793,54.8191912],[-2.7012245,54.8336049],[-2.68632,54.8379481],[-2.6801367,54.8353174],[-2.6689712,54.8450419],[-2.65777,54.8494526],[-2.655339,54.8547425],[-2.6037451,54.8533225],[-2.582671,54.8458668],[-2.5733523,54.8535462],[-2.5902472,54.8737837],[-2.605454,54.8843058],[-2.576414,54.8967171],[-2.5675654,54.9090026],[-2.5662213,54.9192381],[-2.5571918,54.9215209],[-2.5594056,54.9244313],[-2.5462487,54.9271556],[-2.5460834,54.9305046],[-2.5515429,54.9295353],[-2.5676495,54.940856],[-2.5712854,54.9483704],[-2.5684265,54.9582911],[-2.595569,54.9634809],[-2.6014293,54.9713402],[-2.6003455,54.9736622],[-2.5915918,54.9741508],[-2.5866296,54.9820342],[-2.5792372,54.9828928],[-2.5733108,54.9876378],[-2.5677137,55.0027474],[-2.5741809,55.0037001],[-2.5702419,55.0065061],[-2.5736534,55.0067264],[-2.5731868,55.0161147],[-2.5650422,55.0201111],[-2.5526194,55.0210417],[-2.5395724,55.0288769],[-2.527622,55.0291],[-2.5269121,55.0329402],[-2.5125623,55.0337941],[-2.510168,55.0363472],[-2.5044784,55.0331908],[-2.505666,55.036748],[-2.4830499,55.0400191],[-2.4829565,55.0437011],[-2.4943416,55.0507148],[-2.4907523,55.054526],[-2.4954456,55.0533318],[-2.5020206,55.0577257],[-2.5000276,55.0621164],[-2.5039849,55.0624299],[-2.4921999,55.0681537],[-2.5012343,55.0752248],[-2.4947333,55.081822],[-2.4866387,55.0811024],[-2.4863412,55.0830455],[-2.5037071,55.0907504],[-2.5164676,55.0891154],[-2.5180948,55.084957],[-2.5569473,55.0810391],[-2.5627931,55.0843757],[-2.5582948,55.0888104],[-2.5667057,55.091966],[-2.568426,55.0962614],[-2.5794088,55.0961351],[-2.583326,55.0990251],[-2.5854931,55.1030818],[-2.5935586,55.1051202],[-2.5934364,55.1128326],[-2.600471,55.1171618],[-2.5989028,55.1245757],[-2.6212731,55.1292164],[-2.6326388,55.127757],[-2.6569394,55.1361318],[-2.6616246,55.146365]]]],"type":"MultiPolygon"},"id":"E06000063","properties":{"code":"E06000063","geography":"LAD","name":"Cumberland"},"type":"Feature"},{"geometry":{"coordinates":[[[[-3.1741404,54.0665055],[-3.1769055,54.0635141],[-3.1733564,54.0619013],[-3.1741404,54.0665055]]],[[[-2.9870028,54.1483417],[-2.9954462,54.1493543],[-2.9990759,54.1526981],[-3.0006441,54.1523912],[-3.0020381,54.1502648],[-2.9944482,54.1478301],[-3.0029677,54.1500233],[-3.00665,54.1427152],[-2.9999052,54.1394118],[-3.009326,54.1405195],[-3.0164649,54.1325744],[-3.0004457,54.1323222],[-2.9783428,54.1399568],[-2.9723409,54.1455068],[-2.9870028,54.1483417]]],[[[-3.2459609,54.1072066],[-3.2507896,54.1257472],[-3.2546232,54.1317816],[-3.2587621,54.1318462],[-3.2550559,54.1320206],[-3.2595283,54.1351566],[-3.2561321,54.1352119],[-3.2609439,54.1378208],[-3.2606806,54.1385205],[-3.2647641,54.1385568],[-3.2645108,54.1477652],[-3.2520065,54.150746],[-3.2572324,54.1526671],[-3.2713071,54.148161],[-3.2766818,54.1418213],[-3.264481,54.1039409],[-3.2640441,54.1025832],[-3.2237404,54.0617718],[-3.2096914,54.0475232],[-3.1956147,54.0442604],[-3.1731178,54.0470912],[-3.1728665,54.0552586],[-3.1741383,54.0483056],[-3.1785335,54.0552939],[-3.1960643,54.0487472],[-3.2057385,54.0522691],[-3.2101626,54.0650929],[-3.223377,54.0670155],[-3.2239554,54.0690735],[-3.2264604,54.0779828],[-3.224248,54.0789873],[-3.2209261,54.0804955],[-3.2243216,54.0814849],[-3.2332152,54.0840759],[-3.2299964,54.0884815],[-3.2388993,54.0863418],[-3.2469859,54.0939519],[-3.2432169,54.0975322],[-3.2476979,54.0972926],[-3.2472838,54.0948594],[-3.2515169,54.0963469],[-3.2476453,54.0981362],[-3.2527014,54.0992665],[-3.2429305,54.0989993],[-3.2459609,54.1072066]]],[[[-2.3927264,54.8345153],[-2.4016226,54.851484],[-2.4116583,54.8564545],[-2.4226761,54.8428704],[-2.4522388,54.8320132],[-2.4606015,54.8341722],[-2.4953569,54.8103421],[-2.5306522,54.805999],[-2.5583067,54.8167246],[-2.5678486,54.8235748],[-2.582671,54.8458668],[-2.6037451,54.8533225],[-2.655339,54.8547425],[-2.65777,54.8494526],[-2.6689712,54.8450419],[-2.6801367,54.8353174],[-2.68632,54.8379481],[-2.7012245,54.8336049],[-2.689793,54.8191912],[-2.7056626,54.8163626],[-2.7145399,54.8199412],[-2.7292067,54.818656],[-2.74362,54.8278464],[-2.754872,54.8270607],[-2.7564278,54.8228578],[-2.7670091,54.8233054],[-2.7731988,54.8205234],[-2.7830518,54.8222854],[-2.799378,54.8187182],[-2.8177692,54.8275373],[-2.8294108,54.8254759],[-2.8382732,54.8341699],[-2.8557348,54.833401],[-2.8630807,54.8372316],[-2.8730588,54.8331441],[-2.8720087,54.828561],[-2.8814642,54.8234462],[-2.9073871,54.8218877],[-2.9044142,54.8130191],[-2.9210815,54.8092073],[-2.9197153,54.8059851],[-2.9348356,54.7929574],[-2.9311716,54.7921578],[-2.9447837,54.7840436],[-2.962075,54.7786225],[-2.9675735,54.7798953],[-2.9693469,54.7771437],[-2.984432,54.7761596],[-2.9886058,54.7700468],[-2.9857257,54.7660288],[-2.9929616,54.7602209],[-2.9977715,54.7620659],[-3.0008822,54.7553011],[-3.0261403,54.7479408],[-3.0215117,54.7401405],[-3.0119833,54.7347591],[-2.9966145,54.7336337],[-2.9896133,54.7277668],[-2.9829989,54.719381],[-2.9912305,54.7128451],[-2.9957687,54.6945283],[-3.0337,54.6943203],[-3.0637985,54.7000821],[-3.0819202,54.6952538],[-3.087191,54.686092],[-3.070429,54.6849344],[-3.0546044,54.6797572],[-3.07996,54.6650528],[-3.0866526,54.6635568],[-3.0929935,54.654171],[-3.0924035,54.617236],[-3.0869652,54.6127021],[-3.0777592,54.6105857],[-3.0680659,54.6141375],[-3.0444454,54.6142147],[-3.0391857,54.6123473],[-3.0343321,54.6027705],[-3.0227271,54.6026759],[-3.0074352,54.5952684],[-3.0370508,54.5809262],[-3.0270257,54.5745004],[-3.0182889,54.5749562],[-3.0288223,54.5669089],[-3.0167257,54.5615693],[-3.0203863,54.5589097],[-3.0166648,54.5479316],[-3.0250642,54.5410304],[-3.0257844,54.5303069],[-3.0152969,54.5255333],[-3.0169555,54.5148649],[-3.0113361,54.5071875],[-3.0148342,54.4998131],[-3.048304,54.4962784],[-3.0508017,54.4912651],[-3.0619855,54.4925227],[-3.0762144,54.4893655],[-3.0882652,54.4839641],[-3.0977531,54.4719034],[-3.109479,54.4740037],[-3.1157044,54.466583],[-3.1125731,54.4614908],[-3.1194257,54.4602376],[-3.132213,54.4645439],[-3.1364441,54.470746],[-3.145558,54.4684437],[-3.1538251,54.4601541],[-3.1671393,54.4541107],[-3.1662787,54.4477666],[-3.1611164,54.447037],[-3.1585919,54.4421775],[-3.1570183,54.4302813],[-3.1359781,54.4218835],[-3.1287354,54.4215325],[-3.1239962,54.4275066],[-3.1149337,54.4219904],[-3.1152615,54.4150208],[-3.1593255,54.4071682],[-3.1707579,54.3997303],[-3.1725202,54.3890483],[-3.1815286,54.3848522],[-3.1809648,54.3753621],[-3.1891362,54.3682749],[-3.1945992,54.354351],[-3.207085,54.3529577],[-3.2185646,54.344996],[-3.2184069,54.3360252],[-3.2418695,54.3235267],[-3.239507,54.31721],[-3.2309223,54.3146799],[-3.2381663,54.2940173],[-3.2255404,54.2772577],[-3.2237605,54.2769295],[-3.2242758,54.2748464],[-3.2243549,54.26471],[-3.22771,54.2609567],[-3.227839,54.2604349],[-3.2283959,54.2601893],[-3.2286957,54.2598539],[-3.2163937,54.2580307],[-3.211896,54.2518159],[-3.212687,54.2475486],[-3.2000492,54.2377065],[-3.1975644,54.2287981],[-3.1891929,54.2335889],[-3.198882,54.2199589],[-3.2049272,54.2175644],[-3.2018169,54.2111133],[-3.2049869,54.2149816],[-3.2055121,54.2143195],[-3.2091993,54.2096695],[-3.2100553,54.2085898],[-3.2045049,54.2095424],[-3.213058,54.2071925],[-3.2120409,54.1997445],[-3.2189954,54.1874929],[-3.2147578,54.185659],[-3.2229902,54.1877903],[-3.2150939,54.1848404],[-3.2171525,54.1774638],[-3.2270015,54.1721446],[-3.2284382,54.1713685],[-3.2461307,54.1719937],[-3.2565383,54.168702],[-3.2495781,54.154805],[-3.240519,54.1583852],[-3.2376963,54.1559201],[-3.2404909,54.1471261],[-3.2434758,54.1286858],[-3.2417993,54.1120489],[-3.2394113,54.1044663],[-3.2393083,54.1041391],[-3.2385229,54.1036185],[-3.2247037,54.094455],[-3.2238324,54.0937977],[-3.2224283,54.0936442],[-3.2219173,54.093614],[-3.2217134,54.0932997],[-3.221344,54.0927303],[-3.2212945,54.0925005],[-3.220072,54.0929249],[-3.2198617,54.0930177],[-3.2194417,54.0936265],[-3.2194075,54.0937929],[-3.2198008,54.0942757],[-3.2200627,54.0947071],[-3.2200625,54.0948572],[-3.2190962,54.0954415],[-3.2184918,54.095807],[-3.2150246,54.0979031],[-3.2142354,54.0982085],[-3.2120182,54.0989005],[-3.2100492,54.0994921],[-3.2069699,54.1004128],[-3.2045715,54.1011334],[-3.1994539,54.1026724],[-3.199357,54.1026745],[-3.1913064,54.1028502],[-3.185158,54.0957125],[-3.1868585,54.090427],[-3.173748,54.0833942],[-3.1779748,54.074878],[-3.1732357,54.0735932],[-3.1714344,54.0796283],[-3.1507107,54.0647853],[-3.1517582,54.0702175],[-3.1527006,54.0676667],[-3.1723986,54.0817841],[-3.1647914,54.0832243],[-3.1491064,54.0935293],[-3.1427496,54.0973107],[-3.142593,54.0974038],[-3.1046484,54.1200044],[-3.1006271,54.1280018],[-3.0876341,54.1362523],[-3.0779749,54.1539753],[-3.0608559,54.1619982],[-3.0591024,54.1731104],[-3.0611741,54.1794517],[-3.0612441,54.179595],[-3.0616219,54.1808206],[-3.0558692,54.1871767],[-3.059741,54.1893599],[-3.0533018,54.1884826],[-3.0549506,54.1935247],[-3.0547823,54.1940224],[-3.0531359,54.1988883],[-3.0502734,54.1990614],[-3.0446917,54.1993987],[-3.0445715,54.1996173],[-3.038776,54.2101526],[-3.0347468,54.2112955],[-3.0342602,54.2114336],[-3.0343729,54.2112988],[-3.039027,54.2057311],[-3.0324196,54.2113157],[-3.0355672,54.2156214],[-3.0531197,54.2208456],[-3.0518747,54.2303994],[-3.0516193,54.2323587],[-3.0515307,54.233038],[-3.0516291,54.233436],[-3.0518181,54.2342012],[-3.0519465,54.2347621],[-3.0521857,54.2358076],[-3.048054,54.2422897],[-3.0375241,54.2399048],[-3.0356768,54.244321],[-3.028573,54.2463678],[-3.0273162,54.2415436],[-3.0293589,54.2401746],[-3.0289899,54.2415868],[-3.0332511,54.2437909],[-3.0339737,54.2396737],[-3.048765,54.2332337],[-3.0463185,54.2267668],[-3.0336155,54.2292708],[-3.0285588,54.2204316],[-3.027627,54.2192882],[-3.0231898,54.2193996],[-3.0231574,54.2191485],[-3.0224869,54.2139448],[-3.0224642,54.2137684],[-3.0222278,54.2119336],[-3.0215034,54.2114089],[-3.0145455,54.2063678],[-3.0198318,54.2010697],[-3.022893,54.2010635],[-3.0254129,54.1968376],[-3.0347579,54.1965006],[-3.0387606,54.1971941],[-3.0292487,54.1937796],[-3.0277437,54.190076],[-3.0246058,54.1917871],[-3.026991,54.1896384],[-3.0221324,54.1857745],[-3.0201795,54.1896091],[-3.0210569,54.1852885],[-3.012658,54.1797223],[-3.0098259,54.1827723],[-3.0102923,54.1769533],[-3.0050673,54.1802793],[-3.0096947,54.1768261],[-3.0065259,54.1722698],[-3.0015344,54.1722495],[-3.0035353,54.175801],[-3.0009275,54.1721098],[-3.0002194,54.1743824],[-2.9961548,54.1732909],[-2.9993003,54.1754641],[-2.996065,54.1759241],[-2.9941209,54.1730486],[-2.992971,54.1702703],[-2.9973076,54.1731312],[-2.9971144,54.1667578],[-3.0003615,54.1684017],[-3.0043037,54.1662918],[-3.0052934,54.1562693],[-3.0001889,54.1538339],[-2.9966781,54.1557541],[-2.999532,54.1532615],[-2.9967262,54.1519627],[-2.995821,54.1499785],[-2.9683819,54.1460258],[-2.9654252,54.150242],[-2.939282,54.1565869],[-2.9481227,54.1576725],[-2.9445953,54.1593412],[-2.9437747,54.1580572],[-2.9356179,54.1581694],[-2.9318622,54.151392],[-2.9352363,54.1669741],[-2.9293458,54.1675473],[-2.9207388,54.1776815],[-2.9076102,54.1931286],[-2.8892175,54.1988166],[-2.8873664,54.1945513],[-2.8871769,54.1993755],[-2.8859027,54.1975648],[-2.8796685,54.2008688],[-2.8795306,54.2009419],[-2.8784737,54.201502],[-2.8715794,54.2040282],[-2.8700618,54.2017742],[-2.8674101,54.2047944],[-2.8685555,54.2020961],[-2.8424735,54.2055179],[-2.8414677,54.207175],[-2.8371111,54.2128317],[-2.8321963,54.2192109],[-2.8047225,54.2245538],[-2.8029023,54.2250584],[-2.7943813,54.2274202],[-2.8011523,54.2305975],[-2.8011628,54.2311883],[-2.8013966,54.2443782],[-2.8096456,54.2426936],[-2.8147253,54.2447417],[-2.8143987,54.2495783],[-2.8077325,54.2510193],[-2.8065269,54.2512799],[-2.8042647,54.2500509],[-2.8006705,54.250891],[-2.8024046,54.2494252],[-2.8127053,54.2498136],[-2.8128048,54.2498064],[-2.8130791,54.2450453],[-2.8130844,54.2449532],[-2.8118646,54.2450769],[-2.8008058,54.2461976],[-2.799854,54.2442881],[-2.7979778,54.2405234],[-2.7946474,54.2338392],[-2.7895265,54.2314484],[-2.789279,54.2313329],[-2.785814,54.2264402],[-2.7908867,54.2270047],[-2.8071188,54.2189701],[-2.8076453,54.2187094],[-2.8161527,54.2129756],[-2.8214653,54.2093938],[-2.8208741,54.2091312],[-2.8184226,54.2080421],[-2.8228661,54.206171],[-2.8231733,54.206038],[-2.826607,54.2045521],[-2.8354029,54.2052238],[-2.8362148,54.2015503],[-2.8534526,54.1927401],[-2.8641342,54.1920312],[-2.8647277,54.183761],[-2.857433,54.1789859],[-2.8656081,54.1806494],[-2.8694768,54.1766678],[-2.8372169,54.1741724],[-2.8156253,54.1821139],[-2.8163333,54.1898096],[-2.7992297,54.1977319],[-2.768232,54.1859641],[-2.7493014,54.188955],[-2.734387,54.184111],[-2.7362303,54.1709293],[-2.7364891,54.1690243],[-2.7086465,54.163885],[-2.6879707,54.1646569],[-2.6798417,54.1611857],[-2.6757943,54.1637791],[-2.6726406,54.1747466],[-2.647731,54.187308],[-2.6399358,54.202033],[-2.6249569,54.1955687],[-2.5760777,54.1955952],[-2.5507511,54.200293],[-2.5200697,54.2164468],[-2.499603,54.219555],[-2.4595853,54.2395684],[-2.4608627,54.2267161],[-2.4414182,54.2257392],[-2.4354276,54.222877],[-2.4119705,54.2266866],[-2.4056319,54.2249152],[-2.3967797,54.2393811],[-2.3730206,54.2400989],[-2.3723252,54.2482346],[-2.3623171,54.2497526],[-2.3480524,54.2378067],[-2.3376575,54.2375991],[-2.3256466,54.2414383],[-2.3190963,54.2571558],[-2.3155142,54.2702849],[-2.3258918,54.2796929],[-2.3171918,54.2871657],[-2.324172,54.2936052],[-2.3203903,54.2990445],[-2.3245225,54.3031836],[-2.3204012,54.3067706],[-2.3230323,54.3110828],[-2.3149776,54.3135864],[-2.3098414,54.324315],[-2.3202021,54.3317508],[-2.3347492,54.3349447],[-2.3357676,54.3404348],[-2.3677122,54.3560706],[-2.3607491,54.3549476],[-2.3446479,54.3596285],[-2.3260923,54.3680956],[-2.3170426,54.3763105],[-2.2974404,54.3768988],[-2.2917034,54.3906297],[-2.305445,54.3970864],[-2.3081459,54.4197938],[-2.3033733,54.4262765],[-2.2918535,54.4314625],[-2.2928652,54.4393075],[-2.2713478,54.4409162],[-2.2653784,54.4429263],[-2.2679029,54.4472336],[-2.2495392,54.4519434],[-2.2356174,54.4482311],[-2.1893155,54.4489785],[-2.1775085,54.4616257],[-2.1705785,54.4611414],[-2.170213,54.4581988],[-2.1593898,54.471092],[-2.1664702,54.4899079],[-2.1623933,54.5039428],[-2.1687045,54.5196521],[-2.1744925,54.521727],[-2.172398,54.5324441],[-2.1822861,54.5358554],[-2.1975306,54.532704],[-2.2101425,54.5436583],[-2.2094882,54.5517134],[-2.2459621,54.5650627],[-2.2709365,54.5821991],[-2.3045145,54.5961978],[-2.308758,54.6118833],[-2.3249378,54.6316502],[-2.2879787,54.6504801],[-2.292875,54.6638853],[-2.303397,54.6668241],[-2.3033172,54.6696299],[-2.3275695,54.6708734],[-2.3271067,54.6736668],[-2.3356163,54.6753276],[-2.3515938,54.6857364],[-2.3554731,54.6971978],[-2.3443821,54.7017721],[-2.342095,54.716148],[-2.3257467,54.7266292],[-2.3323058,54.7319961],[-2.3208225,54.7550039],[-2.3224787,54.7639707],[-2.3084868,54.7735428],[-2.313924,54.7811134],[-2.3120895,54.791015],[-2.3232843,54.7950089],[-2.3273852,54.8053325],[-2.3484286,54.8070793],[-2.3698308,54.8209665],[-2.3726695,54.8273796],[-2.3927264,54.8345153]]]],"type":"MultiPolygon"},"id":"E06000064","properties":{"code":"E06000064","geography":"LAD","name":"Westmorland and Furness"},"type":"Feature"},{"geometry":{"coordinates":[[[-0.7741841,54.5532527],[-0.774536,54.5573995],[-0.793342,54.5583086],[-0.7987872,54.5556178],[-0.8004192,54.5510109],[-0.8156763,54.5525075],[-0.8270815,54.5485187],[-0.8486473,54.5300038],[-0.8533211,54.5027138],[-0.8441391,54.4895498],[-0.8669788,54.489241],[-0.8757812,54.4911646],[-0.880825,54.4970469],[-0.8942126,54.4969121],[-0.9529516,54.4880355],[-0.9678287,54.4972685],[-1.0034011,54.5030121],[-1.0238003,54.5020451],[-1.0368515,54.4940441],[-1.0679266,54.5004482],[-1.094737,54.5066956],[-1.1117828,54.504374],[-1.11838,54.4981986],[-1.1461969,54.5028216],[-1.1743915,54.5028943],[-1.1850938,54.5072853],[-1.195485,54.5066324],[-1.2072888,54.5081455],[-1.2201363,54.5109411],[-1.2348659,54.510316],[-1.2343801,54.5061421],[-1.2423208,54.501658],[-1.2566747,54.5011079],[-1.2532624,54.4977825],[-1.2574031,54.4873218],[-1.2810932,54.4905672],[-1.289592,54.4879865],[-1.2867101,54.4827346],[-1.2915907,54.4834453],[-1.3004305,54.475822],[-1.3032775,54.4783968],[-1.313116,54.4772772],[-1.3183415,54.4720886],[-1.343629,54.4641554],[-1.344915,54.472408],[-1.3564905,54.4729259],[-1.3644171,54.4659524],[-1.3725616,54.4723075],[-1.37478,54.4824672],[-1.3707863,54.4856462],[-1.3810106,54.4940289],[-1.3830651,54.4872865],[-1.39505,54.48568],[-1.3992153,54.4928922],[-1.4070888,54.4935296],[-1.4127864,54.4771954],[-1.4321178,54.4794546],[-1.4265832,54.4847794],[-1.4349053,54.4874932],[-1.457798,54.5036479],[-1.4673527,54.5025273],[-1.4755593,54.4981083],[-1.4622414,54.4962938],[-1.4584735,54.4928394],[-1.4618275,54.4859514],[-1.4575972,54.4813623],[-1.4638528,54.473758],[-1.4539133,54.4661554],[-1.4627462,54.4611151],[-1.4547246,54.4536017],[-1.4617316,54.4511496],[-1.4720522,54.4555996],[-1.4676192,54.4621505],[-1.4753728,54.4738452],[-1.4990523,54.4756782],[-1.4915222,54.4860915],[-1.5052471,54.4824198],[-1.5113408,54.4750123],[-1.5141319,54.4837751],[-1.528837,54.4848137],[-1.5301508,54.4757509],[-1.5196937,54.4711152],[-1.5327198,54.4691491],[-1.5456727,54.4712385],[-1.5551952,54.4849782],[-1.5733039,54.4901596],[-1.5829803,54.4971007],[-1.5792149,54.5051877],[-1.5916228,54.5040043],[-1.5843246,54.5079706],[-1.5795272,54.5116271],[-1.6027,54.5105369],[-1.6006233,54.5170978],[-1.6095205,54.5199082],[-1.6334444,54.5141123],[-1.6404985,54.5171891],[-1.6329311,54.5187043],[-1.6337738,54.5253644],[-1.6546752,54.5246501],[-1.6579372,54.5345889],[-1.6822591,54.5333394],[-1.6969264,54.5360064],[-1.7213109,54.5423017],[-1.727305,54.5304851],[-1.7330914,54.5277364],[-1.7612135,54.5289515],[-1.769724,54.5328449],[-1.7796965,54.531873],[-1.7761323,54.5067285],[-1.7821753,54.5070127],[-1.7871772,54.501039],[-1.7929765,54.4844924],[-1.8224434,54.4951777],[-1.8364727,54.5080216],[-1.8578005,54.5035398],[-1.85913,54.4818579],[-1.8672551,54.4821169],[-1.8776032,54.4780496],[-1.8934303,54.4668983],[-1.9425432,54.4533954],[-1.9700596,54.4515215],[-1.9761253,54.4597288],[-1.9855394,54.4599253],[-1.9967644,54.4669034],[-2.0447295,54.4751863],[-2.0431984,54.4835994],[-2.0612893,54.4805576],[-2.0863966,54.4683929],[-2.1165962,54.4622635],[-2.1501207,54.4599635],[-2.1592676,54.4554835],[-2.170213,54.4581988],[-2.1705785,54.4611414],[-2.1775085,54.4616257],[-2.1893155,54.4489785],[-2.2356174,54.4482311],[-2.2495392,54.4519434],[-2.2679029,54.4472336],[-2.2653784,54.4429263],[-2.2713478,54.4409162],[-2.2928652,54.4393075],[-2.2918535,54.4314625],[-2.3033733,54.4262765],[-2.3081459,54.4197938],[-2.305445,54.3970864],[-2.2917034,54.3906297],[-2.2974404,54.3768988],[-2.3170426,54.3763105],[-2.3260923,54.3680956],[-2.3446479,54.3596285],[-2.3607491,54.3549476],[-2.3677122,54.3560706],[-2.3357676,54.3404348],[-2.3347492,54.3349447],[-2.3202021,54.3317508],[-2.3098414,54.324315],[-2.3149776,54.3135864],[-2.3230323,54.3110828],[-2.3204012,54.3067706],[-2.3245225,54.3031836],[-2.3203903,54.2990445],[-2.324172,54.2936052],[-2.3171918,54.2871657],[-2.3258918,54.2796929],[-2.3155142,54.2702849],[-2.3190963,54.2571558],[-2.3256466,54.2414383],[-2.3376575,54.2375991],[-2.3480524,54.2378067],[-2.3623171,54.2497526],[-2.3723252,54.2482346],[-2.3730206,54.2400989],[-2.3967797,54.2393811],[-2.4056319,54.2249152],[-2.4119705,54.2266866],[-2.4354276,54.222877],[-2.4414182,54.2257392],[-2.4608627,54.2267161],[-2.473699,54.215282],[-2.4799401,54.202329],[-2.528759,54.1694841],[-2.533979,54.1576927],[-2.5436833,54.1575953],[-2.5473232,54.1533185],[-2.5605045,54.1530521],[-2.5578739,54.1433642],[-2.5634103,54.1404057],[-2.5634812,54.1246776],[-2.5447643,54.1171303],[-2.5458356,54.1143672],[-2.5362006,54.1086262],[-2.5367663,54.1040993],[-2.5241088,54.1021294],[-2.5240097,54.0946225],[-2.509526,54.0954253],[-2.5063052,54.0914746],[-2.4807512,54.085379],[-2.4707242,54.0765642],[-2.4643474,54.0752794],[-2.4695498,54.0462122],[-2.4587749,54.0404955],[-2.432734,54.0415934],[-2.4258265,54.0380949],[-2.374073,54.0490891],[-2.3619995,54.0406697],[-2.3573233,54.0191171],[-2.3436035,54.0173271],[-2.3395643,54.0093207],[-2.3407937,54.0074897],[-2.3502532,54.012183],[-2.3522849,54.0105533],[-2.3521765,53.9946124],[-2.3399993,53.9894769],[-2.3191773,53.9938205],[-2.2968775,53.9805827],[-2.2989487,53.9765461],[-2.29455,53.9744667],[-2.2845954,53.9737892],[-2.2345724,53.9818564],[-2.2211122,53.9779017],[-2.2320992,53.971216],[-2.2259221,53.9672774],[-2.2256738,53.9611195],[-2.2144884,53.965107],[-2.2096388,53.9628992],[-2.2006354,53.9701263],[-2.1960184,53.9695758],[-2.1844642,53.9522114],[-2.1794668,53.9459858],[-2.1854878,53.9418872],[-2.1822628,53.9354109],[-2.1759265,53.9342688],[-2.171605,53.9376592],[-2.164266,53.9347043],[-2.1628768,53.9272699],[-2.1517165,53.929484],[-2.1494334,53.9260284],[-2.1417983,53.9256746],[-2.1399784,53.9283255],[-2.1322241,53.9265089],[-2.1243503,53.9232007],[-2.1217582,53.9173308],[-2.113093,53.9154393],[-2.1074667,53.908043],[-2.113176,53.9046116],[-2.1034169,53.8918928],[-2.0824577,53.8775545],[-2.089915,53.868182],[-2.081191,53.8699714],[-2.0748495,53.8623673],[-2.0461303,53.8501412],[-2.0317085,53.8585936],[-2.0216307,53.8714971],[-2.0134846,53.8697375],[-1.9994554,53.8720652],[-1.9876533,53.867737],[-1.9770241,53.8755351],[-1.9769799,53.8756007],[-1.9811699,53.8969932],[-1.9793494,53.9011796],[-1.9696798,53.9034596],[-1.9524171,53.9035275],[-1.9532293,53.9117115],[-1.9768672,53.9264178],[-1.9719218,53.9299804],[-1.9658895,53.9278874],[-1.9680186,53.9318247],[-1.9630765,53.9334042],[-1.9705267,53.9433331],[-1.9622895,53.9432078],[-1.9650489,53.9482354],[-1.9661753,53.9515613],[-1.949362,53.9530123],[-1.950658,53.9566696],[-1.9279798,53.9504588],[-1.9227698,53.9556344],[-1.9062736,53.9583783],[-1.8931382,53.9553835],[-1.882242,53.963137],[-1.8787234,53.962392],[-1.8788481,53.9542479],[-1.8744047,53.9452956],[-1.8621012,53.9405486],[-1.8595024,53.932475],[-1.836167,53.9314114],[-1.8487805,53.9360227],[-1.8477311,53.9408007],[-1.830125,53.9403835],[-1.8302,53.9380172],[-1.8050892,53.9390227],[-1.8028628,53.9359569],[-1.7975126,53.9364948],[-1.798028,53.9297153],[-1.7823553,53.9294432],[-1.7775362,53.9229212],[-1.7722802,53.9208874],[-1.7654253,53.9247229],[-1.7555061,53.9210415],[-1.745626,53.9230038],[-1.7421635,53.9145803],[-1.7272173,53.9101672],[-1.7221353,53.9118585],[-1.7179699,53.908531],[-1.7164442,53.9176128],[-1.7061125,53.9170707],[-1.7070831,53.9191313],[-1.6870196,53.9163889],[-1.6891711,53.9126456],[-1.6846272,53.9105881],[-1.655083,53.9124843],[-1.6520631,53.9056999],[-1.6421222,53.907432],[-1.6206592,53.903387],[-1.5998394,53.9097218],[-1.5992617,53.903955],[-1.5866662,53.9013034],[-1.5842957,53.9090219],[-1.5686892,53.9109122],[-1.5628831,53.9039301],[-1.5525768,53.9030079],[-1.5494169,53.9106996],[-1.5285963,53.9086991],[-1.4946717,53.9153375],[-1.4860267,53.9109121],[-1.467414,53.9107574],[-1.4633871,53.9059213],[-1.4511918,53.9070529],[-1.4405008,53.9138646],[-1.4324348,53.9112025],[-1.4335529,53.9263549],[-1.4301689,53.9287216],[-1.4067096,53.9278497],[-1.4106291,53.9301554],[-1.4091971,53.9354656],[-1.400658,53.9375004],[-1.3971825,53.9425352],[-1.3619532,53.9414835],[-1.3404052,53.9458882],[-1.344706,53.939499],[-1.339501,53.9407835],[-1.3069267,53.934422],[-1.3088946,53.9240398],[-1.3003829,53.929377],[-1.2941151,53.9270315],[-1.3038318,53.9251007],[-1.3073558,53.9211502],[-1.2972029,53.9216378],[-1.3004531,53.9075195],[-1.313719,53.9047124],[-1.321142,53.9034569],[-1.3222515,53.9004265],[-1.3177309,53.8963492],[-1.3208044,53.883788],[-1.315607,53.8816823],[-1.3196931,53.8789579],[-1.3126028,53.865317],[-1.3529699,53.8567508],[-1.3384291,53.8517443],[-1.3421379,53.8451728],[-1.3265571,53.8404234],[-1.3252087,53.8353464],[-1.3360967,53.8335898],[-1.3096735,53.822895],[-1.3103984,53.8199178],[-1.3036235,53.816536],[-1.3124349,53.8143756],[-1.3148721,53.8095574],[-1.3138105,53.7815557],[-1.3038019,53.7751229],[-1.3067875,53.7730441],[-1.2963622,53.7718627],[-1.2904154,53.7630787],[-1.2967492,53.7589536],[-1.294942,53.7554628],[-1.3122388,53.7558885],[-1.3153568,53.7436807],[-1.3019672,53.7416722],[-1.2837641,53.7320122],[-1.2719614,53.7249242],[-1.2685171,53.7149092],[-1.247988,53.7117253],[-1.2294081,53.71489],[-1.2263288,53.7098678],[-1.2198119,53.714419],[-1.2184429,53.7070956],[-1.1987665,53.7007146],[-1.1990607,53.6948947],[-1.244428,53.692469],[-1.2439576,53.6732504],[-1.2523193,53.666656],[-1.2469604,53.6556145],[-1.2487765,53.6496307],[-1.2552165,53.6489626],[-1.253662,53.6411994],[-1.2428879,53.6346157],[-1.2328443,53.6211122],[-1.2174685,53.6242243],[-1.2193872,53.6366875],[-1.2156472,53.6419827],[-1.2108924,53.6409563],[-1.2098272,53.6431641],[-1.1892465,53.635917],[-1.1550903,53.6431985],[-1.1349122,53.6326981],[-1.1290327,53.6346686],[-1.1289405,53.6430168],[-1.1216181,53.6467499],[-1.0847972,53.6517244],[-1.0661388,53.6488549],[-1.0532775,53.6515369],[-1.0486626,53.6560575],[-1.06023,53.6592686],[-1.0711901,53.6579051],[-1.0710603,53.6600217],[-1.0856392,53.6623935],[-1.0913914,53.6686246],[-1.1033593,53.6694993],[-1.101763,53.6743738],[-1.0810598,53.6845261],[-1.085018,53.6869588],[-1.0787071,53.694078],[-1.0749141,53.7039428],[-1.069535,53.7028045],[-1.0624755,53.7068792],[-1.0540334,53.7014342],[-1.0536227,53.6968513],[-1.0457582,53.6986226],[-1.0390832,53.6938952],[-1.0224036,53.6980363],[-1.0068234,53.6953006],[-1.0002165,53.6989004],[-0.9801325,53.69697],[-0.9805468,53.7049832],[-0.9678655,53.7067213],[-0.9700981,53.7022138],[-0.9626499,53.7007959],[-0.9576732,53.7050538],[-0.9612727,53.7076962],[-0.9577148,53.7148355],[-0.9440838,53.7125257],[-0.9233991,53.7186813],[-0.9052492,53.7170483],[-0.9066795,53.7271708],[-0.9115575,53.728212],[-0.9119111,53.7329522],[-0.9365116,53.7319775],[-0.9610629,53.7360785],[-0.9631309,53.7464585],[-0.9735935,53.749857],[-0.9515789,53.753769],[-0.9320932,53.7621902],[-0.9283541,53.7702959],[-0.9366863,53.7798718],[-0.9280466,53.797158],[-0.934499,53.8017772],[-0.9200863,53.8159768],[-0.9405581,53.8234514],[-0.9456272,53.84665],[-0.9419969,53.8548127],[-0.9449335,53.8575258],[-0.9481231,53.861918],[-0.9389205,53.8678463],[-0.9405879,53.8742012],[-0.9251059,53.8779321],[-0.9234033,53.8807196],[-0.9267738,53.8825674],[-0.9349389,53.8800047],[-0.9384486,53.8874888],[-0.9439813,53.8880584],[-0.9480249,53.8848767],[-0.9676727,53.8828496],[-0.9928031,53.8751917],[-1.0081857,53.8899358],[-1.021543,53.8883716],[-1.0649868,53.8746107],[-1.0775522,53.8835334],[-1.0955867,53.8844175],[-1.1003986,53.8765596],[-1.1052705,53.8756723],[-1.1249842,53.8826761],[-1.136776,53.8959261],[-1.1435609,53.8924902],[-1.1543956,53.8959285],[-1.1648927,53.9105914],[-1.1706288,53.9088132],[-1.1793224,53.9168832],[-1.1859149,53.9160111],[-1.1911783,53.9226347],[-1.1955692,53.9224143],[-1.2237055,53.9748292],[-1.2165969,53.9856125],[-1.2001626,53.9890091],[-1.1920885,53.9842016],[-1.1821032,53.9853453],[-1.1832828,53.9962161],[-1.1919354,54.0005194],[-1.1885699,54.0024831],[-1.1795148,53.9988607],[-1.17551,54.0021966],[-1.1519125,53.9891781],[-1.1369982,53.9910826],[-1.1490907,54.0029474],[-1.1428756,54.0107882],[-1.1480381,54.015624],[-1.1423246,54.0189671],[-1.1448137,54.0255095],[-1.1407966,54.0298588],[-1.1201762,54.0290264],[-1.1148681,54.0358095],[-1.099781,54.0376892],[-1.1010771,54.0409641],[-1.0961069,54.040455],[-1.094278,54.0466258],[-1.0621707,54.0501378],[-1.0587338,54.0478451],[-1.0597122,54.0566069],[-1.0143774,54.0493218],[-1.0020847,54.0552631],[-0.9932549,54.0422277],[-0.9823098,54.039482],[-0.9822425,54.0309037],[-0.973583,54.0293691],[-0.9706877,54.0230836],[-0.9668636,54.0229666],[-0.9793647,54.0174202],[-0.9768851,54.0157617],[-0.9826176,54.0100778],[-0.9793296,54.0053575],[-0.9847072,54.0025472],[-0.9753663,54.0047316],[-0.9719194,53.9967102],[-0.9790568,53.9959707],[-0.9812496,53.9911542],[-0.995818,53.9839811],[-0.9846575,53.9815479],[-0.967045,53.9859188],[-0.9576856,53.983956],[-0.9443621,53.9891283],[-0.925295,53.9915184],[-0.9128768,53.9921321],[-0.9085824,53.9969187],[-0.8935349,53.9997681],[-0.8885553,54.0095145],[-0.8776688,54.013557],[-0.8784271,54.0171996],[-0.8597207,54.0163948],[-0.8430297,54.021611],[-0.8203661,54.0208734],[-0.7989881,54.0240907],[-0.7992476,54.0190518],[-0.7342573,54.0302588],[-0.7304893,54.0127008],[-0.7107461,54.0111713],[-0.7049024,54.0060724],[-0.6817985,54.0103553],[-0.6784159,54.0182388],[-0.6884837,54.0240107],[-0.6798686,54.0366735],[-0.6594843,54.0371698],[-0.6580177,54.0436448],[-0.644654,54.0551131],[-0.6603169,54.0631001],[-0.6155234,54.0704937],[-0.5910046,54.087062],[-0.5664665,54.0903056],[-0.5631372,54.0939995],[-0.5418163,54.0915285],[-0.5340309,54.0871798],[-0.5279277,54.0893389],[-0.5246123,54.0854747],[-0.4968894,54.0972318],[-0.4659425,54.107633],[-0.4683254,54.1112505],[-0.4543511,54.1167625],[-0.4585397,54.1259736],[-0.4270939,54.1374426],[-0.4326594,54.1575207],[-0.4331686,54.1640727],[-0.4229266,54.1663147],[-0.4245567,54.1695755],[-0.4181088,54.1712203],[-0.4184278,54.1740253],[-0.3907836,54.1765311],[-0.374526,54.162564],[-0.3749274,54.1541132],[-0.3600375,54.1531203],[-0.3463972,54.1468729],[-0.3238419,54.1502969],[-0.322653,54.1452764],[-0.3137654,54.1464027],[-0.304083,54.1362705],[-0.2905656,54.1397558],[-0.2690688,54.1383333],[-0.2654198,54.1405585],[-0.2372247,54.1372494],[-0.2297466,54.1324404],[-0.2290661,54.1357275],[-0.2216915,54.137973],[-0.2126045,54.157607],[-0.2328524,54.1618272],[-0.2632547,54.1759538],[-0.2644527,54.1765101],[-0.2721919,54.1843656],[-0.2745123,54.1859742],[-0.2745304,54.1860092],[-0.2752815,54.1875007],[-0.2827508,54.1950775],[-0.2852266,54.2031881],[-0.2850699,54.2035489],[-0.2801336,54.2149137],[-0.2753948,54.2176691],[-0.2592594,54.2158784],[-0.3025474,54.2271943],[-0.312711,54.2286241],[-0.3139704,54.2320159],[-0.3348919,54.2383811],[-0.3386839,54.2426139],[-0.3503904,54.2408799],[-0.3638906,54.2450951],[-0.3695051,54.2493255],[-0.3675021,54.2519381],[-0.3691478,54.2552381],[-0.3696642,54.2554569],[-0.3965982,54.2744011],[-0.3971147,54.2787297],[-0.3971185,54.2787609],[-0.3971986,54.2794326],[-0.3847949,54.2856154],[-0.3843923,54.2858642],[-0.386572,54.290252],[-0.3910411,54.2897922],[-0.391414,54.2896783],[-0.3938458,54.2889355],[-0.3951372,54.2883122],[-0.395178,54.2883257],[-0.39543,54.2884515],[-0.3968066,54.2880309],[-0.4058906,54.2921026],[-0.4066978,54.2944433],[-0.4069025,54.294554],[-0.406839,54.2948529],[-0.4094907,54.3025403],[-0.4087011,54.3037002],[-0.4076561,54.305235],[-0.4107553,54.3068765],[-0.4112824,54.3068279],[-0.4113764,54.3069092],[-0.411566,54.3068947],[-0.4120216,54.3074674],[-0.4122597,54.3076733],[-0.4176059,54.3105045],[-0.4188257,54.3195541],[-0.4188707,54.3198874],[-0.4216011,54.3259981],[-0.4170528,54.3314652],[-0.4233183,54.3390289],[-0.4326345,54.3401435],[-0.4330845,54.350312],[-0.4469851,54.3593601],[-0.4470783,54.359791],[-0.4498271,54.3725011],[-0.4616049,54.3856931],[-0.4616398,54.3857321],[-0.4616746,54.3857711],[-0.46819,54.3930647],[-0.4721602,54.3972595],[-0.4767083,54.399769],[-0.4823946,54.4023173],[-0.4836312,54.4026652],[-0.4853814,54.4045533],[-0.4914711,54.4079117],[-0.5027893,54.4073712],[-0.5227853,54.4162747],[-0.5311097,54.4255089],[-0.5316675,54.4362922],[-0.5225487,54.4408871],[-0.521477,54.4469678],[-0.5569488,54.4651206],[-0.5634384,54.473059],[-0.5697423,54.4799589],[-0.5852206,54.4838832],[-0.588164,54.4886397],[-0.58957,54.4889661],[-0.5924226,54.4881102],[-0.5927021,54.4880264],[-0.5933324,54.4878372],[-0.6093464,54.4905076],[-0.6098374,54.4910378],[-0.6098965,54.4910446],[-0.6113341,54.4929134],[-0.6122603,54.4940343],[-0.6116838,54.492038],[-0.6123626,54.4930119],[-0.6124539,54.4920199],[-0.6126426,54.4925396],[-0.6128773,54.4908188],[-0.6134113,54.4869026],[-0.6132706,54.4897029],[-0.6130689,54.493714],[-0.6131638,54.4939753],[-0.614237,54.4909744],[-0.6175224,54.4915693],[-0.6399978,54.4956359],[-0.6401978,54.4956697],[-0.6702787,54.5007549],[-0.6750893,54.5060466],[-0.6726695,54.5125207],[-0.6731585,54.5128811],[-0.6771434,54.5139761],[-0.6775225,54.5160965],[-0.6823778,54.5196731],[-0.6937133,54.5203902],[-0.7129812,54.533642],[-0.7200916,54.5314185],[-0.7201989,54.5310849],[-0.7215455,54.5309638],[-0.73129,54.5279154],[-0.7446573,54.5285402],[-0.7454764,54.5302811],[-0.7467607,54.5314831],[-0.7485449,54.5331481],[-0.7473322,54.5342245],[-0.750948,54.5419057],[-0.7648522,54.5457578],[-0.7672573,54.5464238],[-0.765668,54.5481043],[-0.7652053,54.548701],[-0.7741841,54.5532527]]],"type":"Polygon"},"id":"E06000065","properties":{"code":"E06000065","geography":"LAD","name":"North Yorkshire"},"type":"Feature"},{"geometry":{"coordinates":[[[[-3.0157733,51.2284862],[-3.0186832,51.2284188],[-3.0148211,51.223092],[-3.0157733,51.2284862]]],[[[-2.9944861,51.3052369],[-2.9949799,51.305754],[-2.9947069,51.3059374],[-2.9952157,51.3075756],[-2.9864104,51.3125078],[-2.9866318,51.3127488],[-2.9975594,51.3191376],[-2.9941554,51.3209385],[-3.0029714,51.3251522],[-3.0359299,51.3285452],[-3.0281404,51.324177],[-3.0137972,51.3235364],[-3.0112362,51.3202919],[-3.0218967,51.2690267],[-3.0156123,51.2576298],[-3.0018231,51.2448771],[-2.9993538,51.2369447],[-3.0002792,51.2344],[-3.0017639,51.2303172],[-3.0018609,51.2300531],[-3.0040768,51.2257524],[-3.0041929,51.2255271],[-3.0030868,51.2258144],[-3.0023317,51.2260106],[-3.0024632,51.2258535],[-3.0156941,51.2100456],[-3.0162101,51.2029238],[-3.018015,51.2072037],[-3.0222447,51.2004375],[-3.0251464,51.1957944],[-3.0270839,51.1926936],[-3.0346295,51.1889206],[-3.05104,51.1871154],[-3.0555509,51.1816319],[-3.0559301,51.1766553],[-3.0559503,51.1763911],[-3.0561561,51.1736899],[-3.0561815,51.1733561],[-3.0572381,51.173401],[-3.0613821,51.173577],[-3.0564199,51.1865356],[-3.0451895,51.194652],[-3.0327094,51.1944255],[-3.0244786,51.2121938],[-3.0302952,51.2082086],[-3.0263708,51.2149441],[-3.0242481,51.2129026],[-3.0191521,51.2182579],[-3.0308276,51.2180829],[-3.0538727,51.2060266],[-3.054556,51.205669],[-3.0763789,51.2013745],[-3.1007461,51.2084023],[-3.1144476,51.2069742],[-3.1314414,51.2108382],[-3.1466306,51.2093854],[-3.1548215,51.2086011],[-3.1642872,51.2026452],[-3.1804299,51.1997615],[-3.1901232,51.2026658],[-3.202183,51.2014608],[-3.2162712,51.1943099],[-3.228975,51.191814],[-3.2569042,51.1877223],[-3.2758482,51.1797755],[-3.2841414,51.1806272],[-3.285344,51.1808791],[-3.2939551,51.1826826],[-3.3132166,51.1795598],[-3.3281421,51.1818607],[-3.3288575,51.1840485],[-3.3495307,51.1816001],[-3.3502404,51.181516],[-3.3736242,51.1846637],[-3.3931207,51.1825034],[-3.411644,51.1838632],[-3.4242781,51.1908126],[-3.4326099,51.1981924],[-3.4420146,51.2065062],[-3.4552347,51.2095527],[-3.4684191,51.207979],[-3.4690336,51.2079056],[-3.4724178,51.2136471],[-3.4862995,51.2198883],[-3.4864853,51.2199602],[-3.4968983,51.2239863],[-3.5029785,51.2230081],[-3.5553907,51.2332596],[-3.5787965,51.2321433],[-3.588486,51.225305],[-3.5886165,51.2252111],[-3.5902416,51.2240298],[-3.5921754,51.2227005],[-3.6217141,51.2167744],[-3.6235436,51.2180141],[-3.633314,51.2238715],[-3.6378098,51.2243471],[-3.6398368,51.2233693],[-3.6930936,51.2301807],[-3.7201692,51.2330277],[-3.7205674,51.2330695],[-3.7332013,51.2227251],[-3.7287369,51.2188514],[-3.7315728,51.2151313],[-3.726211,51.1994232],[-3.7320876,51.1909692],[-3.7244214,51.1839206],[-3.7260325,51.1789345],[-3.7458751,51.1755572],[-3.7573005,51.1773104],[-3.7863035,51.1719269],[-3.8062674,51.1778734],[-3.8398207,51.1766737],[-3.8320691,51.1511857],[-3.8347375,51.1413826],[-3.8221147,51.1269539],[-3.8042887,51.1156853],[-3.7673954,51.1057833],[-3.7199475,51.0808207],[-3.692445,51.0805591],[-3.6823677,51.0733543],[-3.6502894,51.0640756],[-3.6523309,51.0596418],[-3.6353539,51.0562969],[-3.6243038,51.061239],[-3.6130526,51.056107],[-3.6103296,51.0579468],[-3.5944711,51.0551947],[-3.6002858,51.0506067],[-3.598215,51.0370333],[-3.6147009,51.0155497],[-3.6097455,51.0079832],[-3.6032081,51.0072332],[-3.5350495,51.0033473],[-3.5275639,51.0055219],[-3.5188814,51.0147955],[-3.5204578,51.0258953],[-3.4844326,51.0338424],[-3.4636889,51.025262],[-3.4472248,51.0257252],[-3.4268152,51.0314052],[-3.4157023,51.0278363],[-3.4141741,51.0197027],[-3.3804877,51.0184859],[-3.3834276,50.994537],[-3.3786636,50.9775085],[-3.33367,50.9827883],[-3.2938474,50.9551387],[-3.2548305,50.9418457],[-3.2183469,50.9432807],[-3.1957832,50.9475078],[-3.1639455,50.9459725],[-3.172461,50.9357812],[-3.1724382,50.9256383],[-3.1802986,50.9229286],[-3.1879625,50.9103441],[-3.1705557,50.90759],[-3.1703967,50.9003728],[-3.1561557,50.9000755],[-3.1528766,50.8938282],[-3.144185,50.8913982],[-3.1396262,50.8914612],[-3.1263408,50.90172],[-3.1220787,50.8981605],[-3.0898507,50.9061144],[-3.052405,50.908272],[-3.0540623,50.8730431],[-3.0384423,50.8683153],[-3.0326315,50.8616392],[-3.0368061,50.8510652],[-3.0114429,50.857209],[-2.9985515,50.8509652],[-2.9944437,50.8551461],[-2.9735897,50.8556574],[-2.9746308,50.8523379],[-2.968051,50.8513012],[-2.9725719,50.8460305],[-2.9698291,50.8341997],[-2.9543223,50.8211656],[-2.9473408,50.8237395],[-2.9416898,50.835883],[-2.9343327,50.8364848],[-2.9301227,50.840922],[-2.9164789,50.8417659],[-2.8862624,50.85054],[-2.879235,50.8463749],[-2.8770517,50.8493204],[-2.8667911,50.849256],[-2.8452045,50.8516128],[-2.8428649,50.8473729],[-2.8286196,50.8487817],[-2.8286822,50.8520411],[-2.8257773,50.8508837],[-2.8080684,50.8636309],[-2.8078421,50.8586793],[-2.7889777,50.8534432],[-2.7822861,50.8596969],[-2.7618216,50.8607587],[-2.7599356,50.8659732],[-2.7549883,50.8667904],[-2.750937,50.863838],[-2.7230916,50.8661909],[-2.7154195,50.8638882],[-2.7144114,50.8711611],[-2.7070991,50.8697285],[-2.6957129,50.8760073],[-2.6788853,50.8775226],[-2.6606661,50.8871432],[-2.6503629,50.8833324],[-2.6470663,50.8883587],[-2.6279184,50.8863087],[-2.6240828,50.8792871],[-2.6155319,50.8818991],[-2.6095413,50.8915263],[-2.6148911,50.8932612],[-2.6238285,50.9071946],[-2.6204341,50.9100202],[-2.6148051,50.9232566],[-2.60404,50.9267247],[-2.6062676,50.9346743],[-2.6160354,50.9414484],[-2.6088465,50.9420078],[-2.6071745,50.9457574],[-2.5982003,50.9485745],[-2.598378,50.9595067],[-2.5949101,50.9622285],[-2.5998827,50.9674016],[-2.5980574,50.973613],[-2.6034177,50.9762832],[-2.6011397,50.9780117],[-2.5958452,50.98134],[-2.5860234,50.9768693],[-2.574939,50.9833182],[-2.5746304,50.9866937],[-2.5623714,50.9777106],[-2.556207,50.9795352],[-2.5454234,50.9850805],[-2.5447245,50.9916662],[-2.5519243,50.993698],[-2.5514899,50.9963447],[-2.5472914,50.9964184],[-2.5474351,50.9995417],[-2.5351673,50.9993729],[-2.5355615,50.9940224],[-2.5265305,50.9919252],[-2.517313,50.9946092],[-2.5022806,50.993798],[-2.4883327,50.9757565],[-2.4903452,50.9727724],[-2.4745778,50.9625078],[-2.4747423,50.9579515],[-2.4668173,50.9598107],[-2.458644,50.9542883],[-2.4586634,50.9497471],[-2.4524859,50.9502738],[-2.4434783,50.9584627],[-2.4471778,50.9678502],[-2.4279915,50.9713868],[-2.4149276,50.9605834],[-2.3835418,50.9723592],[-2.3445565,50.9788293],[-2.3438525,50.9843805],[-2.3549499,50.9908965],[-2.3777597,50.9914132],[-2.3817558,51.0019465],[-2.3756555,51.009277],[-2.3780471,51.0117144],[-2.3691468,51.0142759],[-2.3606741,51.025175],[-2.3300144,51.0413446],[-2.3331697,51.0514788],[-2.3401088,51.0560629],[-2.3444863,51.0554826],[-2.3492557,51.0612432],[-2.3499873,51.068882],[-2.3444572,51.0743284],[-2.3258631,51.0796783],[-2.3291404,51.0852585],[-2.3470512,51.0882363],[-2.3625294,51.1016237],[-2.3645276,51.1188788],[-2.3445392,51.1246782],[-2.3463047,51.1305107],[-2.3458619,51.1333625],[-2.3321693,51.1379832],[-2.332287,51.1449576],[-2.3100891,51.1684233],[-2.2984647,51.1753224],[-2.2845603,51.1972534],[-2.2666659,51.2155786],[-2.2697585,51.2188933],[-2.2633244,51.2326051],[-2.2528361,51.2473706],[-2.2453412,51.2538761],[-2.2495832,51.2589665],[-2.2444267,51.2631324],[-2.2534972,51.2898347],[-2.2652866,51.2928587],[-2.265474,51.2962402],[-2.2799726,51.29223],[-2.2782777,51.3024481],[-2.2851201,51.309528],[-2.2719545,51.3142541],[-2.2755193,51.3186805],[-2.2723313,51.3185],[-2.2730949,51.322879],[-2.2777472,51.3257041],[-2.2890908,51.325272],[-2.3248177,51.3135599],[-2.3325212,51.3084433],[-2.3416045,51.3096949],[-2.362886,51.3029391],[-2.381575,51.300085],[-2.389626,51.294611],[-2.4009175,51.3048002],[-2.4202594,51.2966214],[-2.4173903,51.2921339],[-2.4300641,51.2846425],[-2.4390471,51.2851856],[-2.4460151,51.2808362],[-2.4443115,51.2774114],[-2.4524045,51.2771136],[-2.4517226,51.2742514],[-2.4558053,51.2737374],[-2.4737536,51.277967],[-2.4780011,51.2730967],[-2.5063561,51.2789908],[-2.4965376,51.2874494],[-2.4966712,51.2905204],[-2.5080634,51.2915154],[-2.5281143,51.2931424],[-2.5500125,51.3005159],[-2.5541645,51.2986863],[-2.5528033,51.3013175],[-2.5578242,51.3026614],[-2.5822819,51.29193],[-2.5954662,51.2961863],[-2.5948775,51.2923586],[-2.6003377,51.2889874],[-2.612967,51.2841607],[-2.6245839,51.2853002],[-2.6249103,51.2824595],[-2.6382298,51.2882312],[-2.6386247,51.2948003],[-2.6557618,51.3012927],[-2.6667949,51.3024451],[-2.6624849,51.30656],[-2.6706352,51.3113032],[-2.676386,51.3109357],[-2.6948766,51.3180764],[-2.6969356,51.3161068],[-2.7168056,51.3167515],[-2.7208473,51.3214889],[-2.7280725,51.3171796],[-2.7539216,51.3197247],[-2.7548638,51.3244907],[-2.764605,51.3225587],[-2.8064454,51.326107],[-2.8187525,51.3251927],[-2.8179415,51.3190244],[-2.8078188,51.3148356],[-2.807253,51.3117264],[-2.8120741,51.3106982],[-2.8102365,51.3014243],[-2.8302944,51.3007101],[-2.8531708,51.2994553],[-2.8679307,51.3022169],[-2.8771887,51.3001036],[-2.884936,51.3066603],[-2.8971038,51.2906146],[-2.9131699,51.2936484],[-2.9364292,51.3030141],[-2.9537139,51.3044967],[-2.9626019,51.3046111],[-2.9632101,51.2987091],[-2.9701216,51.2960893],[-2.9880735,51.2985199],[-2.9940193,51.304748],[-2.9933938,51.3018224],[-2.9944861,51.3052369]]]],"type":"MultiPolygon"},"id":"E06000066","properties":{"code":"E06000066","geography":"LAD","name":"Somerset"},"type":"Feature"},{"geometry":{"coordinates":[[[0.171336,52.232958],[0.1714391,52.2338401],[0.1553016,52.2372899],[0.1476315,52.2299056],[0.1299135,52.235678],[0.1187446,52.2312922],[0.117417,52.2282359],[0.110058,52.2299849],[0.1011795,52.226974],[0.0686503,52.2149372],[0.0711171,52.2151264],[0.0698016,52.2121785],[0.0742421,52.211535],[0.079017,52.2043541],[0.0948913,52.1993331],[0.0968517,52.1920804],[0.1047145,52.1906564],[0.0981321,52.1805577],[0.0992874,52.1713284],[0.1078527,52.1683225],[0.1011015,52.1607249],[0.1034296,52.1579417],[0.1320462,52.1682392],[0.1417558,52.1710046],[0.1549269,52.1646229],[0.1637132,52.1723339],[0.1813288,52.1694906],[0.1810215,52.187871],[0.184552,52.1914853],[0.1789348,52.2014141],[0.1757492,52.2054581],[0.1673443,52.204148],[0.1758653,52.2172792],[0.1609275,52.2208094],[0.1548512,52.2264867],[0.171336,52.232958]]],"type":"Polygon"},"id":"E07000008","properties":{"code":"E07000008","geography":"LAD","name":"Cambridge"},"type":"Feature"},{"geometry":{"coordinates":[[[0.3172929,52.5130078],[0.3093607,52.5136223],[0.2563964,52.5077267],[0.2460074,52.4999383],[0.2387908,52.5091851],[0.2363191,52.5072906],[0.1707163,52.4575574],[0.1770862,52.4609777],[0.1793174,52.4587597],[0.155922,52.4405774],[0.1510426,52.4422641],[0.1453899,52.4374834],[0.1238415,52.4209698],[0.118687,52.4234604],[0.1208382,52.4311206],[0.1298394,52.4357288],[0.1264711,52.437855],[0.1169756,52.4330619],[0.1138697,52.4273619],[0.1061604,52.4252866],[0.0874069,52.4297361],[0.0814193,52.4221939],[0.0702115,52.4214871],[0.0551208,52.4144006],[0.0436467,52.4181253],[0.041629,52.4133201],[0.0526624,52.408824],[0.0501312,52.4070268],[0.056199,52.3978346],[0.0344208,52.38575],[0.0419494,52.380689],[0.0513469,52.3581639],[0.0481193,52.3559054],[0.0438681,52.3528859],[0.0652638,52.3413666],[0.1047968,52.3287618],[0.120033,52.3281333],[0.1403165,52.3206701],[0.1490506,52.3255281],[0.1624998,52.3242304],[0.1674129,52.317601],[0.1975282,52.3242683],[0.1986048,52.3184122],[0.2058857,52.3168466],[0.2389512,52.3203247],[0.2393151,52.3255899],[0.2488168,52.3228538],[0.2471903,52.30383],[0.2415613,52.2909232],[0.2303136,52.286454],[0.2281172,52.2811605],[0.2115806,52.2699183],[0.2206178,52.2635406],[0.21047,52.2494597],[0.2182054,52.2492214],[0.2295025,52.2366627],[0.225348,52.2316947],[0.2304493,52.2289308],[0.2328573,52.2314895],[0.2544081,52.2145226],[0.310991,52.1904737],[0.3103791,52.1857269],[0.3517164,52.1686385],[0.3774345,52.1666003],[0.3763412,52.163233],[0.3889101,52.161801],[0.3949146,52.1579698],[0.405447,52.159589],[0.4098908,52.1564005],[0.4172764,52.1593067],[0.4359158,52.1594951],[0.4387062,52.1657116],[0.4443608,52.1647465],[0.4445215,52.1710861],[0.4522449,52.173202],[0.4636233,52.170466],[0.4707313,52.1632591],[0.4769085,52.167482],[0.4913328,52.165102],[0.487465,52.169797],[0.4939647,52.1814957],[0.4949753,52.1887331],[0.5025556,52.1960266],[0.5030176,52.2070305],[0.5086505,52.2139809],[0.5128209,52.2136889],[0.514484,52.2267794],[0.4948907,52.2392881],[0.4817655,52.2323759],[0.4555819,52.2475796],[0.4433497,52.2426124],[0.4269648,52.2536028],[0.4145178,52.2478611],[0.421335,52.2396913],[0.4087812,52.2390676],[0.3948784,52.2307231],[0.3846091,52.2340628],[0.3712489,52.2265902],[0.3574229,52.2341583],[0.3426841,52.2423433],[0.3566642,52.2462886],[0.3608152,52.249568],[0.3399438,52.2677479],[0.355241,52.2793363],[0.3505321,52.2829491],[0.3591724,52.2891376],[0.3607009,52.2978082],[0.3778694,52.2912519],[0.3827231,52.2932663],[0.3853628,52.2829978],[0.3953542,52.2804547],[0.4095472,52.2690353],[0.419627,52.2597601],[0.4241981,52.2558764],[0.4988526,52.2730145],[0.4958344,52.2804039],[0.5045685,52.2864726],[0.4729408,52.3039121],[0.4620929,52.3088146],[0.4575001,52.3162957],[0.4313766,52.3158254],[0.4241887,52.3292291],[0.4362763,52.3335268],[0.4425701,52.3488134],[0.4275217,52.3537039],[0.4200531,52.3521548],[0.4192248,52.3579359],[0.4076916,52.361512],[0.3820856,52.3962733],[0.3747774,52.4097289],[0.4253134,52.4303272],[0.4232076,52.4339656],[0.429298,52.4364526],[0.4233548,52.4537049],[0.4285291,52.4546526],[0.4020895,52.4653483],[0.3919158,52.4755286],[0.3807064,52.4795395],[0.3671438,52.4959433],[0.3670622,52.5011738],[0.361893,52.4988163],[0.3450335,52.5016853],[0.3309377,52.5091358],[0.3183055,52.5076575],[0.3172929,52.5130078]]],"type":"Polygon"},"id":"E07000009","properties":{"code":"E07000009","geography":"LAD","name":"East Cambridgeshire"},"type":"Feature"},{"geometry":{"coordinates":[[[0.1716261,52.7380317],[0.170181,52.7398941],[0.1329753,52.7393045],[0.1136853,52.7299901],[0.098789,52.7303403],[0.0890117,52.7236302],[0.0639042,52.7274361],[0.0480184,52.7187851],[0.0441495,52.7143823],[0.0445629,52.6925858],[0.0489739,52.684011],[0.0215004,52.6648873],[-0.0312707,52.6615327],[-0.0127518,52.5942462],[-0.119959,52.5774647],[-0.1869802,52.5685067],[-0.1816962,52.5665034],[-0.1898788,52.5654429],[-0.1885157,52.5598835],[-0.1978734,52.5508058],[-0.1910308,52.5503392],[-0.1856278,52.5449373],[-0.18785,52.5418631],[-0.1882885,52.5370811],[-0.1706607,52.5312841],[-0.1435506,52.5112209],[-0.1143564,52.4890704],[-0.0976396,52.5017214],[-0.0903886,52.4962702],[-0.0708724,52.5058658],[-0.0696831,52.5168311],[-0.0479779,52.5107831],[-0.0527197,52.5020244],[-0.0385068,52.5018445],[-0.0375994,52.4785149],[-0.0416889,52.4770164],[-0.0388551,52.4732857],[-0.0185337,52.4676295],[-0.0093231,52.4621815],[-0.0069796,52.4567714],[0.00881,52.4546547],[0.0120927,52.4483651],[0.0231729,52.4424682],[0.0216674,52.4349858],[0.0341349,52.428169],[0.0190458,52.4142841],[0.0268811,52.4056798],[0.0282022,52.3899124],[0.0344208,52.38575],[0.056199,52.3978346],[0.0501312,52.4070268],[0.0526624,52.408824],[0.041629,52.4133201],[0.0436467,52.4181253],[0.0551208,52.4144006],[0.0702115,52.4214871],[0.0814193,52.4221939],[0.0874069,52.4297361],[0.1061604,52.4252866],[0.1138697,52.4273619],[0.1169756,52.4330619],[0.1264711,52.437855],[0.1298394,52.4357288],[0.1208382,52.4311206],[0.118687,52.4234604],[0.1238415,52.4209698],[0.1453899,52.4374834],[0.1510426,52.4422641],[0.155922,52.4405774],[0.1793174,52.4587597],[0.1770862,52.4609777],[0.1707163,52.4575574],[0.2363191,52.5072906],[0.2061233,52.5196351],[0.2197066,52.5231467],[0.2231733,52.521384],[0.2223868,52.5239102],[0.2305912,52.5279099],[0.2256046,52.5325699],[0.2203024,52.5289479],[0.2149216,52.5320608],[0.2079775,52.5300279],[0.2058477,52.533858],[0.2131305,52.5381577],[0.2038279,52.5454044],[0.2102156,52.5449003],[0.2146133,52.5491178],[0.2052479,52.5478379],[0.2047323,52.554667],[0.2140928,52.5561949],[0.2172307,52.5604815],[0.2056997,52.5656623],[0.2184669,52.572133],[0.2157878,52.5794583],[0.2027138,52.580084],[0.1991605,52.5917732],[0.1938727,52.5921037],[0.1915996,52.6015169],[0.2015134,52.6031576],[0.2056137,52.611803],[0.2173865,52.6145255],[0.2108647,52.6179284],[0.2190648,52.6219805],[0.1920279,52.6342655],[0.1720597,52.6486943],[0.1695952,52.652756],[0.1783403,52.6526361],[0.1762788,52.6556914],[0.1838418,52.6556621],[0.1844296,52.6721408],[0.1808833,52.6732676],[0.1847166,52.6778947],[0.1646248,52.6800013],[0.1536438,52.6821777],[0.156353,52.707835],[0.1716261,52.7380317]]],"type":"Polygon"},"id":"E07000010","properties":{"code":"E07000010","geography":"LAD","name":"Fenland"},"type":"Feature"},{"geometry":{"coordinates":[[[-0.3757434,52.5662802],[-0.3883749,52.5688578],[-0.3878509,52.5750615],[-0.3968397,52.5829983],[-0.4088802,52.5826581],[-0.4153814,52.5787426],[-0.4156953,52.5701041],[-0.4072909,52.5640549],[-0.4195938,52.558962],[-0.4153388,52.5515533],[-0.4020605,52.5483216],[-0.4012833,52.5386847],[-0.4134674,52.5255069],[-0.390749,52.5194399],[-0.3779266,52.5106579],[-0.3571554,52.5057376],[-0.3521477,52.5033528],[-0.3593436,52.4971081],[-0.3593976,52.4898129],[-0.3500634,52.4825693],[-0.3497183,52.4728878],[-0.3415905,52.4669426],[-0.3528923,52.4610603],[-0.370217,52.4399303],[-0.3718668,52.436843],[-0.362408,52.4335313],[-0.3895447,52.421766],[-0.4108341,52.412794],[-0.4170728,52.4115991],[-0.4196119,52.4073246],[-0.416157,52.4035893],[-0.4329349,52.3962773],[-0.4437613,52.3838572],[-0.4549376,52.3857022],[-0.4568317,52.3823292],[-0.4682904,52.3828936],[-0.4698883,52.379896],[-0.4847607,52.3816312],[-0.4867376,52.3790312],[-0.4959463,52.3795155],[-0.4885188,52.3740235],[-0.4994868,52.3669929],[-0.4986998,52.3600958],[-0.4776824,52.34892],[-0.4832642,52.3409033],[-0.4666567,52.3389276],[-0.4653658,52.3229533],[-0.4441835,52.3142316],[-0.4360887,52.3144708],[-0.4357611,52.2966569],[-0.4318758,52.2965937],[-0.429564,52.2915494],[-0.4190096,52.2842506],[-0.4101588,52.2844968],[-0.4068712,52.2874619],[-0.3989795,52.2787289],[-0.3926259,52.2824296],[-0.3770009,52.2815478],[-0.3721751,52.2734999],[-0.3823412,52.2711257],[-0.3743757,52.2329983],[-0.3590381,52.2347353],[-0.3410108,52.2306475],[-0.3434689,52.2418744],[-0.3344937,52.2429206],[-0.3199966,52.2427079],[-0.313688,52.2389988],[-0.293209,52.2405162],[-0.2856937,52.2374015],[-0.2866313,52.234848],[-0.2993905,52.2160436],[-0.2929394,52.2076344],[-0.2742192,52.2087472],[-0.2619275,52.2096325],[-0.264912,52.2057212],[-0.240723,52.1901931],[-0.2440019,52.1826846],[-0.2497851,52.184371],[-0.2606941,52.1764014],[-0.2543991,52.1721848],[-0.2288629,52.1662428],[-0.2166619,52.1587665],[-0.1895343,52.1692055],[-0.1561905,52.1672459],[-0.152542,52.169613],[-0.153342,52.1754368],[-0.1433326,52.1832885],[-0.1377992,52.1844682],[-0.1108252,52.1788841],[-0.1005399,52.182665],[-0.1012185,52.1854148],[-0.1071042,52.1938051],[-0.1039491,52.200385],[-0.1081265,52.2068829],[-0.1401542,52.2079279],[-0.1528073,52.2119967],[-0.1758853,52.197256],[-0.1787298,52.2016286],[-0.1890514,52.2005789],[-0.1956085,52.20449],[-0.1869456,52.228858],[-0.1756341,52.2304809],[-0.1490409,52.2259495],[-0.1481737,52.229163],[-0.1375173,52.2301783],[-0.1322204,52.2432615],[-0.1571223,52.254308],[-0.1736849,52.2557791],[-0.1774963,52.2502912],[-0.1826029,52.2567863],[-0.1754769,52.2802172],[-0.1481177,52.2846063],[-0.1381119,52.2766497],[-0.1211197,52.2573169],[-0.1022712,52.2776708],[-0.0853879,52.2725023],[-0.0571512,52.2927788],[-0.0598983,52.2939767],[-0.0464643,52.3146592],[-0.0312627,52.3168122],[-0.0151466,52.3125455],[-0.0047129,52.3217169],[0.0081815,52.3344509],[0.0096184,52.3417394],[0.0269625,52.3514831],[0.0438681,52.3528859],[0.0481193,52.3559054],[0.0513469,52.3581639],[0.0419494,52.380689],[0.0344208,52.38575],[0.0282022,52.3899124],[0.0268811,52.4056798],[0.0190458,52.4142841],[0.0341349,52.428169],[0.0216674,52.4349858],[0.0231729,52.4424682],[0.0120927,52.4483651],[0.00881,52.4546547],[-0.0069796,52.4567714],[-0.0093231,52.4621815],[-0.0185337,52.4676295],[-0.0388551,52.4732857],[-0.0416889,52.4770164],[-0.0375994,52.4785149],[-0.0385068,52.5018445],[-0.0527197,52.5020244],[-0.0479779,52.5107831],[-0.0696831,52.5168311],[-0.0708724,52.5058658],[-0.0903886,52.4962702],[-0.0976396,52.5017214],[-0.1143564,52.4890704],[-0.1435506,52.5112209],[-0.1706607,52.5312841],[-0.1882885,52.5370811],[-0.18785,52.5418631],[-0.2003984,52.5452158],[-0.2027561,52.5425543],[-0.2141438,52.5417915],[-0.217664,52.5379234],[-0.2231235,52.5424409],[-0.235017,52.5434054],[-0.2366469,52.5382578],[-0.2317202,52.5345314],[-0.2382543,52.5290779],[-0.2430744,52.5296421],[-0.2447805,52.5229989],[-0.2694475,52.5203898],[-0.2740474,52.5189645],[-0.2729617,52.5127827],[-0.284638,52.5061131],[-0.2878095,52.5087511],[-0.2932896,52.5068891],[-0.2962971,52.5143204],[-0.3178233,52.5343488],[-0.3327358,52.5465454],[-0.3259249,52.5486493],[-0.3236771,52.5515179],[-0.3272438,52.5529116],[-0.3373154,52.5536478],[-0.3484775,52.5643701],[-0.367384,52.5627649],[-0.3757434,52.5662802]]],"type":"Polygon"},"id":"E07000011","properties":{"code":"E07000011","geography":"LAD","name":"Huntingdonshire"},"type":"Feature"},{"geometry":{"coordinates":[[[0.120033,52.3281333],[0.1047968,52.3287618],[0.0652638,52.3413666],[0.0438681,52.3528859],[0.0269625,52.3514831],[0.0096184,52.3417394],[0.0081815,52.3344509],[-0.0047129,52.3217169],[-0.0151466,52.3125455],[-0.0312627,52.3168122],[-0.0464643,52.3146592],[-0.0598983,52.2939767],[-0.0571512,52.2927788],[-0.0853879,52.2725023],[-0.1022712,52.2776708],[-0.1211197,52.2573169],[-0.1381119,52.2766497],[-0.1481177,52.2846063],[-0.1754769,52.2802172],[-0.1826029,52.2567863],[-0.1774963,52.2502912],[-0.1736849,52.2557791],[-0.1571223,52.254308],[-0.1322204,52.2432615],[-0.1375173,52.2301783],[-0.1481737,52.229163],[-0.1490409,52.2259495],[-0.1756341,52.2304809],[-0.1869456,52.228858],[-0.1956085,52.20449],[-0.1890514,52.2005789],[-0.1787298,52.2016286],[-0.1758853,52.197256],[-0.1528073,52.2119967],[-0.1401542,52.2079279],[-0.1081265,52.2068829],[-0.1039491,52.200385],[-0.1071042,52.1938051],[-0.1012185,52.1854148],[-0.1005399,52.182665],[-0.1108252,52.1788841],[-0.1377992,52.1844682],[-0.1433326,52.1832885],[-0.153342,52.1754368],[-0.152542,52.169613],[-0.1561905,52.1672459],[-0.1895343,52.1692055],[-0.2166619,52.1587665],[-0.234804,52.1447268],[-0.2062043,52.144449],[-0.1715347,52.1395026],[-0.1637506,52.140128],[-0.1596731,52.1440684],[-0.1505134,52.1436195],[-0.1496908,52.1388354],[-0.1444345,52.1381638],[-0.1439855,52.1177421],[-0.1478884,52.1142525],[-0.1490005,52.0912257],[-0.1576051,52.080441],[-0.1475093,52.06945],[-0.155121,52.0530611],[-0.1445762,52.0469905],[-0.1337299,52.0462329],[-0.1223387,52.0296361],[-0.1265675,52.0209219],[-0.1209988,52.0195213],[-0.107694,52.0283552],[-0.0790393,52.0378841],[-0.0542638,52.0466082],[-0.0300189,52.061959],[-0.0244124,52.063316],[-0.0126281,52.0615482],[-0.0013433,52.0516087],[0.0071863,52.0495331],[0.0398495,52.0532246],[0.0520984,52.0246308],[0.0681561,52.0057631],[0.0712505,52.0082373],[0.0790626,52.007722],[0.0922543,52.021654],[0.0941951,52.0328742],[0.1011467,52.0388517],[0.1057362,52.0602611],[0.1190775,52.0599626],[0.1281352,52.0473226],[0.1511472,52.0528716],[0.1526345,52.0503179],[0.1605775,52.0520987],[0.1607567,52.04844],[0.1663961,52.0481908],[0.1675703,52.0549998],[0.1863734,52.0566613],[0.1899163,52.0621996],[0.1831944,52.0731835],[0.1939699,52.0754814],[0.2034594,52.0926742],[0.2101351,52.0916349],[0.235208,52.089],[0.2520273,52.0770625],[0.2762308,52.0926579],[0.2864317,52.0902499],[0.324674,52.0727833],[0.3437494,52.0510575],[0.3638357,52.0436196],[0.3717224,52.0373694],[0.3896802,52.0364577],[0.3881893,52.0437174],[0.3796128,52.0495627],[0.39042,52.0602881],[0.4046383,52.0655024],[0.4070925,52.0707939],[0.401971,52.0724865],[0.3995079,52.0841589],[0.3941804,52.0843536],[0.3908332,52.0890141],[0.3949968,52.0959681],[0.3868643,52.0973049],[0.3886877,52.0992122],[0.3818038,52.1027013],[0.3895898,52.1174706],[0.3983405,52.118792],[0.3963626,52.1223591],[0.4090109,52.1240356],[0.4046744,52.1292553],[0.4099291,52.1344158],[0.4174864,52.1331624],[0.4208864,52.1556392],[0.4172764,52.1593067],[0.4098908,52.1564005],[0.405447,52.159589],[0.3949146,52.1579698],[0.3889101,52.161801],[0.3763412,52.163233],[0.3774345,52.1666003],[0.3517164,52.1686385],[0.3103791,52.1857269],[0.310991,52.1904737],[0.2544081,52.2145226],[0.2328573,52.2314895],[0.2304493,52.2289308],[0.225348,52.2316947],[0.2295025,52.2366627],[0.2182054,52.2492214],[0.21047,52.2494597],[0.2206178,52.2635406],[0.2115806,52.2699183],[0.2281172,52.2811605],[0.2303136,52.286454],[0.2415613,52.2909232],[0.2471903,52.30383],[0.2488168,52.3228538],[0.2393151,52.3255899],[0.2389512,52.3203247],[0.2058857,52.3168466],[0.1986048,52.3184122],[0.1975282,52.3242683],[0.1674129,52.317601],[0.1624998,52.3242304],[0.1490506,52.3255281],[0.1403165,52.3206701],[0.120033,52.3281333]],[[0.1553016,52.2372899],[0.1714391,52.2338401],[0.171336,52.232958],[0.1548512,52.2264867],[0.1609275,52.2208094],[0.1758653,52.2172792],[0.1673443,52.204148],[0.1757492,52.2054581],[0.1789348,52.2014141],[0.184552,52.1914853],[0.1810215,52.187871],[0.1813288,52.1694906],[0.1637132,52.1723339],[0.1549269,52.1646229],[0.1417558,52.1710046],[0.1320462,52.1682392],[0.1034296,52.1579417],[0.1011015,52.1607249],[0.1078527,52.1683225],[0.0992874,52.1713284],[0.0981321,52.1805577],[0.1047145,52.1906564],[0.0968517,52.1920804],[0.0948913,52.1993331],[0.079017,52.2043541],[0.0742421,52.211535],[0.0698016,52.2121785],[0.0711171,52.2151264],[0.0686503,52.2149372],[0.1011795,52.226974],[0.110058,52.2299849],[0.117417,52.2282359],[0.1187446,52.2312922],[0.1299135,52.235678],[0.1476315,52.2299056],[0.1553016,52.2372899]]],"type":"Polygon"},"id":"E07000012","properties":{"code":"E07000012","geography":"LAD","name":"South Cambridgeshire"},"type":"Feature"},{"geometry":{"coordinates":[[[-1.4653691,53.1108011],[-1.4630074,53.1141411],[-1.4698426,53.1198058],[-1.4868428,53.1229301],[-1.4889991,53.1299994],[-1.4953657,53.1339646],[-1.5001443,53.128282],[-1.5201907,53.1240343],[-1.5235106,53.1204296],[-1.5206062,53.1144896],[-1.5311044,53.1004814],[-1.5298251,53.0954776],[-1.5234063,53.0956481],[-1.5174546,53.0965185],[-1.5120587,53.0933648],[-1.5193446,53.0862399],[-1.5336029,53.0869438],[-1.5425784,53.0785566],[-1.5497128,53.0769271],[-1.5475001,53.0738462],[-1.5532725,53.0690184],[-1.5591983,53.0692355],[-1.5785684,53.0579199],[-1.5833815,53.0599477],[-1.5887101,53.0575716],[-1.5934636,53.0488324],[-1.5809725,53.0422971],[-1.5985668,53.0304704],[-1.5848782,53.0203871],[-1.5773389,53.022296],[-1.5781376,53.0244804],[-1.5663261,53.0224685],[-1.5761108,53.0176846],[-1.5667463,53.0136966],[-1.5787546,53.0146871],[-1.5767984,53.0020629],[-1.5992657,52.9984236],[-1.6021637,52.9857729],[-1.5714442,52.9739866],[-1.5710191,52.9665623],[-1.5764674,52.9662322],[-1.5812295,52.9610677],[-1.5993943,52.9625883],[-1.6080022,52.9564989],[-1.6029584,52.9508611],[-1.6071369,52.9471723],[-1.6100541,52.9408552],[-1.6041261,52.9368878],[-1.5701371,52.9358285],[-1.567162,52.9331021],[-1.558562,52.9329965],[-1.5440685,52.9242077],[-1.5396453,52.9244495],[-1.5270064,52.9324174],[-1.5212613,52.9323854],[-1.5080288,52.9374518],[-1.5106695,52.9463343],[-1.5059038,52.9483274],[-1.507644,52.9543306],[-1.4978006,52.9560047],[-1.4944118,52.9601786],[-1.4954055,52.9658794],[-1.4811579,52.9681536],[-1.4784932,52.9646433],[-1.474689,52.9659093],[-1.4707099,52.9716619],[-1.4798523,52.9819149],[-1.4634413,52.9827973],[-1.4513481,52.982217],[-1.4448289,52.978805],[-1.4205431,52.9810513],[-1.4100629,52.9796348],[-1.4091509,52.9770016],[-1.3945447,52.9805941],[-1.3854138,52.9822975],[-1.3859799,52.9791344],[-1.3710836,52.9730764],[-1.3672843,52.9773414],[-1.33278,52.9781615],[-1.3283579,52.9816218],[-1.331473,52.9869898],[-1.3220517,52.9893437],[-1.3241805,52.9936916],[-1.3074262,53.0036246],[-1.3079856,53.0038728],[-1.3133554,53.0052389],[-1.3226987,53.0215917],[-1.3280361,53.0293305],[-1.3332034,53.033941],[-1.3357654,53.0507544],[-1.3358685,53.0529658],[-1.3441123,53.0623316],[-1.3438346,53.0687296],[-1.3347171,53.0775721],[-1.3316355,53.0809879],[-1.3436664,53.0865832],[-1.3536849,53.0865686],[-1.3631672,53.0924366],[-1.3736502,53.1078565],[-1.3949067,53.1047616],[-1.4042345,53.1066135],[-1.4196625,53.1065647],[-1.4237339,53.1033601],[-1.4325444,53.1058969],[-1.4482522,53.1036738],[-1.4555454,53.1096159],[-1.4600088,53.1083112],[-1.4653691,53.1108011]]],"type":"Polygon"},"id":"E07000032","properties":{"code":"E07000032","geography":"LAD","name":"Amber Valley"},"type":"Feature"},{"geometry":{"coordinates":[[[-1.3074763,53.3125206],[-1.3219281,53.3090391],[-1.3106742,53.2979481],[-1.3241414,53.2951088],[-1.316717,53.2816556],[-1.3071541,53.2754019],[-1.3013016,53.2638916],[-1.3166775,53.2625047],[-1.3312629,53.2572323],[-1.3261624,53.2544058],[-1.3231897,53.2464219],[-1.3191546,53.2395481],[-1.3115186,53.2323773],[-1.3147473,53.2239093],[-1.3111343,53.2172873],[-1.3137432,53.208473],[-1.3115381,53.198891],[-1.3185296,53.1859073],[-1.3436506,53.1880035],[-1.3456543,53.1834422],[-1.3596814,53.1843623],[-1.365062,53.1803497],[-1.3711698,53.1806527],[-1.3782473,53.1737338],[-1.3587894,53.1656684],[-1.3534098,53.1559194],[-1.3625302,53.1432635],[-1.3777251,53.1358341],[-1.3727755,53.1316472],[-1.3751375,53.1235648],[-1.377311,53.1185485],[-1.3717078,53.1109574],[-1.3736502,53.1078565],[-1.3631672,53.0924366],[-1.3536849,53.0865686],[-1.3436664,53.0865832],[-1.3316355,53.0809879],[-1.3032357,53.0880838],[-1.3092514,53.0967702],[-1.3007289,53.1016203],[-1.3118328,53.1087057],[-1.3106623,53.1102567],[-1.3122925,53.1163203],[-1.3142476,53.1249143],[-1.3217802,53.1306503],[-1.3151387,53.1360803],[-1.3188152,53.1397185],[-1.3255834,53.1564749],[-1.3234589,53.1623314],[-1.3165949,53.1653644],[-1.3019132,53.1638642],[-1.2966042,53.1709208],[-1.2907421,53.1714251],[-1.2819918,53.1674241],[-1.2689655,53.1681772],[-1.2599253,53.1644794],[-1.253172,53.1655179],[-1.2416891,53.1781488],[-1.2306082,53.1783001],[-1.215661,53.1809073],[-1.2042919,53.1823583],[-1.1987272,53.1830288],[-1.1951173,53.1894159],[-1.201032,53.2039942],[-1.2009685,53.2039629],[-1.2048157,53.2082773],[-1.209413,53.217687],[-1.2020434,53.2355423],[-1.2124593,53.2455859],[-1.2025203,53.2611601],[-1.1747972,53.2651132],[-1.1815415,53.2700321],[-1.1664875,53.2776554],[-1.180117,53.2871347],[-1.1715629,53.294638],[-1.1743252,53.2983642],[-1.1741759,53.3025331],[-1.1795063,53.3064116],[-1.1872028,53.3039473],[-1.1997428,53.3114402],[-1.203239,53.3042232],[-1.219878,53.304078],[-1.2304404,53.3085581],[-1.2360643,53.3066068],[-1.2433298,53.3016491],[-1.2542941,53.3017548],[-1.2735976,53.3104401],[-1.2820114,53.3094626],[-1.3074763,53.3125206]]],"type":"Polygon"},"id":"E07000033","properties":{"code":"E07000033","geography":"LAD","name":"Bolsover"},"type":"Feature"},{"geometry":{"coordinates":[[[-1.3669418,53.2891945],[-1.3714871,53.2973161],[-1.3770625,53.2990039],[-1.385989,53.2948952],[-1.387163,53.2861046],[-1.3917622,53.2871393],[-1.4017368,53.2815744],[-1.4154395,53.2876387],[-1.423236,53.2827148],[-1.4390362,53.2802103],[-1.4570689,53.2837453],[-1.4599897,53.2797774],[-1.4609862,53.2780569],[-1.4658046,53.2780759],[-1.4669437,53.2746355],[-1.464134,53.2680247],[-1.4806488,53.2633621],[-1.4707019,53.2572587],[-1.4788228,53.252339],[-1.4739227,53.2492105],[-1.4816479,53.2464681],[-1.4775719,53.2397357],[-1.4718719,53.2395133],[-1.4718793,53.2334216],[-1.4839746,53.2324825],[-1.4819584,53.2262464],[-1.4772895,53.2262406],[-1.4795265,53.2222286],[-1.467599,53.2195164],[-1.461676,53.221649],[-1.4400818,53.2196866],[-1.4400008,53.2135933],[-1.4275006,53.2153606],[-1.4208187,53.2124655],[-1.4170396,53.2139837],[-1.4013944,53.2137405],[-1.3955952,53.2226961],[-1.3985199,53.2252345],[-1.4007981,53.2342824],[-1.3936181,53.2340099],[-1.3902704,53.2388569],[-1.3803409,53.2437966],[-1.3741473,53.2409472],[-1.3508497,53.2463285],[-1.3471234,53.239468],[-1.3319309,53.2416035],[-1.3321512,53.2366773],[-1.3260423,53.2360487],[-1.3191546,53.2395481],[-1.3231897,53.2464219],[-1.3261624,53.2544058],[-1.3312629,53.2572323],[-1.3166775,53.2625047],[-1.3013016,53.2638916],[-1.3071541,53.2754019],[-1.316717,53.2816556],[-1.3225876,53.2813757],[-1.3336342,53.2897577],[-1.33906,53.2898623],[-1.3429811,53.2856447],[-1.3669418,53.2891945]]],"type":"Polygon"},"id":"E07000034","properties":{"code":"E07000034","geography":"LAD","name":"Chesterfield"},"type":"Feature"},{"geometry":{"coordinates":[[[-1.590548,53.345921],[-1.6256038,53.3520619],[-1.630592,53.356161],[-1.6639505,53.3668929],[-1.6632915,53.3742482],[-1.6535305,53.3848521],[-1.6538178,53.3919108],[-1.6618602,53.3914421],[-1.6637566,53.3808607],[-1.673312,53.3693934],[-1.67107,53.3496023],[-1.6770547,53.3422586],[-1.6855426,53.3355556],[-1.6968671,53.3348049],[-1.7004488,53.3236248],[-1.7116918,53.3245395],[-1.7254828,53.318954],[-1.7250051,53.3315157],[-1.7353101,53.334741],[-1.7301938,53.3386757],[-1.7494503,53.3349758],[-1.7598984,53.3383132],[-1.8081781,53.3142663],[-1.822626,53.3028118],[-1.823888,53.2922339],[-1.8097713,53.2753622],[-1.8002634,53.2712987],[-1.798199,53.2601636],[-1.7902919,53.256362],[-1.815996,53.2580675],[-1.8134648,53.254614],[-1.820616,53.2519446],[-1.8468168,53.2489723],[-1.8447216,53.245748],[-1.8538786,53.2432787],[-1.8582389,53.2332313],[-1.874266,53.2268469],[-1.8532376,53.2165758],[-1.8312531,53.2106492],[-1.8319141,53.2056424],[-1.8275182,53.204552],[-1.8322795,53.2029872],[-1.8315602,53.1976021],[-1.8423261,53.1947157],[-1.8414765,53.197179],[-1.8628589,53.2052932],[-1.8727827,53.21561],[-1.8732406,53.2073354],[-1.878464,53.2069501],[-1.8767583,53.2033946],[-1.8826626,53.2033863],[-1.8865794,53.2174934],[-1.8953831,53.2185745],[-1.8976027,53.210434],[-1.9107871,53.2216893],[-1.9184965,53.2179976],[-1.9104369,53.2163477],[-1.9111401,53.2120896],[-1.9001583,53.208321],[-1.9025476,53.2040957],[-1.8986825,53.200042],[-1.88491,53.1965458],[-1.8740431,53.1953837],[-1.837197,53.1757606],[-1.8161787,53.1587289],[-1.8120826,53.1527319],[-1.8221596,53.1379824],[-1.8140979,53.1319334],[-1.8009336,53.1151585],[-1.7890763,53.109493],[-1.7829713,53.0933342],[-1.792295,53.0915261],[-1.794239,53.0883941],[-1.7886048,53.0809053],[-1.7913556,53.0782],[-1.785552,53.06311],[-1.7756527,53.0593546],[-1.7841452,53.0547077],[-1.7789868,53.0449181],[-1.7787341,53.0430137],[-1.7681938,53.0440382],[-1.7588594,53.0368769],[-1.7615817,53.0333314],[-1.7571882,53.0287959],[-1.7637308,53.0214281],[-1.7577186,53.0171444],[-1.7635582,53.0113891],[-1.7662403,53.0069955],[-1.7624047,52.9998577],[-1.7700293,52.9973206],[-1.7900019,52.9924719],[-1.7875215,52.9894264],[-1.7933913,52.9896417],[-1.7965981,52.985147],[-1.804785,52.9855287],[-1.8015291,52.9830799],[-1.8059043,52.980415],[-1.826781,52.9770858],[-1.8302326,52.9714678],[-1.8255586,52.9618013],[-1.8344888,52.9548712],[-1.828752,52.9477589],[-1.8356644,52.9452373],[-1.8330927,52.9412839],[-1.8393741,52.94142],[-1.8494244,52.9355354],[-1.849603,52.9310631],[-1.8542152,52.9306688],[-1.8559248,52.9215705],[-1.8478745,52.9203098],[-1.8489263,52.9166215],[-1.8478033,52.9128761],[-1.8426532,52.9130411],[-1.8481374,52.9099847],[-1.8441242,52.9072233],[-1.8359939,52.9041205],[-1.8299119,52.8964314],[-1.8342494,52.8955136],[-1.832986,52.8873796],[-1.8267089,52.8839859],[-1.8221831,52.8860722],[-1.8236224,52.8828803],[-1.8110527,52.8806532],[-1.8014201,52.8861262],[-1.7881484,52.8800169],[-1.7837984,52.8839867],[-1.7772207,52.8838147],[-1.7742319,52.8792595],[-1.7585847,52.8772206],[-1.7507031,52.8737102],[-1.7522672,52.8688079],[-1.7475864,52.8705789],[-1.7460033,52.8686932],[-1.7384081,52.8767916],[-1.7365611,52.8952203],[-1.7489549,52.9124932],[-1.7144672,52.9095865],[-1.7102879,52.9204365],[-1.6997545,52.9221266],[-1.6837713,52.9183076],[-1.6780272,52.9215454],[-1.6743418,52.9163325],[-1.6705941,52.9168001],[-1.663013,52.9024505],[-1.6540998,52.905746],[-1.650888,52.9087229],[-1.6563322,52.9183933],[-1.6490326,52.9368415],[-1.6502614,52.9445386],[-1.6413777,52.9481623],[-1.6248383,52.945935],[-1.6209764,52.9478177],[-1.6129534,52.9442932],[-1.6071369,52.9471723],[-1.6029584,52.9508611],[-1.6080022,52.9564989],[-1.5993943,52.9625883],[-1.5812295,52.9610677],[-1.5764674,52.9662322],[-1.5710191,52.9665623],[-1.5714442,52.9739866],[-1.6021637,52.9857729],[-1.5992657,52.9984236],[-1.5767984,53.0020629],[-1.5787546,53.0146871],[-1.5667463,53.0136966],[-1.5761108,53.0176846],[-1.5663261,53.0224685],[-1.5781376,53.0244804],[-1.5773389,53.022296],[-1.5848782,53.0203871],[-1.5985668,53.0304704],[-1.5809725,53.0422971],[-1.5934636,53.0488324],[-1.5887101,53.0575716],[-1.5833815,53.0599477],[-1.5785684,53.0579199],[-1.5591983,53.0692355],[-1.5532725,53.0690184],[-1.5475001,53.0738462],[-1.5497128,53.0769271],[-1.5425784,53.0785566],[-1.5336029,53.0869438],[-1.5193446,53.0862399],[-1.5120587,53.0933648],[-1.5174546,53.0965185],[-1.5234063,53.0956481],[-1.5298251,53.0954776],[-1.5311044,53.1004814],[-1.5206062,53.1144896],[-1.5235106,53.1204296],[-1.5201907,53.1240343],[-1.5001443,53.128282],[-1.4953657,53.1339646],[-1.5096661,53.150992],[-1.5396287,53.1713959],[-1.5529912,53.1962875],[-1.5482949,53.1999183],[-1.5176453,53.2007686],[-1.5172702,53.2060525],[-1.5317954,53.207882],[-1.569022,53.223084],[-1.5649899,53.229738],[-1.5720562,53.2410131],[-1.5571759,53.2495611],[-1.5657799,53.2614283],[-1.5849566,53.2627234],[-1.5824385,53.2713372],[-1.5893786,53.2787835],[-1.5786101,53.2865054],[-1.5974683,53.2957946],[-1.5990933,53.3113182],[-1.601525,53.3182054],[-1.6092016,53.322664],[-1.6275944,53.3162406],[-1.632727,53.3208392],[-1.6123031,53.3432187],[-1.6015756,53.342609],[-1.590548,53.345921]]],"type":"Polygon"},"id":"E07000035","properties":{"code":"E07000035","geography":"LAD","name":"Derbyshire Dales"},"type":"Feature"},{"geometry":{"coordinates":[[[-1.2949866,52.9798645],[-1.2977633,52.9896881],[-1.3063233,53.0032876],[-1.3074262,53.0036246],[-1.3241805,52.9936916],[-1.3220517,52.9893437],[-1.331473,52.9869898],[-1.3283579,52.9816218],[-1.33278,52.9781615],[-1.3672843,52.9773414],[-1.3710836,52.9730764],[-1.3859799,52.9791344],[-1.3854138,52.9822975],[-1.3945447,52.9805941],[-1.4091509,52.9770016],[-1.4100629,52.9796348],[-1.4205431,52.9810513],[-1.4448289,52.978805],[-1.4513481,52.982217],[-1.4634413,52.9827973],[-1.4798523,52.9819149],[-1.4707099,52.9716619],[-1.474689,52.9659093],[-1.467642,52.964821],[-1.4675946,52.9556894],[-1.4685522,52.9506623],[-1.4625689,52.9498407],[-1.4564106,52.9486974],[-1.4340337,52.9513095],[-1.4092806,52.9503226],[-1.4234678,52.9377431],[-1.4199209,52.931787],[-1.4161617,52.9313547],[-1.4145002,52.9312199],[-1.4034784,52.9322159],[-1.3852845,52.9263896],[-1.3839328,52.9238164],[-1.3896078,52.9227399],[-1.3878789,52.9114559],[-1.391882,52.9072573],[-1.3883558,52.9014737],[-1.3783576,52.9010991],[-1.3708247,52.8947503],[-1.362444,52.8964257],[-1.3613964,52.8921843],[-1.3576289,52.8951091],[-1.3544148,52.8887636],[-1.3395324,52.8897447],[-1.3419166,52.8852552],[-1.348124,52.8858036],[-1.349973,52.8806876],[-1.3354523,52.8763386],[-1.3300896,52.878168],[-1.3275435,52.8745164],[-1.3219722,52.8764031],[-1.323878,52.8729872],[-1.3193069,52.8728694],[-1.3093316,52.8733548],[-1.3059946,52.8770804],[-1.2894867,52.8724577],[-1.2784275,52.8755932],[-1.2678891,52.8733687],[-1.2661043,52.8733118],[-1.253611,52.8792858],[-1.2400555,52.8801089],[-1.2389853,52.8835243],[-1.2463986,52.8891379],[-1.239706,52.8922892],[-1.2475112,52.8987915],[-1.2465827,52.9030823],[-1.2564196,52.9017889],[-1.2716869,52.905113],[-1.2819604,52.9107899],[-1.2828215,52.9192889],[-1.2857771,52.9260651],[-1.278132,52.9336276],[-1.2791591,52.9368278],[-1.2811195,52.9407703],[-1.2827722,52.9455569],[-1.2824137,52.9512352],[-1.2925012,52.9555737],[-1.2905629,52.9597738],[-1.2877493,52.9696625],[-1.2949866,52.9798645]]],"type":"Polygon"},"id":"E07000036","properties":{"code":"E07000036","geography":"LAD","name":"Erewash"},"type":"Feature"},{"geometry":{"coordinates":[[[-1.8734926,53.5404296],[-1.8941095,53.5336118],[-1.899322,53.5381121],[-1.9096208,53.538391],[-1.9224447,53.5308151],[-1.9267807,53.5209487],[-1.9167664,53.5144958],[-1.9219728,53.5099547],[-1.9513327,53.5041988],[-1.963386,53.5098273],[-1.9727197,53.5024861],[-1.9742778,53.4883844],[-1.987399,53.481576],[-1.988682,53.4746834],[-1.9815325,53.4645051],[-1.9874298,53.4589033],[-1.9869011,53.4543163],[-1.9982142,53.4457725],[-2.0083056,53.4414522],[-2.0042161,53.4359218],[-2.0136555,53.4398832],[-2.0273226,53.4324006],[-2.0262554,53.4298652],[-2.0197243,53.4251187],[-2.0237096,53.4205517],[-2.0136972,53.4158901],[-1.9923295,53.4151931],[-2.0050523,53.3905394],[-2.0046429,53.3863273],[-2.0197145,53.3805955],[-2.0170841,53.3778328],[-2.0219956,53.3759578],[-2.026209,53.3736181],[-2.0337754,53.3755416],[-2.0310585,53.3702624],[-2.0341065,53.3677954],[-2.027046,53.3637116],[-2.0218055,53.3667782],[-2.0090486,53.3620078],[-2.0080652,53.3549667],[-2.0046598,53.3460097],[-2.0143192,53.3400585],[-2.0136499,53.3324202],[-2.009283,53.3313886],[-2.010266,53.322897],[-2.001551,53.3189218],[-2.0093291,53.3023142],[-2.0081344,53.2874883],[-2.0051973,53.26904],[-2.0094248,53.2606147],[-2.0003552,53.2554018],[-1.9997103,53.2450201],[-1.9819027,53.2385605],[-1.9748274,53.2308202],[-1.9759002,53.227589],[-1.9902487,53.2230223],[-1.9873798,53.2136037],[-1.9623646,53.2262417],[-1.9567072,53.2137476],[-1.9367317,53.2115001],[-1.9091844,53.1988105],[-1.8986825,53.200042],[-1.9025476,53.2040957],[-1.9001583,53.208321],[-1.9111401,53.2120896],[-1.9104369,53.2163477],[-1.9184965,53.2179976],[-1.9107871,53.2216893],[-1.8976027,53.210434],[-1.8953831,53.2185745],[-1.8865794,53.2174934],[-1.8826626,53.2033863],[-1.8767583,53.2033946],[-1.878464,53.2069501],[-1.8732406,53.2073354],[-1.8727827,53.21561],[-1.8628589,53.2052932],[-1.8414765,53.197179],[-1.8423261,53.1947157],[-1.8315602,53.1976021],[-1.8322795,53.2029872],[-1.8275182,53.204552],[-1.8319141,53.2056424],[-1.8312531,53.2106492],[-1.8532376,53.2165758],[-1.874266,53.2268469],[-1.8582389,53.2332313],[-1.8538786,53.2432787],[-1.8447216,53.245748],[-1.8468168,53.2489723],[-1.820616,53.2519446],[-1.8134648,53.254614],[-1.815996,53.2580675],[-1.7902919,53.256362],[-1.798199,53.2601636],[-1.8002634,53.2712987],[-1.8097713,53.2753622],[-1.823888,53.2922339],[-1.822626,53.3028118],[-1.8081781,53.3142663],[-1.7598984,53.3383132],[-1.7494503,53.3349758],[-1.7301938,53.3386757],[-1.7353101,53.334741],[-1.7250051,53.3315157],[-1.7254828,53.318954],[-1.7116918,53.3245395],[-1.7004488,53.3236248],[-1.6968671,53.3348049],[-1.6855426,53.3355556],[-1.6770547,53.3422586],[-1.67107,53.3496023],[-1.673312,53.3693934],[-1.6637566,53.3808607],[-1.6618602,53.3914421],[-1.6538178,53.3919108],[-1.6680892,53.3930712],[-1.6818287,53.4017807],[-1.6945212,53.4011612],[-1.7049653,53.405056],[-1.703945,53.4149086],[-1.716778,53.419298],[-1.7299511,53.4159856],[-1.7467191,53.4261649],[-1.744273,53.4312967],[-1.7497282,53.4391193],[-1.7436744,53.4450137],[-1.7468247,53.46341],[-1.7684373,53.4647669],[-1.7762,53.4683258],[-1.7790632,53.4742212],[-1.7911066,53.4757816],[-1.8014301,53.4809625],[-1.8014682,53.48099],[-1.800263,53.4933552],[-1.7950009,53.4959187],[-1.7962882,53.503153],[-1.8103989,53.5063401],[-1.8007787,53.5113785],[-1.8195238,53.5134281],[-1.8222288,53.5210909],[-1.8271511,53.5235079],[-1.8418208,53.5199088],[-1.8734926,53.5404296]]],"type":"Polygon"},"id":"E07000037","properties":{"code":"E07000037","geography":"LAD","name":"High Peak"},"type":"Feature"},{"geometry":{"coordinates":[[[-1.3865733,53.3348845],[-1.388823,53.3364466],[-1.4087468,53.3419651],[-1.4208665,53.334568],[-1.4421357,53.3373845],[-1.4617013,53.3284486],[-1.4552236,53.3218691],[-1.4678658,53.3171585],[-1.4743866,53.3184907],[-1.4961267,53.3163866],[-1.5104881,53.3160462],[-1.5261853,53.3104034],[-1.5312149,53.3106515],[-1.5367689,53.3047487],[-1.549076,53.3069827],[-1.5584576,53.3053225],[-1.5618269,53.3066023],[-1.5557519,53.3115488],[-1.5613649,53.3158212],[-1.5805339,53.3117381],[-1.5830046,53.3157225],[-1.5789243,53.3166951],[-1.584902,53.321588],[-1.5990933,53.3113182],[-1.5974683,53.2957946],[-1.5786101,53.2865054],[-1.5893786,53.2787835],[-1.5824385,53.2713372],[-1.5849566,53.2627234],[-1.5657799,53.2614283],[-1.5571759,53.2495611],[-1.5720562,53.2410131],[-1.5649899,53.229738],[-1.569022,53.223084],[-1.5317954,53.207882],[-1.5172702,53.2060525],[-1.5176453,53.2007686],[-1.5482949,53.1999183],[-1.5529912,53.1962875],[-1.5396287,53.1713959],[-1.5096661,53.150992],[-1.4953657,53.1339646],[-1.4889991,53.1299994],[-1.4868428,53.1229301],[-1.4698426,53.1198058],[-1.4630074,53.1141411],[-1.4653691,53.1108011],[-1.4600088,53.1083112],[-1.4555454,53.1096159],[-1.4482522,53.1036738],[-1.4325444,53.1058969],[-1.4237339,53.1033601],[-1.4196625,53.1065647],[-1.4042345,53.1066135],[-1.3949067,53.1047616],[-1.3736502,53.1078565],[-1.3717078,53.1109574],[-1.377311,53.1185485],[-1.3751375,53.1235648],[-1.3727755,53.1316472],[-1.3777251,53.1358341],[-1.3625302,53.1432635],[-1.3534098,53.1559194],[-1.3587894,53.1656684],[-1.3782473,53.1737338],[-1.3711698,53.1806527],[-1.365062,53.1803497],[-1.3596814,53.1843623],[-1.3456543,53.1834422],[-1.3436506,53.1880035],[-1.3185296,53.1859073],[-1.3115381,53.198891],[-1.3137432,53.208473],[-1.3111343,53.2172873],[-1.3147473,53.2239093],[-1.3115186,53.2323773],[-1.3191546,53.2395481],[-1.3260423,53.2360487],[-1.3321512,53.2366773],[-1.3319309,53.2416035],[-1.3471234,53.239468],[-1.3508497,53.2463285],[-1.3741473,53.2409472],[-1.3803409,53.2437966],[-1.3902704,53.2388569],[-1.3936181,53.2340099],[-1.4007981,53.2342824],[-1.3985199,53.2252345],[-1.3955952,53.2226961],[-1.4013944,53.2137405],[-1.4170396,53.2139837],[-1.4208187,53.2124655],[-1.4275006,53.2153606],[-1.4400008,53.2135933],[-1.4400818,53.2196866],[-1.461676,53.221649],[-1.467599,53.2195164],[-1.4795265,53.2222286],[-1.4772895,53.2262406],[-1.4819584,53.2262464],[-1.4839746,53.2324825],[-1.4718793,53.2334216],[-1.4718719,53.2395133],[-1.4775719,53.2397357],[-1.4816479,53.2464681],[-1.4739227,53.2492105],[-1.4788228,53.252339],[-1.4707019,53.2572587],[-1.4806488,53.2633621],[-1.464134,53.2680247],[-1.4669437,53.2746355],[-1.4658046,53.2780759],[-1.4609862,53.2780569],[-1.4599897,53.2797774],[-1.4570689,53.2837453],[-1.4390362,53.2802103],[-1.423236,53.2827148],[-1.4154395,53.2876387],[-1.4017368,53.2815744],[-1.3917622,53.2871393],[-1.387163,53.2861046],[-1.385989,53.2948952],[-1.3770625,53.2990039],[-1.3714871,53.2973161],[-1.3669418,53.2891945],[-1.3429811,53.2856447],[-1.33906,53.2898623],[-1.3336342,53.2897577],[-1.3225876,53.2813757],[-1.316717,53.2816556],[-1.3241414,53.2951088],[-1.3106742,53.2979481],[-1.3219281,53.3090391],[-1.3074763,53.3125206],[-1.2820114,53.3094626],[-1.2956782,53.315037],[-1.2951588,53.3217915],[-1.288589,53.3262281],[-1.2990722,53.3325326],[-1.3122993,53.3341648],[-1.3105373,53.3293538],[-1.3216587,53.3256874],[-1.3246692,53.32881],[-1.3283002,53.3289742],[-1.3402595,53.3155347],[-1.3472381,53.3188689],[-1.3617774,53.3184856],[-1.3626227,53.3150356],[-1.3850764,53.3177809],[-1.392004,53.3226487],[-1.3865733,53.3348845]]],"type":"Polygon"},"id":"E07000038","properties":{"code":"E07000038","geography":"LAD","name":"North East Derbyshire"},"type":"Feature"},{"geometry":{"coordinates":[[[-1.6413777,52.9481623],[-1.6502614,52.9445386],[-1.6490326,52.9368415],[-1.6563322,52.9183933],[-1.650888,52.9087229],[-1.6540998,52.905746],[-1.663013,52.9024505],[-1.6705941,52.9168001],[-1.6743418,52.9163325],[-1.6780272,52.9215454],[-1.6837713,52.9183076],[-1.6997545,52.9221266],[-1.7102879,52.9204365],[-1.7144672,52.9095865],[-1.7489549,52.9124932],[-1.7365611,52.8952203],[-1.7384081,52.8767916],[-1.7460033,52.8686932],[-1.749558,52.8667738],[-1.7399802,52.8677109],[-1.7393281,52.8648838],[-1.7263174,52.8630708],[-1.7252947,52.8596659],[-1.7218044,52.863245],[-1.7168029,52.8604936],[-1.7141642,52.8628877],[-1.7176753,52.8645318],[-1.7120605,52.8659209],[-1.7033338,52.8664004],[-1.7006088,52.8605835],[-1.6899991,52.8645242],[-1.6746157,52.861156],[-1.6351521,52.8529917],[-1.626531,52.8543846],[-1.6280785,52.8517156],[-1.6190943,52.8460074],[-1.6064989,52.8430967],[-1.5989043,52.8377599],[-1.5912867,52.8362614],[-1.5918955,52.8322703],[-1.5879636,52.8316099],[-1.5887806,52.8288837],[-1.6030064,52.8261928],[-1.6103443,52.8156025],[-1.5916922,52.8092878],[-1.5889464,52.7998222],[-1.5935133,52.7969316],[-1.5978501,52.7983443],[-1.6035493,52.7954553],[-1.6026584,52.7919851],[-1.6143454,52.788274],[-1.6094166,52.7844535],[-1.6112302,52.7828095],[-1.6124624,52.7812182],[-1.6192893,52.7851679],[-1.6269577,52.7797725],[-1.6382428,52.7867285],[-1.6499298,52.779482],[-1.6656038,52.7851628],[-1.6707395,52.7810706],[-1.6700471,52.7735948],[-1.6701791,52.7733955],[-1.6820799,52.7702199],[-1.6861765,52.7588625],[-1.6968866,52.7529894],[-1.6922882,52.7441636],[-1.6975562,52.743785],[-1.6978749,52.7353914],[-1.704158,52.7320788],[-1.6969517,52.7271945],[-1.6779443,52.7275041],[-1.6566077,52.7217485],[-1.6592909,52.7140834],[-1.6543014,52.7082087],[-1.6550636,52.6987758],[-1.6375776,52.6996436],[-1.6352963,52.7024974],[-1.6252626,52.6974059],[-1.6154929,52.7007012],[-1.6057458,52.696501],[-1.597541,52.7004218],[-1.577151,52.711745],[-1.5668499,52.7100435],[-1.5501143,52.7203369],[-1.5502416,52.7257173],[-1.5453654,52.728239],[-1.5452835,52.7327564],[-1.5562125,52.7397111],[-1.5624926,52.7505868],[-1.5548426,52.762021],[-1.5474421,52.7641344],[-1.5396199,52.760086],[-1.5295842,52.761094],[-1.5253482,52.765528],[-1.5039276,52.7674941],[-1.4957568,52.759891],[-1.4924276,52.7594525],[-1.4784513,52.7636548],[-1.4666068,52.7679074],[-1.4559092,52.7770824],[-1.4595213,52.7770542],[-1.4576149,52.7843713],[-1.4628077,52.7867926],[-1.4548654,52.7889769],[-1.4418607,52.79358],[-1.4435261,52.8027315],[-1.4177045,52.8016155],[-1.3977937,52.8235228],[-1.3879216,52.8329825],[-1.3943599,52.836767],[-1.3882412,52.8394251],[-1.3809378,52.8461218],[-1.3655373,52.8515735],[-1.3579821,52.8560889],[-1.3506185,52.8536109],[-1.3522627,52.8576903],[-1.3427145,52.8628242],[-1.3447593,52.8675891],[-1.3391396,52.8645777],[-1.3203789,52.8690927],[-1.3193069,52.8728694],[-1.323878,52.8729872],[-1.3219722,52.8764031],[-1.3275435,52.8745164],[-1.3300896,52.878168],[-1.3354523,52.8763386],[-1.349973,52.8806876],[-1.348124,52.8858036],[-1.3419166,52.8852552],[-1.3395324,52.8897447],[-1.3544148,52.8887636],[-1.3576289,52.8951091],[-1.3613964,52.8921843],[-1.362444,52.8964257],[-1.3708247,52.8947503],[-1.3783576,52.9010991],[-1.3883558,52.9014737],[-1.4027723,52.9004625],[-1.409734,52.8864394],[-1.4189126,52.8845465],[-1.4164645,52.8756987],[-1.4212466,52.8747632],[-1.4297778,52.8702104],[-1.4235675,52.865078],[-1.4440867,52.8610603],[-1.4499076,52.8669486],[-1.4671535,52.8729221],[-1.467662,52.8705363],[-1.4951197,52.8703577],[-1.4935237,52.8736378],[-1.49989,52.8772637],[-1.4994945,52.8827043],[-1.5020036,52.8816018],[-1.5031122,52.8848454],[-1.5146119,52.8847059],[-1.5231979,52.8873412],[-1.526372,52.8909111],[-1.538671,52.8885502],[-1.5396377,52.8939422],[-1.5486236,52.9008742],[-1.5551459,52.9060516],[-1.5568347,52.9146455],[-1.5510703,52.9169692],[-1.552912,52.9225607],[-1.5440685,52.9242077],[-1.558562,52.9329965],[-1.567162,52.9331021],[-1.5701371,52.9358285],[-1.6041261,52.9368878],[-1.6100541,52.9408552],[-1.6071369,52.9471723],[-1.6129534,52.9442932],[-1.6209764,52.9478177],[-1.6248383,52.945935],[-1.6413777,52.9481623]]],"type":"Polygon"},"id":"E07000039","properties":{"code":"E07000039","geography":"LAD","name":"South Derbyshire"},"type":"Feature"},{"geometry":{"coordinates":[[[[-3.4632869,50.6607259],[-3.4644357,50.6614967],[-3.4646906,50.6607082],[-3.4628098,50.6604057],[-3.4632869,50.6607259]]],[[[-3.4549231,50.6771833],[-3.4572848,50.6755385],[-3.4563282,50.6748933],[-3.4549231,50.6771833]]],[[[-3.052405,50.908272],[-3.0898507,50.9061144],[-3.1220787,50.8981605],[-3.1263408,50.90172],[-3.1396262,50.8914612],[-3.144185,50.8913982],[-3.1424292,50.8892509],[-3.1652462,50.8842464],[-3.1636481,50.8822991],[-3.1761559,50.8770837],[-3.2072329,50.8770779],[-3.21808,50.8847383],[-3.2175865,50.8928897],[-3.2330444,50.8950496],[-3.249161,50.8863855],[-3.2531988,50.8790812],[-3.2780263,50.8678566],[-3.2832112,50.8634785],[-3.275867,50.8590868],[-3.2812802,50.8558134],[-3.289385,50.8539281],[-3.3283026,50.8570287],[-3.3296875,50.851671],[-3.3483748,50.845768],[-3.3416475,50.8405094],[-3.3435683,50.825834],[-3.3570114,50.8269033],[-3.3558978,50.8339047],[-3.3676238,50.8295338],[-3.3669876,50.8205339],[-3.3617467,50.8209944],[-3.3599586,50.8118774],[-3.3808672,50.8107359],[-3.4104733,50.8046051],[-3.4189318,50.8110511],[-3.4256689,50.8118865],[-3.4319917,50.8107742],[-3.443256,50.8003473],[-3.451152,50.7996594],[-3.4607502,50.803343],[-3.4678604,50.7955472],[-3.4726447,50.7971441],[-3.483297,50.7919899],[-3.4779396,50.7956434],[-3.4807491,50.799367],[-3.5025174,50.7990454],[-3.4967507,50.8169551],[-3.4994724,50.8251148],[-3.5074029,50.8272815],[-3.5052693,50.8217495],[-3.5106437,50.8163101],[-3.5049972,50.8143911],[-3.5120727,50.8109792],[-3.5110032,50.8050188],[-3.5183741,50.7974235],[-3.5259486,50.7954118],[-3.5266833,50.7975345],[-3.5247114,50.787003],[-3.5367582,50.7916041],[-3.5475182,50.791282],[-3.5720117,50.7885343],[-3.5633528,50.775005],[-3.547416,50.7729828],[-3.5521149,50.7711864],[-3.5511097,50.7652353],[-3.5587418,50.7618267],[-3.5568066,50.7579503],[-3.5705441,50.7602365],[-3.5693875,50.7557168],[-3.5763029,50.7550722],[-3.5738825,50.7526523],[-3.5855196,50.7438658],[-3.5826076,50.7415775],[-3.5696645,50.7450037],[-3.5520254,50.7451309],[-3.5503436,50.7487948],[-3.5482147,50.7473032],[-3.5290453,50.7565577],[-3.5262215,50.7553041],[-3.5258697,50.7583044],[-3.5127386,50.7614551],[-3.5027481,50.7552708],[-3.4882176,50.7521368],[-3.485845,50.7508162],[-3.4810206,50.746987],[-3.4650967,50.7449489],[-3.4659961,50.7420723],[-3.4604329,50.7391978],[-3.4624365,50.7288159],[-3.4624296,50.7286424],[-3.4636574,50.7125762],[-3.4714219,50.6988137],[-3.4606913,50.6954872],[-3.4591271,50.685009],[-3.4563567,50.682217],[-3.4518192,50.6832926],[-3.4518281,50.682227],[-3.4516441,50.6825268],[-3.4515096,50.6792438],[-3.4515005,50.6790203],[-3.4327939,50.6461007],[-3.4231193,50.6388484],[-3.4225959,50.6381777],[-3.415881,50.6295707],[-3.4158684,50.6294202],[-3.4158331,50.6293984],[-3.4155165,50.6291914],[-3.4159227,50.6291137],[-3.4166151,50.6215385],[-3.425537,50.618321],[-3.4147979,50.6144546],[-3.4142901,50.6142718],[-3.4121902,50.6136335],[-3.4029551,50.6112443],[-3.3854627,50.6067211],[-3.3659751,50.6098804],[-3.3599063,50.6072685],[-3.3590007,50.6077538],[-3.359127,50.6117635],[-3.3592222,50.6147853],[-3.3585818,50.6151241],[-3.358619,50.6153677],[-3.3492127,50.6200946],[-3.3481594,50.6204099],[-3.3224051,50.6284024],[-3.3069849,50.6295728],[-3.3119863,50.6309016],[-3.3082069,50.6310628],[-3.3097936,50.6350405],[-3.3093406,50.634356],[-3.3087161,50.6334583],[-3.3074207,50.6314691],[-3.3062849,50.6298766],[-3.3060931,50.629483],[-3.288833,50.6409026],[-3.2846877,50.6533413],[-3.2806246,50.6566365],[-3.2798079,50.6582519],[-3.2703358,50.664978],[-3.2618313,50.6718701],[-3.2616438,50.6719159],[-3.2340404,50.6786516],[-3.2338049,50.6786818],[-3.1847705,50.684945],[-3.1338014,50.6851161],[-3.0959637,50.6852233],[-3.0923539,50.6955823],[-3.0890115,50.6969735],[-3.0824389,50.7013252],[-3.0808394,50.7015728],[-3.0798749,50.7022735],[-3.0750505,50.7024686],[-3.0727235,50.7028285],[-3.0667658,50.7028031],[-3.0608722,50.7030364],[-3.0548536,50.7025214],[-3.0577785,50.7040556],[-3.0321568,50.6999206],[-3.020166,50.6987268],[-3.0117057,50.6997837],[-2.999096,50.7037435],[-2.9951474,50.7054656],[-2.9853451,50.7047221],[-2.9836095,50.7046641],[-2.9477612,50.7182647],[-2.9473928,50.7182876],[-2.9530674,50.7284971],[-2.9378625,50.7440967],[-2.9405724,50.7498926],[-2.9351387,50.7541946],[-2.9525913,50.7613816],[-2.9543335,50.7677102],[-2.9409551,50.7774514],[-2.9296528,50.7824325],[-2.8974564,50.7861399],[-2.8870394,50.7925228],[-2.8870292,50.7961777],[-2.8928679,50.8047942],[-2.9185563,50.8056306],[-2.938402,50.8098349],[-2.947961,50.8154257],[-2.961303,50.8155548],[-2.9543223,50.8211656],[-2.9698291,50.8341997],[-2.9725719,50.8460305],[-2.968051,50.8513012],[-2.9746308,50.8523379],[-2.9735897,50.8556574],[-2.9944437,50.8551461],[-2.9985515,50.8509652],[-3.0114429,50.857209],[-3.0368061,50.8510652],[-3.0326315,50.8616392],[-3.0384423,50.8683153],[-3.0540623,50.8730431],[-3.052405,50.908272]]]],"type":"MultiPolygon"},"id":"E07000040","properties":{"code":"E07000040","geography":"LAD","name":"East Devon"},"type":"Feature"},{"geometry":{"coordinates":[[[-3.5127386,50.7614551],[-3.5258697,50.7583044],[-3.5262215,50.7553041],[-3.5290453,50.7565577],[-3.5482147,50.7473032],[-3.5503436,50.7487948],[-3.5520254,50.7451309],[-3.5696645,50.7450037],[-3.5605776,50.730058],[-3.5701316,50.7278302],[-3.5647833,50.7199863],[-3.5687024,50.7146139],[-3.5648747,50.7108647],[-3.5627444,50.7069029],[-3.5454812,50.7019096],[-3.5390916,50.692918],[-3.5293882,50.6928174],[-3.5268317,50.6953205],[-3.5228178,50.692577],[-3.5067816,50.6911161],[-3.5017701,50.6943248],[-3.49435,50.6927411],[-3.4927279,50.6886106],[-3.4776267,50.6850137],[-3.4810296,50.6895494],[-3.48388,50.6905105],[-3.4798889,50.6907771],[-3.4572848,50.6755385],[-3.4549231,50.6771833],[-3.4518281,50.682227],[-3.4518192,50.6832926],[-3.4563567,50.682217],[-3.4591271,50.685009],[-3.4606913,50.6954872],[-3.4714219,50.6988137],[-3.4636574,50.7125762],[-3.4624296,50.7286424],[-3.4624365,50.7288159],[-3.4604329,50.7391978],[-3.4659961,50.7420723],[-3.4650967,50.7449489],[-3.4810206,50.746987],[-3.485845,50.7508162],[-3.4882176,50.7521368],[-3.5027481,50.7552708],[-3.5127386,50.7614551]]],"type":"Polygon"},"id":"E07000041","properties":{"code":"E07000041","geography":"LAD","name":"Exeter"},"type":"Feature"},{"geometry":{"coordinates":[[[-3.4844326,51.0338424],[-3.5204578,51.0258953],[-3.5188814,51.0147955],[-3.5275639,51.0055219],[-3.5350495,51.0033473],[-3.6032081,51.0072332],[-3.6073609,51.004444],[-3.5987775,50.9956612],[-3.6051182,50.9902242],[-3.6053274,50.9949221],[-3.6117889,50.9948088],[-3.6228695,51.0049985],[-3.6288163,51.0057737],[-3.6286654,50.989223],[-3.6210999,50.9802901],[-3.6196086,50.9681732],[-3.597847,50.9672104],[-3.6016425,50.960918],[-3.5959086,50.9467242],[-3.5987423,50.9408497],[-3.6126335,50.9265825],[-3.6240312,50.9218335],[-3.6408708,50.9180044],[-3.6438109,50.9218239],[-3.665604,50.9205412],[-3.6985304,50.9130008],[-3.6976922,50.9106081],[-3.7280575,50.9107649],[-3.7370201,50.9011159],[-3.7346843,50.8906598],[-3.7448065,50.8903029],[-3.7403328,50.8874316],[-3.7494114,50.8824671],[-3.7494655,50.8784507],[-3.7608413,50.876812],[-3.7623062,50.8830395],[-3.7794842,50.8939951],[-3.7833209,50.9024831],[-3.7906424,50.9038987],[-3.798697,50.9012181],[-3.8129359,50.9045546],[-3.8169968,50.9017784],[-3.8112703,50.9116387],[-3.8180067,50.9146779],[-3.8290982,50.9069907],[-3.8602654,50.9067447],[-3.8692734,50.9093151],[-3.8785755,50.9061488],[-3.8899262,50.9080031],[-3.900614,50.9060447],[-3.9017244,50.9034699],[-3.9041583,50.9050866],[-3.9148395,50.9026932],[-3.9202466,50.8977154],[-3.9080376,50.8851169],[-3.8999732,50.8854884],[-3.8985744,50.8775249],[-3.9259299,50.8696018],[-3.919016,50.8628347],[-3.909203,50.8604927],[-3.9035436,50.8479439],[-3.8838684,50.8474942],[-3.8996194,50.8345539],[-3.8809364,50.8261639],[-3.8777507,50.8188871],[-3.8598844,50.8212779],[-3.8518965,50.8172923],[-3.8394256,50.8187631],[-3.8441697,50.8092324],[-3.8359032,50.7930153],[-3.8453897,50.7815835],[-3.8220407,50.7809998],[-3.8251289,50.7769197],[-3.8147262,50.7608827],[-3.8058387,50.7590142],[-3.8168987,50.7563503],[-3.824709,50.7410338],[-3.8362951,50.7321721],[-3.8318436,50.7278415],[-3.8254501,50.730282],[-3.8185972,50.7169643],[-3.7998892,50.717412],[-3.7662586,50.7275648],[-3.7569659,50.7226725],[-3.7502762,50.70862],[-3.735593,50.7031845],[-3.7332357,50.7114198],[-3.7242144,50.7156511],[-3.7375138,50.7235306],[-3.7233424,50.728154],[-3.7083751,50.7487075],[-3.6918475,50.7537716],[-3.6802491,50.7498967],[-3.6772827,50.7557437],[-3.6716258,50.7639923],[-3.6534236,50.7563373],[-3.641498,50.7586182],[-3.6397167,50.7552552],[-3.6222189,50.7557212],[-3.6199613,50.7509491],[-3.608846,50.7541977],[-3.6020042,50.7459648],[-3.5960044,50.7477314],[-3.5921494,50.7432852],[-3.5855196,50.7438658],[-3.5738825,50.7526523],[-3.5763029,50.7550722],[-3.5693875,50.7557168],[-3.5705441,50.7602365],[-3.5568066,50.7579503],[-3.5587418,50.7618267],[-3.5511097,50.7652353],[-3.5521149,50.7711864],[-3.547416,50.7729828],[-3.5633528,50.775005],[-3.5720117,50.7885343],[-3.5475182,50.791282],[-3.5367582,50.7916041],[-3.5247114,50.787003],[-3.5266833,50.7975345],[-3.5259486,50.7954118],[-3.5183741,50.7974235],[-3.5110032,50.8050188],[-3.5120727,50.8109792],[-3.5049972,50.8143911],[-3.5106437,50.8163101],[-3.5052693,50.8217495],[-3.5074029,50.8272815],[-3.4994724,50.8251148],[-3.4967507,50.8169551],[-3.5025174,50.7990454],[-3.4807491,50.799367],[-3.4779396,50.7956434],[-3.483297,50.7919899],[-3.4726447,50.7971441],[-3.4678604,50.7955472],[-3.4607502,50.803343],[-3.451152,50.7996594],[-3.443256,50.8003473],[-3.4319917,50.8107742],[-3.4256689,50.8118865],[-3.4189318,50.8110511],[-3.4104733,50.8046051],[-3.3808672,50.8107359],[-3.3599586,50.8118774],[-3.3617467,50.8209944],[-3.3669876,50.8205339],[-3.3676238,50.8295338],[-3.3558978,50.8339047],[-3.3570114,50.8269033],[-3.3435683,50.825834],[-3.3416475,50.8405094],[-3.3483748,50.845768],[-3.3296875,50.851671],[-3.3283026,50.8570287],[-3.289385,50.8539281],[-3.2812802,50.8558134],[-3.275867,50.8590868],[-3.2832112,50.8634785],[-3.2780263,50.8678566],[-3.2531988,50.8790812],[-3.249161,50.8863855],[-3.2330444,50.8950496],[-3.2175865,50.8928897],[-3.21808,50.8847383],[-3.2072329,50.8770779],[-3.1761559,50.8770837],[-3.1636481,50.8822991],[-3.1652462,50.8842464],[-3.1424292,50.8892509],[-3.144185,50.8913982],[-3.1528766,50.8938282],[-3.1561557,50.9000755],[-3.1703967,50.9003728],[-3.1705557,50.90759],[-3.1879625,50.9103441],[-3.1802986,50.9229286],[-3.1724382,50.9256383],[-3.172461,50.9357812],[-3.1639455,50.9459725],[-3.1957832,50.9475078],[-3.2183469,50.9432807],[-3.2548305,50.9418457],[-3.2938474,50.9551387],[-3.33367,50.9827883],[-3.3786636,50.9775085],[-3.3834276,50.994537],[-3.3804877,51.0184859],[-3.4141741,51.0197027],[-3.4157023,51.0278363],[-3.4268152,51.0314052],[-3.4472248,51.0257252],[-3.4636889,51.025262],[-3.4844326,51.0338424]]],"type":"Polygon"},"id":"E07000042","properties":{"code":"E07000042","geography":"LAD","name":"Mid Devon"},"type":"Feature"},{"geometry":{"coordinates":[[[[-4.1996739,51.035629],[-4.2002875,51.0352746],[-4.2002786,51.0349772],[-4.1996739,51.035629]]],[[[-3.7697535,51.2376666],[-3.7854244,51.2463936],[-3.8085544,51.2318126],[-3.8275777,51.2327042],[-3.8300756,51.2303873],[-3.8437285,51.2346873],[-3.8469235,51.2349227],[-3.8615041,51.2307324],[-3.8676262,51.2311073],[-3.8718176,51.2300684],[-3.8720531,51.22744],[-3.8775461,51.2286482],[-3.8870229,51.226298],[-3.8919791,51.2238101],[-3.9036575,51.2296873],[-3.9256592,51.2319668],[-3.9452239,51.2243098],[-3.9482167,51.2218783],[-3.9525908,51.2214252],[-3.9582325,51.2192155],[-3.9668222,51.2199448],[-3.9671013,51.2199116],[-4.0060045,51.2179706],[-4.01341,51.2175997],[-4.0279571,51.2163999],[-4.0283009,51.2162059],[-4.0286661,51.215988],[-4.0318902,51.2105324],[-4.0383916,51.2101849],[-4.0405099,51.2089206],[-4.038672,51.2066956],[-4.041558,51.2068766],[-4.0419887,51.2069036],[-4.0508006,51.2074557],[-4.0723771,51.2173888],[-4.0707726,51.2150384],[-4.0692716,51.2145615],[-4.0706017,51.2147881],[-4.0701777,51.2141669],[-4.0771414,51.2153204],[-4.0774726,51.2156231],[-4.0780443,51.2161457],[-4.081678,51.2170191],[-4.0833939,51.2158747],[-4.0881179,51.2174542],[-4.0970078,51.2108981],[-4.0977408,51.2111978],[-4.0980896,51.2108841],[-4.0997071,51.2120014],[-4.1031502,51.2134085],[-4.1115446,51.20948],[-4.1156968,51.2098879],[-4.1116022,51.2115214],[-4.1138644,51.2117713],[-4.1216795,51.2119055],[-4.1217006,51.2104222],[-4.1395709,51.2077468],[-4.1449754,51.2054805],[-4.1456782,51.204587],[-4.1457721,51.2044677],[-4.1460947,51.2040575],[-4.1668282,51.2027335],[-4.1758619,51.1982705],[-4.1772132,51.1974507],[-4.177251,51.1975841],[-4.1776018,51.1974107],[-4.1836501,51.1998563],[-4.1839735,51.1998479],[-4.1931157,51.1988618],[-4.1933726,51.1989189],[-4.1934761,51.1989418],[-4.1986643,51.2000932],[-4.2015777,51.2003459],[-4.2115581,51.1901514],[-4.230532,51.1878798],[-4.2142928,51.1823841],[-4.2114867,51.1781689],[-4.2145544,51.176438],[-4.2097346,51.1725289],[-4.2175581,51.1527749],[-4.2199635,51.1466979],[-4.2248444,51.1442173],[-4.2546623,51.1468711],[-4.2556938,51.1469234],[-4.2573813,51.1457947],[-4.2617514,51.1428126],[-4.2493901,51.137611],[-4.2392359,51.1333362],[-4.2425616,51.1235908],[-4.2399153,51.1209551],[-4.2348159,51.1194803],[-4.2225599,51.117796],[-4.2228622,51.0895122],[-4.2158379,51.0757224],[-4.1905471,51.0648753],[-4.1919929,51.0694009],[-4.1818708,51.077226],[-4.1805927,51.0775133],[-4.1798872,51.0776719],[-4.1669511,51.0805787],[-4.1708447,51.0872238],[-4.1706495,51.0875937],[-4.1705775,51.0877302],[-4.1680069,51.0926002],[-4.1679914,51.0926475],[-4.1676106,51.0933463],[-4.1688773,51.087504],[-4.1637597,51.0839052],[-4.1339708,51.0857878],[-4.1288013,51.0933351],[-4.1186905,51.0945379],[-4.1080686,51.0937172],[-4.0925192,51.0865377],[-4.0894266,51.0859561],[-4.0757995,51.0798918],[-4.0618145,51.0836644],[-4.0610083,51.0852305],[-4.0615446,51.0837372],[-4.0619295,51.0826655],[-4.0622188,51.082879],[-4.0668066,51.0811521],[-4.0665517,51.0810178],[-4.0665202,51.0810013],[-4.0552428,51.0750606],[-4.055274,51.074838],[-4.0554672,51.0734569],[-4.0554817,51.073353],[-4.0555398,51.0729374],[-4.0650138,51.0789507],[-4.0690799,51.0781185],[-4.0756827,51.0767732],[-4.0824641,51.0784882],[-4.0836652,51.078792],[-4.083829,51.0788334],[-4.0843648,51.0789689],[-4.0859155,51.0793609],[-4.1179649,51.0898168],[-4.1180805,51.0815676],[-4.1223093,51.0789079],[-4.1149774,51.073793],[-4.1146517,51.0735657],[-4.1185547,51.0743848],[-4.1191346,51.0748914],[-4.1193,51.0749888],[-4.1197181,51.0752567],[-4.1199086,51.0753776],[-4.1204953,51.0757267],[-4.1206297,51.075823],[-4.1212612,51.0760795],[-4.1216159,51.0763443],[-4.1220279,51.0765648],[-4.1223023,51.0768223],[-4.1226465,51.0770076],[-4.1227575,51.0770557],[-4.1228618,51.0770999],[-4.1230179,51.0772327],[-4.1231269,51.0774163],[-4.1230955,51.0777929],[-4.1230063,51.0784216],[-4.1231654,51.0786405],[-4.1232685,51.0789021],[-4.123289,51.0791311],[-4.1296606,51.0793568],[-4.1366451,51.0796038],[-4.1530947,51.0801838],[-4.1554259,51.0762753],[-4.1516152,51.0735305],[-4.1609125,51.0712858],[-4.1585266,51.0733598],[-4.1646566,51.0745532],[-4.1715743,51.069684],[-4.1808974,51.066306],[-4.1796968,51.0485362],[-4.1874323,51.0388644],[-4.1983029,51.033005],[-4.1981234,51.0212249],[-4.1982462,51.0208527],[-4.1880662,51.0213139],[-4.186721,51.0235749],[-4.1853893,51.0210924],[-4.178395,51.024316],[-4.1642714,51.0144806],[-4.1275133,51.0206575],[-4.1159106,51.0191281],[-4.1206953,51.0107725],[-4.0982479,51.0095925],[-4.093575,51.0037721],[-4.0879552,51.0029607],[-4.0781478,51.0025638],[-4.0792541,51.0086894],[-4.06398,51.0103103],[-4.0342996,51.0076211],[-4.0362439,50.9815795],[-4.019727,50.9720903],[-4.0200141,50.9694521],[-4.0103084,50.967534],[-4.0049236,50.9695251],[-4.0060922,50.9727769],[-3.9917478,50.974402],[-3.9836977,50.9821109],[-3.9625633,50.9788972],[-3.958752,50.981635],[-3.9582488,50.9777691],[-3.9526012,50.9759479],[-3.9584156,50.9716968],[-3.9573646,50.9662073],[-3.9662496,50.9614279],[-3.9608814,50.956141],[-3.993894,50.9484264],[-3.9932807,50.9369019],[-3.9977493,50.9356222],[-3.9980842,50.9308112],[-3.9959515,50.9255691],[-3.9668188,50.9240003],[-3.9542058,50.917689],[-3.9053228,50.9249341],[-3.9044173,50.9273977],[-3.9012014,50.9238753],[-3.9059404,50.9176214],[-3.9023416,50.9162061],[-3.9041583,50.9050866],[-3.9017244,50.9034699],[-3.900614,50.9060447],[-3.8899262,50.9080031],[-3.8785755,50.9061488],[-3.8692734,50.9093151],[-3.8602654,50.9067447],[-3.8290982,50.9069907],[-3.8180067,50.9146779],[-3.8112703,50.9116387],[-3.8169968,50.9017784],[-3.8129359,50.9045546],[-3.798697,50.9012181],[-3.7906424,50.9038987],[-3.7833209,50.9024831],[-3.7794842,50.8939951],[-3.7623062,50.8830395],[-3.7608413,50.876812],[-3.7494655,50.8784507],[-3.7494114,50.8824671],[-3.7403328,50.8874316],[-3.7448065,50.8903029],[-3.7346843,50.8906598],[-3.7370201,50.9011159],[-3.7280575,50.9107649],[-3.6976922,50.9106081],[-3.6985304,50.9130008],[-3.665604,50.9205412],[-3.6438109,50.9218239],[-3.6408708,50.9180044],[-3.6240312,50.9218335],[-3.6126335,50.9265825],[-3.5987423,50.9408497],[-3.5959086,50.9467242],[-3.6016425,50.960918],[-3.597847,50.9672104],[-3.6196086,50.9681732],[-3.6210999,50.9802901],[-3.6286654,50.989223],[-3.6288163,51.0057737],[-3.6228695,51.0049985],[-3.6117889,50.9948088],[-3.6053274,50.9949221],[-3.6051182,50.9902242],[-3.5987775,50.9956612],[-3.6073609,51.004444],[-3.6032081,51.0072332],[-3.6097455,51.0079832],[-3.6147009,51.0155497],[-3.598215,51.0370333],[-3.6002858,51.0506067],[-3.5944711,51.0551947],[-3.6103296,51.0579468],[-3.6130526,51.056107],[-3.6243038,51.061239],[-3.6353539,51.0562969],[-3.6523309,51.0596418],[-3.6502894,51.0640756],[-3.6823677,51.0733543],[-3.692445,51.0805591],[-3.7199475,51.0808207],[-3.7673954,51.1057833],[-3.8042887,51.1156853],[-3.8221147,51.1269539],[-3.8347375,51.1413826],[-3.8320691,51.1511857],[-3.8398207,51.1766737],[-3.8062674,51.1778734],[-3.7863035,51.1719269],[-3.7573005,51.1773104],[-3.7458751,51.1755572],[-3.7260325,51.1789345],[-3.7244214,51.1839206],[-3.7320876,51.1909692],[-3.726211,51.1994232],[-3.7315728,51.2151313],[-3.7287369,51.2188514],[-3.7332013,51.2227251],[-3.7205674,51.2330695],[-3.7207808,51.2330919],[-3.7697535,51.2376666]]]],"type":"MultiPolygon"},"id":"E07000043","properties":{"code":"E07000043","geography":"LAD","name":"North Devon"},"type":"Feature"},{"geometry":{"coordinates":[[[[-3.8983247,50.2784471],[-3.8969013,50.2788048],[-3.8995361,50.2809969],[-3.9010508,50.2780769],[-3.8983247,50.2784471]]],[[[-3.8447383,50.5344334],[-3.8714397,50.53414],[-3.8756008,50.5424299],[-3.8891612,50.5363189],[-3.8840153,50.5293609],[-3.8911827,50.5235199],[-3.8926019,50.5138523],[-3.89134,50.5058888],[-3.8831867,50.499573],[-3.8802364,50.4856745],[-3.8837154,50.4799996],[-3.8915294,50.4794555],[-3.8989748,50.4726384],[-3.9137201,50.4812405],[-3.9199784,50.4816537],[-3.9239291,50.4787598],[-3.9487785,50.4886562],[-3.9457884,50.4982679],[-3.9559691,50.5002433],[-3.9643862,50.4963995],[-3.9704439,50.4881348],[-3.982169,50.4855657],[-3.9947809,50.4773894],[-4.0052871,50.4764038],[-4.0079013,50.4696742],[-4.0230542,50.4687291],[-4.0239269,50.4620347],[-4.0362376,50.4638042],[-4.0601779,50.4540305],[-4.0680143,50.4544978],[-4.0651734,50.4596273],[-4.0760144,50.4639469],[-4.077792,50.4699072],[-4.0988596,50.4606814],[-4.1072677,50.4503874],[-4.1085667,50.4629704],[-4.1521696,50.4639206],[-4.1574512,50.4618496],[-4.1573845,50.4601353],[-4.1573448,50.4602897],[-4.1569341,50.4618867],[-4.1545934,50.4565496],[-4.1571741,50.4544469],[-4.1571383,50.4538062],[-4.1585466,50.4533286],[-4.1586143,50.4532734],[-4.1621015,50.4504316],[-4.156489,50.4464937],[-4.1627297,50.4493802],[-4.175574,50.4338004],[-4.1898603,50.4284531],[-4.1865892,50.4245066],[-4.181012,50.4254101],[-4.1780419,50.4234949],[-4.1695366,50.4231332],[-4.163392,50.427512],[-4.1653035,50.4299976],[-4.1558555,50.436427],[-4.1511218,50.4366352],[-4.1465747,50.4311022],[-4.1356634,50.4329284],[-4.1248786,50.4357101],[-4.1226763,50.4408178],[-4.1134883,50.4441538],[-4.1087472,50.4383224],[-4.1067079,50.4348685],[-4.1095406,50.4320947],[-4.0942083,50.427814],[-4.0847308,50.4258264],[-4.0812588,50.4207701],[-4.0790051,50.4096603],[-4.0725386,50.407137],[-4.07151,50.4018503],[-4.0396498,50.4014205],[-4.0416468,50.3976249],[-4.0304115,50.3970786],[-4.0280396,50.393273],[-4.0211694,50.391777],[-4.0196343,50.3874655],[-4.0253178,50.3817847],[-4.0349993,50.3772049],[-4.0501922,50.3765804],[-4.0550874,50.3682559],[-4.0501955,50.3580489],[-4.0578,50.3583347],[-4.0581741,50.3561263],[-4.0716866,50.3534875],[-4.0905877,50.340903],[-4.1046627,50.3456887],[-4.1146754,50.3443739],[-4.1230242,50.3467266],[-4.1237887,50.3461873],[-4.1286467,50.3408295],[-4.1286807,50.3395112],[-4.1260421,50.3368897],[-4.1195341,50.3357166],[-4.1203696,50.3325162],[-4.1198771,50.3307631],[-4.1194784,50.3303668],[-4.1197178,50.3301956],[-4.119518,50.3294844],[-4.1214251,50.3284729],[-4.1221954,50.3255214],[-4.1189983,50.3193412],[-4.1129315,50.3193248],[-4.1074275,50.3150696],[-4.1019343,50.3157455],[-4.1016107,50.3161239],[-4.1008625,50.316189],[-4.1007193,50.3163604],[-4.0907335,50.3171229],[-4.085106,50.3178144],[-4.0844548,50.3176019],[-4.0843723,50.3176082],[-4.084365,50.31757],[-4.078715,50.3155397],[-4.078181,50.315637],[-4.0772503,50.3158657],[-4.077161,50.3158229],[-4.0765432,50.3159355],[-4.0702929,50.3125408],[-4.0693538,50.3122064],[-4.0564794,50.311396],[-4.0540427,50.3156954],[-4.0540272,50.3157228],[-4.0508458,50.321335],[-4.0485976,50.3253],[-4.0471218,50.3279027],[-4.0525928,50.3367328],[-4.058282,50.3380766],[-4.0514443,50.3386482],[-4.0510548,50.3348919],[-4.0454878,50.3307529],[-4.0415281,50.3344287],[-4.0383931,50.3373385],[-4.0364223,50.3391674],[-4.0157307,50.341043],[-4.0422929,50.3303933],[-4.0426215,50.3300418],[-4.0463414,50.3248152],[-4.0430428,50.3239711],[-4.0532099,50.3150569],[-4.0445955,50.3124501],[-4.0319279,50.3142768],[-4.0404307,50.3103485],[-4.0486748,50.3129162],[-4.0533446,50.3095753],[-4.0569653,50.3103766],[-4.0711326,50.3092686],[-4.0723816,50.3089307],[-4.0754149,50.3040466],[-4.0691535,50.3026058],[-4.0668736,50.3024955],[-4.0666937,50.3024893],[-4.0665939,50.3024819],[-4.0654367,50.3017504],[-4.0601606,50.3005358],[-4.0565183,50.2968991],[-4.0525762,50.2979276],[-4.0519991,50.2968253],[-4.0482222,50.2942955],[-4.0413604,50.2942488],[-4.0404931,50.2943858],[-4.0399976,50.2930814],[-4.0386701,50.2929257],[-4.0250478,50.2965554],[-4.0223767,50.2954289],[-4.0201902,50.2948729],[-4.0180789,50.297524],[-4.0161982,50.3011218],[-4.015299,50.3012237],[-4.0151155,50.3012445],[-4.0140029,50.3026412],[-4.0076997,50.3020858],[-4.001274,50.3028143],[-3.9918826,50.3074932],[-3.9873858,50.3070629],[-3.9742946,50.3066481],[-3.9702432,50.3054205],[-3.9673395,50.305142],[-3.960943,50.3045283],[-3.9551905,50.3075822],[-3.9406934,50.3158688],[-3.9401504,50.3161791],[-3.9401377,50.3164181],[-3.9395755,50.3270079],[-3.9385505,50.3282497],[-3.9385044,50.3283056],[-3.9375236,50.3294938],[-3.9344962,50.3331609],[-3.9308954,50.3340856],[-3.9289582,50.334583],[-3.9283139,50.3358736],[-3.9269318,50.3386419],[-3.9267043,50.3390977],[-3.9263714,50.3397671],[-3.9268588,50.3367054],[-3.9360652,50.3249554],[-3.9285054,50.32576],[-3.9199753,50.3316772],[-3.9279666,50.3244234],[-3.9348577,50.3231739],[-3.9353544,50.3224952],[-3.9369315,50.32034],[-3.938921,50.3176209],[-3.9431211,50.3118795],[-3.9467353,50.3069223],[-3.9469255,50.3065189],[-3.9452647,50.3010401],[-3.944422,50.3007166],[-3.9441457,50.2973478],[-3.9437141,50.2959236],[-3.9224585,50.297],[-3.9196887,50.2959919],[-3.9102547,50.2940782],[-3.9044355,50.2904385],[-3.8982614,50.2881898],[-3.8951834,50.2817757],[-3.8798084,50.2846165],[-3.8709958,50.2812589],[-3.8682479,50.2839375],[-3.8642431,50.2878407],[-3.864195,50.2878876],[-3.8605158,50.2914728],[-3.8629168,50.2983079],[-3.8510481,50.3050525],[-3.8546008,50.3090809],[-3.8547201,50.3092161],[-3.8543564,50.309008],[-3.8492485,50.3065589],[-3.8399895,50.3126053],[-3.8396679,50.309841],[-3.8372609,50.3124002],[-3.8380658,50.3102162],[-3.8341658,50.3109559],[-3.8388807,50.3085106],[-3.825828,50.3106492],[-3.8384608,50.3072733],[-3.8421374,50.308978],[-3.8522591,50.3024705],[-3.8569437,50.2994577],[-3.8571721,50.2993108],[-3.8582474,50.2986192],[-3.858386,50.2915465],[-3.8548236,50.2912463],[-3.8545212,50.2912208],[-3.8523292,50.291036],[-3.8641666,50.2872122],[-3.8681042,50.2793194],[-3.8705103,50.2798209],[-3.8705607,50.2798314],[-3.8735848,50.2804616],[-3.8738914,50.2805255],[-3.8799638,50.2817907],[-3.8813293,50.2751292],[-3.8807079,50.2730133],[-3.8690756,50.2674231],[-3.8680502,50.2635972],[-3.8622206,50.2642906],[-3.8580877,50.2607797],[-3.8611176,50.2480265],[-3.8603915,50.2440578],[-3.8590274,50.242641],[-3.8698446,50.2411999],[-3.8691433,50.2400873],[-3.8658692,50.237989],[-3.8549772,50.2342974],[-3.8527566,50.2343169],[-3.8432034,50.2303052],[-3.8382338,50.2286196],[-3.8371743,50.2278252],[-3.835719,50.2273153],[-3.835338,50.2270012],[-3.8271801,50.2235734],[-3.8231698,50.217321],[-3.8230828,50.2172557],[-3.810064,50.2158112],[-3.7993533,50.2147428],[-3.7899806,50.209929],[-3.7847071,50.210882],[-3.7847671,50.2111198],[-3.786696,50.2151262],[-3.7809152,50.2156138],[-3.7825924,50.2263552],[-3.7824347,50.2264487],[-3.7824394,50.2264797],[-3.7816701,50.2269419],[-3.7819011,50.2295987],[-3.7775705,50.2294047],[-3.7661657,50.2362589],[-3.7681403,50.2425863],[-3.7752501,50.2437289],[-3.7680707,50.2443421],[-3.7625046,50.2396875],[-3.7588307,50.2406139],[-3.7615506,50.2466088],[-3.7646794,50.2535028],[-3.7675937,50.254088],[-3.7879356,50.2549914],[-3.7741007,50.257041],[-3.7768082,50.2608456],[-3.7848572,50.262262],[-3.7858174,50.2657254],[-3.7718102,50.26008],[-3.7674699,50.2628679],[-3.7699649,50.2696485],[-3.7751399,50.270129],[-3.7740725,50.2773888],[-3.7739906,50.2779455],[-3.7742548,50.2780286],[-3.7765296,50.2787443],[-3.7780311,50.2792167],[-3.7759153,50.2825589],[-3.7725749,50.2752014],[-3.7651852,50.2717368],[-3.7580323,50.2836297],[-3.7592659,50.2767612],[-3.7593478,50.2763054],[-3.7620003,50.2615308],[-3.7544582,50.2605251],[-3.756892,50.2548642],[-3.7452347,50.2620644],[-3.7323237,50.2644333],[-3.7287892,50.2688931],[-3.7199773,50.2705501],[-3.7286474,50.2668356],[-3.7294484,50.2638372],[-3.729468,50.2637637],[-3.7295791,50.2633481],[-3.7450593,50.260145],[-3.7369298,50.2576683],[-3.7475543,50.2564738],[-3.7471935,50.251598],[-3.7552339,50.251878],[-3.755367,50.2517779],[-3.753179,50.2467357],[-3.7525768,50.2453477],[-3.7565348,50.2436083],[-3.7564687,50.2430965],[-3.7523957,50.2397613],[-3.7351053,50.242581],[-3.7391343,50.2410713],[-3.7260903,50.2368521],[-3.7409463,50.2396474],[-3.7616103,50.2362005],[-3.7733363,50.2241646],[-3.7734071,50.2240851],[-3.7373942,50.2147914],[-3.7342681,50.2103455],[-3.7316855,50.2071826],[-3.7260794,50.2081765],[-3.7211875,50.2028749],[-3.717534,50.2049505],[-3.7169325,50.2056172],[-3.7082206,50.2054046],[-3.7034086,50.2112415],[-3.6986061,50.2129017],[-3.6838545,50.2203149],[-3.6834831,50.2206186],[-3.6813068,50.2223978],[-3.6594082,50.2204344],[-3.6564501,50.2177982],[-3.6497911,50.2218065],[-3.640515,50.2217848],[-3.6542858,50.2276094],[-3.6590044,50.2363564],[-3.6587887,50.2371416],[-3.6591838,50.2378902],[-3.6473286,50.2788228],[-3.646173,50.2830138],[-3.6337769,50.3008543],[-3.6109615,50.3187864],[-3.6103814,50.3192421],[-3.5979299,50.3197279],[-3.5965908,50.3198502],[-3.5890188,50.3256314],[-3.5791035,50.3257871],[-3.5703058,50.3271615],[-3.5709599,50.328325],[-3.5724068,50.3301862],[-3.5635394,50.3354119],[-3.5638818,50.3366809],[-3.5656421,50.3418418],[-3.57342,50.3424909],[-3.5763613,50.3454974],[-3.576424,50.3458048],[-3.5767386,50.3460775],[-3.5774632,50.3508964],[-3.5793192,50.3599878],[-3.5808516,50.3601399],[-3.6013314,50.3563145],[-3.6011079,50.3564559],[-3.600292,50.3569724],[-3.5894321,50.3638439],[-3.5860995,50.3626131],[-3.5805882,50.37206],[-3.5945889,50.3805931],[-3.5974487,50.3846595],[-3.5940715,50.3897371],[-3.6002371,50.3913487],[-3.6060995,50.3852707],[-3.6143392,50.3837554],[-3.6075833,50.3887542],[-3.6260378,50.3919504],[-3.6353676,50.3980029],[-3.6632111,50.3924148],[-3.672361,50.3969516],[-3.6667878,50.3945474],[-3.6439701,50.3968913],[-3.6339538,50.4049661],[-3.6478552,50.404645],[-3.6477234,50.405787],[-3.6476713,50.4062386],[-3.6470212,50.4063629],[-3.6342449,50.4088051],[-3.6301918,50.4033586],[-3.6324439,50.3999731],[-3.6236528,50.397944],[-3.6230401,50.40089],[-3.6096831,50.3923057],[-3.6028333,50.3953224],[-3.5751868,50.3931944],[-3.5916528,50.3823394],[-3.579833,50.3774775],[-3.5789499,50.3756256],[-3.5781653,50.3752567],[-3.5742701,50.3682865],[-3.5729203,50.3683299],[-3.5703673,50.3685298],[-3.5710587,50.3683812],[-3.5739915,50.3677878],[-3.5739573,50.3677267],[-3.5763653,50.363421],[-3.5762902,50.3630963],[-3.5749484,50.3604948],[-3.5689814,50.3517206],[-3.5688774,50.3517382],[-3.5641036,50.3527692],[-3.5736274,50.3479601],[-3.5709479,50.3467421],[-3.5691491,50.3459731],[-3.559662,50.3419387],[-3.5564756,50.3431193],[-3.5441331,50.3354477],[-3.5364687,50.3367801],[-3.5342875,50.3372127],[-3.5310932,50.3443428],[-3.5179281,50.3465052],[-3.5169128,50.3484451],[-3.5156243,50.3514088],[-3.5147997,50.3533916],[-3.5187078,50.3567438],[-3.5205412,50.3579427],[-3.5205268,50.3579782],[-3.5203881,50.358185],[-3.5210646,50.3587651],[-3.5128502,50.3687297],[-3.5130732,50.3690642],[-3.5160928,50.3706777],[-3.5153957,50.3713465],[-3.5156773,50.371605],[-3.5151122,50.3721234],[-3.5154478,50.372627],[-3.507867,50.3789579],[-3.5077461,50.3790589],[-3.5207418,50.378146],[-3.5366508,50.3759558],[-3.5441785,50.3734426],[-3.5551735,50.3778885],[-3.5639586,50.3915606],[-3.5747526,50.394146],[-3.5736172,50.40217],[-3.5788786,50.4041529],[-3.5779892,50.408429],[-3.5877006,50.4105878],[-3.5990384,50.4093367],[-3.6116187,50.4137275],[-3.6140656,50.4228545],[-3.6239205,50.4227189],[-3.627954,50.4259494],[-3.6251287,50.4412743],[-3.6154811,50.4445065],[-3.5893438,50.450737],[-3.5869835,50.4569879],[-3.5914838,50.4596506],[-3.5828018,50.469011],[-3.5842499,50.4777231],[-3.6023648,50.484379],[-3.6097987,50.4807114],[-3.6132043,50.4696017],[-3.620961,50.4697074],[-3.6273379,50.4661801],[-3.6371861,50.4678497],[-3.6450145,50.4611574],[-3.6588073,50.4646225],[-3.6501204,50.4705533],[-3.6548654,50.4697034],[-3.6554901,50.4720608],[-3.6640594,50.4692223],[-3.669364,50.4621568],[-3.6749496,50.4661078],[-3.6863052,50.4701019],[-3.6940651,50.477851],[-3.7116418,50.482358],[-3.7184947,50.4930364],[-3.7275843,50.4977469],[-3.7418471,50.5079551],[-3.7562908,50.5103921],[-3.7665844,50.5050574],[-3.7692009,50.4858117],[-3.7578885,50.4744211],[-3.758858,50.466819],[-3.7766748,50.463949],[-3.7820102,50.4722923],[-3.7873126,50.4719728],[-3.7861288,50.477745],[-3.7932407,50.4784299],[-3.7911261,50.4822624],[-3.798163,50.4894321],[-3.789505,50.4929501],[-3.7907272,50.4956106],[-3.7758609,50.4955887],[-3.7917746,50.501429],[-3.7871025,50.505013],[-3.7847579,50.5177162],[-3.7894116,50.5212207],[-3.7995015,50.5217037],[-3.7948711,50.5325618],[-3.7994688,50.5363878],[-3.8149335,50.5294911],[-3.8137079,50.5254117],[-3.8182124,50.5250365],[-3.821854,50.5169293],[-3.8272186,50.5164123],[-3.8447383,50.5344334]]]],"type":"MultiPolygon"},"id":"E07000044","properties":{"code":"E07000044","geography":"LAD","name":"South Hams"},"type":"Feature"},{"geometry":{"coordinates":[[[-3.6716258,50.7639923],[-3.6772827,50.7557437],[-3.6802491,50.7498967],[-3.6918475,50.7537716],[-3.7083751,50.7487075],[-3.7233424,50.728154],[-3.7375138,50.7235306],[-3.7242144,50.7156511],[-3.7332357,50.7114198],[-3.735593,50.7031845],[-3.7322468,50.6970016],[-3.7495434,50.697158],[-3.7616487,50.6932163],[-3.7825702,50.695528],[-3.7867849,50.6921583],[-3.8072845,50.6947445],[-3.8116228,50.6910248],[-3.8070262,50.6816116],[-3.7972165,50.6749146],[-3.8119957,50.6589972],[-3.8046456,50.6559059],[-3.8141498,50.6513046],[-3.8266537,50.6517712],[-3.8302639,50.6476547],[-3.8347616,50.6497083],[-3.8417586,50.6482308],[-3.8459242,50.6356976],[-3.8733597,50.6142967],[-3.8817879,50.593094],[-3.8773532,50.5756484],[-3.869692,50.5712996],[-3.8762257,50.5589127],[-3.8756008,50.5424299],[-3.8714397,50.53414],[-3.8447383,50.5344334],[-3.8272186,50.5164123],[-3.821854,50.5169293],[-3.8182124,50.5250365],[-3.8137079,50.5254117],[-3.8149335,50.5294911],[-3.7994688,50.5363878],[-3.7948711,50.5325618],[-3.7995015,50.5217037],[-3.7894116,50.5212207],[-3.7847579,50.5177162],[-3.7871025,50.505013],[-3.7917746,50.501429],[-3.7758609,50.4955887],[-3.7907272,50.4956106],[-3.789505,50.4929501],[-3.798163,50.4894321],[-3.7911261,50.4822624],[-3.7932407,50.4784299],[-3.7861288,50.477745],[-3.7873126,50.4719728],[-3.7820102,50.4722923],[-3.7766748,50.463949],[-3.758858,50.466819],[-3.7578885,50.4744211],[-3.7692009,50.4858117],[-3.7665844,50.5050574],[-3.7562908,50.5103921],[-3.7418471,50.5079551],[-3.7275843,50.4977469],[-3.7184947,50.4930364],[-3.7116418,50.482358],[-3.6940651,50.477851],[-3.6863052,50.4701019],[-3.6749496,50.4661078],[-3.669364,50.4621568],[-3.6640594,50.4692223],[-3.6554901,50.4720608],[-3.6548654,50.4697034],[-3.6501204,50.4705533],[-3.6588073,50.4646225],[-3.6450145,50.4611574],[-3.6371861,50.4678497],[-3.6273379,50.4661801],[-3.620961,50.4697074],[-3.6132043,50.4696017],[-3.6097987,50.4807114],[-3.6023648,50.484379],[-3.5842499,50.4777231],[-3.5841716,50.4779958],[-3.57124,50.488253],[-3.5696413,50.4907065],[-3.5657386,50.4877084],[-3.5647736,50.486967],[-3.5644698,50.4875828],[-3.5610748,50.4944635],[-3.5437982,50.4973475],[-3.5391432,50.504535],[-3.5299434,50.5045528],[-3.5199887,50.5109843],[-3.5208299,50.5176984],[-3.5091607,50.5166191],[-3.5045841,50.5239655],[-3.4967031,50.5380298],[-3.5097832,50.5428634],[-3.5393299,50.5404304],[-3.5398794,50.5392722],[-3.5399209,50.5391848],[-3.5404207,50.5381316],[-3.5510223,50.5411143],[-3.5792021,50.5373827],[-3.5830555,50.5383617],[-3.5836966,50.5385246],[-3.5908003,50.5388478],[-3.5805784,50.5393027],[-3.5802564,50.5393836],[-3.5771106,50.5421747],[-3.5667167,50.5429263],[-3.5590073,50.5455189],[-3.519552,50.5459855],[-3.5191466,50.5459902],[-3.5068554,50.5462073],[-3.5009291,50.5463953],[-3.5008831,50.5460037],[-3.5002808,50.5408691],[-3.4964399,50.5416928],[-3.482323,50.5551182],[-3.4825205,50.5552056],[-3.4827601,50.5552835],[-3.4804831,50.5565326],[-3.4770305,50.5602912],[-3.4693653,50.5626297],[-3.4685755,50.5630628],[-3.4684129,50.5648926],[-3.4687141,50.5739662],[-3.4674668,50.5755345],[-3.4674046,50.5762341],[-3.4654684,50.5780469],[-3.4643595,50.579441],[-3.4633604,50.5800205],[-3.4581666,50.5848822],[-3.443203,50.5920935],[-3.4429198,50.595813],[-3.4397647,50.5984252],[-3.4394038,50.5993184],[-3.4281759,50.6070109],[-3.4246815,50.6110261],[-3.4277751,50.6129626],[-3.4280378,50.6109395],[-3.4284117,50.6080604],[-3.4436729,50.6015893],[-3.4445443,50.6057573],[-3.4455826,50.6107231],[-3.4469002,50.6170226],[-3.4469129,50.6170833],[-3.4524306,50.6422934],[-3.4524816,50.6424703],[-3.456415,50.6561141],[-3.4628098,50.6604057],[-3.4646906,50.6607082],[-3.4644357,50.6614967],[-3.4644972,50.661538],[-3.4680948,50.6639518],[-3.4698515,50.6822329],[-3.4770075,50.6841883],[-3.4776267,50.6850137],[-3.4927279,50.6886106],[-3.49435,50.6927411],[-3.5017701,50.6943248],[-3.5067816,50.6911161],[-3.5228178,50.692577],[-3.5268317,50.6953205],[-3.5293882,50.6928174],[-3.5390916,50.692918],[-3.5454812,50.7019096],[-3.5627444,50.7069029],[-3.5648747,50.7108647],[-3.5687024,50.7146139],[-3.5647833,50.7199863],[-3.5701316,50.7278302],[-3.5605776,50.730058],[-3.5696645,50.7450037],[-3.5826076,50.7415775],[-3.5855196,50.7438658],[-3.5921494,50.7432852],[-3.5960044,50.7477314],[-3.6020042,50.7459648],[-3.608846,50.7541977],[-3.6199613,50.7509491],[-3.6222189,50.7557212],[-3.6397167,50.7552552],[-3.641498,50.7586182],[-3.6534236,50.7563373],[-3.6716258,50.7639923]]],"type":"Polygon"},"id":"E07000045","properties":{"code":"E07000045","geography":"LAD","name":"Teignbridge"},"type":"Feature"},{"geometry":{"coordinates":[[[[-4.2144807,51.0572633],[-4.2085466,51.0615673],[-4.2088824,51.0618515],[-4.2169295,51.065054],[-4.2252093,51.0630322],[-4.2310026,51.0533928],[-4.2311101,51.0531765],[-4.2354249,51.0444837],[-4.2388226,51.0411557],[-4.2542278,51.0387835],[-4.256701,51.0384024],[-4.2796624,51.0183062],[-4.280057,51.0177993],[-4.2803302,51.0177213],[-4.2824281,51.0158841],[-4.2883004,51.0107404],[-4.2884571,51.0102327],[-4.2903891,51.0089106],[-4.3035854,50.9973454],[-4.3085808,50.9963299],[-4.3452731,50.988863],[-4.3749542,50.9901035],[-4.3906907,50.9945844],[-4.3932467,50.9964937],[-4.3951481,50.9970636],[-4.3992188,51.0009541],[-4.4037301,51.0043226],[-4.4277199,51.013333],[-4.4486346,51.0143616],[-4.4695398,51.0215772],[-4.4981584,51.0214122],[-4.5010064,51.018582],[-4.5134469,51.0224676],[-4.5260496,51.0221886],[-4.5268681,51.0119104],[-4.5339695,51.0090912],[-4.5340448,51.0090442],[-4.5348555,51.0085318],[-4.5300744,51.0051772],[-4.5329385,51.001143],[-4.533065,51.0006495],[-4.5303242,50.9964619],[-4.5345724,50.9947687],[-4.5347901,50.9939192],[-4.5292729,50.9868225],[-4.5308407,50.9849502],[-4.5302114,50.9845258],[-4.5323559,50.9831407],[-4.535653,50.9792024],[-4.5330312,50.9653768],[-4.5443765,50.9529267],[-4.5441386,50.9516863],[-4.5438504,50.9501837],[-4.5427422,50.9493179],[-4.5432903,50.9472627],[-4.5427302,50.9443416],[-4.5509814,50.9393244],[-4.5450073,50.9330401],[-4.5458987,50.9286415],[-4.517502,50.926809],[-4.4712499,50.9312685],[-4.4561942,50.9289932],[-4.4626833,50.9134898],[-4.4585535,50.9076],[-4.4499571,50.9058545],[-4.4462491,50.8911684],[-4.4250439,50.8713719],[-4.4209592,50.8660862],[-4.4337265,50.8655093],[-4.4436998,50.8354196],[-4.4441601,50.827745],[-4.4385606,50.8230998],[-4.4467907,50.8082237],[-4.4634123,50.8017296],[-4.4746812,50.8018134],[-4.4744927,50.7972835],[-4.4900317,50.796303],[-4.4934965,50.7929238],[-4.4776804,50.7899821],[-4.4731046,50.7849767],[-4.4564328,50.783693],[-4.4513299,50.7856542],[-4.4457277,50.7764343],[-4.437515,50.774361],[-4.423947,50.7645494],[-4.4087228,50.7624169],[-4.4144171,50.7743956],[-4.3932271,50.7779207],[-4.3801129,50.7694304],[-4.3873812,50.7649692],[-4.3878178,50.7578043],[-4.3808102,50.7564863],[-4.3849992,50.7477558],[-4.3738935,50.7377252],[-4.366641,50.7223854],[-4.3615861,50.7187672],[-4.3693408,50.7023413],[-4.3667883,50.6977732],[-4.3526318,50.6937488],[-4.3489408,50.6895383],[-4.3452123,50.6647988],[-4.3355327,50.6557079],[-4.3352265,50.6465405],[-4.3172859,50.6538662],[-4.313098,50.6624181],[-4.3039763,50.6647123],[-4.2773154,50.6690613],[-4.2551925,50.6664216],[-4.2434564,50.673581],[-4.2194433,50.6724853],[-4.2091641,50.6815469],[-4.2164407,50.6899603],[-4.2319889,50.6954224],[-4.2272235,50.7019534],[-4.2348594,50.7123851],[-4.2339495,50.7220797],[-4.2257458,50.7314018],[-4.2292341,50.7349788],[-4.2272139,50.7415373],[-4.2207667,50.746701],[-4.2104126,50.7525119],[-4.1952503,50.7550796],[-4.1939209,50.7579717],[-4.1859626,50.7576897],[-4.2011428,50.7650751],[-4.2057859,50.7748904],[-4.1842083,50.783904],[-4.1664615,50.7870329],[-4.1690845,50.7915982],[-4.1907797,50.7897293],[-4.1834638,50.7957464],[-4.1687876,50.7976734],[-4.1762461,50.8015065],[-4.1737577,50.8046174],[-4.177222,50.8071673],[-4.1582766,50.8154494],[-4.1640385,50.8309125],[-4.1547419,50.829916],[-4.1564278,50.8316449],[-4.1399145,50.8324635],[-4.13863,50.8393106],[-4.1287196,50.8441075],[-4.12263,50.8430186],[-4.1182841,50.8376483],[-4.1107273,50.838484],[-4.1027713,50.8354147],[-4.1030654,50.8503116],[-4.085435,50.8578201],[-4.0900203,50.8673141],[-4.0686799,50.8746133],[-4.0666159,50.8703409],[-4.0580982,50.8713801],[-4.0520397,50.8626892],[-4.0400103,50.8685545],[-4.0389993,50.8602526],[-4.0239702,50.8604204],[-4.0230762,50.8660399],[-4.0107957,50.8632286],[-3.994175,50.8688512],[-3.9977979,50.8627876],[-3.9953995,50.8518482],[-3.9881942,50.8501665],[-3.9728893,50.8566769],[-3.9589167,50.8553697],[-3.9620844,50.8495409],[-3.9433483,50.8370347],[-3.9404504,50.8255567],[-3.9160267,50.8305697],[-3.9056535,50.8295418],[-3.8996194,50.8345539],[-3.8838684,50.8474942],[-3.9035436,50.8479439],[-3.909203,50.8604927],[-3.919016,50.8628347],[-3.9259299,50.8696018],[-3.8985744,50.8775249],[-3.8999732,50.8854884],[-3.9080376,50.8851169],[-3.9202466,50.8977154],[-3.9148395,50.9026932],[-3.9041583,50.9050866],[-3.9023416,50.9162061],[-3.9059404,50.9176214],[-3.9012014,50.9238753],[-3.9044173,50.9273977],[-3.9053228,50.9249341],[-3.9542058,50.917689],[-3.9668188,50.9240003],[-3.9959515,50.9255691],[-3.9980842,50.9308112],[-3.9977493,50.9356222],[-3.9932807,50.9369019],[-3.993894,50.9484264],[-3.9608814,50.956141],[-3.9662496,50.9614279],[-3.9573646,50.9662073],[-3.9584156,50.9716968],[-3.9526012,50.9759479],[-3.9582488,50.9777691],[-3.958752,50.981635],[-3.9625633,50.9788972],[-3.9836977,50.9821109],[-3.9917478,50.974402],[-4.0060922,50.9727769],[-4.0049236,50.9695251],[-4.0103084,50.967534],[-4.0200141,50.9694521],[-4.019727,50.9720903],[-4.0362439,50.9815795],[-4.0342996,51.0076211],[-4.06398,51.0103103],[-4.0792541,51.0086894],[-4.0781478,51.0025638],[-4.0879552,51.0029607],[-4.093575,51.0037721],[-4.0982479,51.0095925],[-4.1206953,51.0107725],[-4.1159106,51.0191281],[-4.1275133,51.0206575],[-4.1642714,51.0144806],[-4.178395,51.024316],[-4.1853893,51.0210924],[-4.186721,51.0235749],[-4.1880662,51.0213139],[-4.1982462,51.0208527],[-4.2032445,51.0056919],[-4.2047379,51.0082511],[-4.2061886,51.0107491],[-4.2055582,51.0137784],[-4.2055335,51.0139086],[-4.2055216,51.013971],[-4.2030829,51.026796],[-4.2028125,51.0282176],[-4.2031336,51.0282202],[-4.2034136,51.0315974],[-4.2002786,51.0349772],[-4.2002875,51.0352746],[-4.1996739,51.035629],[-4.1948898,51.0408083],[-4.1905477,51.0548221],[-4.197632,51.0579394],[-4.2103581,51.0519361],[-4.2144807,51.0572633]]],[[[-4.6640829,51.1617757],[-4.6545046,51.1620895],[-4.6534561,51.1623267],[-4.6547217,51.1630608],[-4.6565269,51.1631102],[-4.6595603,51.1658672],[-4.6616726,51.1670922],[-4.6617982,51.1861957],[-4.6618065,51.1863295],[-4.6698803,51.1949264],[-4.6702923,51.2010129],[-4.6736415,51.2017021],[-4.6773546,51.2024401],[-4.6789686,51.1969445],[-4.679757,51.1941555],[-4.6745242,51.1902864],[-4.6748052,51.1901673],[-4.6740709,51.1862896],[-4.6746466,51.1861488],[-4.6740843,51.1855052],[-4.6775191,51.185334],[-4.6761353,51.1836545],[-4.6730941,51.1801627],[-4.6733953,51.1800864],[-4.6805725,51.1724248],[-4.6709248,51.1584636],[-4.6640829,51.1617757]]]],"type":"MultiPolygon"},"id":"E07000046","properties":{"code":"E07000046","geography":"LAD","name":"Torridge"},"type":"Feature"},{"geometry":{"coordinates":[[[[-4.1571383,50.4538062],[-4.1571741,50.4544469],[-4.1585466,50.4533286],[-4.1571383,50.4538062]]],[[[-4.0686799,50.8746133],[-4.0900203,50.8673141],[-4.085435,50.8578201],[-4.1030654,50.8503116],[-4.1027713,50.8354147],[-4.1107273,50.838484],[-4.1182841,50.8376483],[-4.12263,50.8430186],[-4.1287196,50.8441075],[-4.13863,50.8393106],[-4.1399145,50.8324635],[-4.1564278,50.8316449],[-4.1547419,50.829916],[-4.1640385,50.8309125],[-4.1582766,50.8154494],[-4.177222,50.8071673],[-4.1737577,50.8046174],[-4.1762461,50.8015065],[-4.1687876,50.7976734],[-4.1834638,50.7957464],[-4.1907797,50.7897293],[-4.1690845,50.7915982],[-4.1664615,50.7870329],[-4.1842083,50.783904],[-4.2057859,50.7748904],[-4.2011428,50.7650751],[-4.1859626,50.7576897],[-4.1939209,50.7579717],[-4.1952503,50.7550796],[-4.2104126,50.7525119],[-4.2207667,50.746701],[-4.2272139,50.7415373],[-4.2292341,50.7349788],[-4.2257458,50.7314018],[-4.2339495,50.7220797],[-4.2348594,50.7123851],[-4.2272235,50.7019534],[-4.2319889,50.6954224],[-4.2164407,50.6899603],[-4.2091641,50.6815469],[-4.2194433,50.6724853],[-4.2434564,50.673581],[-4.2551925,50.6664216],[-4.2773154,50.6690613],[-4.3039763,50.6647123],[-4.313098,50.6624181],[-4.3172859,50.6538662],[-4.3352265,50.6465405],[-4.3311143,50.6404201],[-4.3275247,50.6407526],[-4.3253626,50.640386],[-4.3257623,50.6377892],[-4.3192734,50.6360038],[-4.3113329,50.637467],[-4.3001472,50.6335156],[-4.3074142,50.6200202],[-4.3034288,50.6115297],[-4.3084541,50.6026948],[-4.3063141,50.5947654],[-4.312173,50.5894972],[-4.3080626,50.5789437],[-4.2930635,50.5842878],[-4.2853455,50.5749913],[-4.2819255,50.5778173],[-4.2865493,50.5840983],[-4.2811665,50.5840188],[-4.2711496,50.5822142],[-4.2697239,50.5789771],[-4.2778587,50.5747824],[-4.2795159,50.5691733],[-4.259596,50.551143],[-4.260033,50.5445442],[-4.2714332,50.5386216],[-4.2687702,50.5352709],[-4.2534194,50.5436444],[-4.240167,50.5414195],[-4.2322954,50.5310175],[-4.2255522,50.5297137],[-4.2145049,50.5345683],[-4.2069635,50.5333669],[-4.2121185,50.5288366],[-4.2062509,50.5201479],[-4.2094383,50.5136006],[-4.2018424,50.5132139],[-4.2026357,50.5030415],[-4.1940554,50.5028304],[-4.1857502,50.5083572],[-4.1803045,50.5029395],[-4.1825325,50.4999062],[-4.1949204,50.4985831],[-4.1943978,50.4940643],[-4.1993571,50.4923688],[-4.2206416,50.4981851],[-4.2236291,50.4899475],[-4.2181707,50.4836125],[-4.2181735,50.4757837],[-4.2382514,50.4648829],[-4.2381018,50.4627725],[-4.2378952,50.4623611],[-4.2364117,50.4594063],[-4.2295086,50.4571228],[-4.2246112,50.4670908],[-4.2157039,50.4682754],[-4.2014652,50.4544244],[-4.1937383,50.4550183],[-4.1949269,50.4501982],[-4.1958637,50.4537576],[-4.2004615,50.4535322],[-4.1989705,50.4455931],[-4.1913222,50.4408435],[-4.190759,50.4353242],[-4.1850998,50.4342704],[-4.1695938,50.4519561],[-4.1641122,50.4564628],[-4.1582844,50.4566358],[-4.1573845,50.4601353],[-4.1574512,50.4618496],[-4.1521696,50.4639206],[-4.1085667,50.4629704],[-4.1072677,50.4503874],[-4.0988596,50.4606814],[-4.077792,50.4699072],[-4.0760144,50.4639469],[-4.0651734,50.4596273],[-4.0680143,50.4544978],[-4.0601779,50.4540305],[-4.0362376,50.4638042],[-4.0239269,50.4620347],[-4.0230542,50.4687291],[-4.0079013,50.4696742],[-4.0052871,50.4764038],[-3.9947809,50.4773894],[-3.982169,50.4855657],[-3.9704439,50.4881348],[-3.9643862,50.4963995],[-3.9559691,50.5002433],[-3.9457884,50.4982679],[-3.9487785,50.4886562],[-3.9239291,50.4787598],[-3.9199784,50.4816537],[-3.9137201,50.4812405],[-3.8989748,50.4726384],[-3.8915294,50.4794555],[-3.8837154,50.4799996],[-3.8802364,50.4856745],[-3.8831867,50.499573],[-3.89134,50.5058888],[-3.8926019,50.5138523],[-3.8911827,50.5235199],[-3.8840153,50.5293609],[-3.8891612,50.5363189],[-3.8756008,50.5424299],[-3.8762257,50.5589127],[-3.869692,50.5712996],[-3.8773532,50.5756484],[-3.8817879,50.593094],[-3.8733597,50.6142967],[-3.8459242,50.6356976],[-3.8417586,50.6482308],[-3.8347616,50.6497083],[-3.8302639,50.6476547],[-3.8266537,50.6517712],[-3.8141498,50.6513046],[-3.8046456,50.6559059],[-3.8119957,50.6589972],[-3.7972165,50.6749146],[-3.8070262,50.6816116],[-3.8116228,50.6910248],[-3.8072845,50.6947445],[-3.7867849,50.6921583],[-3.7825702,50.695528],[-3.7616487,50.6932163],[-3.7495434,50.697158],[-3.7322468,50.6970016],[-3.735593,50.7031845],[-3.7502762,50.70862],[-3.7569659,50.7226725],[-3.7662586,50.7275648],[-3.7998892,50.717412],[-3.8185972,50.7169643],[-3.8254501,50.730282],[-3.8318436,50.7278415],[-3.8362951,50.7321721],[-3.824709,50.7410338],[-3.8168987,50.7563503],[-3.8058387,50.7590142],[-3.8147262,50.7608827],[-3.8251289,50.7769197],[-3.8220407,50.7809998],[-3.8453897,50.7815835],[-3.8359032,50.7930153],[-3.8441697,50.8092324],[-3.8394256,50.8187631],[-3.8518965,50.8172923],[-3.8598844,50.8212779],[-3.8777507,50.8188871],[-3.8809364,50.8261639],[-3.8996194,50.8345539],[-3.9056535,50.8295418],[-3.9160267,50.8305697],[-3.9404504,50.8255567],[-3.9433483,50.8370347],[-3.9620844,50.8495409],[-3.9589167,50.8553697],[-3.9728893,50.8566769],[-3.9881942,50.8501665],[-3.9953995,50.8518482],[-3.9977979,50.8627876],[-3.994175,50.8688512],[-4.0107957,50.8632286],[-4.0230762,50.8660399],[-4.0239702,50.8604204],[-4.0389993,50.8602526],[-4.0400103,50.8685545],[-4.0520397,50.8626892],[-4.0580982,50.8713801],[-4.0666159,50.8703409],[-4.0686799,50.8746133]]]],"type":"MultiPolygon"},"id":"E07000047","properties":{"code":"E07000047","geography":"LAD","name":"West Devon"},"type":"Feature"},{"geometry":{"coordinates":[[[0.3000743,50.8128325],[0.2904435,50.8130302],[0.2798552,50.8093091],[0.2769003,50.8047664],[0.2715432,50.8100078],[0.2621892,50.8069827],[0.2588045,50.7993756],[0.2504835,50.7988384],[0.2471528,50.804027],[0.2277228,50.8008717],[0.2338981,50.7957576],[0.2307653,50.7886439],[0.2164193,50.7747197],[0.2172064,50.7620583],[0.2136196,50.7601163],[0.2174842,50.7571361],[0.2093811,50.7513341],[0.2154889,50.7397211],[0.2112004,50.7429783],[0.2099282,50.7384065],[0.2409084,50.7349442],[0.2582227,50.737651],[0.2665927,50.7469965],[0.2715576,50.7525379],[0.2915317,50.7658091],[0.291561,50.7658286],[0.2917092,50.765927],[0.3088477,50.7767072],[0.3155779,50.7809384],[0.3157572,50.7810512],[0.3204228,50.7824297],[0.3297953,50.7863175],[0.33261,50.7901626],[0.3321173,50.7908162],[0.3359778,50.7947621],[0.3391959,50.7991563],[0.3329337,50.8021595],[0.332582,50.8041317],[0.320198,50.8069664],[0.3138705,50.8087411],[0.3021212,50.8082915],[0.3000743,50.8128325]]],"type":"Polygon"},"id":"E07000061","properties":{"code":"E07000061","geography":"LAD","name":"Eastbourne"},"type":"Feature"},{"geometry":{"coordinates":[[[0.53695,50.8948246],[0.529357,50.8923692],[0.5198971,50.8771885],[0.5214092,50.8702932],[0.5181123,50.8622615],[0.521189,50.8517436],[0.5121902,50.8489813],[0.5085733,50.8508697],[0.5041241,50.844806],[0.5030668,50.8431215],[0.5131434,50.8448745],[0.5191183,50.8468614],[0.5194644,50.8469036],[0.5357235,50.8487946],[0.543457,50.850136],[0.5437337,50.850184],[0.5558126,50.851424],[0.5716831,50.8530511],[0.5867819,50.8540375],[0.587146,50.854062],[0.5894361,50.8542161],[0.6059838,50.8585051],[0.6088722,50.8597626],[0.6586378,50.8699507],[0.655854,50.8727808],[0.6463676,50.8713179],[0.6385798,50.8773003],[0.6176218,50.8847752],[0.6037222,50.8785656],[0.5977424,50.8846024],[0.5898668,50.8827295],[0.5827278,50.8847469],[0.5608701,50.8888776],[0.5563133,50.8940827],[0.546273,50.8921022],[0.53695,50.8948246]]],"type":"Polygon"},"id":"E07000062","properties":{"code":"E07000062","geography":"LAD","name":"Hastings"},"type":"Feature"},{"geometry":{"coordinates":[[[0.0018206,50.9948894],[-0.0077457,50.9983313],[-0.0093674,51.0019015],[-0.0163505,51.0024964],[-0.0246043,50.9800252],[-0.0363004,50.9771907],[-0.0367178,50.9797923],[-0.0469855,50.9812081],[-0.0535372,50.9794782],[-0.0637128,50.9792119],[-0.0705252,50.9913454],[-0.0838204,50.9907187],[-0.0930674,50.9792278],[-0.1026705,50.9808433],[-0.1087161,50.9802431],[-0.1151475,50.9761167],[-0.1161068,50.9703691],[-0.1163086,50.9671761],[-0.1103852,50.9678071],[-0.1064434,50.9629623],[-0.1047109,50.9456223],[-0.1054263,50.9431101],[-0.1180929,50.9452591],[-0.1200373,50.9417123],[-0.1169195,50.9410657],[-0.1284028,50.9188708],[-0.1333734,50.893969],[-0.1350046,50.8866505],[-0.1352793,50.8780984],[-0.1242117,50.8780271],[-0.12009,50.8735625],[-0.1049152,50.8723432],[-0.0975193,50.8779454],[-0.0849276,50.8731196],[-0.0752616,50.8506998],[-0.0707789,50.8458188],[-0.0734523,50.8412146],[-0.0456143,50.8449578],[-0.0368601,50.8411732],[-0.0421673,50.824817],[-0.0459684,50.8218247],[-0.0302292,50.8173492],[-0.0204284,50.8218304],[-0.0165861,50.8162744],[-0.0379937,50.7994589],[-0.0149875,50.7927498],[-0.0126076,50.7920554],[-0.012251,50.7919597],[-7.32e-05,50.7886889],[0.00332,50.7880376],[0.0292849,50.7830497],[0.0296788,50.782974],[0.0385579,50.7817453],[0.052724,50.7797835],[0.056147,50.7774154],[0.0533731,50.7794797],[0.0536165,50.7797143],[0.0523843,50.780706],[0.0554169,50.7812955],[0.0558056,50.7816368],[0.0573153,50.7817042],[0.0582396,50.7823089],[0.0667733,50.7824835],[0.0669968,50.7823974],[0.0701346,50.7811892],[0.0917299,50.7728699],[0.1040162,50.7662782],[0.1043745,50.7660856],[0.1239489,50.7581148],[0.1378376,50.7557618],[0.1489427,50.7590841],[0.1501476,50.7587441],[0.1489516,50.7707697],[0.1545389,50.7715737],[0.1520331,50.7751323],[0.1464068,50.7733194],[0.1419137,50.776935],[0.1479113,50.7854463],[0.1437289,50.7926813],[0.1218499,50.7930876],[0.1115927,50.8019779],[0.1115817,50.8022066],[0.1089093,50.8129233],[0.0979338,50.8203198],[0.1075962,50.8314346],[0.1112877,50.8308174],[0.1194378,50.8379314],[0.1161938,50.83923],[0.1245517,50.846264],[0.1149393,50.8496431],[0.1272704,50.8567837],[0.1145853,50.8706861],[0.0984977,50.8699935],[0.0980483,50.8815135],[0.0918783,50.8849088],[0.1219136,50.915281],[0.1169872,50.9152553],[0.0955685,50.9231057],[0.0885227,50.9187935],[0.068397,50.9249275],[0.0573043,50.9260708],[0.0552122,50.9388136],[0.0482299,50.9465116],[0.0488909,50.9610882],[0.0541569,50.9639982],[0.0526177,50.9687635],[0.0389568,50.9666042],[0.0379118,50.9740092],[0.0323498,50.9748332],[0.0289049,50.9804457],[0.011153,50.9775885],[0.0018206,50.9948894]]],"type":"Polygon"},"id":"E07000063","properties":{"code":"E07000063","geography":"LAD","name":"Lewes"},"type":"Feature"},{"geometry":{"coordinates":[[[0.4090054,51.0693927],[0.4009129,51.0711809],[0.4066485,51.0797028],[0.3964965,51.0831317],[0.3922528,51.0773672],[0.3957721,51.0739134],[0.3761059,51.072508],[0.3613534,51.0652766],[0.3567094,51.0578668],[0.3554936,51.0318533],[0.3466,51.0240996],[0.35395,51.017487],[0.3286588,51.0128818],[0.3300856,51.0040259],[0.3215857,50.9966843],[0.3302716,50.9748738],[0.3240249,50.9629211],[0.3416113,50.9606064],[0.3440105,50.9573456],[0.3359327,50.9530437],[0.3435166,50.9443305],[0.3426899,50.9394409],[0.3668012,50.9329469],[0.357762,50.9173026],[0.3646798,50.9165187],[0.3582291,50.9134833],[0.3619455,50.9037962],[0.3673006,50.9019968],[0.368629,50.903847],[0.3743028,50.8983928],[0.3667135,50.8891032],[0.3754645,50.8830154],[0.4141413,50.8968023],[0.4199415,50.8930252],[0.4339073,50.8942432],[0.429616,50.891825],[0.4395529,50.8892882],[0.4490854,50.8789513],[0.4452763,50.8745422],[0.4501595,50.8737625],[0.4411968,50.8678298],[0.424181,50.8628752],[0.408088,50.8509083],[0.3757708,50.8409012],[0.3772892,50.8330175],[0.3725342,50.8316411],[0.3775342,50.8236712],[0.3778353,50.8203757],[0.3781913,50.8204604],[0.4272999,50.8321262],[0.4276195,50.8321604],[0.4630028,50.8359492],[0.4639225,50.8360321],[0.4761738,50.8371351],[0.4766508,50.8372413],[0.5030668,50.8431215],[0.5041241,50.844806],[0.5085733,50.8508697],[0.5121902,50.8489813],[0.521189,50.8517436],[0.5181123,50.8622615],[0.5214092,50.8702932],[0.5198971,50.8771885],[0.529357,50.8923692],[0.53695,50.8948246],[0.546273,50.8921022],[0.5563133,50.8940827],[0.5608701,50.8888776],[0.5827278,50.8847469],[0.5898668,50.8827295],[0.5977424,50.8846024],[0.6037222,50.8785656],[0.6176218,50.8847752],[0.6385798,50.8773003],[0.6463676,50.8713179],[0.655854,50.8727808],[0.6586378,50.8699507],[0.669532,50.8734931],[0.6825276,50.8858575],[0.7094399,50.9017741],[0.7095532,50.9018411],[0.7098029,50.9019887],[0.7497747,50.92218],[0.7746084,50.9275991],[0.7720166,50.931262],[0.7880879,50.9332863],[0.8444835,50.9251985],[0.8544533,50.9237655],[0.8678914,50.9332623],[0.8596294,50.9396803],[0.855968,50.9531286],[0.8461125,50.9518536],[0.8414014,50.9576088],[0.8298687,50.9456652],[0.8190678,50.945455],[0.8129417,50.9419996],[0.8134635,50.9490108],[0.7843279,50.9772297],[0.7771349,50.9754283],[0.7817026,50.9828859],[0.7770266,50.9848554],[0.7810538,50.9864992],[0.7789567,50.989492],[0.7410941,51.0006438],[0.7112549,50.9984717],[0.7067706,50.9936018],[0.6992199,50.9984905],[0.6809442,51.0014747],[0.662124,51.0174604],[0.6547181,51.0146914],[0.64677,51.0168561],[0.6371632,51.0118765],[0.627577,51.0178382],[0.6053908,51.01207],[0.570801,51.0034823],[0.5636969,51.0074064],[0.5421067,51.0109103],[0.5375685,51.0216392],[0.5259881,51.0227701],[0.5084354,51.0241271],[0.4965391,51.0305623],[0.4780714,51.0290434],[0.4679821,51.0326357],[0.4660905,51.0427366],[0.4714013,51.0490776],[0.4536547,51.0569282],[0.4407617,51.0578815],[0.4255728,51.0640666],[0.4182669,51.062627],[0.4177777,51.0678931],[0.4113113,51.065887],[0.4090054,51.0693927]]],"type":"Polygon"},"id":"E07000064","properties":{"code":"E07000064","geography":"LAD","name":"Rother"},"type":"Feature"},{"geometry":{"coordinates":[[[0.1609671,51.1406347],[0.1360159,51.1470143],[0.1259327,51.1469462],[0.0781879,51.1399459],[0.0500165,51.14265],[0.0273601,51.139848],[0.0254963,51.1273229],[0.0281473,51.1177117],[0.0445366,51.110647],[0.0255147,51.1090537],[0.0186861,51.10374],[0.0185609,51.103592],[0.009505,51.110392],[0.0049421,51.1052198],[0.0105835,51.1021776],[0.0029403,51.102292],[-0.0109029,51.0965226],[-0.0213621,51.0968008],[-0.0261696,51.0917496],[-0.0361965,51.0934572],[-0.0328015,51.0923883],[-0.0268521,51.0751129],[-0.0132566,51.0739671],[-0.0149701,51.0693521],[-0.0085482,51.056458],[0.0137406,51.0569964],[0.0077206,51.050907],[-0.0030017,51.0475643],[-0.0020168,51.0430679],[-0.0079038,51.0389884],[-0.0015655,51.035755],[-0.0218747,51.0265034],[-0.0221797,51.0167838],[-0.0160312,51.0148141],[-0.0200964,51.0034676],[-0.0163505,51.0024964],[-0.0093674,51.0019015],[-0.0077457,50.9983313],[0.0018206,50.9948894],[0.011153,50.9775885],[0.0289049,50.9804457],[0.0323498,50.9748332],[0.0379118,50.9740092],[0.0389568,50.9666042],[0.0526177,50.9687635],[0.0541569,50.9639982],[0.0488909,50.9610882],[0.0482299,50.9465116],[0.0552122,50.9388136],[0.0573043,50.9260708],[0.068397,50.9249275],[0.0885227,50.9187935],[0.0955685,50.9231057],[0.1169872,50.9152553],[0.1219136,50.915281],[0.0918783,50.8849088],[0.0980483,50.8815135],[0.0984977,50.8699935],[0.1145853,50.8706861],[0.1272704,50.8567837],[0.1149393,50.8496431],[0.1245517,50.846264],[0.1161938,50.83923],[0.1194378,50.8379314],[0.1112877,50.8308174],[0.1075962,50.8314346],[0.0979338,50.8203198],[0.1089093,50.8129233],[0.1115817,50.8022066],[0.1115927,50.8019779],[0.1218499,50.7930876],[0.1437289,50.7926813],[0.1479113,50.7854463],[0.1419137,50.776935],[0.1464068,50.7733194],[0.1520331,50.7751323],[0.1545389,50.7715737],[0.1489516,50.7707697],[0.1501476,50.7587441],[0.1887686,50.7478357],[0.2099282,50.7384065],[0.2112004,50.7429783],[0.2154889,50.7397211],[0.2093811,50.7513341],[0.2174842,50.7571361],[0.2136196,50.7601163],[0.2172064,50.7620583],[0.2164193,50.7747197],[0.2307653,50.7886439],[0.2338981,50.7957576],[0.2277228,50.8008717],[0.2471528,50.804027],[0.2504835,50.7988384],[0.2588045,50.7993756],[0.2621892,50.8069827],[0.2715432,50.8100078],[0.2769003,50.8047664],[0.2798552,50.8093091],[0.2904435,50.8130302],[0.3000743,50.8128325],[0.3021212,50.8082915],[0.3138705,50.8087411],[0.320198,50.8069664],[0.332582,50.8041317],[0.3329337,50.8021595],[0.3391959,50.7991563],[0.3499638,50.8098224],[0.3581081,50.8129208],[0.3583454,50.813105],[0.3595524,50.8134701],[0.3775124,50.820299],[0.3778353,50.8203757],[0.3775342,50.8236712],[0.3725342,50.8316411],[0.3772892,50.8330175],[0.3757708,50.8409012],[0.408088,50.8509083],[0.424181,50.8628752],[0.4411968,50.8678298],[0.4501595,50.8737625],[0.4452763,50.8745422],[0.4490854,50.8789513],[0.4395529,50.8892882],[0.429616,50.891825],[0.4339073,50.8942432],[0.4199415,50.8930252],[0.4141413,50.8968023],[0.3754645,50.8830154],[0.3667135,50.8891032],[0.3743028,50.8983928],[0.368629,50.903847],[0.3673006,50.9019968],[0.3619455,50.9037962],[0.3582291,50.9134833],[0.3646798,50.9165187],[0.357762,50.9173026],[0.3668012,50.9329469],[0.3426899,50.9394409],[0.3435166,50.9443305],[0.3359327,50.9530437],[0.3440105,50.9573456],[0.3416113,50.9606064],[0.3240249,50.9629211],[0.3302716,50.9748738],[0.3215857,50.9966843],[0.3300856,51.0040259],[0.3286588,51.0128818],[0.35395,51.017487],[0.3466,51.0240996],[0.3554936,51.0318533],[0.3567094,51.0578668],[0.3613534,51.0652766],[0.3761059,51.072508],[0.3957721,51.0739134],[0.3922528,51.0773672],[0.3964965,51.0831317],[0.390864,51.0812952],[0.3917,51.0857869],[0.3738408,51.0884605],[0.3647512,51.0882248],[0.3567356,51.0830257],[0.3508312,51.0840559],[0.3539359,51.0936626],[0.3507872,51.0991339],[0.3589766,51.1045307],[0.3350772,51.1054659],[0.3244574,51.1123054],[0.330084,51.1177848],[0.3262267,51.1224385],[0.325267,51.1228921],[0.2987379,51.1181572],[0.2796094,51.1178467],[0.2748749,51.1206518],[0.272133,51.1188389],[0.2789423,51.1146768],[0.2756132,51.1122985],[0.266265,51.1150986],[0.2522491,51.1143956],[0.2432447,51.1152762],[0.2274454,51.1242408],[0.1996344,51.1169403],[0.1626057,51.116406],[0.1535141,51.1205039],[0.1500261,51.1311899],[0.1546064,51.1375288],[0.1607182,51.1373289],[0.1609671,51.1406347]]],"type":"Polygon"},"id":"E07000065","properties":{"code":"E07000065","geography":"LAD","name":"Wealden"},"type":"Feature"},{"geometry":{"coordinates":[[[0.4468284,51.626669],[0.4428934,51.6369977],[0.4468223,51.6419835],[0.4353844,51.6489625],[0.4021788,51.6509822],[0.4030186,51.6458249],[0.3948711,51.6444643],[0.3860778,51.6343465],[0.3842266,51.6195648],[0.3751269,51.6151727],[0.3836092,51.5987243],[0.3860299,51.5859191],[0.3812901,51.5850009],[0.3820311,51.5820847],[0.3826051,51.5658238],[0.391753,51.5671906],[0.3935008,51.5577113],[0.4175605,51.5570742],[0.4211483,51.5530144],[0.418181,51.5508386],[0.4252318,51.5525192],[0.4247868,51.5480847],[0.4304002,51.5460051],[0.4310008,51.5497232],[0.4399367,51.5451137],[0.4460138,51.5511763],[0.4523539,51.5519334],[0.4616973,51.5536889],[0.466802,51.5466825],[0.4849197,51.5478081],[0.4916401,51.5401326],[0.5085536,51.5366486],[0.5170031,51.5301042],[0.5225513,51.5328147],[0.5352167,51.5311701],[0.5428686,51.5349707],[0.5442563,51.5463579],[0.5442803,51.5463972],[0.5385867,51.5543126],[0.5438025,51.5672837],[0.5451446,51.5747604],[0.557592,51.5806093],[0.568426,51.5865779],[0.5660393,51.5881329],[0.5659186,51.5882452],[0.563742,51.5915862],[0.5655667,51.5938585],[0.5497846,51.5981809],[0.5515454,51.6088483],[0.556646,51.6083947],[0.561622,51.6124762],[0.5624753,51.6178526],[0.5444325,51.6179052],[0.5409881,51.6208767],[0.5208226,51.6187914],[0.5202602,51.62541],[0.5128955,51.6266309],[0.504821,51.6243724],[0.5048295,51.6217165],[0.4814647,51.6255581],[0.4630748,51.6236178],[0.4468284,51.626669]]],"type":"Polygon"},"id":"E07000066","properties":{"code":"E07000066","geography":"LAD","name":"Basildon"},"type":"Feature"},{"geometry":{"coordinates":[[[0.6882534,52.0847756],[0.6831166,52.0870402],[0.6789453,52.0838859],[0.6724429,52.0861703],[0.6608613,52.0836994],[0.6569009,52.0854417],[0.6519369,52.0831333],[0.6344058,52.0862579],[0.6317679,52.0818671],[0.6193407,52.0765522],[0.6074456,52.0809194],[0.59476,52.0741814],[0.5820035,52.0758517],[0.5717442,52.069049],[0.5650592,52.0713273],[0.551422,52.0688029],[0.5515157,52.0620377],[0.5426994,52.0578746],[0.530058,52.0593868],[0.5232433,52.056777],[0.5111301,52.0598641],[0.5004881,52.0538465],[0.4877268,52.0624665],[0.489874,52.067413],[0.4758358,52.0744543],[0.4707943,52.0734629],[0.4665665,52.0784098],[0.4581137,52.0762573],[0.4618999,52.0723533],[0.4537984,52.0711131],[0.4536184,52.0681291],[0.443946,52.0685309],[0.4460988,52.0721175],[0.4381257,52.0723125],[0.4353801,52.0690833],[0.4187851,52.0649053],[0.4046383,52.0655024],[0.39042,52.0602881],[0.3796128,52.0495627],[0.3881893,52.0437174],[0.3896802,52.0364577],[0.3940324,52.0318408],[0.4128404,52.038074],[0.4314187,52.0389356],[0.4304489,52.0205518],[0.4377022,52.0140371],[0.4209663,52.0148353],[0.4138575,52.0116672],[0.4269435,51.9867587],[0.4236225,51.9732172],[0.4141693,51.9740463],[0.4124757,51.9710613],[0.4188207,51.9584936],[0.4256114,51.9582286],[0.4300503,51.9538318],[0.419081,51.941111],[0.4213474,51.9262736],[0.4330158,51.9247984],[0.4346332,51.9208224],[0.4400332,51.9082781],[0.4694342,51.8802715],[0.4677835,51.8782279],[0.4826928,51.8726921],[0.4823007,51.8696337],[0.4907955,51.8703859],[0.5012717,51.864633],[0.5135051,51.8643975],[0.511442,51.8555465],[0.5192623,51.8504492],[0.5249428,51.8492545],[0.5203664,51.8440152],[0.5298293,51.8364791],[0.5302054,51.8296127],[0.5302013,51.8232041],[0.5225318,51.822176],[0.5322762,51.8160865],[0.5341223,51.810836],[0.5247527,51.8096855],[0.5238035,51.8034287],[0.5583978,51.7753984],[0.5720984,51.7519009],[0.5845271,51.7511514],[0.5933656,51.755449],[0.598702,51.7504161],[0.6067477,51.7589427],[0.6143807,51.7608235],[0.6150128,51.7580926],[0.6186926,51.7585484],[0.6186062,51.762565],[0.634983,51.7614336],[0.6375378,51.7576484],[0.6475038,51.7615109],[0.6326815,51.7716226],[0.6336804,51.7771538],[0.6511078,51.7848326],[0.6554452,51.7914313],[0.6566895,51.80152],[0.6598335,51.8036253],[0.6610245,51.8062352],[0.6666678,51.8052268],[0.6700584,51.8094523],[0.6786907,51.8106454],[0.6818522,51.8190964],[0.6972694,51.8291268],[0.7089089,51.8189042],[0.7213321,51.8302361],[0.7118985,51.8345571],[0.7332041,51.8420012],[0.7383489,51.8378548],[0.7415611,51.8412901],[0.7331237,51.8484625],[0.750344,51.853602],[0.7458735,51.8597458],[0.7529257,51.8631325],[0.7407424,51.8706209],[0.7366066,51.8716795],[0.7304609,51.867553],[0.7175617,51.8705306],[0.7235385,51.8739424],[0.718175,51.8779279],[0.7227849,51.8788097],[0.7118624,51.8865353],[0.7105824,51.8951559],[0.7000618,51.8997352],[0.6996838,51.9034854],[0.7226024,51.9035763],[0.7290697,51.9080401],[0.7222216,51.9101856],[0.7401414,51.9316387],[0.7402732,51.9399948],[0.7469202,51.9453706],[0.7497082,51.9547888],[0.7640415,51.95432],[0.7685093,51.9619078],[0.7775761,51.9598848],[0.7814689,51.9665129],[0.772261,51.9704245],[0.7746333,51.9825916],[0.7596677,51.9854291],[0.7610467,51.9975468],[0.7498636,51.9998582],[0.7491591,52.0055504],[0.7386555,52.0105599],[0.7424101,52.016357],[0.739056,52.0323973],[0.7143966,52.0273188],[0.706547,52.0295355],[0.7125314,52.0348973],[0.702444,52.0377178],[0.6988219,52.0367113],[0.6964412,52.0394837],[0.6994001,52.0484381],[0.7162634,52.0486872],[0.7113907,52.053368],[0.7031776,52.0652732],[0.7098795,52.0669872],[0.7121182,52.0722425],[0.7020809,52.079495],[0.6924279,52.0787286],[0.6882534,52.0847756]]],"type":"Polygon"},"id":"E07000067","properties":{"code":"E07000067","geography":"LAD","name":"Braintree"},"type":"Feature"},{"geometry":{"coordinates":[[[0.344969,51.6955195],[0.3339995,51.7170131],[0.3230619,51.7141677],[0.3238266,51.7097954],[0.3074562,51.6942912],[0.3021248,51.6809654],[0.2834784,51.6941114],[0.2741022,51.6968644],[0.266868,51.6958189],[0.2635938,51.6992518],[0.2570121,51.6966949],[0.2550271,51.6902419],[0.2458218,51.6881358],[0.2402257,51.6827507],[0.2321846,51.683358],[0.2390021,51.6741092],[0.2150266,51.6748526],[0.2133009,51.6655344],[0.2067873,51.6644861],[0.2081566,51.6609712],[0.190858,51.6598204],[0.1929903,51.653099],[0.1757026,51.6557919],[0.1946232,51.6409794],[0.2003116,51.6249358],[0.2084967,51.6266877],[0.2240877,51.6317378],[0.2632577,51.609192],[0.2539164,51.6019201],[0.26087,51.6003905],[0.2698665,51.5995544],[0.2698791,51.5924669],[0.2871239,51.57271],[0.2902015,51.5644972],[0.3130351,51.5658181],[0.3437842,51.5678214],[0.3826051,51.5658238],[0.3820311,51.5820847],[0.3812901,51.5850009],[0.3860299,51.5859191],[0.3836092,51.5987243],[0.3751269,51.6151727],[0.3842266,51.6195648],[0.3860778,51.6343465],[0.3948711,51.6444643],[0.4030186,51.6458249],[0.4021788,51.6509822],[0.3968817,51.6536839],[0.4027663,51.6596826],[0.4001477,51.6622697],[0.4125602,51.6708962],[0.4048967,51.6786925],[0.397826,51.6794602],[0.4014978,51.6824214],[0.3920251,51.6914571],[0.3818275,51.6936465],[0.3766976,51.6985034],[0.3605514,51.6903844],[0.344969,51.6955195]]],"type":"Polygon"},"id":"E07000068","properties":{"code":"E07000068","geography":"LAD","name":"Brentwood"},"type":"Feature"},{"geometry":{"coordinates":[[[[0.6251017,51.53658],[0.6242467,51.5365059],[0.609036,51.5348325],[0.6254596,51.5323681],[0.6251017,51.53658]]],[[[0.5565182,51.5444367],[0.5466164,51.5472007],[0.546546,51.5472203],[0.5459307,51.547392],[0.545841,51.5469827],[0.5457927,51.546762],[0.5431095,51.5345068],[0.5344977,51.5304257],[0.5297209,51.5313454],[0.5264078,51.5319831],[0.523835,51.5324594],[0.5218844,51.5315948],[0.5179953,51.5298708],[0.5267037,51.5192142],[0.5381024,51.5199276],[0.5413381,51.5201257],[0.5442186,51.5177259],[0.5465077,51.5169007],[0.5490741,51.5136801],[0.5523638,51.5109385],[0.5535672,51.5099355],[0.5733304,51.507829],[0.5814715,51.5096854],[0.5831397,51.5110655],[0.5856599,51.5131502],[0.5894268,51.5108483],[0.5925826,51.511292],[0.5988993,51.5121835],[0.6033083,51.512799],[0.6038371,51.5128856],[0.6250563,51.5163691],[0.6278312,51.520426],[0.6368576,51.5219537],[0.6237646,51.5212815],[0.6254202,51.521975],[0.625688,51.5220526],[0.62614,51.5222338],[0.6320451,51.5246008],[0.6279901,51.5273898],[0.5961033,51.5304959],[0.5961588,51.5306933],[0.5966349,51.532388],[0.6058392,51.5306972],[0.6016396,51.5348826],[0.5991153,51.5349899],[0.6006715,51.5355075],[0.5940041,51.5363003],[0.5872768,51.5370997],[0.5930214,51.5352487],[0.5779742,51.5358863],[0.5852686,51.5373671],[0.5793639,51.5382234],[0.5785869,51.5383361],[0.5779378,51.5384302],[0.5732653,51.5391076],[0.561094,51.5431426],[0.5584906,51.5439906],[0.5531204,51.5418899],[0.5565182,51.5444367]]],[[[0.6241601,51.5476575],[0.6316852,51.5576449],[0.6355757,51.5606496],[0.6320773,51.5705295],[0.6083882,51.5760562],[0.5986111,51.5769269],[0.5659186,51.5882452],[0.5660393,51.5881329],[0.568426,51.5865779],[0.557592,51.5806093],[0.5451446,51.5747604],[0.5438025,51.5672837],[0.5385867,51.5543126],[0.5442803,51.5463972],[0.5450338,51.5476301],[0.547583,51.5476889],[0.5541695,51.5455623],[0.564672,51.5421702],[0.5653879,51.5419389],[0.5670267,51.5417052],[0.5782809,51.5400993],[0.5875907,51.5387702],[0.5878128,51.5387296],[0.594077,51.5375843],[0.5959875,51.5372349],[0.6032358,51.535909],[0.6084703,51.5349512],[0.6250085,51.5376772],[0.6241601,51.5476575]]]],"type":"MultiPolygon"},"id":"E07000069","properties":{"code":"E07000069","geography":"LAD","name":"Castle Point"},"type":"Feature"},{"geometry":{"coordinates":[[[[0.6086532,51.6292844],[0.6071947,51.6291619],[0.6068013,51.6291289],[0.6072799,51.628988],[0.6086532,51.6292844]]],[[[0.4225793,51.8449628],[0.4240778,51.8540733],[0.4181186,51.8572571],[0.4129959,51.8563226],[0.4139218,51.8455652],[0.4119856,51.8437299],[0.4079905,51.8461877],[0.40393,51.8420341],[0.4099859,51.8365774],[0.4065641,51.8354874],[0.410874,51.8341824],[0.4063516,51.8287317],[0.4146341,51.816053],[0.4130531,51.8132164],[0.4049517,51.8124894],[0.404615,51.8074224],[0.4035788,51.8128637],[0.4000303,51.8127617],[0.398877,51.8074974],[0.3900062,51.8050863],[0.3841652,51.7970744],[0.3783176,51.7979879],[0.3827871,51.7998192],[0.3615701,51.8011501],[0.3590452,51.7981298],[0.3626172,51.794907],[0.3405813,51.7944782],[0.337699,51.7902612],[0.3407694,51.7864366],[0.3349537,51.7857106],[0.3321981,51.7796294],[0.3352642,51.775922],[0.3481018,51.7732003],[0.3467005,51.7675961],[0.3411139,51.7520121],[0.3474513,51.7304398],[0.3339995,51.7170131],[0.344969,51.6955195],[0.3605514,51.6903844],[0.3766976,51.6985034],[0.3818275,51.6936465],[0.3920251,51.6914571],[0.4014978,51.6824214],[0.397826,51.6794602],[0.4048967,51.6786925],[0.4125602,51.6708962],[0.4001477,51.6622697],[0.4027663,51.6596826],[0.3968817,51.6536839],[0.4021788,51.6509822],[0.4353844,51.6489625],[0.4468223,51.6419835],[0.4428934,51.6369977],[0.4468284,51.626669],[0.4630748,51.6236178],[0.4814647,51.6255581],[0.5048295,51.6217165],[0.504821,51.6243724],[0.5128955,51.6266309],[0.5202602,51.62541],[0.5208226,51.6187914],[0.5409881,51.6208767],[0.5444325,51.6179052],[0.5624753,51.6178526],[0.5664823,51.6225881],[0.5783189,51.624989],[0.5870149,51.6233665],[0.5880414,51.6308449],[0.6051741,51.6296078],[0.6062012,51.6293055],[0.6066788,51.6294678],[0.606919,51.6295453],[0.606995,51.6295699],[0.6077582,51.6298163],[0.6269103,51.6334507],[0.6426104,51.6326469],[0.6466998,51.6366323],[0.6303868,51.6374856],[0.629607,51.6393385],[0.6287894,51.6394522],[0.6276032,51.6499281],[0.6234788,51.6639149],[0.6197659,51.6753399],[0.6088367,51.6819471],[0.6106895,51.6926738],[0.6125849,51.6987986],[0.6045641,51.7003878],[0.602012,51.7088515],[0.6111532,51.7227873],[0.5953671,51.725783],[0.5894982,51.7301727],[0.5951578,51.7340607],[0.5933656,51.755449],[0.5845271,51.7511514],[0.5720984,51.7519009],[0.5583978,51.7753984],[0.5238035,51.8034287],[0.5247527,51.8096855],[0.5341223,51.810836],[0.5322762,51.8160865],[0.5225318,51.822176],[0.5302013,51.8232041],[0.5302054,51.8296127],[0.5298293,51.8364791],[0.5203664,51.8440152],[0.5249428,51.8492545],[0.5192623,51.8504492],[0.4867992,51.8426488],[0.4864228,51.8399274],[0.4671162,51.8395875],[0.4619056,51.8346049],[0.4530553,51.8346297],[0.4457732,51.8288792],[0.4394573,51.8324618],[0.4313705,51.8316472],[0.4225793,51.8449628]]]],"type":"MultiPolygon"},"id":"E07000070","properties":{"code":"E07000070","geography":"LAD","name":"Chelmsford"},"type":"Feature"},{"geometry":{"coordinates":[[[[0.9651274,51.8088286],[0.9453566,51.8068363],[0.9445937,51.8057644],[0.943612,51.8069357],[0.926478,51.8015688],[0.9195371,51.7940606],[0.9018725,51.7861563],[0.898099,51.7797315],[0.9022468,51.7743722],[0.9457913,51.7747258],[0.9966137,51.7912455],[1.0058461,51.7994569],[0.9933362,51.8035311],[0.9747795,51.804389],[0.9651274,51.8088286]]],[[[0.9619057,51.9769303],[0.942911,51.9706903],[0.9293866,51.9714387],[0.9252398,51.9761644],[0.8897486,51.9734241],[0.8865657,51.968445],[0.8776476,51.9665139],[0.8669072,51.9691998],[0.8502401,51.9607666],[0.82465,51.9685496],[0.8152816,51.9670535],[0.8108771,51.9606961],[0.7872103,51.9631007],[0.7851474,51.9674682],[0.7814689,51.9665129],[0.7775761,51.9598848],[0.7685093,51.9619078],[0.7640415,51.95432],[0.7497082,51.9547888],[0.7469202,51.9453706],[0.7402732,51.9399948],[0.7401414,51.9316387],[0.7222216,51.9101856],[0.7290697,51.9080401],[0.7226024,51.9035763],[0.6996838,51.9034854],[0.7000618,51.8997352],[0.7105824,51.8951559],[0.7118624,51.8865353],[0.7227849,51.8788097],[0.718175,51.8779279],[0.7235385,51.8739424],[0.7175617,51.8705306],[0.7304609,51.867553],[0.7366066,51.8716795],[0.7407424,51.8706209],[0.7529257,51.8631325],[0.7458735,51.8597458],[0.750344,51.853602],[0.7331237,51.8484625],[0.7415611,51.8412901],[0.7383489,51.8378548],[0.7332041,51.8420012],[0.7118985,51.8345571],[0.7213321,51.8302361],[0.7089089,51.8189042],[0.7107917,51.8173436],[0.7216637,51.8100054],[0.7133299,51.8084596],[0.7190362,51.805162],[0.718171,51.797363],[0.7542302,51.8009692],[0.7790897,51.8115632],[0.8118548,51.7991191],[0.8081116,51.7933186],[0.8159291,51.7892471],[0.8057305,51.7919481],[0.8039292,51.7897049],[0.8402394,51.7792556],[0.8525884,51.7828494],[0.8433066,51.7807643],[0.8374677,51.784207],[0.8416041,51.7823047],[0.8515488,51.7862873],[0.8595952,51.7857519],[0.8561968,51.7874165],[0.8722134,51.7832064],[0.8712283,51.784272],[0.8785279,51.7857474],[0.8934277,51.7744386],[0.8946576,51.7898231],[0.8947534,51.7910204],[0.8972483,51.7890351],[0.8985943,51.7901226],[0.9013217,51.7923262],[0.8996007,51.7887873],[0.9254052,51.8027],[0.9371525,51.8058598],[0.9232592,51.8061675],[0.9198929,51.8079105],[0.9252579,51.8083097],[0.9274766,51.8075546],[0.9695889,51.8127327],[0.991239,51.8071992],[0.9666185,51.8194425],[0.9512139,51.8233767],[0.9435397,51.8221643],[0.9492392,51.824653],[0.9641664,51.821993],[0.9629399,51.8282685],[0.9525545,51.8332858],[0.9640564,51.8290021],[0.9663726,51.8222809],[0.9823226,51.8173587],[0.9744228,51.8288167],[0.9784211,51.8381502],[0.977622,51.8408885],[0.9760161,51.8463902],[0.9575973,51.8533218],[0.9554686,51.8541226],[0.9662011,51.8517756],[0.9665819,51.851658],[0.9781043,51.8540433],[0.9739785,51.8604561],[0.97937,51.8695241],[0.9765947,51.8733223],[0.9528532,51.8803102],[0.9581203,51.8811167],[0.9626203,51.8913874],[0.9530979,51.8917081],[0.9488091,51.8967525],[0.951732,51.8992693],[0.9571431,51.9036484],[0.9441392,51.9062248],[0.9480035,51.9100124],[0.9315112,51.9132296],[0.932242,51.9182137],[0.9352841,51.9225062],[0.9492277,51.9350185],[0.9692692,51.9397245],[0.9855278,51.9397368],[1.0057335,51.935605],[1.0228207,51.946459],[1.024712,51.9549024],[1.0115615,51.9550698],[1.001264,51.9634048],[0.9709827,51.9624078],[0.9713049,51.9698042],[0.9619057,51.9769303]]]],"type":"MultiPolygon"},"id":"E07000071","properties":{"code":"E07000071","geography":"LAD","name":"Colchester"},"type":"Feature"},{"geometry":{"coordinates":[[[0.1885681,51.8192779],[0.1662516,51.822154],[0.1647318,51.8192405],[0.1730218,51.8188807],[0.172583,51.8163044],[0.1670084,51.8132796],[0.1583088,51.813517],[0.1507669,51.7970495],[0.1461412,51.7962438],[0.1474199,51.793457],[0.1535693,51.7938003],[0.1550372,51.7858051],[0.168019,51.782784],[0.1606337,51.7725955],[0.1560235,51.7682602],[0.1546355,51.7670528],[0.1473966,51.7575677],[0.1313764,51.7529322],[0.1266101,51.7521408],[0.1268247,51.7491254],[0.1080134,51.7455048],[0.107468,51.7473563],[0.0974359,51.7432634],[0.1000827,51.7393326],[0.0842865,51.73469],[0.0807521,51.74139],[0.063952,51.751453],[0.0674666,51.7614052],[0.05846,51.7611461],[0.0553547,51.7706293],[0.0540688,51.7755355],[0.0612252,51.7780568],[0.0576635,51.7796739],[0.0423234,51.7751305],[0.0267994,51.7741799],[0.0140291,51.76438],[0.0129923,51.7574655],[0.0041706,51.7553716],[0.0012574,51.7451365],[-0.0062338,51.7417099],[-0.0129801,51.7427513],[-0.0137473,51.7354002],[-0.0141203,51.7231208],[-0.0154995,51.7153277],[-0.0175788,51.7074034],[-0.0197304,51.7032743],[-0.0184961,51.6984342],[-0.0119187,51.6808778],[-0.0103284,51.6766647],[-0.0098314,51.6617705],[-0.0118373,51.6488475],[-0.0122597,51.6462287],[0.0010673,51.6417624],[0.0227195,51.6411155],[0.0251592,51.6372894],[0.0252244,51.6352496],[0.021819,51.6288328],[0.0407878,51.6157288],[0.0536728,51.6182791],[0.0479562,51.6133026],[0.0586553,51.6091017],[0.0728119,51.6046819],[0.0793691,51.6070385],[0.0888366,51.6048597],[0.0946532,51.6107908],[0.0922849,51.6135743],[0.0980684,51.6154216],[0.1038379,51.6125514],[0.1167102,51.6169216],[0.1193073,51.6153685],[0.1381842,51.6235454],[0.1510734,51.623247],[0.1689013,51.6214202],[0.181238,51.6258266],[0.2003116,51.6249358],[0.1946232,51.6409794],[0.1757026,51.6557919],[0.1929903,51.653099],[0.190858,51.6598204],[0.2081566,51.6609712],[0.2067873,51.6644861],[0.2133009,51.6655344],[0.2150266,51.6748526],[0.2390021,51.6741092],[0.2321846,51.683358],[0.2402257,51.6827507],[0.2458218,51.6881358],[0.2550271,51.6902419],[0.2570121,51.6966949],[0.2635938,51.6992518],[0.266868,51.6958189],[0.2741022,51.6968644],[0.2834784,51.6941114],[0.3021248,51.6809654],[0.3074562,51.6942912],[0.3238266,51.7097954],[0.3230619,51.7141677],[0.3339995,51.7170131],[0.3474513,51.7304398],[0.3411139,51.7520121],[0.3467005,51.7675961],[0.3216387,51.7699329],[0.3200821,51.7725634],[0.3129658,51.7688422],[0.2993657,51.7718599],[0.3028299,51.7774072],[0.2964563,51.7805607],[0.2974607,51.7899664],[0.2813858,51.7894971],[0.257499,51.7818702],[0.2376776,51.7797753],[0.2368397,51.7861329],[0.2409131,51.7883873],[0.2357469,51.7886352],[0.231482,51.7951509],[0.225747,51.7944942],[0.2186446,51.7981545],[0.2073324,51.7920992],[0.1966343,51.7957968],[0.1885681,51.8192779]]],"type":"Polygon"},"id":"E07000072","properties":{"code":"E07000072","geography":"LAD","name":"Epping Forest"},"type":"Feature"},{"geometry":{"coordinates":[[[0.1461412,51.7962438],[0.1324523,51.7958525],[0.1111535,51.788451],[0.1073205,51.7879397],[0.0992545,51.7832308],[0.0897489,51.7840368],[0.0636837,51.7839532],[0.0576635,51.7796739],[0.0612252,51.7780568],[0.0540688,51.7755355],[0.0553547,51.7706293],[0.05846,51.7611461],[0.0674666,51.7614052],[0.063952,51.751453],[0.0807521,51.74139],[0.0842865,51.73469],[0.1000827,51.7393326],[0.0974359,51.7432634],[0.107468,51.7473563],[0.1080134,51.7455048],[0.1268247,51.7491254],[0.1266101,51.7521408],[0.1313764,51.7529322],[0.1473966,51.7575677],[0.1546355,51.7670528],[0.1560235,51.7682602],[0.1606337,51.7725955],[0.168019,51.782784],[0.1550372,51.7858051],[0.1535693,51.7938003],[0.1474199,51.793457],[0.1461412,51.7962438]]],"type":"Polygon"},"id":"E07000073","properties":{"code":"E07000073","geography":"LAD","name":"Harlow"},"type":"Feature"},{"geometry":{"coordinates":[[[[0.74642,51.6354105],[0.7456355,51.638712],[0.7387351,51.6374171],[0.7458348,51.6353375],[0.7464825,51.6351478],[0.74642,51.6354105]]],[[[0.7594585,51.6414874],[0.7518744,51.6421561],[0.748608,51.6375299],[0.752419,51.6414112],[0.7560241,51.6414503],[0.7585693,51.6410173],[0.7563023,51.6398187],[0.7496883,51.636321],[0.7627694,51.6403027],[0.7594585,51.6414874]]],[[[0.7465332,51.6405539],[0.749936,51.6424912],[0.7414682,51.640174],[0.71812,51.641795],[0.7126802,51.6382103],[0.7126245,51.6381736],[0.7114618,51.6374073],[0.7123168,51.6374709],[0.7255345,51.6384538],[0.7376548,51.6342645],[0.7325873,51.6395697],[0.7453871,51.6399014],[0.7465332,51.6405539]]],[[[0.7877453,51.7223401],[0.7779608,51.7265678],[0.7562689,51.7267423],[0.754509,51.7245451],[0.7723286,51.7186613],[0.7877453,51.7223401]]],[[[0.7218978,51.7305251],[0.7104619,51.7185644],[0.7290675,51.7183476],[0.7283383,51.7229253],[0.7241847,51.7220729],[0.7286078,51.7257907],[0.7249275,51.7270804],[0.7244002,51.7249332],[0.7218978,51.7305251]]],[[[0.7190362,51.805162],[0.7133299,51.8084596],[0.7216637,51.8100054],[0.7107917,51.8173436],[0.7089089,51.8189042],[0.6972694,51.8291268],[0.6818522,51.8190964],[0.6786907,51.8106454],[0.6700584,51.8094523],[0.6666678,51.8052268],[0.6610245,51.8062352],[0.6598335,51.8036253],[0.6566895,51.80152],[0.6554452,51.7914313],[0.6511078,51.7848326],[0.6336804,51.7771538],[0.6326815,51.7716226],[0.6475038,51.7615109],[0.6375378,51.7576484],[0.634983,51.7614336],[0.6186062,51.762565],[0.6186926,51.7585484],[0.6150128,51.7580926],[0.6143807,51.7608235],[0.6067477,51.7589427],[0.598702,51.7504161],[0.5933656,51.755449],[0.5951578,51.7340607],[0.5894982,51.7301727],[0.5953671,51.725783],[0.6111532,51.7227873],[0.602012,51.7088515],[0.6045641,51.7003878],[0.6125849,51.6987986],[0.6106895,51.6926738],[0.6088367,51.6819471],[0.6197659,51.6753399],[0.6234788,51.6639149],[0.6276032,51.6499281],[0.6287894,51.6394522],[0.629607,51.6393385],[0.6295788,51.6395985],[0.6578746,51.6378611],[0.6584577,51.6434544],[0.6504709,51.6457286],[0.6503806,51.6484413],[0.6666501,51.642577],[0.6648348,51.6408816],[0.6599177,51.6430589],[0.6621079,51.6369962],[0.6919881,51.637011],[0.6959164,51.6392483],[0.7090372,51.6366925],[0.7107399,51.6394055],[0.7110608,51.6399167],[0.7169333,51.6430042],[0.7420098,51.6412412],[0.7462398,51.645649],[0.7454688,51.6432964],[0.7619179,51.6441523],[0.77644,51.6360344],[0.7771607,51.6356288],[0.7952,51.6255196],[0.8029089,51.6258763],[0.8029841,51.6293677],[0.8043788,51.6261163],[0.8228793,51.6231132],[0.8383878,51.6240416],[0.8595816,51.6212281],[0.8879697,51.6236734],[0.8919967,51.6240197],[0.901921,51.6227348],[0.9257399,51.6287113],[0.926547,51.6289482],[0.9351682,51.634876],[0.9371288,51.6362237],[0.9374437,51.6518926],[0.9379681,51.6525352],[0.9394444,51.6543438],[0.9342391,51.6538318],[0.9396299,51.6544839],[0.9392215,51.6563964],[0.9347624,51.6550824],[0.9399619,51.6591885],[0.9365263,51.6600219],[0.9418498,51.6602916],[0.9356553,51.6610888],[0.9422276,51.6605879],[0.9423158,51.6618968],[0.9430159,51.6722803],[0.9500578,51.6834964],[0.9395175,51.6986172],[0.9506915,51.72288],[0.9505723,51.730832],[0.9427503,51.7398036],[0.9277478,51.7481157],[0.8995238,51.7448853],[0.8955952,51.7433045],[0.8907041,51.741336],[0.8862906,51.73301],[0.8752643,51.7251526],[0.8481783,51.7157052],[0.8341675,51.7149946],[0.8197261,51.7210812],[0.8058821,51.7177989],[0.8013375,51.7181005],[0.7943173,51.7172577],[0.7908092,51.710301],[0.7975605,51.707945],[0.7908209,51.7090569],[0.7902172,51.7063048],[0.7853551,51.7081452],[0.771582,51.7040613],[0.7754383,51.701585],[0.774434,51.6959701],[0.7754745,51.6933219],[0.7797826,51.6927863],[0.7759085,51.691553],[0.7772057,51.6909954],[0.7781307,51.6852031],[0.7733821,51.6875757],[0.7768727,51.688792],[0.7734579,51.6889119],[0.7762883,51.6892393],[0.7722075,51.6940499],[0.7721772,51.7017131],[0.7721691,51.7017446],[0.766057,51.700857],[0.75921,51.6998513],[0.7574283,51.6949738],[0.7562794,51.6917289],[0.7518284,51.688609],[0.7515407,51.688705],[0.7512295,51.6885039],[0.7427469,51.6892],[0.7378347,51.6872044],[0.7420665,51.6914353],[0.7398854,51.6927581],[0.7392173,51.6915107],[0.7383234,51.6937103],[0.7383019,51.6937733],[0.7384292,51.6936943],[0.7401333,51.693221],[0.7405727,51.6940414],[0.748283,51.6909572],[0.7469415,51.6946148],[0.7542384,51.6953595],[0.7498377,51.700329],[0.7691855,51.7083592],[0.7546672,51.7099985],[0.7519749,51.7076899],[0.7513253,51.7066457],[0.7460337,51.7048637],[0.7515088,51.7075722],[0.7480305,51.7102735],[0.7437598,51.7065168],[0.746996,51.7114548],[0.7178343,51.7162396],[0.7161998,51.7136121],[0.7101838,51.7139157],[0.7110682,51.7147803],[0.7120629,51.7157529],[0.6973445,51.7228307],[0.6993186,51.7261679],[0.688672,51.7285676],[0.6871588,51.7317671],[0.6864719,51.7332193],[0.6895589,51.7304245],[0.6900569,51.7323719],[0.7021762,51.7279225],[0.7053757,51.7238566],[0.7146054,51.7341203],[0.7128901,51.7375002],[0.7355166,51.7294784],[0.7394009,51.7298134],[0.7375659,51.7325949],[0.737516,51.7326705],[0.738274,51.732532],[0.7430585,51.7313166],[0.7447854,51.7309397],[0.7499111,51.7322219],[0.7509595,51.7325303],[0.7477697,51.7321511],[0.7473142,51.7320803],[0.7477598,51.7340807],[0.7450013,51.7334466],[0.7449992,51.7364451],[0.7455397,51.7363845],[0.754885,51.7353366],[0.7551713,51.7353045],[0.7631414,51.7386967],[0.7614322,51.7411158],[0.7604532,51.7424826],[0.7615427,51.7422073],[0.7673903,51.7389139],[0.7746168,51.7388585],[0.7714724,51.7412942],[0.7769028,51.7439849],[0.7793912,51.7389039],[0.7886323,51.7366533],[0.7967366,51.7400483],[0.789045,51.7376382],[0.7922876,51.7451636],[0.8112154,51.738851],[0.8224334,51.7386542],[0.8226133,51.740827],[0.8250648,51.7383955],[0.8348487,51.7387386],[0.8524304,51.7416124],[0.8483012,51.7464017],[0.847436,51.7474051],[0.8486534,51.7469073],[0.8562483,51.7438013],[0.8827105,51.7576523],[0.8618332,51.7631102],[0.8503567,51.7571285],[0.860734,51.7642926],[0.8422715,51.7648334],[0.8453404,51.7675103],[0.8409647,51.7702163],[0.8562023,51.7677243],[0.8424811,51.7722482],[0.8389186,51.7710374],[0.8396509,51.7732085],[0.8345831,51.7704433],[0.8367248,51.7738722],[0.8398903,51.7736802],[0.8513685,51.7705129],[0.8512534,51.7740899],[0.8574333,51.775001],[0.86036,51.7688527],[0.8831017,51.7638575],[0.8946088,51.7663024],[0.8849597,51.7682611],[0.8866324,51.770804],[0.8907014,51.7697119],[0.8772333,51.7793539],[0.8579315,51.7840493],[0.8525884,51.7828494],[0.8402394,51.7792556],[0.8039292,51.7897049],[0.8057305,51.7919481],[0.8159291,51.7892471],[0.8081116,51.7933186],[0.8118548,51.7991191],[0.7790897,51.8115632],[0.7542302,51.8009692],[0.718171,51.797363],[0.7190362,51.805162]]]],"type":"MultiPolygon"},"id":"E07000074","properties":{"code":"E07000074","geography":"LAD","name":"Maldon"},"type":"Feature"},{"geometry":{"coordinates":[[[[0.8402834,51.5608704],[0.8339065,51.5700259],[0.8321852,51.5742821],[0.8289245,51.5722579],[0.8257797,51.5644667],[0.8314084,51.5602297],[0.8402834,51.5608704]]],[[[0.8374915,51.5851768],[0.8363535,51.5949034],[0.8301438,51.5959663],[0.8183396,51.5941144],[0.8083169,51.585834],[0.8080661,51.5856267],[0.8081888,51.5850192],[0.8093809,51.5791159],[0.8155746,51.5769375],[0.8229497,51.564882],[0.8374915,51.5851768]]],[[[0.9553169,51.6131648],[0.9575166,51.6205323],[0.9007687,51.6137496],[0.8874561,51.6155851],[0.8832425,51.6161656],[0.8743746,51.6141509],[0.8668258,51.5951864],[0.8586568,51.592495],[0.8379975,51.593619],[0.8400782,51.582023],[0.8464765,51.582672],[0.8484335,51.578302],[0.857915,51.5772529],[0.8634004,51.5718622],[0.8572771,51.5764725],[0.8478541,51.5776235],[0.8455464,51.5821117],[0.8386497,51.5814784],[0.8327251,51.5757691],[0.8401464,51.5616365],[0.8536167,51.5569403],[0.8663701,51.5589408],[0.8792138,51.5688813],[0.8845269,51.5693924],[0.8865728,51.5695891],[0.9298669,51.5924464],[0.9553169,51.6131648]]],[[[0.7640947,51.6368782],[0.7494739,51.6311753],[0.7339169,51.6309652],[0.7219761,51.6357781],[0.711376,51.6337184],[0.7101761,51.6337514],[0.6568379,51.635206],[0.6567894,51.6352074],[0.6571299,51.6330592],[0.6515932,51.6359086],[0.6469003,51.633401],[0.6474973,51.6299164],[0.6371969,51.6316777],[0.6086532,51.6292844],[0.6072799,51.628988],[0.6068013,51.6291289],[0.605314,51.6290039],[0.6062012,51.6293055],[0.6051741,51.6296078],[0.5880414,51.6308449],[0.5870149,51.6233665],[0.5783189,51.624989],[0.5664823,51.6225881],[0.5624753,51.6178526],[0.561622,51.6124762],[0.556646,51.6083947],[0.5515454,51.6088483],[0.5497846,51.5981809],[0.5655667,51.5938585],[0.563742,51.5915862],[0.5659186,51.5882452],[0.5986111,51.5769269],[0.6083882,51.5760562],[0.6320773,51.5705295],[0.6322208,51.5707151],[0.6389509,51.5768011],[0.6439553,51.5750849],[0.6678332,51.5722078],[0.7050186,51.567119],[0.7183917,51.5609458],[0.7390263,51.5593504],[0.7520925,51.5583619],[0.753154,51.5548671],[0.7698613,51.5517835],[0.7866899,51.5529434],[0.7867988,51.5472675],[0.7889906,51.5424441],[0.8108682,51.5401321],[0.8148693,51.5437318],[0.8191684,51.5422065],[0.8211531,51.5406052],[0.8211876,51.5406246],[0.8486197,51.551392],[0.8505005,51.5566222],[0.8401252,51.560162],[0.8296073,51.5585517],[0.8245978,51.5635804],[0.817823,51.5619967],[0.821012,51.5643746],[0.8143822,51.5764454],[0.8080624,51.578732],[0.7956688,51.5745985],[0.8099139,51.5698097],[0.8082207,51.5671359],[0.803774,51.5672234],[0.8070219,51.5696496],[0.8018833,51.5720767],[0.7992155,51.5709476],[0.7991392,51.5709153],[0.7934747,51.5763344],[0.8067791,51.5797152],[0.8059325,51.586122],[0.764634,51.5805515],[0.7610424,51.5763623],[0.7597387,51.5789068],[0.7531114,51.5791966],[0.7477271,51.5794318],[0.7442029,51.5787313],[0.7136591,51.5726549],[0.7255918,51.5771351],[0.7233862,51.5787227],[0.7218345,51.5798396],[0.7511021,51.5803907],[0.7511866,51.5803923],[0.7584541,51.580528],[0.7586593,51.5811878],[0.7597629,51.5847351],[0.7511104,51.5864018],[0.7542617,51.588113],[0.7646432,51.5832243],[0.8042452,51.5893399],[0.8191106,51.5976098],[0.8162876,51.6022476],[0.8211705,51.5987385],[0.8625265,51.5960522],[0.8661382,51.5992172],[0.8657471,51.6155698],[0.7850839,51.6236195],[0.7794436,51.618831],[0.7844188,51.6242964],[0.7640947,51.6368782]]]],"type":"MultiPolygon"},"id":"E07000075","properties":{"code":"E07000075","geography":"LAD","name":"Rochford"},"type":"Feature"},{"geometry":{"coordinates":[[[[1.2634558,51.8639899],[1.267661,51.8647979],[1.2680561,51.8648738],[1.2681482,51.8648915],[1.2681264,51.8649368],[1.268054,51.8650875],[1.2646107,51.8722494],[1.2544689,51.8736189],[1.2518579,51.8694763],[1.2587989,51.8687184],[1.2632845,51.8640195],[1.263335,51.8639666],[1.2634558,51.8639899]]],[[[1.263682,51.8749416],[1.2622146,51.8806942],[1.2596425,51.8755991],[1.2546454,51.8756206],[1.2635353,51.8729897],[1.263682,51.8749416]]],[[[1.2570354,51.8837322],[1.2382511,51.8812147],[1.2386268,51.8789017],[1.2364433,51.8819444],[1.2294246,51.8814278],[1.2259112,51.8750671],[1.2445576,51.868838],[1.2460714,51.8745634],[1.2502614,51.8769697],[1.2483313,51.8742343],[1.2540882,51.876737],[1.2590147,51.8763199],[1.2570354,51.8837322]]],[[[1.2271648,51.8882015],[1.2256709,51.8886526],[1.2209084,51.8882768],[1.2261528,51.8882137],[1.2295447,51.8851239],[1.2120003,51.8809697],[1.2297586,51.8849291],[1.2297897,51.8851819],[1.2271648,51.8882015]]],[[[1.2235349,51.8982219],[1.2190713,51.8975584],[1.2186504,51.8974958],[1.2238606,51.8965468],[1.2288967,51.8956292],[1.2235349,51.8982219]]],[[[1.2318312,51.9017529],[1.2286677,51.8984561],[1.2342459,51.89297],[1.2308655,51.8882626],[1.2424882,51.8864927],[1.2349952,51.8911388],[1.244642,51.8880622],[1.244618,51.8955139],[1.2347418,51.8966747],[1.2381819,51.8965197],[1.2318312,51.9017529]]],[[[1.048105,51.9593992],[1.024712,51.9549024],[1.0228207,51.946459],[1.0057335,51.935605],[0.9855278,51.9397368],[0.9692692,51.9397245],[0.9492277,51.9350185],[0.9352841,51.9225062],[0.932242,51.9182137],[0.9315112,51.9132296],[0.9480035,51.9100124],[0.9441392,51.9062248],[0.9571431,51.9036484],[0.951732,51.8992693],[0.9488091,51.8967525],[0.9530979,51.8917081],[0.9626203,51.8913874],[0.9581203,51.8811167],[0.9528532,51.8803102],[0.9765947,51.8733223],[0.97937,51.8695241],[0.9739785,51.8604561],[0.9781043,51.8540433],[0.9665819,51.851658],[0.9715898,51.8501123],[0.9804186,51.8471547],[0.984301,51.8407191],[0.9854944,51.8387406],[0.9893624,51.8376044],[0.9883205,51.8366034],[0.9826897,51.8311921],[0.9936519,51.8164151],[1.0106022,51.8056301],[1.0396735,51.8056005],[1.0602313,51.8116041],[1.0634972,51.818281],[1.0636261,51.8185446],[1.0610131,51.8221656],[1.0595559,51.8241847],[1.0632887,51.820587],[1.0677973,51.8210882],[1.0674395,51.8204062],[1.0621827,51.8103823],[1.0444325,51.8031281],[1.046534,51.8024576],[1.0297699,51.8003869],[1.0207822,51.8031519],[1.0176114,51.8006619],[1.037152,51.7906069],[1.0370941,51.7854944],[1.0411807,51.7838768],[1.0362862,51.7848374],[1.0355898,51.7874742],[1.0322071,51.7862106],[1.0292438,51.7886911],[1.0330053,51.7783094],[1.0426824,51.7699096],[1.0945554,51.7719409],[1.1244236,51.775452],[1.1501525,51.7847771],[1.1548221,51.7867949],[1.1550174,51.7868793],[1.1612499,51.7895719],[1.1613325,51.7896075],[1.1727934,51.793701],[1.1788359,51.7958573],[1.1855606,51.7979307],[1.1892929,51.7990811],[1.1960372,51.8011596],[1.2316773,51.817076],[1.2317477,51.8171075],[1.2318865,51.8171694],[1.2387619,51.8212463],[1.2392201,51.8216101],[1.2542699,51.8335548],[1.2606417,51.8386094],[1.2626153,51.8401435],[1.2872267,51.8592632],[1.2922494,51.8703901],[1.2862645,51.8766623],[1.2834439,51.8767291],[1.26369,51.8862128],[1.263559,51.8827616],[1.271636,51.8820909],[1.2664928,51.8812914],[1.2703341,51.877039],[1.2677886,51.877099],[1.2734828,51.8621122],[1.2701607,51.8569699],[1.2749322,51.8548717],[1.2697517,51.8560567],[1.2690662,51.8517521],[1.2654519,51.8558902],[1.2714248,51.8605973],[1.2662362,51.8619433],[1.2714586,51.8623035],[1.2600841,51.8633744],[1.2600344,51.8633791],[1.2587195,51.8635029],[1.2525311,51.8637471],[1.2537911,51.8580583],[1.24937,51.8565527],[1.2497135,51.8568256],[1.2499611,51.8570223],[1.2523853,51.8589481],[1.2492937,51.8623068],[1.2431387,51.859218],[1.2356212,51.8614993],[1.2324078,51.8550741],[1.2281879,51.8588468],[1.2281248,51.8589033],[1.2322765,51.8629684],[1.2252827,51.8649504],[1.2301494,51.8679891],[1.2284943,51.8726082],[1.2127575,51.8699489],[1.2217726,51.8720775],[1.2244242,51.8805811],[1.2077805,51.8708772],[1.1943908,51.871129],[1.1782144,51.8714311],[1.19234,51.8717581],[1.1945179,51.8729216],[1.1996921,51.8756857],[1.1971118,51.877329],[1.2097864,51.8784947],[1.210864,51.8791578],[1.2112068,51.8805615],[1.2062892,51.8818101],[1.2105095,51.8795318],[1.2025488,51.8781569],[1.1990163,51.8847875],[1.2122596,51.8863763],[1.2125165,51.8903844],[1.2283091,51.8905383],[1.2301233,51.8941249],[1.2189064,51.8958766],[1.2121681,51.8969283],[1.2127487,51.89718],[1.2297565,51.9045505],[1.2400742,51.9026305],[1.231661,51.9024618],[1.2399845,51.8965789],[1.2443835,51.8969801],[1.2434739,51.9001928],[1.2467298,51.8961112],[1.2533439,51.9032578],[1.2541308,51.9041078],[1.2589114,51.9152815],[1.2540351,51.9181212],[1.2550207,51.9180638],[1.2586,51.9165242],[1.2590032,51.9163484],[1.259734,51.9167533],[1.2618263,51.9179125],[1.2729983,51.9280979],[1.2732519,51.9282794],[1.2821429,51.9346413],[1.2853253,51.9369178],[1.2896867,51.9364015],[1.2913349,51.9369497],[1.2929249,51.9365406],[1.2964184,51.9356613],[1.2901315,51.9381669],[1.291692,51.9492867],[1.2844046,51.9465029],[1.2848305,51.9450546],[1.2768664,51.9447127],[1.2805634,51.9404138],[1.2775464,51.9399042],[1.274608,51.9394077],[1.2640552,51.9452932],[1.2629134,51.9459298],[1.2541423,51.9471808],[1.2419578,51.9468322],[1.2365005,51.9441635],[1.2351644,51.9435101],[1.2320113,51.9447929],[1.2328846,51.9406338],[1.227413,51.9394741],[1.2172864,51.9398226],[1.2191412,51.9449129],[1.2140783,51.9403204],[1.2058765,51.9427837],[1.1994631,51.9425195],[1.1810304,51.9417582],[1.1706247,51.9479986],[1.1503672,51.9458948],[1.13631,51.9404781],[1.1194385,51.9400398],[1.0982055,51.943749],[1.0848014,51.9456915],[1.0812178,51.9446823],[1.079305,51.9464875],[1.0755775,51.9470272],[1.0618768,51.9459455],[1.0599341,51.9486186],[1.0539197,51.9529994],[1.0621054,51.9491734],[1.048105,51.9593992]]]],"type":"MultiPolygon"},"id":"E07000076","properties":{"code":"E07000076","geography":"LAD","name":"Tendring"},"type":"Feature"},{"geometry":{"coordinates":[[[0.2864317,52.0902499],[0.2762308,52.0926579],[0.2520273,52.0770625],[0.235208,52.089],[0.2101351,52.0916349],[0.2034594,52.0926742],[0.1939699,52.0754814],[0.1831944,52.0731835],[0.1899163,52.0621996],[0.1863734,52.0566613],[0.1675703,52.0549998],[0.1663961,52.0481908],[0.1607567,52.04844],[0.1605775,52.0520987],[0.1526345,52.0503179],[0.1511472,52.0528716],[0.1281352,52.0473226],[0.1190775,52.0599626],[0.1057362,52.0602611],[0.1011467,52.0388517],[0.0941951,52.0328742],[0.0922543,52.021654],[0.0790626,52.007722],[0.0712505,52.0082373],[0.0681561,52.0057631],[0.0743218,52.0008609],[0.069061,51.9840426],[0.0768453,51.9808122],[0.0964606,51.984326],[0.0978454,51.9772098],[0.107012,51.9718179],[0.1056099,51.9634864],[0.1147362,51.9558357],[0.1202705,51.9265685],[0.1248601,51.923539],[0.1217645,51.9111951],[0.1247614,51.8845855],[0.1395836,51.8853833],[0.1415035,51.8881963],[0.1469821,51.8866991],[0.179349,51.8955541],[0.1839013,51.8933672],[0.1760386,51.8872771],[0.1749171,51.8827851],[0.1937267,51.8732011],[0.1908978,51.8718992],[0.1956139,51.8681183],[0.186372,51.8635136],[0.1827404,51.8650955],[0.1704677,51.8616221],[0.169463,51.856014],[0.1733984,51.8497698],[0.16486,51.849671],[0.161819,51.8407532],[0.1616981,51.8321342],[0.1661234,51.8307066],[0.1612089,51.8259473],[0.1662516,51.822154],[0.1885681,51.8192779],[0.1966343,51.7957968],[0.2073324,51.7920992],[0.2186446,51.7981545],[0.225747,51.7944942],[0.231482,51.7951509],[0.2357469,51.7886352],[0.2409131,51.7883873],[0.2368397,51.7861329],[0.2376776,51.7797753],[0.257499,51.7818702],[0.2813858,51.7894971],[0.2974607,51.7899664],[0.2964563,51.7805607],[0.3028299,51.7774072],[0.2993657,51.7718599],[0.3129658,51.7688422],[0.3200821,51.7725634],[0.3216387,51.7699329],[0.3467005,51.7675961],[0.3481018,51.7732003],[0.3352642,51.775922],[0.3321981,51.7796294],[0.3349537,51.7857106],[0.3407694,51.7864366],[0.337699,51.7902612],[0.3405813,51.7944782],[0.3626172,51.794907],[0.3590452,51.7981298],[0.3615701,51.8011501],[0.3827871,51.7998192],[0.3783176,51.7979879],[0.3841652,51.7970744],[0.3900062,51.8050863],[0.398877,51.8074974],[0.4000303,51.8127617],[0.4035788,51.8128637],[0.404615,51.8074224],[0.4049517,51.8124894],[0.4130531,51.8132164],[0.4146341,51.816053],[0.4063516,51.8287317],[0.410874,51.8341824],[0.4065641,51.8354874],[0.4099859,51.8365774],[0.40393,51.8420341],[0.4079905,51.8461877],[0.4119856,51.8437299],[0.4139218,51.8455652],[0.4129959,51.8563226],[0.4181186,51.8572571],[0.4240778,51.8540733],[0.4225793,51.8449628],[0.4313705,51.8316472],[0.4394573,51.8324618],[0.4457732,51.8288792],[0.4530553,51.8346297],[0.4619056,51.8346049],[0.4671162,51.8395875],[0.4864228,51.8399274],[0.4867992,51.8426488],[0.5192623,51.8504492],[0.511442,51.8555465],[0.5135051,51.8643975],[0.5012717,51.864633],[0.4907955,51.8703859],[0.4823007,51.8696337],[0.4826928,51.8726921],[0.4677835,51.8782279],[0.4694342,51.8802715],[0.4400332,51.9082781],[0.4346332,51.9208224],[0.4330158,51.9247984],[0.4213474,51.9262736],[0.419081,51.941111],[0.4300503,51.9538318],[0.4256114,51.9582286],[0.4188207,51.9584936],[0.4124757,51.9710613],[0.4141693,51.9740463],[0.4236225,51.9732172],[0.4269435,51.9867587],[0.4138575,52.0116672],[0.4209663,52.0148353],[0.4377022,52.0140371],[0.4304489,52.0205518],[0.4314187,52.0389356],[0.4128404,52.038074],[0.3940324,52.0318408],[0.3896802,52.0364577],[0.3717224,52.0373694],[0.3638357,52.0436196],[0.3437494,52.0510575],[0.324674,52.0727833],[0.2864317,52.0902499]]],"type":"Polygon"},"id":"E07000077","properties":{"code":"E07000077","geography":"LAD","name":"Uttlesford"},"type":"Feature"},{"geometry":{"coordinates":[[[-2.0399435,51.9224105],[-2.0670981,51.9295948],[-2.0672178,51.9296169],[-2.08961,51.9319287],[-2.1065654,51.9388816],[-2.1032511,51.9233606],[-2.1078383,51.9178703],[-2.1096224,51.9158536],[-2.1244987,51.9194847],[-2.1314546,51.9084397],[-2.1368814,51.8996258],[-2.1424182,51.8845085],[-2.126078,51.88739],[-2.1277258,51.8797197],[-2.1232518,51.8831186],[-2.107709,51.8788949],[-2.1022691,51.8759939],[-2.0975195,51.8788635],[-2.0922882,51.871176],[-2.0762214,51.8722157],[-2.0762419,51.8689615],[-2.0696068,51.8685332],[-2.0707573,51.8650268],[-2.0593649,51.8644434],[-2.047254,51.8583413],[-2.0385235,51.8607083],[-2.0365427,51.8642729],[-2.0252515,51.864284],[-2.0211095,51.87626],[-2.0156119,51.8818075],[-2.0102152,51.9029245],[-2.0337789,51.9044169],[-2.037536,51.9075734],[-2.0326985,51.91178],[-2.0405268,51.9145998],[-2.0399435,51.9224105]]],"type":"Polygon"},"id":"E07000078","properties":{"code":"E07000078","geography":"LAD","name":"Cheltenham"},"type":"Feature"},{"geometry":{"coordinates":[[[-1.7423494,52.0919845],[-1.7536306,52.0976237],[-1.7676921,52.1125783],[-1.7894173,52.1063748],[-1.790135,52.1005915],[-1.8022887,52.0969415],[-1.8127367,52.078744],[-1.8189434,52.0854041],[-1.8317533,52.0727694],[-1.8466196,52.0794211],[-1.8533886,52.0723674],[-1.8556069,52.0744407],[-1.869045,52.0738565],[-1.8720051,52.0719169],[-1.8716822,52.0654261],[-1.8649884,52.0662782],[-1.8628775,52.063432],[-1.8634492,52.0534177],[-1.8345888,52.043733],[-1.8297513,52.0390716],[-1.8305603,52.032139],[-1.8250229,52.0309334],[-1.8356595,52.0225026],[-1.8353091,52.0091624],[-1.8390503,52.0067831],[-1.8179304,52.0013842],[-1.8068746,52.0026731],[-1.8016792,51.9968951],[-1.8082473,51.9944397],[-1.8122225,51.9880198],[-1.8450137,51.9881017],[-1.8653638,51.9951591],[-1.8833745,51.983673],[-1.86843,51.980595],[-1.8754294,51.9714919],[-1.8745711,51.9650667],[-1.8970747,51.9603182],[-1.9028051,51.9623219],[-1.9006038,51.9671295],[-1.9109052,51.9693692],[-1.9167142,51.9626025],[-1.9234568,51.9627599],[-1.931556,51.95748],[-1.9231871,51.9348893],[-1.9183536,51.9357843],[-1.8872056,51.9261933],[-1.8919767,51.9196047],[-1.8867902,51.9172892],[-1.8878606,51.9118884],[-1.8684045,51.9080679],[-1.8807348,51.896791],[-1.8570291,51.8967809],[-1.8536087,51.8934302],[-1.8620498,51.8897217],[-1.8733857,51.8936572],[-1.8747808,51.8899597],[-1.8828862,51.8915325],[-1.8821772,51.8942785],[-1.896016,51.8943005],[-1.9016673,51.8870117],[-1.9121594,51.8876008],[-1.9273173,51.8964303],[-1.9294073,51.9046953],[-1.9388624,51.9069033],[-1.9605804,51.9024583],[-1.9811648,51.9089386],[-1.9941687,51.9149774],[-2.0004203,51.904075],[-2.0096694,51.9058682],[-2.0102152,51.9029245],[-2.0156119,51.8818075],[-2.0211095,51.87626],[-2.0252515,51.864284],[-2.0365427,51.8642729],[-2.0385235,51.8607083],[-2.047254,51.8583413],[-2.0593649,51.8644434],[-2.0707573,51.8650268],[-2.0719259,51.8601926],[-2.0821377,51.8549217],[-2.0984104,51.8565599],[-2.0968816,51.8512241],[-2.1075295,51.8427776],[-2.0987328,51.84336],[-2.1009856,51.8375714],[-2.1131363,51.8344502],[-2.1105826,51.8282102],[-2.1148945,51.8227899],[-2.1211771,51.8195602],[-2.1342545,51.819919],[-2.1236948,51.8102004],[-2.1175926,51.8091628],[-2.1195021,51.8033615],[-2.1156359,51.7994578],[-2.0838448,51.7889108],[-2.0827541,51.7784552],[-2.0729702,51.7697438],[-2.0897255,51.7656842],[-2.1023882,51.7671034],[-2.1058668,51.7439626],[-2.100468,51.7407475],[-2.089597,51.7470055],[-2.0802517,51.743677],[-2.0799596,51.7392932],[-2.0686241,51.7384613],[-2.0748633,51.7343695],[-2.0835823,51.7358641],[-2.0847352,51.7283305],[-2.12823,51.7247175],[-2.1340353,51.722071],[-2.133227,51.708602],[-2.1237274,51.7061803],[-2.1299019,51.6972904],[-2.1407679,51.6993216],[-2.149909,51.6893787],[-2.1589457,51.6863845],[-2.1641277,51.6905556],[-2.1751709,51.6907477],[-2.1808146,51.6876186],[-2.2006228,51.6928403],[-2.2117969,51.6821829],[-2.2047204,51.6814823],[-2.2006055,51.6745488],[-2.1875495,51.6702884],[-2.1923279,51.6597635],[-2.2326967,51.6609306],[-2.2424904,51.6739455],[-2.2653368,51.678279],[-2.2715293,51.6828867],[-2.2871641,51.6806356],[-2.2861446,51.6742722],[-2.2817978,51.6736435],[-2.283849,51.6700483],[-2.2896973,51.6694576],[-2.2842998,51.6670063],[-2.2928322,51.6561568],[-2.3152746,51.6458327],[-2.3071707,51.6428978],[-2.3235687,51.6329741],[-2.3143306,51.6250622],[-2.2937604,51.6325142],[-2.2768524,51.6191491],[-2.2743247,51.6145873],[-2.2808222,51.6115327],[-2.2916373,51.5936959],[-2.2940857,51.5885735],[-2.2835032,51.5849635],[-2.2872776,51.5831569],[-2.2808884,51.5813129],[-2.2827458,51.5785166],[-2.2765618,51.5798963],[-2.2726302,51.5775574],[-2.2674052,51.5826881],[-2.2450978,51.581383],[-2.2419044,51.5920918],[-2.2225322,51.5961836],[-2.2108414,51.6029549],[-2.2060983,51.6014845],[-2.2066783,51.5959413],[-2.1924604,51.5958129],[-2.190024,51.5924756],[-2.1810624,51.5965078],[-2.1828088,51.5993876],[-2.152553,51.5903259],[-2.108112,51.630907],[-2.0734769,51.6594985],[-2.0571738,51.6724431],[-2.0151014,51.6503682],[-2.0031088,51.6490314],[-1.995311,51.6513768],[-1.9848383,51.6431606],[-1.9764685,51.643253],[-1.9771987,51.6379297],[-1.9686442,51.6399513],[-1.9522595,51.6368653],[-1.9629675,51.6586869],[-1.9579464,51.6596764],[-1.9522207,51.6678292],[-1.9420595,51.6704169],[-1.9311135,51.6629761],[-1.9209363,51.6572315],[-1.9038752,51.6560196],[-1.8884045,51.6488651],[-1.8762672,51.6529808],[-1.8873915,51.6600413],[-1.8990197,51.6796896],[-1.8933002,51.676901],[-1.8738842,51.6825898],[-1.850611,51.6562858],[-1.8344862,51.6575069],[-1.8152846,51.6635441],[-1.8232862,51.673543],[-1.8124813,51.6863092],[-1.8193984,51.6943342],[-1.8185143,51.7023354],[-1.8119695,51.7031221],[-1.7886002,51.6670069],[-1.7769541,51.6693725],[-1.7702768,51.667969],[-1.7664062,51.6627077],[-1.7538218,51.6621732],[-1.739313,51.6674195],[-1.7274881,51.6672086],[-1.7109892,51.6717912],[-1.7095723,51.6816874],[-1.6966114,51.6920997],[-1.6831346,51.6901264],[-1.6760155,51.688407],[-1.6752082,51.6825352],[-1.6684586,51.6804376],[-1.6482537,51.6840871],[-1.6574381,51.6964513],[-1.6646997,51.6968787],[-1.6861662,51.7101759],[-1.6937065,51.7215879],[-1.6958183,51.7237729],[-1.6855078,51.7306342],[-1.6870208,51.739884],[-1.6948655,51.748575],[-1.7007046,51.7705842],[-1.7194886,51.7832118],[-1.683753,51.8013375],[-1.6768596,51.8170247],[-1.6811201,51.8160527],[-1.6864616,51.8344558],[-1.676385,51.8503097],[-1.6786937,51.8529225],[-1.6863512,51.8662924],[-1.6671119,51.8770001],[-1.6689572,51.8815044],[-1.658652,51.8965512],[-1.6448827,51.8946008],[-1.6332526,51.899583],[-1.6339277,51.9052998],[-1.6348411,51.9128831],[-1.6448893,51.9137158],[-1.6411821,51.9215618],[-1.6455298,51.9222943],[-1.6151889,51.9376816],[-1.6324907,51.9556515],[-1.6489266,51.9589248],[-1.6553669,51.9575035],[-1.6523746,51.9615119],[-1.6625291,51.9640049],[-1.6689433,51.9752727],[-1.6657543,51.9874888],[-1.6699345,51.9931648],[-1.6657509,51.9974048],[-1.6428786,52.009223],[-1.6386277,52.0205313],[-1.6283368,52.0271924],[-1.6201103,52.0277382],[-1.6177962,52.0319315],[-1.6244603,52.0389533],[-1.6471155,52.0344925],[-1.6535821,52.0354005],[-1.6610655,52.0316171],[-1.6674522,52.0362442],[-1.6939808,52.0395279],[-1.6901798,52.0547356],[-1.6996729,52.0546485],[-1.7050525,52.0596336],[-1.7016991,52.0728344],[-1.7098586,52.0733064],[-1.7131121,52.0665529],[-1.730656,52.0732914],[-1.7285605,52.1001203],[-1.7385596,52.0913584],[-1.7423494,52.0919845]]],"type":"Polygon"},"id":"E07000079","properties":{"code":"E07000079","geography":"LAD","name":"Cotswold"},"type":"Feature"},{"geometry":{"coordinates":[[[-2.4625115,52.0218385],[-2.466192,52.0237463],[-2.4789323,52.0225304],[-2.4803657,52.0160608],[-2.4912524,52.0104908],[-2.4854967,52.0003323],[-2.4776465,52.0001505],[-2.4709799,51.9947775],[-2.4886379,51.9874076],[-2.4949129,51.9810752],[-2.4922448,51.9641288],[-2.4990301,51.9637181],[-2.5009065,51.9606091],[-2.4901875,51.9549793],[-2.4861074,51.9574202],[-2.4737285,51.9565384],[-2.4655735,51.9517046],[-2.4633841,51.9392716],[-2.4678787,51.9373798],[-2.466043,51.9279745],[-2.4464496,51.9150883],[-2.4400813,51.90242],[-2.4453199,51.9005582],[-2.4392308,51.8995212],[-2.446027,51.893999],[-2.4652135,51.8929913],[-2.4734082,51.8855536],[-2.4807343,51.8857252],[-2.4867284,51.884716],[-2.4877947,51.8804175],[-2.4938613,51.8800028],[-2.494656,51.8842397],[-2.5002538,51.881738],[-2.5018679,51.8863121],[-2.5086244,51.8851691],[-2.5222334,51.864696],[-2.5340518,51.8603963],[-2.5616195,51.8642712],[-2.5758415,51.8625419],[-2.5852041,51.8599145],[-2.5788217,51.8518494],[-2.5861979,51.8497853],[-2.5995395,51.8565314],[-2.6064006,51.8520258],[-2.6094341,51.8467969],[-2.6215936,51.8433247],[-2.625467,51.838964],[-2.6367101,51.8430953],[-2.6363065,51.8394911],[-2.6504007,51.8261247],[-2.6501643,51.8241147],[-2.6608714,51.8227539],[-2.6595387,51.8106824],[-2.6726108,51.8089062],[-2.6783027,51.8033186],[-2.6698106,51.7942734],[-2.6758442,51.7880691],[-2.6750535,51.7767768],[-2.6804521,51.7689294],[-2.6732655,51.759876],[-2.6629318,51.7547349],[-2.6695079,51.7427588],[-2.672581,51.7360435],[-2.6875408,51.7304263],[-2.6804848,51.7246455],[-2.6793216,51.7140713],[-2.6684974,51.7060133],[-2.6715088,51.7006184],[-2.6836297,51.7027585],[-2.6831447,51.7000567],[-2.6740696,51.6975592],[-2.6688963,51.6913344],[-2.6728359,51.681664],[-2.6569864,51.6735859],[-2.6684187,51.6692926],[-2.6838283,51.6685788],[-2.684971,51.6612385],[-2.6780915,51.6597769],[-2.6659768,51.6644671],[-2.6800597,51.6485818],[-2.677385,51.6445538],[-2.6706558,51.646406],[-2.6664467,51.6433208],[-2.6674502,51.634285],[-2.6673657,51.6336459],[-2.6551859,51.6227475],[-2.6593419,51.6165676],[-2.6561348,51.6102105],[-2.6512443,51.609754],[-2.6476971,51.6132894],[-2.6487577,51.6313837],[-2.6236336,51.6539829],[-2.6259494,51.6606154],[-2.6099901,51.6724092],[-2.5799752,51.6835306],[-2.5748155,51.6854411],[-2.5713339,51.6888327],[-2.5708065,51.6883793],[-2.543718,51.6974903],[-2.5145832,51.7072784],[-2.5053334,51.7103836],[-2.4962397,51.7262056],[-2.4937621,51.7279633],[-2.4788355,51.7349891],[-2.4773254,51.7396917],[-2.4773461,51.739721],[-2.477575,51.7400451],[-2.4376119,51.7590434],[-2.4378215,51.7593338],[-2.4342284,51.7600594],[-2.40464,51.7728122],[-2.4056912,51.7778707],[-2.4113486,51.7797877],[-2.4413976,51.7814552],[-2.4484321,51.7849199],[-2.4502093,51.792297],[-2.4518088,51.7964007],[-2.4513396,51.7969876],[-2.4517943,51.7988742],[-2.4406192,51.812577],[-2.4405984,51.8126026],[-2.4239358,51.8193055],[-2.4145537,51.8171154],[-2.4017544,51.8042808],[-2.39041,51.8008483],[-2.3898865,51.8007255],[-2.3895835,51.8005982],[-2.3692548,51.7944431],[-2.3514884,51.7977418],[-2.3500424,51.7991236],[-2.34801,51.8028338],[-2.3603797,51.806866],[-2.3632306,51.8215786],[-2.3608019,51.8272163],[-2.350387,51.8297609],[-2.3532501,51.8287978],[-2.3497019,51.8297414],[-2.3564716,51.8354331],[-2.3517749,51.846225],[-2.3527304,51.8494105],[-2.3468666,51.8545079],[-2.3231641,51.856174],[-2.3159776,51.8608599],[-2.3174119,51.8684285],[-2.3248178,51.868668],[-2.3345719,51.8754775],[-2.3306788,51.8796154],[-2.3198172,51.8885008],[-2.3095759,51.8878152],[-2.2899556,51.8943407],[-2.2960126,51.8965365],[-2.2972115,51.9029045],[-2.2848166,51.9112753],[-2.2872947,51.9209732],[-2.2836101,51.9232973],[-2.2953256,51.9332266],[-2.2878552,51.9455533],[-2.282308,51.9442083],[-2.2833042,51.9518138],[-2.267545,51.9531885],[-2.2705556,51.9689391],[-2.2882906,51.9706682],[-2.300433,51.9667753],[-2.3094654,51.9706467],[-2.3126197,51.976505],[-2.3265388,51.9757909],[-2.320657,51.9921284],[-2.3247097,52.0035673],[-2.329423,52.0068286],[-2.3404933,52.0067404],[-2.3525427,52.0135353],[-2.3513785,52.021359],[-2.3869827,52.0121665],[-2.3928922,52.0129588],[-2.3990185,51.9961459],[-2.4131963,51.9940903],[-2.4366075,51.9968432],[-2.4361214,52.0145915],[-2.4633728,52.0140424],[-2.4625115,52.0218385]]],"type":"Polygon"},"id":"E07000080","properties":{"code":"E07000080","geography":"LAD","name":"Forest of Dean"},"type":"Feature"},{"geometry":{"coordinates":[[[-2.2047694,51.8828633],[-2.2145424,51.8852241],[-2.2303887,51.8819459],[-2.2379566,51.8831096],[-2.2470432,51.8810571],[-2.2604062,51.8755608],[-2.2678704,51.8751799],[-2.2752066,51.8624279],[-2.2882789,51.8594089],[-2.2792566,51.8452857],[-2.2857462,51.8412681],[-2.2912874,51.8337703],[-2.2982269,51.832602],[-2.3010991,51.8267649],[-2.2960849,51.8239706],[-2.2828075,51.8145454],[-2.2628552,51.8075804],[-2.2581774,51.8181922],[-2.2566307,51.821464],[-2.2462356,51.8260554],[-2.2368726,51.8255775],[-2.2274883,51.8283113],[-2.2232119,51.8212516],[-2.2069449,51.8314124],[-2.199241,51.8377492],[-2.187683,51.8450287],[-2.1866745,51.8461659],[-2.1772579,51.8558772],[-2.1920507,51.8643566],[-2.1963851,51.8655435],[-2.1976161,51.871703],[-2.1996857,51.8779107],[-2.1983524,51.8792713],[-2.2047694,51.8828633]]],"type":"Polygon"},"id":"E07000081","properties":{"code":"E07000081","geography":"LAD","name":"Gloucester"},"type":"Feature"},{"geometry":{"coordinates":[[[[-2.4513396,51.7969876],[-2.4518088,51.7964007],[-2.4502093,51.792297],[-2.4513396,51.7969876]]],[[[-2.3507212,51.7978842],[-2.3500424,51.7991236],[-2.3514884,51.7977418],[-2.3507212,51.7978842]]],[[[-2.2828075,51.8145454],[-2.2960849,51.8239706],[-2.3010991,51.8267649],[-2.2982269,51.832602],[-2.3074671,51.8468778],[-2.3330448,51.8504631],[-2.3517749,51.846225],[-2.3564716,51.8354331],[-2.3497019,51.8297414],[-2.3532501,51.8287978],[-2.3597639,51.8266063],[-2.361676,51.8222154],[-2.359348,51.8111768],[-2.3458052,51.8039165],[-2.3471467,51.7976898],[-2.3542045,51.7940391],[-2.3542507,51.7940364],[-2.3748832,51.7928015],[-2.4126093,51.8053177],[-2.424598,51.8150494],[-2.4348647,51.8099543],[-2.4441188,51.7997613],[-2.4470245,51.7926848],[-2.440773,51.7883018],[-2.4130395,51.7860586],[-2.3837196,51.7757559],[-2.379328,51.766278],[-2.3820372,51.7591724],[-2.3832167,51.7586378],[-2.4326224,51.7362247],[-2.4494551,51.7398211],[-2.4723018,51.7259881],[-2.4818553,51.7256508],[-2.4890034,51.6996645],[-2.4900475,51.7001505],[-2.4933139,51.697713],[-2.508649,51.686265],[-2.5323889,51.6780597],[-2.5090503,51.6660418],[-2.4896463,51.6639645],[-2.4931004,51.6520353],[-2.4849409,51.6484451],[-2.4906753,51.644834],[-2.4855718,51.64507],[-2.4703349,51.6474744],[-2.4604416,51.6526019],[-2.4456555,51.6493338],[-2.4429861,51.6524866],[-2.4318225,51.6468703],[-2.4071574,51.6412012],[-2.3988027,51.6457953],[-2.3947834,51.6421204],[-2.3971424,51.6395544],[-2.3859885,51.6399431],[-2.3881816,51.6371746],[-2.4004749,51.6351435],[-2.3889097,51.6275404],[-2.3950318,51.6048989],[-2.3931,51.5970755],[-2.3704297,51.5975734],[-2.3656415,51.6037411],[-2.3527856,51.5966956],[-2.3440193,51.5964986],[-2.3441118,51.5942289],[-2.3352525,51.5942537],[-2.3341758,51.5966332],[-2.3310626,51.5916022],[-2.3198466,51.5939154],[-2.3165701,51.589834],[-2.3082531,51.5928648],[-2.300098,51.5914815],[-2.2965496,51.5949945],[-2.2916373,51.5936959],[-2.2808222,51.6115327],[-2.2743247,51.6145873],[-2.2768524,51.6191491],[-2.2937604,51.6325142],[-2.3143306,51.6250622],[-2.3235687,51.6329741],[-2.3071707,51.6428978],[-2.3152746,51.6458327],[-2.2928322,51.6561568],[-2.2842998,51.6670063],[-2.2896973,51.6694576],[-2.283849,51.6700483],[-2.2817978,51.6736435],[-2.2861446,51.6742722],[-2.2871641,51.6806356],[-2.2715293,51.6828867],[-2.2653368,51.678279],[-2.2424904,51.6739455],[-2.2326967,51.6609306],[-2.1923279,51.6597635],[-2.1875495,51.6702884],[-2.2006055,51.6745488],[-2.2047204,51.6814823],[-2.2117969,51.6821829],[-2.2006228,51.6928403],[-2.1808146,51.6876186],[-2.1751709,51.6907477],[-2.1641277,51.6905556],[-2.1589457,51.6863845],[-2.149909,51.6893787],[-2.1407679,51.6993216],[-2.1299019,51.6972904],[-2.1237274,51.7061803],[-2.133227,51.708602],[-2.1340353,51.722071],[-2.12823,51.7247175],[-2.0847352,51.7283305],[-2.0835823,51.7358641],[-2.0748633,51.7343695],[-2.0686241,51.7384613],[-2.0799596,51.7392932],[-2.0802517,51.743677],[-2.089597,51.7470055],[-2.100468,51.7407475],[-2.1058668,51.7439626],[-2.1023882,51.7671034],[-2.0897255,51.7656842],[-2.0729702,51.7697438],[-2.0827541,51.7784552],[-2.0838448,51.7889108],[-2.1156359,51.7994578],[-2.1195021,51.8033615],[-2.1175926,51.8091628],[-2.1236948,51.8102004],[-2.1342545,51.819919],[-2.1528471,51.8231407],[-2.167838,51.8304366],[-2.1797462,51.8382997],[-2.1786541,51.8418277],[-2.187683,51.8450287],[-2.199241,51.8377492],[-2.2069449,51.8314124],[-2.2232119,51.8212516],[-2.2274883,51.8283113],[-2.2368726,51.8255775],[-2.2462356,51.8260554],[-2.2566307,51.821464],[-2.2581774,51.8181922],[-2.2628552,51.8075804],[-2.2828075,51.8145454]]]],"type":"MultiPolygon"},"id":"E07000082","properties":{"code":"E07000082","geography":"LAD","name":"Stroud"},"type":"Feature"},{"geometry":{"coordinates":[[[-2.1418577,51.9998152],[-2.1390637,52.0039498],[-2.150782,52.006628],[-2.1496553,52.0112562],[-2.1393972,52.0278918],[-2.1172199,52.0336144],[-2.1183864,52.0421168],[-2.1618357,52.0505949],[-2.1713692,52.0476105],[-2.1806794,52.0417281],[-2.1769061,52.0225592],[-2.1876833,52.0190802],[-2.1840656,52.0139009],[-2.1641279,52.0034004],[-2.1647274,51.996073],[-2.1749071,51.996141],[-2.1811064,51.9994834],[-2.1794258,51.9948476],[-2.185084,51.990561],[-2.202886,51.996363],[-2.2206132,51.9954966],[-2.25136,51.9665649],[-2.2705556,51.9689391],[-2.267545,51.9531885],[-2.2833042,51.9518138],[-2.282308,51.9442083],[-2.2878552,51.9455533],[-2.2953256,51.9332266],[-2.2836101,51.9232973],[-2.2872947,51.9209732],[-2.2848166,51.9112753],[-2.2972115,51.9029045],[-2.2960126,51.8965365],[-2.2899556,51.8943407],[-2.3095759,51.8878152],[-2.3198172,51.8885008],[-2.3306788,51.8796154],[-2.3345719,51.8754775],[-2.3248178,51.868668],[-2.3174119,51.8684285],[-2.3159776,51.8608599],[-2.3231641,51.856174],[-2.3468666,51.8545079],[-2.3527304,51.8494105],[-2.3517749,51.846225],[-2.3330448,51.8504631],[-2.3074671,51.8468778],[-2.2982269,51.832602],[-2.2912874,51.8337703],[-2.2857462,51.8412681],[-2.2792566,51.8452857],[-2.2882789,51.8594089],[-2.2752066,51.8624279],[-2.2678704,51.8751799],[-2.2604062,51.8755608],[-2.2470432,51.8810571],[-2.2379566,51.8831096],[-2.2303887,51.8819459],[-2.2145424,51.8852241],[-2.2047694,51.8828633],[-2.1983524,51.8792713],[-2.1996857,51.8779107],[-2.1976161,51.871703],[-2.1963851,51.8655435],[-2.1920507,51.8643566],[-2.1772579,51.8558772],[-2.1866745,51.8461659],[-2.187683,51.8450287],[-2.1786541,51.8418277],[-2.1797462,51.8382997],[-2.167838,51.8304366],[-2.1528471,51.8231407],[-2.1342545,51.819919],[-2.1211771,51.8195602],[-2.1148945,51.8227899],[-2.1105826,51.8282102],[-2.1131363,51.8344502],[-2.1009856,51.8375714],[-2.0987328,51.84336],[-2.1075295,51.8427776],[-2.0968816,51.8512241],[-2.0984104,51.8565599],[-2.0821377,51.8549217],[-2.0719259,51.8601926],[-2.0707573,51.8650268],[-2.0696068,51.8685332],[-2.0762419,51.8689615],[-2.0762214,51.8722157],[-2.0922882,51.871176],[-2.0975195,51.8788635],[-2.1022691,51.8759939],[-2.107709,51.8788949],[-2.1232518,51.8831186],[-2.1277258,51.8797197],[-2.126078,51.88739],[-2.1424182,51.8845085],[-2.1368814,51.8996258],[-2.1314546,51.9084397],[-2.1244987,51.9194847],[-2.1096224,51.9158536],[-2.1078383,51.9178703],[-2.1032511,51.9233606],[-2.1065654,51.9388816],[-2.08961,51.9319287],[-2.0672178,51.9296169],[-2.0670981,51.9295948],[-2.0399435,51.9224105],[-2.0405268,51.9145998],[-2.0326985,51.91178],[-2.037536,51.9075734],[-2.0337789,51.9044169],[-2.0102152,51.9029245],[-2.0096694,51.9058682],[-2.0004203,51.904075],[-1.9941687,51.9149774],[-1.9811648,51.9089386],[-1.9605804,51.9024583],[-1.9388624,51.9069033],[-1.9294073,51.9046953],[-1.9273173,51.8964303],[-1.9121594,51.8876008],[-1.9016673,51.8870117],[-1.896016,51.8943005],[-1.8821772,51.8942785],[-1.8828862,51.8915325],[-1.8747808,51.8899597],[-1.8733857,51.8936572],[-1.8620498,51.8897217],[-1.8536087,51.8934302],[-1.8570291,51.8967809],[-1.8807348,51.896791],[-1.8684045,51.9080679],[-1.8878606,51.9118884],[-1.8867902,51.9172892],[-1.8919767,51.9196047],[-1.8872056,51.9261933],[-1.9183536,51.9357843],[-1.9231871,51.9348893],[-1.931556,51.95748],[-1.9234568,51.9627599],[-1.9167142,51.9626025],[-1.9109052,51.9693692],[-1.9006038,51.9671295],[-1.9028051,51.9623219],[-1.8970747,51.9603182],[-1.8745711,51.9650667],[-1.8754294,51.9714919],[-1.86843,51.980595],[-1.8833745,51.983673],[-1.8653638,51.9951591],[-1.8450137,51.9881017],[-1.8122225,51.9880198],[-1.8082473,51.9944397],[-1.8016792,51.9968951],[-1.8068746,52.0026731],[-1.8179304,52.0013842],[-1.8390503,52.0067831],[-1.8615436,52.0126277],[-1.8622688,52.0174853],[-1.913446,52.0444612],[-1.9221572,52.0356149],[-1.9270449,52.0366609],[-1.9316977,52.0298893],[-1.9474651,52.0318014],[-1.9513708,52.0376995],[-1.9841357,52.0358793],[-1.9951896,52.0265631],[-1.9985651,52.0296677],[-2.0236595,52.0169533],[-2.0292713,52.0128397],[-2.026997,52.010588],[-2.0382526,52.0095627],[-2.0383562,52.0046006],[-2.0495142,52.0037962],[-2.048683,52.0071151],[-2.0592935,52.0094738],[-2.0607797,52.0146633],[-2.0714514,52.0121931],[-2.0848732,52.0104786],[-2.1087242,52.014279],[-2.1180541,52.0143851],[-2.1211173,52.0112927],[-2.1315234,52.0059068],[-2.1352021,51.9997043],[-2.1418577,51.9998152]]],"type":"Polygon"},"id":"E07000083","properties":{"code":"E07000083","geography":"LAD","name":"Tewkesbury"},"type":"Feature"},{"geometry":{"coordinates":[[[-1.0753545,51.3795243],[-1.0866407,51.3839112],[-1.0975174,51.3817259],[-1.1154572,51.3742149],[-1.1157909,51.3604662],[-1.1441307,51.3572631],[-1.1696218,51.3607257],[-1.1768943,51.3573241],[-1.1892817,51.3633225],[-1.2210259,51.3675894],[-1.2225881,51.3697542],[-1.2415787,51.3662215],[-1.2511396,51.3720405],[-1.2706941,51.368808],[-1.2734099,51.367521],[-1.3167195,51.3729126],[-1.3528797,51.3672625],[-1.4154661,51.371989],[-1.4283552,51.3567669],[-1.4441158,51.3549138],[-1.4448784,51.3480977],[-1.4297057,51.3365442],[-1.421336,51.3355525],[-1.4233033,51.3309242],[-1.4184091,51.3264778],[-1.428651,51.3003902],[-1.4192611,51.2930265],[-1.4167658,51.283069],[-1.4220591,51.2774095],[-1.4469502,51.2679189],[-1.4601524,51.2558906],[-1.445055,51.2496245],[-1.4332839,51.2365243],[-1.4274651,51.2330699],[-1.4276332,51.227029],[-1.421091,51.2237362],[-1.383666,51.2149002],[-1.3688623,51.2024068],[-1.3600409,51.2045674],[-1.3581781,51.2120207],[-1.3416116,51.2056541],[-1.340939,51.184579],[-1.3125596,51.1935874],[-1.308823,51.1947389],[-1.2989391,51.1970343],[-1.2927127,51.1944136],[-1.287419,51.1962355],[-1.2486095,51.1910937],[-1.227853,51.1904858],[-1.2065606,51.180702],[-1.2012325,51.1856054],[-1.1903074,51.1837652],[-1.1929207,51.1793769],[-1.1816961,51.1752499],[-1.1855723,51.1639887],[-1.2143799,51.1587744],[-1.2132993,51.1519473],[-1.2036792,51.1502269],[-1.184445,51.1443106],[-1.1865657,51.1381808],[-1.1742888,51.1335401],[-1.1510115,51.1361766],[-1.1517821,51.1389726],[-1.1317898,51.1435808],[-1.1049206,51.1631489],[-1.0873776,51.1676896],[-1.0742496,51.1644517],[-1.0774709,51.1727358],[-1.0711039,51.1877559],[-1.0616912,51.1905179],[-1.0500275,51.1879337],[-1.0356907,51.1907066],[-1.0131302,51.1877415],[-0.9858826,51.1904356],[-0.9841595,51.2124279],[-0.9781012,51.2204845],[-0.983282,51.223079],[-0.9754747,51.2259154],[-0.9831096,51.235308],[-0.9747962,51.2385194],[-0.9788182,51.242084],[-0.9937077,51.244417],[-0.9799256,51.2675871],[-0.9817264,51.2866313],[-1.0002213,51.2892214],[-1.0016034,51.2959153],[-1.0012171,51.3002319],[-0.995397,51.2986956],[-0.9838873,51.3100209],[-0.9870803,51.3228876],[-0.982573,51.3261801],[-0.9810014,51.3372295],[-0.9916739,51.3387039],[-0.9907371,51.3426523],[-0.9946038,51.3423115],[-0.9867401,51.3598556],[-0.9861238,51.3628483],[-1.0002228,51.3626681],[-1.0111229,51.3591699],[-1.0500814,51.3581092],[-1.0515145,51.3626264],[-1.0657745,51.3723211],[-1.0725116,51.3752761],[-1.0800224,51.3746036],[-1.0753545,51.3795243]]],"type":"Polygon"},"id":"E07000084","properties":{"code":"E07000084","geography":"LAD","name":"Basingstoke and Deane"},"type":"Feature"},{"geometry":{"coordinates":[[[-0.8272386,51.1846651],[-0.8392919,51.1963352],[-0.8455315,51.2001342],[-0.8489297,51.2107327],[-0.8690518,51.2127368],[-0.8843908,51.2102052],[-0.9043076,51.2099088],[-0.9091776,51.2054985],[-0.9511756,51.2004466],[-0.9738204,51.1860077],[-0.9858826,51.1904356],[-1.0131302,51.1877415],[-1.0356907,51.1907066],[-1.0500275,51.1879337],[-1.0616912,51.1905179],[-1.0711039,51.1877559],[-1.0774709,51.1727358],[-1.0742496,51.1644517],[-1.0873776,51.1676896],[-1.1049206,51.1631489],[-1.1317898,51.1435808],[-1.1297856,51.1385954],[-1.1121135,51.1365779],[-1.0950429,51.1403461],[-1.0905327,51.1119981],[-1.0939253,51.1077683],[-1.0849551,51.1095645],[-1.072545,51.1074677],[-1.0832878,51.1029293],[-1.085815,51.0972478],[-1.1004433,51.0939998],[-1.1081265,51.0885461],[-1.1071372,51.078895],[-1.091987,51.0675718],[-1.0949991,51.0636618],[-1.088853,51.0606655],[-1.0906603,51.0549459],[-1.0816829,51.0464263],[-1.0673374,51.0476392],[-1.0621963,51.044519],[-1.0537745,51.0472317],[-1.0737858,51.0339641],[-1.0727853,51.0312882],[-1.0649403,51.0309334],[-1.0623436,51.0201125],[-1.068787,51.0085519],[-1.0694621,50.99373],[-1.0633661,50.9776917],[-1.0554815,50.9775578],[-1.0536505,50.9710412],[-1.0452856,50.9686745],[-1.0461978,50.9546286],[-1.0356896,50.9515169],[-1.0379872,50.9453512],[-1.0365894,50.9317284],[-1.0393731,50.9277792],[-1.0363543,50.9220303],[-1.0447869,50.9162615],[-1.0484556,50.9025163],[-1.0341159,50.9041626],[-1.0238599,50.9061601],[-1.0245276,50.9094634],[-1.0187329,50.9090551],[-1.0193844,50.9049904],[-1.0014919,50.8994821],[-1.0047065,50.8965461],[-0.9987674,50.8954009],[-0.9786983,50.8783012],[-0.9716423,50.8778518],[-0.9682558,50.877711],[-0.9680105,50.873438],[-0.9604433,50.8721838],[-0.9633851,50.867254],[-0.9535383,50.8681958],[-0.938657,50.8737146],[-0.9575851,50.890607],[-0.9402453,50.9180541],[-0.9240133,50.924199],[-0.931185,50.9352829],[-0.9353187,50.9411031],[-0.9421101,50.9428941],[-0.9318471,50.9455804],[-0.9265198,50.9525271],[-0.9292734,50.9583474],[-0.9155251,50.9706128],[-0.9176923,50.9786644],[-0.9056236,50.9968059],[-0.8996889,51.0012534],[-0.8933466,51.002743],[-0.8985075,51.0176674],[-0.8945053,51.0234956],[-0.8826566,51.0268621],[-0.8528107,51.0448433],[-0.8501125,51.0593363],[-0.8436709,51.066279],[-0.8373318,51.0691931],[-0.8290533,51.0677805],[-0.826391,51.0613422],[-0.8173631,51.0612045],[-0.8144712,51.0666712],[-0.81159,51.0629464],[-0.7977812,51.0635461],[-0.7808018,51.0793519],[-0.7534749,51.0864535],[-0.7589003,51.090847],[-0.7553003,51.0948051],[-0.7594878,51.1032484],[-0.7598148,51.1039076],[-0.7688866,51.10325],[-0.7598648,51.1048677],[-0.7492727,51.1032459],[-0.7445879,51.1064568],[-0.7454951,51.1122043],[-0.7691711,51.1170883],[-0.7806594,51.1277925],[-0.7808784,51.1280966],[-0.7810528,51.1352177],[-0.7911029,51.1392354],[-0.7943959,51.1497591],[-0.8047004,51.1553543],[-0.8173677,51.1477566],[-0.8283507,51.1452807],[-0.8341824,51.1476006],[-0.8265558,51.1785647],[-0.8272386,51.1846651]]],"type":"Polygon"},"id":"E07000085","properties":{"code":"E07000085","geography":"LAD","name":"East Hampshire"},"type":"Feature"},{"geometry":{"coordinates":[[[[-1.2979813,50.8870123],[-1.2988019,50.8866337],[-1.3000965,50.8854382],[-1.2979813,50.8870123]]],[[[-1.3427655,50.9908888],[-1.3571376,50.9984361],[-1.3929747,51.0043613],[-1.391933,50.9992193],[-1.399643,50.9946739],[-1.3971572,50.9904391],[-1.3914271,50.9868089],[-1.3963813,50.9775471],[-1.3931284,50.9748431],[-1.3964658,50.9685028],[-1.392764,50.9644874],[-1.3829449,50.9607651],[-1.3844781,50.9562688],[-1.3740341,50.9539758],[-1.3798919,50.9475181],[-1.3669181,50.9468683],[-1.3574427,50.9423715],[-1.35469,50.9410218],[-1.3589979,50.9379574],[-1.3527704,50.9353575],[-1.3574194,50.9317806],[-1.3534814,50.9265427],[-1.3394884,50.9237133],[-1.3298158,50.9149408],[-1.3246395,50.9084381],[-1.3278758,50.9044533],[-1.3240236,50.9044104],[-1.3219776,50.9009535],[-1.3420379,50.8937007],[-1.3493845,50.8885891],[-1.3640085,50.8792776],[-1.3319086,50.8571057],[-1.3126495,50.8488675],[-1.3102153,50.8506653],[-1.3177382,50.8541868],[-1.3124363,50.8547736],[-1.3131326,50.8650759],[-1.3097028,50.8684618],[-1.3096777,50.8689983],[-1.3125912,50.8715268],[-1.3134112,50.872372],[-1.3143653,50.8733554],[-1.3129012,50.8764449],[-1.3002101,50.8794641],[-1.3051116,50.8830734],[-1.2946933,50.892938],[-1.2935211,50.8927708],[-1.2911275,50.8924293],[-1.289813,50.8937949],[-1.2890548,50.8961591],[-1.2802344,50.8971642],[-1.2808189,50.899371],[-1.2790796,50.897265],[-1.2628274,50.8997823],[-1.26103,50.902833],[-1.2611755,50.902965],[-1.2620454,50.9037363],[-1.2687966,50.909716],[-1.2642373,50.9205016],[-1.2672072,50.929343],[-1.2736909,50.9357027],[-1.2847258,50.9363786],[-1.2911248,50.9468446],[-1.2910314,50.9508584],[-1.269969,50.9655298],[-1.2581543,50.9783419],[-1.2665543,50.9801566],[-1.272071,50.9790985],[-1.2753886,50.9738854],[-1.2934282,50.9741453],[-1.2931503,50.9837137],[-1.3163937,50.985125],[-1.3227281,50.9875483],[-1.3276781,50.9801201],[-1.3303908,50.9837479],[-1.3354716,50.983507],[-1.3440573,50.984862],[-1.3465663,50.9813995],[-1.3427655,50.9908888]]]],"type":"MultiPolygon"},"id":"E07000086","properties":{"code":"E07000086","geography":"LAD","name":"Eastleigh"},"type":"Feature"},{"geometry":{"coordinates":[[[[-1.1760998,50.8392603],[-1.1761481,50.8392682],[-1.177781,50.8383406],[-1.1760998,50.8392603]]],[[[-1.3094019,50.8687589],[-1.3096777,50.8689983],[-1.3097028,50.8684618],[-1.3094019,50.8687589]]],[[[-1.289813,50.8937949],[-1.2911275,50.8924293],[-1.2902893,50.8923097],[-1.289813,50.8937949]]],[[[-1.2366093,50.8637564],[-1.2534974,50.8723858],[-1.255286,50.8749278],[-1.2546795,50.8870184],[-1.2652478,50.8979083],[-1.2655116,50.8977479],[-1.2871189,50.8953631],[-1.2877401,50.8917375],[-1.2979813,50.8870123],[-1.3000965,50.8854382],[-1.3020411,50.8836423],[-1.2963455,50.8792566],[-1.3054125,50.8746212],[-1.3057551,50.8743963],[-1.3078201,50.8634252],[-1.3077247,50.8631093],[-1.3033356,50.8485751],[-1.3080055,50.8452503],[-1.3064086,50.8406797],[-1.2672087,50.8273701],[-1.2669058,50.827225],[-1.2461795,50.8172868],[-1.2431522,50.8182304],[-1.2428951,50.8183105],[-1.2143942,50.809374],[-1.2141578,50.8107808],[-1.1939291,50.8110368],[-1.1869993,50.8113966],[-1.1788434,50.8143144],[-1.1863019,50.8195896],[-1.1891132,50.8226722],[-1.1817341,50.8323074],[-1.1816593,50.8366781],[-1.1803764,50.8369101],[-1.1793468,50.837476],[-1.1757485,50.8421114],[-1.178995,50.8487008],[-1.1789654,50.8488353],[-1.1763786,50.8490319],[-1.1693595,50.8495653],[-1.1669865,50.8529458],[-1.1674146,50.8520638],[-1.1682597,50.8503225],[-1.169259,50.8482633],[-1.1761393,50.8479846],[-1.1767207,50.847961],[-1.1757221,50.8461584],[-1.172671,50.8406499],[-1.1676954,50.8417364],[-1.1538367,50.8448072],[-1.1538221,50.8447644],[-1.1537833,50.8447729],[-1.1523317,50.8411239],[-1.1306171,50.838214],[-1.1130067,50.8361911],[-1.1131076,50.8363575],[-1.1143437,50.838396],[-1.1181323,50.8442063],[-1.1157832,50.8582738],[-1.1380569,50.858778],[-1.143245,50.8584286],[-1.1445218,50.8665767],[-1.1517272,50.8702786],[-1.1494618,50.8781566],[-1.1538508,50.8823377],[-1.1672176,50.8894332],[-1.1806296,50.8879839],[-1.1883453,50.8880166],[-1.1881609,50.8839834],[-1.1958635,50.8850387],[-1.1980187,50.8759431],[-1.216039,50.875058],[-1.2235583,50.8675726],[-1.2290094,50.8612115],[-1.2366093,50.8637564]]]],"type":"MultiPolygon"},"id":"E07000087","properties":{"code":"E07000087","geography":"LAD","name":"Fareham"},"type":"Feature"},{"geometry":{"coordinates":[[[-1.1664519,50.8376882],[-1.1760998,50.8392603],[-1.177781,50.8383406],[-1.1783921,50.8380006],[-1.1793739,50.837441],[-1.1793468,50.837476],[-1.1803764,50.8369101],[-1.1816593,50.8366781],[-1.1817341,50.8323074],[-1.1891132,50.8226722],[-1.1863019,50.8195896],[-1.1788434,50.8143144],[-1.1869993,50.8113966],[-1.1939291,50.8110368],[-1.2141578,50.8107808],[-1.2143942,50.809374],[-1.2141476,50.8092966],[-1.1990247,50.7968024],[-1.1929785,50.7918049],[-1.1838993,50.788819],[-1.1810007,50.7878677],[-1.1759533,50.7864525],[-1.1613737,50.784376],[-1.1503455,50.7785767],[-1.1499665,50.7783774],[-1.1498606,50.7783217],[-1.1381173,50.7738825],[-1.1247645,50.7821551],[-1.1122474,50.7892726],[-1.1130983,50.7913444],[-1.1164159,50.7880081],[-1.1232855,50.7893813],[-1.1240545,50.789535],[-1.1243593,50.7895959],[-1.124922,50.7893032],[-1.1268695,50.7882901],[-1.1329731,50.7851144],[-1.1371203,50.7851681],[-1.1386306,50.7851877],[-1.1318041,50.7872586],[-1.1339972,50.7887883],[-1.1362233,50.7903408],[-1.1306847,50.788797],[-1.1269472,50.7892853],[-1.1282814,50.7917701],[-1.1186851,50.7912132],[-1.1165726,50.7957215],[-1.1172305,50.7962122],[-1.121391,50.7993154],[-1.1218289,50.7996419],[-1.1223157,50.800005],[-1.1237386,50.8041264],[-1.1338218,50.8022549],[-1.1344477,50.802117],[-1.1360652,50.8045268],[-1.1312069,50.8051794],[-1.1238153,50.8061719],[-1.1396751,50.8155561],[-1.1401906,50.8158611],[-1.1409439,50.8163066],[-1.1457796,50.8259727],[-1.1495005,50.8251269],[-1.1571279,50.8233925],[-1.1550375,50.8244199],[-1.1547934,50.8245399],[-1.1502574,50.8267689],[-1.1501133,50.8323511],[-1.1516711,50.8341516],[-1.158519,50.8386987],[-1.1589527,50.8384825],[-1.1665049,50.8347173],[-1.1664519,50.8376882]]],"type":"Polygon"},"id":"E07000088","properties":{"code":"E07000088","geography":"LAD","name":"Gosport"},"type":"Feature"},{"geometry":{"coordinates":[[[-0.9150757,51.360786],[-0.9177478,51.3645566],[-0.9359894,51.3663171],[-0.9391534,51.3631716],[-0.9867401,51.3598556],[-0.9946038,51.3423115],[-0.9907371,51.3426523],[-0.9916739,51.3387039],[-0.9810014,51.3372295],[-0.982573,51.3261801],[-0.9870803,51.3228876],[-0.9838873,51.3100209],[-0.995397,51.2986956],[-1.0012171,51.3002319],[-1.0016034,51.2959153],[-1.0002213,51.2892214],[-0.9817264,51.2866313],[-0.9799256,51.2675871],[-0.9937077,51.244417],[-0.9788182,51.242084],[-0.9747962,51.2385194],[-0.9831096,51.235308],[-0.9754747,51.2259154],[-0.983282,51.223079],[-0.9781012,51.2204845],[-0.9841595,51.2124279],[-0.9858826,51.1904356],[-0.9738204,51.1860077],[-0.9511756,51.2004466],[-0.9091776,51.2054985],[-0.9043076,51.2099088],[-0.8843908,51.2102052],[-0.8690518,51.2127368],[-0.8489297,51.2107327],[-0.8290998,51.2254048],[-0.8284701,51.2306813],[-0.8266332,51.2343668],[-0.8207978,51.2354483],[-0.8207782,51.2392708],[-0.8047496,51.2450647],[-0.8047256,51.2693603],[-0.803417,51.2722265],[-0.8075238,51.2752916],[-0.790292,51.2821965],[-0.7979093,51.2845442],[-0.7959797,51.286826],[-0.8029282,51.2929739],[-0.7968737,51.2976641],[-0.7970704,51.3023782],[-0.7965686,51.3046669],[-0.7913979,51.3035337],[-0.7891163,51.3067284],[-0.7930377,51.3080764],[-0.7786508,51.317486],[-0.7732957,51.3167798],[-0.7678061,51.3200843],[-0.7642093,51.3175933],[-0.7629031,51.3187305],[-0.7670935,51.3262249],[-0.7754662,51.3319589],[-0.7846509,51.3382321],[-0.794929,51.3409596],[-0.8140801,51.3415652],[-0.8190491,51.3488298],[-0.8281245,51.3528639],[-0.8373737,51.3528861],[-0.8428615,51.3522712],[-0.8477717,51.352477],[-0.86808,51.3547493],[-0.8739927,51.3523718],[-0.9150757,51.360786]]],"type":"Polygon"},"id":"E07000089","properties":{"code":"E07000089","geography":"LAD","name":"Hart"},"type":"Feature"},{"geometry":{"coordinates":[[[[-1.0053164,50.8337934],[-1.0089704,50.8333164],[-1.0023799,50.829324],[-1.0053164,50.8337934]]],[[[-0.9691032,50.834533],[-0.9778008,50.8329992],[-0.986795,50.8269018],[-0.983332,50.8207592],[-0.9948963,50.7981359],[-1.0013617,50.795278],[-1.0058643,50.7932873],[-1.0173159,50.7951774],[-1.0175944,50.7924513],[-1.0219477,50.7937945],[-1.0202257,50.7954379],[-1.019889,50.7957593],[-1.024229,50.7954715],[-1.025331,50.7953983],[-1.0201858,50.7856358],[-1.0085666,50.7847942],[-1.0070572,50.784988],[-0.9911251,50.7835286],[-0.9830939,50.782945],[-0.9787012,50.7826255],[-0.9464554,50.7771268],[-0.9364694,50.7781541],[-0.9368081,50.7868111],[-0.9370115,50.7825323],[-0.9432056,50.7867127],[-0.9492714,50.7831208],[-0.9614226,50.782225],[-0.9511945,50.7842173],[-0.9513075,50.7869063],[-0.9575522,50.7897877],[-0.9673385,50.7871526],[-0.9678614,50.7901491],[-0.9627351,50.789458],[-0.9554843,50.7937136],[-0.9558246,50.7948796],[-0.9561502,50.7959949],[-0.9564499,50.7970217],[-0.9570638,50.7991244],[-0.9530593,50.8009263],[-0.9527449,50.8010678],[-0.9571384,50.8037908],[-0.9581318,50.8044065],[-0.9586073,50.8047012],[-0.9689708,50.8027409],[-0.9708821,50.8056625],[-0.9714672,50.8063944],[-0.973388,50.808797],[-0.9713137,50.8080494],[-0.9709878,50.8079683],[-0.9651693,50.8065212],[-0.9617234,50.8092721],[-0.9710524,50.8106424],[-0.961209,50.8113512],[-0.957057,50.8073429],[-0.9576028,50.8157985],[-0.9510262,50.8239789],[-0.957279,50.8313093],[-0.9636432,50.8334334],[-0.9702804,50.8307259],[-0.9691032,50.834533]]],[[[-1.0184838,50.8381658],[-1.0215878,50.8373831],[-1.0217142,50.8373513],[-1.0242353,50.8330044],[-1.0239733,50.8329914],[-1.0169555,50.8368867],[-1.0102463,50.8349577],[-1.0184838,50.8381658]]],[[[-0.9604433,50.8721838],[-0.9680105,50.873438],[-0.9682558,50.877711],[-0.9716423,50.8778518],[-0.9786983,50.8783012],[-0.9987674,50.8954009],[-1.0047065,50.8965461],[-1.0014919,50.8994821],[-1.0193844,50.9049904],[-1.0187329,50.9090551],[-1.0245276,50.9094634],[-1.0238599,50.9061601],[-1.0341159,50.9041626],[-1.0475718,50.8905503],[-1.0444959,50.8833433],[-1.0352437,50.8808965],[-1.0382255,50.8795425],[-1.0404189,50.877806],[-1.0464929,50.8740995],[-1.0456965,50.8705794],[-1.0473811,50.8657496],[-1.0546166,50.8674488],[-1.0486854,50.8645786],[-1.0540821,50.8565302],[-1.0226292,50.8520731],[-1.0251398,50.8477286],[-1.0206437,50.8391966],[-1.0211605,50.8383059],[-1.0206253,50.8390588],[-1.0199095,50.8431977],[-1.0031882,50.8430192],[-1.0027483,50.8430145],[-1.0010073,50.8504339],[-1.0007825,50.8513917],[-1.0007982,50.8505833],[-1.0009088,50.8448819],[-0.9966497,50.8466395],[-1.001189,50.8436685],[-0.9947395,50.8403113],[-0.9896451,50.8376589],[-0.985976,50.8378231],[-0.9875631,50.8399529],[-0.9833781,50.8382384],[-0.9814208,50.8349281],[-0.9744582,50.8423035],[-0.9578907,50.8399372],[-0.9568204,50.8397842],[-0.956186,50.8396935],[-0.9512306,50.8440161],[-0.940012,50.8419076],[-0.9375704,50.8444106],[-0.9322002,50.8434277],[-0.9324779,50.8460494],[-0.9322172,50.845587],[-0.9327812,50.8532326],[-0.9264502,50.8640917],[-0.938657,50.8737146],[-0.9535383,50.8681958],[-0.9633851,50.867254],[-0.9604433,50.8721838]]]],"type":"MultiPolygon"},"id":"E07000090","properties":{"code":"E07000090","geography":"LAD","name":"Havant"},"type":"Feature"},{"geometry":{"coordinates":[[[[-1.4741284,50.9204219],[-1.475273,50.9215092],[-1.4749902,50.9212041],[-1.4742454,50.9204003],[-1.4735745,50.9196763],[-1.4741284,50.9204219]]],[[[-1.8358173,51.0094733],[-1.8528042,51.0050277],[-1.8739112,50.9845006],[-1.8741809,50.987727],[-1.8744816,51.0063306],[-1.8867413,50.9995277],[-1.9278759,50.9976972],[-1.949936,50.9823106],[-1.9568301,50.9898003],[-1.9554656,50.9782663],[-1.9448296,50.9757484],[-1.9392199,50.9696571],[-1.9298888,50.9677958],[-1.9209861,50.9614955],[-1.9091835,50.9453266],[-1.8788026,50.9243256],[-1.8736443,50.9172259],[-1.8634882,50.9193888],[-1.8541845,50.9275113],[-1.84184,50.9316804],[-1.8263005,50.9268698],[-1.812784,50.9275198],[-1.8204072,50.9121059],[-1.8165419,50.9039481],[-1.8249532,50.8957706],[-1.8398699,50.89789],[-1.8485555,50.8898874],[-1.8440433,50.8868294],[-1.8479772,50.8823391],[-1.8478322,50.8696865],[-1.8535393,50.866505],[-1.8509437,50.858725],[-1.8295185,50.8553189],[-1.8148326,50.8587012],[-1.8127902,50.8645728],[-1.8080278,50.8644599],[-1.8054977,50.8519909],[-1.7999429,50.8484492],[-1.8033586,50.8444766],[-1.7906149,50.8363141],[-1.7966551,50.8332214],[-1.7944368,50.8310296],[-1.803635,50.830024],[-1.8017563,50.8209758],[-1.8072737,50.8162999],[-1.8028736,50.813512],[-1.8118322,50.8087301],[-1.8097355,50.8049569],[-1.8013735,50.7997145],[-1.803905,50.7959652],[-1.8008679,50.7941183],[-1.8059672,50.7920208],[-1.8009653,50.7918847],[-1.7975228,50.7838364],[-1.7878682,50.7788551],[-1.7882768,50.7668695],[-1.7834249,50.7646493],[-1.7760649,50.7663528],[-1.7688816,50.7697829],[-1.7701173,50.7725488],[-1.7487586,50.7794492],[-1.7389596,50.7632705],[-1.7446562,50.7560727],[-1.7441687,50.7474554],[-1.7270353,50.7510146],[-1.6818188,50.75185],[-1.6846454,50.7438209],[-1.6917481,50.7372827],[-1.6581879,50.734333],[-1.6564776,50.7340272],[-1.6471402,50.7332651],[-1.6302499,50.7293399],[-1.6281738,50.7288709],[-1.5836983,50.7189689],[-1.5829182,50.7186379],[-1.5820396,50.7182448],[-1.5552333,50.7061272],[-1.5512684,50.706087],[-1.5485395,50.7081149],[-1.551311,50.7108696],[-1.5546509,50.71323],[-1.5534475,50.7066036],[-1.5795432,50.7177229],[-1.571098,50.7181859],[-1.5649684,50.7209689],[-1.5674331,50.7224796],[-1.5603787,50.7210983],[-1.5545871,50.7233794],[-1.5543834,50.7238069],[-1.5525156,50.7277248],[-1.5455361,50.7270107],[-1.5310739,50.7370181],[-1.5334183,50.7414007],[-1.5343736,50.7412173],[-1.5411175,50.7399475],[-1.5413519,50.7399033],[-1.5411629,50.7399621],[-1.5352368,50.7418046],[-1.5373271,50.7451257],[-1.5306514,50.7424408],[-1.525925,50.7445215],[-1.5258666,50.7494727],[-1.5316601,50.7487317],[-1.5275697,50.753208],[-1.5366649,50.7589611],[-1.5367493,50.7619882],[-1.5367752,50.7629207],[-1.5368266,50.7630918],[-1.5335136,50.7624926],[-1.5346047,50.7606869],[-1.5353458,50.7594604],[-1.5300746,50.7579377],[-1.5137863,50.7532305],[-1.4674915,50.7597979],[-1.4649442,50.7648439],[-1.4621006,50.7608156],[-1.4341903,50.7644992],[-1.4213505,50.7661912],[-1.4210857,50.7662355],[-1.418816,50.7666238],[-1.3992402,50.7742574],[-1.4011621,50.7739768],[-1.4016534,50.7738573],[-1.4014908,50.7739288],[-1.4015669,50.7739177],[-1.3978774,50.7755263],[-1.3978313,50.7755376],[-1.393242,50.7765953],[-1.3923846,50.7769294],[-1.398018,50.7762815],[-1.4129716,50.7839505],[-1.4096883,50.7904419],[-1.411777,50.7980695],[-1.4123338,50.8001026],[-1.4228449,50.7999565],[-1.4203643,50.8057031],[-1.4336554,50.8088486],[-1.439942,50.8103357],[-1.4394434,50.8140436],[-1.445609,50.8136019],[-1.4470884,50.8186268],[-1.4512302,50.8191571],[-1.4486549,50.8201378],[-1.438155,50.8154394],[-1.435984,50.8099416],[-1.4336373,50.8103479],[-1.4291427,50.8111259],[-1.4264852,50.8075715],[-1.4191398,50.8070648],[-1.4200707,50.8002997],[-1.4121393,50.8048696],[-1.4140772,50.8026564],[-1.4090044,50.8007],[-1.4078823,50.7980496],[-1.4050585,50.7913787],[-1.4087217,50.7866564],[-1.4005205,50.7843366],[-1.407387,50.7852927],[-1.4035167,50.7834294],[-1.3883417,50.7859099],[-1.3546949,50.7841199],[-1.3543148,50.7840997],[-1.3525447,50.7840052],[-1.3423708,50.7859307],[-1.3374976,50.7913859],[-1.3322533,50.7976413],[-1.3277961,50.8029563],[-1.3085837,50.8148455],[-1.3071983,50.8191105],[-1.3074409,50.8192377],[-1.3115068,50.8134607],[-1.3119119,50.8138511],[-1.3120598,50.8135924],[-1.3119384,50.8138767],[-1.3139828,50.8158467],[-1.3106382,50.8169223],[-1.310495,50.8172578],[-1.3126156,50.8189078],[-1.3169756,50.8196755],[-1.3171879,50.8196003],[-1.3181832,50.8186661],[-1.317366,50.8179279],[-1.3255854,50.8166256],[-1.3259795,50.8164859],[-1.3258657,50.8165812],[-1.3260332,50.8165546],[-1.3254713,50.8170137],[-1.3251065,50.8173108],[-1.3215586,50.8205958],[-1.3218747,50.8214973],[-1.3275137,50.8239209],[-1.3221917,50.8224012],[-1.3239158,50.8273178],[-1.3283898,50.8239125],[-1.326056,50.82755],[-1.3392469,50.8264962],[-1.3403366,50.8344032],[-1.3345676,50.8374575],[-1.3421411,50.8443376],[-1.3505506,50.8463003],[-1.3540756,50.841911],[-1.3516983,50.8465064],[-1.3605127,50.8429124],[-1.3527069,50.8481433],[-1.3723687,50.855249],[-1.3767838,50.8538907],[-1.3733713,50.8569765],[-1.3815677,50.859014],[-1.3791602,50.8601378],[-1.384155,50.8629257],[-1.3879036,50.8642165],[-1.3879791,50.8642422],[-1.3883164,50.864357],[-1.3952462,50.8688157],[-1.39569,50.8691013],[-1.4007683,50.8719466],[-1.3975016,50.8747686],[-1.4006185,50.876998],[-1.4200724,50.8909058],[-1.4204042,50.891675],[-1.4218498,50.8950261],[-1.4257028,50.8947902],[-1.4267774,50.8967203],[-1.432567,50.8987539],[-1.4419639,50.9020536],[-1.452327,50.9003482],[-1.4615417,50.9034405],[-1.4617995,50.9035724],[-1.4782415,50.9119762],[-1.4784096,50.9125903],[-1.4790392,50.9164474],[-1.4740698,50.9117065],[-1.4766124,50.9199626],[-1.4767293,50.9203422],[-1.476846,50.9207208],[-1.4827308,50.9248774],[-1.4792628,50.9266028],[-1.4787905,50.9254015],[-1.4773282,50.9284619],[-1.4821542,50.9311927],[-1.4828155,50.9282804],[-1.4848614,50.9326785],[-1.4905774,50.9334912],[-1.5002671,50.934525],[-1.505215,50.9388174],[-1.5099692,50.9501078],[-1.5215407,50.9522268],[-1.5291018,50.9503619],[-1.5342266,50.9543705],[-1.5342705,50.9590631],[-1.5445315,50.9692813],[-1.575682,50.9607757],[-1.584075,50.9621179],[-1.5900828,50.9512636],[-1.5964956,50.9560717],[-1.6077455,50.9549616],[-1.6197509,50.9585669],[-1.6233992,50.9546373],[-1.634965,50.9592422],[-1.6463761,50.9494654],[-1.66166,50.9452779],[-1.6768817,50.949667],[-1.6976514,50.9604324],[-1.719571,50.9767863],[-1.7471016,50.9779412],[-1.800314,50.9913948],[-1.8075835,50.9920455],[-1.8154218,50.9859226],[-1.8358173,51.0094733]]]],"type":"MultiPolygon"},"id":"E07000091","properties":{"code":"E07000091","geography":"LAD","name":"New Forest"},"type":"Feature"},{"geometry":{"coordinates":[[[-0.7678061,51.3200843],[-0.7732957,51.3167798],[-0.7786508,51.317486],[-0.7930377,51.3080764],[-0.7891163,51.3067284],[-0.7913979,51.3035337],[-0.7965686,51.3046669],[-0.7970704,51.3023782],[-0.7968737,51.2976641],[-0.8029282,51.2929739],[-0.7959797,51.286826],[-0.7979093,51.2845442],[-0.790292,51.2821965],[-0.8075238,51.2752916],[-0.803417,51.2722265],[-0.8047256,51.2693603],[-0.8047496,51.2450647],[-0.80174,51.2390388],[-0.7869005,51.2418651],[-0.7759047,51.2419349],[-0.7676943,51.2360713],[-0.7676497,51.2360693],[-0.7587211,51.233881],[-0.7455404,51.2304564],[-0.7357861,51.2376802],[-0.7380856,51.2417417],[-0.7304898,51.2548998],[-0.7333006,51.2597215],[-0.7316332,51.2667907],[-0.7310699,51.280347],[-0.7333487,51.2817911],[-0.7394005,51.2989394],[-0.7456533,51.3100329],[-0.7463893,51.3106182],[-0.7582907,51.3159255],[-0.7629031,51.3187305],[-0.7642093,51.3175933],[-0.7678061,51.3200843]]],"type":"Polygon"},"id":"E07000092","properties":{"code":"E07000092","geography":"LAD","name":"Rushmoor"},"type":"Feature"},{"geometry":{"coordinates":[[[-1.5162281,51.3393521],[-1.5275079,51.3384441],[-1.5335619,51.3162236],[-1.5277575,51.3128896],[-1.5259349,51.3060699],[-1.5279992,51.2998286],[-1.5194205,51.2960815],[-1.5242176,51.2931632],[-1.5227772,51.2870633],[-1.5344564,51.2871211],[-1.5428615,51.2801154],[-1.5359032,51.2773145],[-1.540599,51.2608312],[-1.5305501,51.2626445],[-1.5298179,51.2608018],[-1.5360218,51.248555],[-1.5442542,51.2451106],[-1.5483292,51.2475105],[-1.577572,51.2555796],[-1.6001863,51.2535243],[-1.6002266,51.2514381],[-1.6075908,51.2527924],[-1.6103932,51.2429796],[-1.6194148,51.241205],[-1.633621,51.2175906],[-1.6534964,51.2204676],[-1.6667715,51.2174443],[-1.6897881,51.2147686],[-1.690935,51.209516],[-1.6927924,51.2030498],[-1.6688204,51.1907592],[-1.6693868,51.1848176],[-1.6722712,51.1785464],[-1.6570402,51.1593064],[-1.6546955,51.1520529],[-1.6629754,51.127192],[-1.6406595,51.1254125],[-1.6263413,51.1173369],[-1.6307954,51.1128865],[-1.6271019,51.1027573],[-1.6373148,51.0922023],[-1.6340976,51.0854626],[-1.6278073,51.0781558],[-1.6349768,51.0408468],[-1.6323757,51.0327797],[-1.6194571,51.0330594],[-1.6005789,51.0221726],[-1.6053181,51.0170391],[-1.5975761,51.0080271],[-1.6052397,51.0070401],[-1.6091036,51.0098543],[-1.6149103,51.0066386],[-1.6060779,51.0018978],[-1.617231,51.004182],[-1.6288047,50.9990945],[-1.625213,50.9903307],[-1.6189585,50.9874001],[-1.6197308,50.983035],[-1.6144257,50.9794812],[-1.6029298,50.9785042],[-1.6197509,50.9585669],[-1.6077455,50.9549616],[-1.5964956,50.9560717],[-1.5900828,50.9512636],[-1.584075,50.9621179],[-1.575682,50.9607757],[-1.5445315,50.9692813],[-1.5342705,50.9590631],[-1.5342266,50.9543705],[-1.5291018,50.9503619],[-1.5215407,50.9522268],[-1.5099692,50.9501078],[-1.505215,50.9388174],[-1.5002671,50.934525],[-1.4905774,50.9334912],[-1.4848614,50.9326785],[-1.4828155,50.9282804],[-1.4821542,50.9311927],[-1.4773282,50.9284619],[-1.4641085,50.9351064],[-1.4594124,50.9431854],[-1.4559791,50.9460042],[-1.4510082,50.9443267],[-1.4495458,50.9499114],[-1.4412935,50.9470557],[-1.4357169,50.948992],[-1.4237836,50.9472305],[-1.421038,50.9516772],[-1.4096106,50.9497594],[-1.4061398,50.9561275],[-1.4013571,50.9503901],[-1.3928614,50.9493821],[-1.3908317,50.9465352],[-1.3798919,50.9475181],[-1.3740341,50.9539758],[-1.3844781,50.9562688],[-1.3829449,50.9607651],[-1.392764,50.9644874],[-1.3964658,50.9685028],[-1.3931284,50.9748431],[-1.3963813,50.9775471],[-1.3914271,50.9868089],[-1.3971572,50.9904391],[-1.399643,50.9946739],[-1.391933,50.9992193],[-1.3929747,51.0043613],[-1.3943744,51.0097137],[-1.3985237,51.0082819],[-1.4111984,51.0141115],[-1.4210255,51.0138171],[-1.4299847,51.0240667],[-1.4396847,51.0244131],[-1.4447905,51.0275308],[-1.4471658,51.0346147],[-1.4565035,51.0411223],[-1.4471174,51.0522035],[-1.4360443,51.0595396],[-1.41547,51.0626723],[-1.4100757,51.0766894],[-1.4158253,51.0771296],[-1.411963,51.0855592],[-1.4145347,51.095692],[-1.4299762,51.0944311],[-1.4311744,51.0981471],[-1.4362931,51.0978886],[-1.4362722,51.1120424],[-1.4314167,51.1167857],[-1.4175939,51.109738],[-1.4142173,51.1129853],[-1.4115523,51.1106844],[-1.4048415,51.1124371],[-1.4071951,51.1204766],[-1.3802687,51.1241238],[-1.3702227,51.1291418],[-1.3777644,51.136331],[-1.3640673,51.1497279],[-1.3482128,51.1555271],[-1.3476958,51.1595249],[-1.3368766,51.1591063],[-1.3372196,51.1673837],[-1.3286428,51.1716809],[-1.331024,51.1739777],[-1.308823,51.1947389],[-1.3125596,51.1935874],[-1.340939,51.184579],[-1.3416116,51.2056541],[-1.3581781,51.2120207],[-1.3600409,51.2045674],[-1.3688623,51.2024068],[-1.383666,51.2149002],[-1.421091,51.2237362],[-1.4276332,51.227029],[-1.4274651,51.2330699],[-1.4332839,51.2365243],[-1.445055,51.2496245],[-1.4601524,51.2558906],[-1.4469502,51.2679189],[-1.4220591,51.2774095],[-1.4167658,51.283069],[-1.4192611,51.2930265],[-1.428651,51.3003902],[-1.4184091,51.3264778],[-1.4233033,51.3309242],[-1.421336,51.3355525],[-1.4297057,51.3365442],[-1.4982869,51.3293617],[-1.5162281,51.3393521]]],"type":"Polygon"},"id":"E07000093","properties":{"code":"E07000093","geography":"LAD","name":"Test Valley"},"type":"Feature"},{"geometry":{"coordinates":[[[-1.2989391,51.1970343],[-1.308823,51.1947389],[-1.331024,51.1739777],[-1.3286428,51.1716809],[-1.3372196,51.1673837],[-1.3368766,51.1591063],[-1.3476958,51.1595249],[-1.3482128,51.1555271],[-1.3640673,51.1497279],[-1.3777644,51.136331],[-1.3702227,51.1291418],[-1.3802687,51.1241238],[-1.4071951,51.1204766],[-1.4048415,51.1124371],[-1.4115523,51.1106844],[-1.4142173,51.1129853],[-1.4175939,51.109738],[-1.4314167,51.1167857],[-1.4362722,51.1120424],[-1.4362931,51.0978886],[-1.4311744,51.0981471],[-1.4299762,51.0944311],[-1.4145347,51.095692],[-1.411963,51.0855592],[-1.4158253,51.0771296],[-1.4100757,51.0766894],[-1.41547,51.0626723],[-1.4360443,51.0595396],[-1.4471174,51.0522035],[-1.4565035,51.0411223],[-1.4471658,51.0346147],[-1.4447905,51.0275308],[-1.4396847,51.0244131],[-1.4299847,51.0240667],[-1.4210255,51.0138171],[-1.4111984,51.0141115],[-1.3985237,51.0082819],[-1.3943744,51.0097137],[-1.3929747,51.0043613],[-1.3571376,50.9984361],[-1.3427655,50.9908888],[-1.3465663,50.9813995],[-1.3440573,50.984862],[-1.3354716,50.983507],[-1.3303908,50.9837479],[-1.3276781,50.9801201],[-1.3227281,50.9875483],[-1.3163937,50.985125],[-1.2931503,50.9837137],[-1.2934282,50.9741453],[-1.2753886,50.9738854],[-1.272071,50.9790985],[-1.2665543,50.9801566],[-1.2581543,50.9783419],[-1.269969,50.9655298],[-1.2910314,50.9508584],[-1.2911248,50.9468446],[-1.2847258,50.9363786],[-1.2736909,50.9357027],[-1.2672072,50.929343],[-1.2642373,50.9205016],[-1.2687966,50.909716],[-1.2620454,50.9037363],[-1.2560081,50.9035239],[-1.2652478,50.8979083],[-1.2546795,50.8870184],[-1.255286,50.8749278],[-1.2534974,50.8723858],[-1.2366093,50.8637564],[-1.2290094,50.8612115],[-1.2235583,50.8675726],[-1.216039,50.875058],[-1.1980187,50.8759431],[-1.1958635,50.8850387],[-1.1881609,50.8839834],[-1.1883453,50.8880166],[-1.1806296,50.8879839],[-1.1672176,50.8894332],[-1.1538508,50.8823377],[-1.1494618,50.8781566],[-1.1517272,50.8702786],[-1.1445218,50.8665767],[-1.143245,50.8584286],[-1.1380569,50.858778],[-1.1157832,50.8582738],[-1.0907769,50.8585816],[-1.0755276,50.8563784],[-1.0661861,50.8584739],[-1.0543473,50.8550867],[-1.0540821,50.8565302],[-1.0486854,50.8645786],[-1.0546166,50.8674488],[-1.0473811,50.8657496],[-1.0456965,50.8705794],[-1.0464929,50.8740995],[-1.0404189,50.877806],[-1.0382255,50.8795425],[-1.0352437,50.8808965],[-1.0444959,50.8833433],[-1.0475718,50.8905503],[-1.0341159,50.9041626],[-1.0484556,50.9025163],[-1.0447869,50.9162615],[-1.0363543,50.9220303],[-1.0393731,50.9277792],[-1.0365894,50.9317284],[-1.0379872,50.9453512],[-1.0356896,50.9515169],[-1.0461978,50.9546286],[-1.0452856,50.9686745],[-1.0536505,50.9710412],[-1.0554815,50.9775578],[-1.0633661,50.9776917],[-1.0694621,50.99373],[-1.068787,51.0085519],[-1.0623436,51.0201125],[-1.0649403,51.0309334],[-1.0727853,51.0312882],[-1.0737858,51.0339641],[-1.0537745,51.0472317],[-1.0621963,51.044519],[-1.0673374,51.0476392],[-1.0816829,51.0464263],[-1.0906603,51.0549459],[-1.088853,51.0606655],[-1.0949991,51.0636618],[-1.091987,51.0675718],[-1.1071372,51.078895],[-1.1081265,51.0885461],[-1.1004433,51.0939998],[-1.085815,51.0972478],[-1.0832878,51.1029293],[-1.072545,51.1074677],[-1.0849551,51.1095645],[-1.0939253,51.1077683],[-1.0905327,51.1119981],[-1.0950429,51.1403461],[-1.1121135,51.1365779],[-1.1297856,51.1385954],[-1.1317898,51.1435808],[-1.1517821,51.1389726],[-1.1510115,51.1361766],[-1.1742888,51.1335401],[-1.1865657,51.1381808],[-1.184445,51.1443106],[-1.2036792,51.1502269],[-1.2132993,51.1519473],[-1.2143799,51.1587744],[-1.1855723,51.1639887],[-1.1816961,51.1752499],[-1.1929207,51.1793769],[-1.1903074,51.1837652],[-1.2012325,51.1856054],[-1.2065606,51.180702],[-1.227853,51.1904858],[-1.2486095,51.1910937],[-1.287419,51.1962355],[-1.2927127,51.1944136],[-1.2989391,51.1970343]]],"type":"Polygon"},"id":"E07000094","properties":{"code":"E07000094","geography":"LAD","name":"Winchester"},"type":"Feature"},{"geometry":{"coordinates":[[[0.0012574,51.7451365],[0.0041706,51.7553716],[0.0129923,51.7574655],[0.0140291,51.76438],[0.0052296,51.7709232],[0.003442,51.7776216],[0.0055741,51.7800689],[-0.0181028,51.7805236],[-0.0230271,51.7735042],[-0.0456187,51.770231],[-0.0488475,51.761346],[-0.0524091,51.7423449],[-0.0554659,51.7425358],[-0.057463,51.7353899],[-0.0583514,51.7347014],[-0.0986537,51.7359465],[-0.1140832,51.7208073],[-0.1055293,51.7135701],[-0.1057791,51.6918756],[-0.0838891,51.6899134],[-0.062089,51.6829767],[-0.0489358,51.684017],[-0.0333921,51.6824945],[-0.0119187,51.6808778],[-0.0184961,51.6984342],[-0.0197304,51.7032743],[-0.0175788,51.7074034],[-0.0154995,51.7153277],[-0.0141203,51.7231208],[-0.0137473,51.7354002],[-0.0129801,51.7427513],[-0.0062338,51.7417099],[0.0012574,51.7451365]]],"type":"Polygon"},"id":"E07000095","properties":{"code":"E07000095","geography":"LAD","name":"Broxbourne"},"type":"Feature"},{"geometry":{"coordinates":[[[-0.47042,51.8557102],[-0.4782985,51.8531365],[-0.4711957,51.8454679],[-0.4795708,51.8421443],[-0.4909329,51.8428194],[-0.4918818,51.8352785],[-0.5018183,51.8367948],[-0.5060168,51.8272998],[-0.5111929,51.8258936],[-0.5015937,51.821487],[-0.5022828,51.8154587],[-0.5197288,51.8050954],[-0.5241002,51.8058112],[-0.5431798,51.8154635],[-0.5416848,51.8184447],[-0.5536139,51.8267529],[-0.5571377,51.8309666],[-0.5606562,51.8300826],[-0.5583483,51.8247879],[-0.5607874,51.8263823],[-0.5671447,51.8198051],[-0.5751704,51.8188173],[-0.5818257,51.8069054],[-0.5916548,51.8081358],[-0.5948323,51.814023],[-0.6118692,51.8120448],[-0.6329396,51.8199462],[-0.6359489,51.8180201],[-0.6477704,51.8136058],[-0.6592477,51.8154271],[-0.6672451,51.8158053],[-0.6879945,51.8399309],[-0.6954496,51.8411107],[-0.6867703,51.8492206],[-0.6923267,51.8570488],[-0.699972,51.8579697],[-0.7071636,51.8544036],[-0.7105567,51.8578172],[-0.7203442,51.8561541],[-0.7225994,51.8500324],[-0.731199,51.8490411],[-0.7363848,51.8424005],[-0.7457441,51.8421086],[-0.7391494,51.8347775],[-0.7234023,51.8176247],[-0.719211,51.8161297],[-0.7092953,51.8205396],[-0.7011476,51.8148626],[-0.68265,51.7972095],[-0.6821899,51.7945842],[-0.690191,51.7923392],[-0.6814998,51.7880591],[-0.6761857,51.7784644],[-0.6734493,51.7684772],[-0.6434582,51.7540173],[-0.6285485,51.7545696],[-0.6137664,51.7509133],[-0.612936,51.7474273],[-0.5863797,51.7521159],[-0.5824983,51.7453261],[-0.5727629,51.7358639],[-0.5637,51.7396173],[-0.565583,51.7365462],[-0.5592453,51.7373319],[-0.5606463,51.734076],[-0.5537204,51.7340647],[-0.5500828,51.7305751],[-0.5535968,51.7284108],[-0.5504136,51.7230429],[-0.5610994,51.7180793],[-0.5631479,51.7116821],[-0.547668,51.7031814],[-0.5432174,51.6951359],[-0.5478752,51.6825137],[-0.5388891,51.6798342],[-0.5242728,51.6821127],[-0.5230148,51.6950806],[-0.5154953,51.7065777],[-0.5029486,51.7005349],[-0.469639,51.6968318],[-0.4668131,51.695885],[-0.4402614,51.7010139],[-0.4500848,51.7255322],[-0.4399292,51.728258],[-0.4404485,51.7334551],[-0.4220803,51.7408369],[-0.426557,51.7443428],[-0.4210244,51.7487611],[-0.425702,51.7528865],[-0.4234613,51.7562769],[-0.4228316,51.7659896],[-0.4297386,51.7679049],[-0.4303243,51.7775448],[-0.4368961,51.7823856],[-0.4405842,51.7868784],[-0.4273053,51.7920759],[-0.4133683,51.7911853],[-0.4093625,51.7973059],[-0.4288289,51.8067647],[-0.4275005,51.8116305],[-0.4141116,51.8190856],[-0.4174417,51.8201555],[-0.4199384,51.8258874],[-0.4163128,51.8357035],[-0.4048588,51.8406075],[-0.4215008,51.8502052],[-0.4252349,51.8467206],[-0.4389864,51.8518351],[-0.4475245,51.8476015],[-0.4540631,51.8530325],[-0.4641045,51.8501474],[-0.47042,51.8557102]]],"type":"Polygon"},"id":"E07000096","properties":{"code":"E07000096","geography":"LAD","name":"Dacorum"},"type":"Feature"},{"geometry":{"coordinates":[[[-0.2551356,51.7295374],[-0.26611,51.7381453],[-0.2852981,51.731656],[-0.2894664,51.7279905],[-0.283671,51.7242867],[-0.285917,51.7207848],[-0.2769537,51.7212848],[-0.2796209,51.7174925],[-0.301976,51.7080667],[-0.3000195,51.6965246],[-0.30923,51.6978976],[-0.3223322,51.6934796],[-0.3267112,51.7034838],[-0.3368494,51.6977191],[-0.3497372,51.6994761],[-0.3557773,51.6975125],[-0.3553249,51.6905976],[-0.3719989,51.6875909],[-0.3753583,51.6925119],[-0.3782869,51.6880933],[-0.3694905,51.684292],[-0.3687661,51.6783266],[-0.3742274,51.6741275],[-0.3747094,51.6735488],[-0.3840929,51.6692281],[-0.3865747,51.6568108],[-0.3833169,51.648502],[-0.37817,51.6465177],[-0.3716341,51.6434342],[-0.3799609,51.6396171],[-0.3773734,51.6377334],[-0.3751471,51.6358178],[-0.3698788,51.6312135],[-0.3626213,51.6235048],[-0.3398896,51.6307237],[-0.3175494,51.6402163],[-0.3166722,51.6405356],[-0.30445,51.6363487],[-0.302621,51.6362077],[-0.2737135,51.638674],[-0.273122,51.641194],[-0.2632722,51.6448335],[-0.2573677,51.6418225],[-0.251557,51.6479526],[-0.249348,51.6560578],[-0.2289193,51.6599758],[-0.2264627,51.6571619],[-0.2078637,51.6628612],[-0.2111339,51.6669549],[-0.1998717,51.6701703],[-0.1910667,51.6638967],[-0.1819608,51.6686832],[-0.1763859,51.672645],[-0.1724732,51.6730914],[-0.1635038,51.6859229],[-0.1634933,51.6881151],[-0.1631181,51.6998576],[-0.1721146,51.7027416],[-0.1737207,51.7026426],[-0.2026216,51.709741],[-0.2222582,51.7131287],[-0.2342708,51.7107606],[-0.2389717,51.7061418],[-0.2410629,51.7157778],[-0.2551356,51.7295374]]],"type":"Polygon"},"id":"E07000098","properties":{"code":"E07000098","geography":"LAD","name":"Hertsmere"},"type":"Feature"},{"geometry":{"coordinates":[[[-0.1475093,52.06945],[-0.1576051,52.080441],[-0.1641661,52.0770355],[-0.1725404,52.0602233],[-0.1949826,52.0624151],[-0.2194934,52.0367413],[-0.201256,52.0098247],[-0.2134906,52.0085144],[-0.2183525,52.0063376],[-0.2395977,51.9990229],[-0.2440787,51.9990233],[-0.247983,51.98508],[-0.2574485,51.9853859],[-0.2602551,51.9797048],[-0.2739006,51.9812095],[-0.2722814,51.9881356],[-0.2833753,51.9966603],[-0.2824158,52.001564],[-0.3000042,52.0007555],[-0.2953296,51.9954099],[-0.3068394,51.9890005],[-0.3114781,51.9821537],[-0.3387286,51.9827215],[-0.3587128,51.9855112],[-0.3672963,51.9837494],[-0.3638143,51.9751657],[-0.3507469,51.9727597],[-0.3491623,51.9637408],[-0.3502253,51.9575781],[-0.3725823,51.9480189],[-0.382912,51.9514137],[-0.3782057,51.9716358],[-0.3806864,51.9794323],[-0.3903733,51.9776194],[-0.3934328,51.9685769],[-0.3994395,51.9676714],[-0.4058239,51.943431],[-0.4024797,51.9333943],[-0.4056476,51.9324662],[-0.3893446,51.9257791],[-0.3835794,51.9182748],[-0.3856156,51.9156804],[-0.3783902,51.9016457],[-0.3739093,51.895314],[-0.3651344,51.8943776],[-0.3581609,51.887571],[-0.3498367,51.8786757],[-0.3548339,51.8740145],[-0.3528717,51.8635432],[-0.3394859,51.8496056],[-0.3232178,51.8448319],[-0.3193979,51.8366549],[-0.2735355,51.8353646],[-0.2726512,51.8404582],[-0.2570251,51.8454481],[-0.2473258,51.8461608],[-0.2405883,51.8349805],[-0.2256804,51.8376454],[-0.2260114,51.8340599],[-0.2216742,51.8340929],[-0.2186814,51.8384145],[-0.2237928,51.8404664],[-0.2239491,51.8466399],[-0.2223459,51.8446986],[-0.2129259,51.851396],[-0.2059633,51.8463995],[-0.2145714,51.839603],[-0.2039482,51.8448994],[-0.1991631,51.8439568],[-0.1964149,51.8495491],[-0.2066903,51.8542633],[-0.1957636,51.8590832],[-0.1918131,51.8573205],[-0.1835462,51.8604439],[-0.1727853,51.8565878],[-0.1644947,51.8618332],[-0.1735845,51.8753306],[-0.1770824,51.8760785],[-0.1919033,51.8829239],[-0.2042036,51.8801384],[-0.2145822,51.8940673],[-0.2189966,51.895964],[-0.2252754,51.8932362],[-0.2259222,51.8975872],[-0.2305354,51.8988894],[-0.2288573,51.9034536],[-0.2343717,51.9052547],[-0.2246587,51.9224856],[-0.2261664,51.9281768],[-0.2200678,51.9309678],[-0.2099987,51.9283883],[-0.194384,51.9304343],[-0.1931428,51.9276987],[-0.1807777,51.9316988],[-0.1746641,51.9297407],[-0.1646285,51.9268606],[-0.1636489,51.9238905],[-0.162181,51.9203409],[-0.1552452,51.9255306],[-0.154799,51.9295997],[-0.1452667,51.9340548],[-0.1192846,51.9282833],[-0.1166748,51.9361761],[-0.1201647,51.9421883],[-0.1101537,51.9419012],[-0.1072624,51.9463256],[-0.1070119,51.9539594],[-0.0925246,51.956238],[-0.0746568,51.9711645],[-0.0707233,51.9712935],[-0.06554,51.9568453],[-0.0401898,51.9677013],[-0.0385353,51.9714172],[-0.047953,51.9797366],[-0.0306014,51.9837886],[-0.0237338,51.9971697],[-0.0030361,51.9934458],[0.0002485,51.9838017],[0.0091999,51.9838543],[0.0232707,51.9843706],[0.0215704,51.9889435],[0.0322694,51.9870383],[0.0350258,51.989629],[0.0385408,51.9864002],[0.0445732,51.986944],[0.0437142,51.9848071],[0.0669074,51.9798073],[0.069061,51.9840426],[0.0743218,52.0008609],[0.0681561,52.0057631],[0.0520984,52.0246308],[0.0398495,52.0532246],[0.0071863,52.0495331],[-0.0013433,52.0516087],[-0.0126281,52.0615482],[-0.0244124,52.063316],[-0.0300189,52.061959],[-0.0542638,52.0466082],[-0.0790393,52.0378841],[-0.107694,52.0283552],[-0.1209988,52.0195213],[-0.1265675,52.0209219],[-0.1223387,52.0296361],[-0.1337299,52.0462329],[-0.1445762,52.0469905],[-0.155121,52.0530611],[-0.1475093,52.06945]]],"type":"Polygon"},"id":"E07000099","properties":{"code":"E07000099","geography":"LAD","name":"North Hertfordshire"},"type":"Feature"},{"geometry":{"coordinates":[[[-0.3807748,51.7069891],[-0.3964199,51.7095086],[-0.4058729,51.7137998],[-0.4024596,51.7211592],[-0.4095399,51.7218884],[-0.4065989,51.7244184],[-0.4118882,51.7320749],[-0.4161646,51.732612],[-0.4220803,51.7408369],[-0.4404485,51.7334551],[-0.4399292,51.728258],[-0.4500848,51.7255322],[-0.4402614,51.7010139],[-0.4668131,51.695885],[-0.469639,51.6968318],[-0.5029486,51.7005349],[-0.5154953,51.7065777],[-0.5230148,51.6950806],[-0.5242728,51.6821127],[-0.5249341,51.678721],[-0.5108972,51.6798172],[-0.5051079,51.6730769],[-0.5147185,51.6654529],[-0.5209948,51.6680454],[-0.5242544,51.6579369],[-0.5326261,51.6630072],[-0.5368915,51.6606245],[-0.5366661,51.6523694],[-0.5309278,51.6491335],[-0.5373916,51.642907],[-0.5392608,51.6380394],[-0.5341306,51.6371509],[-0.5300593,51.6171511],[-0.5225018,51.6050616],[-0.5176546,51.6002563],[-0.5005959,51.5996899],[-0.4962576,51.602444],[-0.4992149,51.6088811],[-0.4953219,51.6189375],[-0.5001487,51.6220719],[-0.499965,51.6291733],[-0.4971276,51.6316791],[-0.4597429,51.6131593],[-0.4571308,51.6122939],[-0.4405753,51.6200732],[-0.4119852,51.6141827],[-0.4039961,51.613184],[-0.3858719,51.61582],[-0.3845716,51.6161698],[-0.3681745,51.6206524],[-0.3626213,51.6235048],[-0.3698788,51.6312135],[-0.3751471,51.6358178],[-0.3773734,51.6377334],[-0.3868263,51.6396029],[-0.3942922,51.6377207],[-0.4047296,51.6437927],[-0.4108795,51.6399509],[-0.424494,51.6410597],[-0.4288249,51.6413191],[-0.4260328,51.6453652],[-0.4303509,51.6485207],[-0.4265716,51.6520932],[-0.4247802,51.6543109],[-0.4362151,51.6599093],[-0.4395432,51.6727502],[-0.4282908,51.6705538],[-0.4300251,51.6834222],[-0.4281572,51.6840573],[-0.4232073,51.685711],[-0.4128364,51.6886376],[-0.4024125,51.7019427],[-0.3844141,51.6959972],[-0.3755581,51.6929121],[-0.3807748,51.7069891]]],"type":"Polygon"},"id":"E07000102","properties":{"code":"E07000102","geography":"LAD","name":"Three Rivers"},"type":"Feature"},{"geometry":{"coordinates":[[[-0.3747094,51.6735488],[-0.3742274,51.6741275],[-0.3687661,51.6783266],[-0.3694905,51.684292],[-0.3782869,51.6880933],[-0.3753583,51.6925119],[-0.3755581,51.6929121],[-0.3844141,51.6959972],[-0.4024125,51.7019427],[-0.4128364,51.6886376],[-0.4232073,51.685711],[-0.4281572,51.6840573],[-0.4300251,51.6834222],[-0.4282908,51.6705538],[-0.4395432,51.6727502],[-0.4362151,51.6599093],[-0.4247802,51.6543109],[-0.4265716,51.6520932],[-0.4303509,51.6485207],[-0.4260328,51.6453652],[-0.4288249,51.6413191],[-0.424494,51.6410597],[-0.4108795,51.6399509],[-0.4047296,51.6437927],[-0.3942922,51.6377207],[-0.3868263,51.6396029],[-0.3773734,51.6377334],[-0.3799609,51.6396171],[-0.3716341,51.6434342],[-0.37817,51.6465177],[-0.3833169,51.648502],[-0.3865747,51.6568108],[-0.3840929,51.6692281],[-0.3747094,51.6735488]]],"type":"Polygon"},"id":"E07000103","properties":{"code":"E07000103","geography":"LAD","name":"Watford"},"type":"Feature"},{"geometry":{"coordinates":[[[0.9732788,51.2685947],[0.9550323,51.2702459],[0.9511119,51.2575797],[0.9419231,51.2534415],[0.9237282,51.2594149],[0.9195302,51.2511026],[0.9053208,51.2501863],[0.9049726,51.2455951],[0.8920573,51.2476358],[0.8800515,51.2390264],[0.8634942,51.2388722],[0.8598735,51.2308378],[0.849599,51.2327586],[0.8417681,51.2371017],[0.8211087,51.224429],[0.8039472,51.2296517],[0.7951181,51.2285344],[0.7912458,51.230826],[0.7957645,51.2368774],[0.7926111,51.2381305],[0.7824554,51.239365],[0.777519,51.231347],[0.7551497,51.2190071],[0.7445836,51.2146612],[0.7468918,51.21028],[0.7400719,51.2081401],[0.7257258,51.209006],[0.7238778,51.2114145],[0.7168266,51.2111414],[0.7098304,51.1996181],[0.6994113,51.199953],[0.7018379,51.197339],[0.6838177,51.1911138],[0.685031,51.1786985],[0.6784103,51.1792008],[0.676719,51.1722627],[0.6645511,51.1713481],[0.6666327,51.1681491],[0.6586782,51.1638375],[0.6576048,51.1581282],[0.6476437,51.1526707],[0.6475947,51.1445689],[0.6394751,51.1412934],[0.6421642,51.1404627],[0.6364532,51.1368393],[0.6262865,51.1390191],[0.6199102,51.1321521],[0.6036487,51.1316737],[0.6090078,51.1179003],[0.5903302,51.1113213],[0.5956151,51.1083132],[0.5965204,51.0901681],[0.6291943,51.0914326],[0.6425659,51.08277],[0.6466748,51.0832813],[0.6447107,51.077888],[0.6272943,51.0665778],[0.6117172,51.0635463],[0.5932705,51.0414053],[0.593321,51.0314181],[0.6024569,51.0267618],[0.595849,51.0249455],[0.5972553,51.0208174],[0.6060644,51.0199609],[0.6053908,51.01207],[0.627577,51.0178382],[0.6371632,51.0118765],[0.64677,51.0168561],[0.6547181,51.0146914],[0.662124,51.0174604],[0.6809442,51.0014747],[0.6992199,50.9984905],[0.7067706,50.9936018],[0.7112549,50.9984717],[0.7410941,51.0006438],[0.7789567,50.989492],[0.8308721,51.0493715],[0.8376355,51.0458417],[0.8310544,51.0416879],[0.8400973,51.0389487],[0.8390763,51.0313371],[0.8548099,51.0317634],[0.853441,51.0431488],[0.8696846,51.0441128],[0.8690036,51.0516112],[0.8726921,51.0528023],[0.8814498,51.0483377],[0.8821308,51.0427119],[0.8944619,51.0369806],[0.9001232,51.0386571],[0.8979745,51.0449185],[0.9033251,51.0504622],[0.9144393,51.0498123],[0.915384,51.0534252],[0.9227939,51.0520746],[0.9213359,51.0561162],[0.9341957,51.0611514],[0.9441881,51.0548573],[0.9533256,51.0572378],[0.9689288,51.0629259],[0.9666138,51.0702065],[0.9674479,51.0770654],[0.9755406,51.0790183],[0.9834608,51.0910763],[0.9854152,51.1001209],[0.9786012,51.1061475],[0.9833806,51.1082926],[0.9804837,51.113002],[0.9953191,51.1181247],[0.9954811,51.1223495],[1.0092775,51.1162661],[1.0168729,51.1194038],[1.017581,51.1254237],[1.0238747,51.1250793],[1.0292409,51.1325383],[1.0205679,51.1346642],[1.0180137,51.1412909],[1.0086224,51.1450031],[1.0132825,51.1510823],[1.0094972,51.1540967],[1.0169232,51.1612011],[0.9984368,51.164741],[1.000532,51.1735894],[1.00397,51.180053],[0.9897029,51.190782],[0.9970612,51.1917244],[1.0029148,51.1973895],[1.0053982,51.2084863],[0.9972271,51.2212857],[0.9903273,51.2243072],[0.9913363,51.2304113],[0.9861742,51.2358679],[0.9904117,51.2457969],[0.9982387,51.2512282],[0.9732788,51.2685947]]],"type":"Polygon"},"id":"E07000105","properties":{"code":"E07000105","geography":"LAD","name":"Ashford"},"type":"Feature"},{"geometry":{"coordinates":[[[1.2248422,51.379308],[1.2241829,51.3793359],[1.1993408,51.3798554],[1.1660767,51.374499],[1.1655035,51.3744698],[1.1596511,51.3741714],[1.1366932,51.3729995],[1.1024924,51.3724701],[1.102152,51.3724648],[1.0951059,51.368626],[1.082282,51.368145],[1.0817391,51.3681955],[1.0693983,51.3693441],[1.0542439,51.3656263],[1.0533601,51.3656251],[1.0331821,51.3655946],[1.0285367,51.3649626],[1.0257918,51.3640632],[1.026035,51.3639208],[1.0277025,51.3629446],[1.0251171,51.3638392],[1.024499,51.3636305],[1.0114809,51.3517387],[0.9977639,51.3475622],[0.9502653,51.3457639],[0.9580781,51.3379471],[0.963907,51.3359479],[0.9719645,51.3382442],[1.0009493,51.3189883],[1.0150657,51.3167358],[1.0171012,51.3129085],[1.0066523,51.3095414],[1.0110583,51.3028126],[1.0062607,51.2923621],[1.0059676,51.283783],[0.9817525,51.2776705],[0.9831929,51.2746702],[0.9732788,51.2685947],[0.9982387,51.2512282],[0.9904117,51.2457969],[0.9861742,51.2358679],[0.9913363,51.2304113],[0.9903273,51.2243072],[0.9972271,51.2212857],[1.0053982,51.2084863],[1.0029148,51.1973895],[0.9970612,51.1917244],[0.9897029,51.190782],[1.00397,51.180053],[1.0398378,51.1821879],[1.0420446,51.1871199],[1.0495782,51.184988],[1.0547627,51.18859],[1.0582575,51.2050042],[1.0701414,51.2007396],[1.0803582,51.1916478],[1.0973095,51.1889235],[1.1089669,51.1869712],[1.1136534,51.1897569],[1.1146898,51.1968946],[1.1181103,51.1963294],[1.1160429,51.1878134],[1.1343972,51.1849637],[1.1476319,51.1771736],[1.1536298,51.1909113],[1.157802,51.1910101],[1.1634444,51.184215],[1.1699168,51.1839481],[1.1806414,51.190477],[1.1921377,51.1838367],[1.1982109,51.1866338],[1.2221943,51.2073953],[1.197144,51.2196356],[1.1855485,51.21782],[1.2063358,51.2462634],[1.2115451,51.2524269],[1.2010446,51.2586989],[1.1926295,51.257179],[1.1964071,51.2618698],[1.1948006,51.2692865],[1.2122328,51.2826417],[1.1999448,51.291554],[1.2050844,51.3008095],[1.2129488,51.3058821],[1.2140077,51.3113587],[1.2217017,51.3088815],[1.2192248,51.3121617],[1.2293835,51.3160663],[1.2202162,51.3230137],[1.2298202,51.3250573],[1.2307086,51.3286866],[1.2341736,51.3261263],[1.2322969,51.3323243],[1.2500982,51.3293364],[1.2317231,51.3390665],[1.2279193,51.3481815],[1.2203019,51.3499158],[1.2138313,51.3567722],[1.2128743,51.3660441],[1.2292736,51.365146],[1.2248422,51.379308]]],"type":"Polygon"},"id":"E07000106","properties":{"code":"E07000106","geography":"LAD","name":"Canterbury"},"type":"Feature"},{"geometry":{"coordinates":[[[0.2556528,51.4625381],[0.2549922,51.4627881],[0.2396704,51.4685841],[0.2192024,51.4796096],[0.2115688,51.4750927],[0.2106129,51.4624813],[0.2028802,51.4582655],[0.2026081,51.4562301],[0.2002378,51.4525577],[0.1920835,51.450842],[0.1910122,51.4487877],[0.1708989,51.4412024],[0.1668511,51.432072],[0.164217,51.4285465],[0.155875,51.4308766],[0.1537635,51.4275232],[0.1511589,51.4204304],[0.1546366,51.4184699],[0.1491599,51.4124352],[0.1537701,51.4112651],[0.1529324,51.4087085],[0.1634878,51.4068035],[0.1657193,51.4085951],[0.1649295,51.4109939],[0.1794572,51.4156252],[0.1997588,51.4179757],[0.2058448,51.4096828],[0.2135293,51.4048495],[0.2068581,51.4024141],[0.2069501,51.3972195],[0.2383138,51.3963061],[0.2457445,51.4077124],[0.2580489,51.4078183],[0.277607,51.4069241],[0.2774882,51.4015845],[0.2932687,51.3979761],[0.2967377,51.3970546],[0.336679,51.3865439],[0.3346198,51.3894628],[0.3442414,51.394002],[0.335095,51.3993226],[0.3326047,51.4256111],[0.3309167,51.426589],[0.3238542,51.4316576],[0.3263637,51.4426525],[0.3205753,51.4453699],[0.3203022,51.4502301],[0.3106853,51.4530449],[0.3152785,51.4649944],[0.3099465,51.4669594],[0.3110439,51.4637416],[0.3073045,51.4647919],[0.3017961,51.4610267],[0.2942648,51.4558772],[0.2784877,51.4538248],[0.2765191,51.4535685],[0.2556528,51.4625381]]],"type":"Polygon"},"id":"E07000107","properties":{"code":"E07000107","geography":"LAD","name":"Dartford"},"type":"Feature"},{"geometry":{"coordinates":[[[1.2500982,51.3293364],[1.2322969,51.3323243],[1.2341736,51.3261263],[1.2307086,51.3286866],[1.2298202,51.3250573],[1.2202162,51.3230137],[1.2293835,51.3160663],[1.2192248,51.3121617],[1.2217017,51.3088815],[1.2140077,51.3113587],[1.2129488,51.3058821],[1.2050844,51.3008095],[1.1999448,51.291554],[1.2122328,51.2826417],[1.1948006,51.2692865],[1.1964071,51.2618698],[1.1926295,51.257179],[1.2010446,51.2586989],[1.2115451,51.2524269],[1.2063358,51.2462634],[1.1855485,51.21782],[1.197144,51.2196356],[1.2221943,51.2073953],[1.1982109,51.1866338],[1.1921377,51.1838367],[1.1806414,51.190477],[1.1699168,51.1839481],[1.1634444,51.184215],[1.157802,51.1910101],[1.1536298,51.1909113],[1.1476319,51.1771736],[1.1437308,51.1657763],[1.1577591,51.1594636],[1.1647242,51.1582967],[1.1689618,51.1626651],[1.1717049,51.1606514],[1.176569,51.1624452],[1.1770902,51.1569163],[1.1829923,51.1579396],[1.190659,51.1540158],[1.2076778,51.1568344],[1.2110648,51.1514766],[1.1891567,51.1387663],[1.1882568,51.1346936],[1.1789265,51.1345275],[1.1714976,51.1246414],[1.1730519,51.1225223],[1.1780087,51.1237064],[1.1808668,51.1192023],[1.1858006,51.1214039],[1.1877602,51.1188733],[1.1973676,51.1181487],[1.1949259,51.1030706],[1.2026561,51.0996126],[1.2043717,51.0971918],[1.2199392,51.101345],[1.2210794,51.0980905],[1.2613968,51.1026368],[1.2639605,51.1022659],[1.2786057,51.1054285],[1.2998427,51.1126913],[1.3016798,51.1133193],[1.3127044,51.1144105],[1.3248199,51.1120061],[1.3141368,51.1144374],[1.3156288,51.1151092],[1.3101112,51.1167959],[1.3112497,51.1193444],[1.3181883,51.1162615],[1.31852,51.1164109],[1.3220088,51.1145637],[1.3229884,51.1141302],[1.3200611,51.1176301],[1.3130021,51.1191886],[1.3134657,51.1196999],[1.313602,51.1198502],[1.3157313,51.1221103],[1.3166343,51.1224028],[1.3173074,51.1232095],[1.3260265,51.1254003],[1.326704,51.1255965],[1.3289753,51.1232541],[1.3313985,51.1234887],[1.335197,51.1238622],[1.3357655,51.1239206],[1.3350658,51.124705],[1.3337281,51.1261561],[1.3338498,51.1260966],[1.3337354,51.1262229],[1.3362295,51.124933],[1.3369506,51.1245804],[1.3376519,51.1271731],[1.3383182,51.1271369],[1.3384883,51.1274287],[1.3424568,51.1269235],[1.342665,51.1268969],[1.3427193,51.1268897],[1.3431567,51.1234466],[1.3433564,51.122059],[1.3434221,51.122932],[1.3435875,51.1306297],[1.3435881,51.1306565],[1.3436036,51.1313757],[1.3795786,51.1421788],[1.382375,51.1451742],[1.3862665,51.150242],[1.3864639,51.1505019],[1.3883282,51.1515494],[1.4010644,51.1651814],[1.4056686,51.189408],[1.4053751,51.2041712],[1.4049595,51.2154185],[1.4049581,51.2154531],[1.4047103,51.2214915],[1.4027632,51.2371681],[1.3982827,51.2475754],[1.3939605,51.2564825],[1.3782784,51.2903555],[1.3677201,51.3131349],[1.3643421,51.3124241],[1.3561884,51.3093269],[1.3579182,51.3114819],[1.3517139,51.3130308],[1.3453047,51.3079728],[1.3255257,51.3167975],[1.3092341,51.3169749],[1.2900692,51.3213713],[1.2739194,51.3203794],[1.2578653,51.3233593],[1.2500982,51.3293364]]],"type":"Polygon"},"id":"E07000108","properties":{"code":"E07000108","geography":"LAD","name":"Dover"},"type":"Feature"},{"geometry":{"coordinates":[[[[0.4571868,51.4605206],[0.4559303,51.4608859],[0.4578636,51.4578207],[0.4571868,51.4605206]]],[[[0.4054795,51.4433536],[0.3931778,51.4440002],[0.3696934,51.4452308],[0.3563747,51.4455868],[0.3558947,51.4455996],[0.3537298,51.4459335],[0.3480338,51.4468119],[0.3251638,51.4503354],[0.328483,51.4508442],[0.3153181,51.4649798],[0.3152785,51.4649944],[0.3106853,51.4530449],[0.3203022,51.4502301],[0.3205753,51.4453699],[0.3263637,51.4426525],[0.3238542,51.4316576],[0.3309167,51.426589],[0.3326047,51.4256111],[0.335095,51.3993226],[0.3442414,51.394002],[0.3346198,51.3894628],[0.336679,51.3865439],[0.331447,51.3712785],[0.3326773,51.3682925],[0.3366917,51.3697621],[0.3355691,51.3606346],[0.3418084,51.3521743],[0.3407899,51.339744],[0.3447262,51.3375329],[0.3416044,51.3292162],[0.3410812,51.325006],[0.3633052,51.3299925],[0.3661835,51.3284585],[0.3788966,51.3294889],[0.383498,51.3356413],[0.3771386,51.3358524],[0.3791102,51.3380221],[0.3888782,51.3387694],[0.3901877,51.3418607],[0.3950547,51.3451213],[0.3915639,51.3474688],[0.4012831,51.3529548],[0.4195706,51.3756171],[0.4249657,51.3765811],[0.4311095,51.388033],[0.447144,51.3889583],[0.4567093,51.3942856],[0.4518534,51.398321],[0.4677157,51.3985373],[0.468211,51.403171],[0.4776158,51.4071857],[0.4751402,51.4129471],[0.4892354,51.4153259],[0.4911962,51.4247752],[0.4863568,51.4360257],[0.4909731,51.438677],[0.4879601,51.4432846],[0.475765,51.446767],[0.4669684,51.4546356],[0.4585653,51.4550209],[0.4585098,51.4552423],[0.4432434,51.4494986],[0.4284288,51.446762],[0.4270294,51.4465403],[0.4065646,51.4432965],[0.4054795,51.4433536]]]],"type":"MultiPolygon"},"id":"E07000109","properties":{"code":"E07000109","geography":"LAD","name":"Gravesham"},"type":"Feature"},{"geometry":{"coordinates":[[[0.6009802,51.3282028],[0.6070779,51.3307951],[0.6014036,51.3333011],[0.5808776,51.335581],[0.5634572,51.3387431],[0.5440036,51.3278964],[0.5328861,51.3371534],[0.5256411,51.3347172],[0.5226615,51.3269836],[0.5267697,51.3252466],[0.513949,51.3143124],[0.5116156,51.3064345],[0.4925187,51.3045673],[0.499029,51.2972296],[0.4988625,51.2966327],[0.4894304,51.2890367],[0.4800766,51.2779593],[0.4776564,51.2722753],[0.4530332,51.2718658],[0.4323481,51.2689285],[0.4312833,51.2490921],[0.4221423,51.249104],[0.4068621,51.2522432],[0.3941926,51.2414238],[0.3786987,51.2350441],[0.380434,51.2310813],[0.3974276,51.2265057],[0.3999757,51.2225376],[0.4088016,51.2216683],[0.400345,51.1985722],[0.3879845,51.2020672],[0.3842468,51.1982658],[0.3835449,51.1954603],[0.388843,51.1946121],[0.4094031,51.1884408],[0.4164009,51.1805476],[0.4373685,51.1776807],[0.4676717,51.1561814],[0.4689642,51.1432866],[0.4813075,51.1413462],[0.4968964,51.1447765],[0.5085858,51.1413713],[0.5089854,51.1366318],[0.5146975,51.1360927],[0.5418509,51.1344298],[0.5618135,51.1432228],[0.5656125,51.1411356],[0.5590655,51.1339445],[0.5639183,51.1348932],[0.5793058,51.1446362],[0.5756726,51.1561134],[0.5932414,51.1539757],[0.6018557,51.1590162],[0.6050696,51.1509191],[0.6126532,51.1524108],[0.6172,51.1482764],[0.626119,51.1528406],[0.6403405,51.1524744],[0.6365129,51.1452142],[0.6325455,51.1452955],[0.6394751,51.1412934],[0.6475947,51.1445689],[0.6476437,51.1526707],[0.6576048,51.1581282],[0.6586782,51.1638375],[0.6666327,51.1681491],[0.6645511,51.1713481],[0.676719,51.1722627],[0.6784103,51.1792008],[0.685031,51.1786985],[0.6838177,51.1911138],[0.7018379,51.197339],[0.6994113,51.199953],[0.7098304,51.1996181],[0.7168266,51.2111414],[0.7238778,51.2114145],[0.7257258,51.209006],[0.7400719,51.2081401],[0.7468918,51.21028],[0.7445836,51.2146612],[0.7551497,51.2190071],[0.777519,51.231347],[0.7824554,51.239365],[0.7926111,51.2381305],[0.7964691,51.2462948],[0.7893781,51.2486344],[0.7933792,51.2572815],[0.7905471,51.2617805],[0.7768824,51.2665676],[0.7619555,51.2563776],[0.7496407,51.2586438],[0.7645401,51.2767497],[0.7568429,51.278025],[0.7438744,51.2784691],[0.7213449,51.289611],[0.7138172,51.2994077],[0.6928759,51.2981204],[0.6805009,51.2911823],[0.6738448,51.2932718],[0.6716526,51.2996896],[0.6753345,51.3051978],[0.6691805,51.3079924],[0.6707655,51.3101147],[0.6588556,51.3244928],[0.6645093,51.3273044],[0.6567224,51.3316194],[0.6397479,51.3367646],[0.6192288,51.3315636],[0.6194461,51.3344692],[0.6142882,51.3350917],[0.6044245,51.3256971],[0.6009802,51.3282028]]],"type":"Polygon"},"id":"E07000110","properties":{"code":"E07000110","geography":"LAD","name":"Maidstone"},"type":"Feature"},{"geometry":{"coordinates":[[[0.2058448,51.4096828],[0.1997588,51.4179757],[0.1794572,51.4156252],[0.1649295,51.4109939],[0.1657193,51.4085951],[0.1634878,51.4068035],[0.1529324,51.4087085],[0.1489898,51.4086234],[0.1488694,51.4084291],[0.1613132,51.3923697],[0.1477254,51.3926115],[0.1532363,51.3780365],[0.1496004,51.3735826],[0.1516198,51.3683789],[0.1472802,51.3670144],[0.1412873,51.3497791],[0.1369581,51.3441746],[0.1191849,51.3442569],[0.1166812,51.341303],[0.1216845,51.3336364],[0.1179003,51.3296471],[0.104902,51.3274129],[0.0850293,51.3160232],[0.0828162,51.3056337],[0.0911848,51.2968274],[0.0815803,51.2918353],[0.0585102,51.2893537],[0.0507899,51.2939869],[0.0423965,51.292673],[0.0481711,51.2856526],[0.0453964,51.2766603],[0.0519424,51.2626828],[0.0576077,51.2449144],[0.0528597,51.236527],[0.0438094,51.2308875],[0.0428338,51.2246102],[0.0411486,51.2166239],[0.033599,51.214338],[0.0372899,51.2070603],[0.0396821,51.1978221],[0.0478233,51.1917416],[0.0451674,51.1886152],[0.0526004,51.180624],[0.0461759,51.1718314],[0.0514942,51.1572454],[0.0548054,51.1495286],[0.0500165,51.14265],[0.0781879,51.1399459],[0.1259327,51.1469462],[0.1360159,51.1470143],[0.1609671,51.1406347],[0.1607182,51.1373289],[0.164436,51.1327607],[0.1804073,51.1318045],[0.1934588,51.1394351],[0.1964308,51.146423],[0.2150613,51.1539253],[0.2086722,51.1591696],[0.2014746,51.1601441],[0.1906406,51.1679623],[0.1979984,51.1751368],[0.2034562,51.1712299],[0.226963,51.1841064],[0.2319009,51.1933541],[0.2453934,51.1919069],[0.2495525,51.201835],[0.2400346,51.1987188],[0.2363694,51.202193],[0.2284786,51.2016862],[0.225354,51.2073072],[0.2182405,51.205864],[0.2079166,51.2105893],[0.201946,51.2205533],[0.2114255,51.2218736],[0.2123395,51.2245976],[0.2034469,51.2282899],[0.2005423,51.2337586],[0.2230859,51.2449716],[0.2309626,51.2322303],[0.2480886,51.2385342],[0.2473324,51.2552944],[0.2612862,51.2544499],[0.2648981,51.2677246],[0.2551708,51.2764112],[0.2613565,51.2891415],[0.2595429,51.2957282],[0.2646664,51.29706],[0.263026,51.3067579],[0.2675176,51.3155286],[0.2844752,51.3248983],[0.2884596,51.3372879],[0.2857664,51.3449948],[0.2915319,51.3453677],[0.2963221,51.3518768],[0.3080731,51.3491313],[0.3081808,51.3427888],[0.3416044,51.3292162],[0.3447262,51.3375329],[0.3407899,51.339744],[0.3418084,51.3521743],[0.3355691,51.3606346],[0.3366917,51.3697621],[0.3326773,51.3682925],[0.331447,51.3712785],[0.336679,51.3865439],[0.2967377,51.3970546],[0.2932687,51.3979761],[0.2774882,51.4015845],[0.277607,51.4069241],[0.2580489,51.4078183],[0.2457445,51.4077124],[0.2383138,51.3963061],[0.2069501,51.3972195],[0.2068581,51.4024141],[0.2135293,51.4048495],[0.2058448,51.4096828]]],"type":"Polygon"},"id":"E07000111","properties":{"code":"E07000111","geography":"LAD","name":"Sevenoaks"},"type":"Feature"},{"geometry":{"coordinates":[[[1.0973095,51.1889235],[1.0803582,51.1916478],[1.0701414,51.2007396],[1.0582575,51.2050042],[1.0547627,51.18859],[1.0495782,51.184988],[1.0420446,51.1871199],[1.0398378,51.1821879],[1.00397,51.180053],[1.000532,51.1735894],[0.9984368,51.164741],[1.0169232,51.1612011],[1.0094972,51.1540967],[1.0132825,51.1510823],[1.0086224,51.1450031],[1.0180137,51.1412909],[1.0205679,51.1346642],[1.0292409,51.1325383],[1.0238747,51.1250793],[1.017581,51.1254237],[1.0168729,51.1194038],[1.0092775,51.1162661],[0.9954811,51.1223495],[0.9953191,51.1181247],[0.9804837,51.113002],[0.9833806,51.1082926],[0.9786012,51.1061475],[0.9854152,51.1001209],[0.9834608,51.0910763],[0.9755406,51.0790183],[0.9674479,51.0770654],[0.9666138,51.0702065],[0.9689288,51.0629259],[0.9533256,51.0572378],[0.9441881,51.0548573],[0.9341957,51.0611514],[0.9213359,51.0561162],[0.9227939,51.0520746],[0.915384,51.0534252],[0.9144393,51.0498123],[0.9033251,51.0504622],[0.8979745,51.0449185],[0.9001232,51.0386571],[0.8944619,51.0369806],[0.8821308,51.0427119],[0.8814498,51.0483377],[0.8726921,51.0528023],[0.8690036,51.0516112],[0.8696846,51.0441128],[0.853441,51.0431488],[0.8548099,51.0317634],[0.8390763,51.0313371],[0.8400973,51.0389487],[0.8310544,51.0416879],[0.8376355,51.0458417],[0.8308721,51.0493715],[0.7789567,50.989492],[0.7810538,50.9864992],[0.7770266,50.9848554],[0.7817026,50.9828859],[0.7771349,50.9754283],[0.7843279,50.9772297],[0.8134635,50.9490108],[0.8129417,50.9419996],[0.8190678,50.945455],[0.8298687,50.9456652],[0.8414014,50.9576088],[0.8461125,50.9518536],[0.855968,50.9531286],[0.8596294,50.9396803],[0.8678914,50.9332623],[0.8544533,50.9237655],[0.8547061,50.9237291],[0.9216101,50.9144726],[0.939976,50.9123432],[0.9784066,50.9128729],[0.9810308,50.9181559],[0.9707387,50.9416217],[0.9662863,50.9517659],[0.9641673,50.9678775],[0.9641406,50.9680805],[0.9770064,51.0026113],[0.9781747,51.0039025],[0.9783155,51.0040581],[0.997348,51.0250793],[1.0346318,51.0471075],[1.0348702,51.0472029],[1.0755983,51.0634836],[1.0758014,51.0635146],[1.1246911,51.0709551],[1.1247795,51.0709595],[1.1389937,51.0716614],[1.1626294,51.0728249],[1.1626969,51.0728282],[1.1630128,51.0728437],[1.177592,51.0759527],[1.1784239,51.0759529],[1.1784901,51.0759529],[1.1942213,51.0759551],[1.1948776,51.0759716],[1.1855058,51.0794221],[1.1859272,51.0794902],[1.1857196,51.0795715],[1.1992929,51.0832216],[1.205812,51.0927796],[1.2210794,51.0980905],[1.2199392,51.101345],[1.2043717,51.0971918],[1.2026561,51.0996126],[1.1949259,51.1030706],[1.1973676,51.1181487],[1.1877602,51.1188733],[1.1858006,51.1214039],[1.1808668,51.1192023],[1.1780087,51.1237064],[1.1730519,51.1225223],[1.1714976,51.1246414],[1.1789265,51.1345275],[1.1882568,51.1346936],[1.1891567,51.1387663],[1.2110648,51.1514766],[1.2076778,51.1568344],[1.190659,51.1540158],[1.1829923,51.1579396],[1.1770902,51.1569163],[1.176569,51.1624452],[1.1717049,51.1606514],[1.1689618,51.1626651],[1.1647242,51.1582967],[1.1577591,51.1594636],[1.1437308,51.1657763],[1.1476319,51.1771736],[1.1343972,51.1849637],[1.1160429,51.1878134],[1.1181103,51.1963294],[1.1146898,51.1968946],[1.1136534,51.1897569],[1.1089669,51.1869712],[1.0973095,51.1889235]]],"type":"Polygon"},"id":"E07000112","properties":{"code":"E07000112","geography":"LAD","name":"Folkestone and Hythe"},"type":"Feature"},{"geometry":{"coordinates":[[[[0.6765071,51.3925512],[0.6820597,51.3963213],[0.6705334,51.3943703],[0.6726074,51.389772],[0.6765071,51.3925512]]],[[[0.6911992,51.4116741],[0.6829692,51.4126453],[0.6824943,51.4089803],[0.6750708,51.4087102],[0.6779092,51.4063888],[0.6721031,51.4101737],[0.6659285,51.4062823],[0.6713784,51.4070684],[0.6726391,51.3984055],[0.6803552,51.3999471],[0.6945369,51.3966269],[0.6911992,51.4116741]]],[[[0.6869699,51.4222752],[0.6670018,51.4239086],[0.6601137,51.4175877],[0.6680885,51.4204841],[0.6723115,51.4134761],[0.6763107,51.4192768],[0.6805189,51.4192409],[0.6878281,51.4143462],[0.6869699,51.4222752]]],[[[0.7296822,51.4209582],[0.7279774,51.42359],[0.7080035,51.4197576],[0.6989373,51.4214004],[0.6977264,51.4151531],[0.6979538,51.4146398],[0.7003158,51.4093065],[0.6985845,51.4096003],[0.695894,51.4072833],[0.7003484,51.3987785],[0.7045845,51.3985162],[0.7017804,51.395728],[0.7051454,51.3950108],[0.7064788,51.3980192],[0.7056021,51.394565],[0.7191876,51.3881823],[0.7135409,51.3839501],[0.6952857,51.3798223],[0.6947448,51.3849515],[0.7031457,51.3917688],[0.6981618,51.394143],[0.6864887,51.391552],[0.6825294,51.3803435],[0.6700654,51.373301],[0.6716997,51.3773532],[0.6668712,51.378864],[0.6666415,51.3790172],[0.666668,51.3795873],[0.6668565,51.3830595],[0.6625917,51.3827329],[0.663206,51.3853659],[0.6603167,51.3838998],[0.6596472,51.3918351],[0.6480183,51.397601],[0.63994,51.3950868],[0.640904,51.3875381],[0.6269271,51.374731],[0.6250786,51.3752773],[0.6232925,51.3692226],[0.6349081,51.36637],[0.6285692,51.3593711],[0.6109494,51.3364739],[0.6038784,51.3362572],[0.6014036,51.3333011],[0.6070779,51.3307951],[0.6009802,51.3282028],[0.6044245,51.3256971],[0.6142882,51.3350917],[0.6194461,51.3344692],[0.6192288,51.3315636],[0.6397479,51.3367646],[0.6567224,51.3316194],[0.6645093,51.3273044],[0.6588556,51.3244928],[0.6707655,51.3101147],[0.6691805,51.3079924],[0.6753345,51.3051978],[0.6716526,51.2996896],[0.6738448,51.2932718],[0.6805009,51.2911823],[0.6928759,51.2981204],[0.7138172,51.2994077],[0.7213449,51.289611],[0.7438744,51.2784691],[0.7568429,51.278025],[0.7645401,51.2767497],[0.7496407,51.2586438],[0.7619555,51.2563776],[0.7768824,51.2665676],[0.7905471,51.2617805],[0.7933792,51.2572815],[0.7893781,51.2486344],[0.7964691,51.2462948],[0.7926111,51.2381305],[0.7957645,51.2368774],[0.7912458,51.230826],[0.7951181,51.2285344],[0.8039472,51.2296517],[0.8211087,51.224429],[0.8417681,51.2371017],[0.849599,51.2327586],[0.8598735,51.2308378],[0.8634942,51.2388722],[0.8800515,51.2390264],[0.8920573,51.2476358],[0.9049726,51.2455951],[0.9053208,51.2501863],[0.9195302,51.2511026],[0.9237282,51.2594149],[0.9419231,51.2534415],[0.9511119,51.2575797],[0.9550323,51.2702459],[0.9732788,51.2685947],[0.9831929,51.2746702],[0.9817525,51.2776705],[1.0059676,51.283783],[1.0062607,51.2923621],[1.0110583,51.3028126],[1.0066523,51.3095414],[1.0171012,51.3129085],[1.0150657,51.3167358],[1.0009493,51.3189883],[0.9719645,51.3382442],[0.963907,51.3359479],[0.9580781,51.3379471],[0.9502653,51.3457639],[0.919043,51.3457177],[0.896732,51.3414633],[0.8963999,51.3361706],[0.902044,51.3358607],[0.9071851,51.3356118],[0.9099379,51.3354784],[0.9084383,51.3352731],[0.8989027,51.3339668],[0.8945222,51.3363858],[0.8927001,51.3354175],[0.8931229,51.3361888],[0.8953168,51.3401902],[0.8969209,51.3431153],[0.89763,51.3444083],[0.8758154,51.3538576],[0.8710184,51.3547588],[0.8627593,51.35631],[0.8375331,51.353838],[0.817172,51.3563847],[0.8111671,51.3521362],[0.8134857,51.3495519],[0.8091842,51.351538],[0.8143259,51.3582969],[0.7793494,51.3615842],[0.7792494,51.3615936],[0.7614145,51.3607743],[0.7601693,51.360716],[0.7567992,51.3547136],[0.7543622,51.350372],[0.7413227,51.3456154],[0.7437759,51.3469466],[0.7541039,51.3525312],[0.7542218,51.3528701],[0.7570309,51.3609427],[0.7627416,51.3625165],[0.7647943,51.3630821],[0.764021,51.364196],[0.7595067,51.3706978],[0.7596728,51.3713834],[0.7628261,51.384394],[0.7585107,51.3832671],[0.7460112,51.3921013],[0.7427934,51.3943749],[0.7366018,51.3961179],[0.7363711,51.3955125],[0.7358994,51.3942744],[0.7269311,51.3988437],[0.7267793,51.398921],[0.7204914,51.4085363],[0.7169401,51.4139648],[0.716859,51.4140888],[0.7237232,51.417367],[0.7322678,51.415014],[0.7287203,51.4202422],[0.7147034,51.4197753],[0.7296822,51.4209582]]],[[[0.9020194,51.4164905],[0.8839709,51.4213164],[0.8752353,51.4220599],[0.8373424,51.425277],[0.836358,51.4253967],[0.8154728,51.4279342],[0.7916024,51.4392703],[0.7909455,51.439315],[0.7694155,51.4407788],[0.7446488,51.4472931],[0.7454846,51.4404255],[0.7366354,51.4298412],[0.7365947,51.4297925],[0.7363045,51.4211186],[0.7412192,51.4151225],[0.7428549,51.4151962],[0.7405951,51.4112301],[0.732135,51.4090262],[0.7215028,51.4144703],[0.7310332,51.4013736],[0.7508587,51.3947085],[0.7513748,51.3913541],[0.7514099,51.3911257],[0.7642648,51.3882321],[0.7702984,51.3792412],[0.7655078,51.3774979],[0.7650146,51.3707919],[0.7735888,51.3677454],[0.7826849,51.3690119],[0.7806295,51.3706608],[0.7881068,51.3733918],[0.7919837,51.3700598],[0.7969754,51.3706944],[0.7963407,51.3685573],[0.8059588,51.369797],[0.8062855,51.3721779],[0.8437849,51.3635638],[0.8503925,51.3639608],[0.8507052,51.3670993],[0.8393541,51.3705986],[0.8494157,51.3706511],[0.8568532,51.3649744],[0.8575877,51.3703332],[0.8583445,51.3643507],[0.8715899,51.3638988],[0.874549,51.3637977],[0.8810734,51.3577847],[0.8971678,51.354336],[0.9213635,51.3598412],[0.9372733,51.370555],[0.9435616,51.3703332],[0.9436592,51.367485],[0.951025,51.3734796],[0.9381768,51.3898286],[0.9114932,51.4064274],[0.9020194,51.4164905]]]],"type":"MultiPolygon"},"id":"E07000113","properties":{"code":"E07000113","geography":"LAD","name":"Swale"},"type":"Feature"},{"geometry":{"coordinates":[[[[1.3677201,51.3131349],[1.3676003,51.3133931],[1.3665516,51.3132632],[1.3643421,51.3124241],[1.3677201,51.3131349]]],[[[1.4249248,51.3937888],[1.4039081,51.3923525],[1.4029847,51.3922893],[1.3886819,51.3928317],[1.3876907,51.3926769],[1.3785932,51.3912558],[1.3788855,51.3877914],[1.3746524,51.3874473],[1.3743196,51.3874203],[1.3452097,51.3851377],[1.3448989,51.3851745],[1.3349037,51.3863573],[1.3311537,51.3824693],[1.3207044,51.3819747],[1.3197761,51.3819307],[1.2901617,51.3827818],[1.2801567,51.3781953],[1.2632128,51.3776815],[1.2248422,51.379308],[1.2292736,51.365146],[1.2128743,51.3660441],[1.2138313,51.3567722],[1.2203019,51.3499158],[1.2279193,51.3481815],[1.2317231,51.3390665],[1.2500982,51.3293364],[1.2578653,51.3233593],[1.2739194,51.3203794],[1.2900692,51.3213713],[1.3092341,51.3169749],[1.3255257,51.3167975],[1.3453047,51.3079728],[1.3517139,51.3130308],[1.3579182,51.3114819],[1.3582015,51.3144486],[1.3624593,51.3133764],[1.3602547,51.3161464],[1.3631539,51.3135714],[1.3616699,51.3196184],[1.3658466,51.3249818],[1.3768962,51.3296017],[1.4092622,51.3268787],[1.4114376,51.3239107],[1.4116058,51.323909],[1.4153876,51.3238715],[1.4145834,51.3274845],[1.4216776,51.3276605],[1.4181076,51.3291753],[1.4232035,51.3313765],[1.4246818,51.3259931],[1.4249083,51.3298976],[1.4252452,51.3303174],[1.4299453,51.3361737],[1.4363293,51.3426221],[1.4434544,51.3581138],[1.4458172,51.3676365],[1.4460126,51.3681482],[1.4467848,51.3701691],[1.4495852,51.3774967],[1.447534,51.3801374],[1.4450542,51.3833296],[1.442714,51.384798],[1.4429968,51.3859775],[1.442053,51.3871922],[1.4352002,51.3891634],[1.4350915,51.3891946],[1.4347392,51.389296],[1.4249248,51.3937888]]]],"type":"MultiPolygon"},"id":"E07000114","properties":{"code":"E07000114","geography":"LAD","name":"Thanet"},"type":"Feature"},{"geometry":{"coordinates":[[[0.4796581,51.3574428],[0.4562335,51.3687628],[0.4492979,51.3641541],[0.4566762,51.3521488],[0.4486128,51.3479981],[0.4540898,51.3408676],[0.4452728,51.3418325],[0.4185947,51.3479122],[0.4067144,51.347762],[0.3999197,51.3444569],[0.4012831,51.3529548],[0.3915639,51.3474688],[0.3950547,51.3451213],[0.3901877,51.3418607],[0.3888782,51.3387694],[0.3791102,51.3380221],[0.3771386,51.3358524],[0.383498,51.3356413],[0.3788966,51.3294889],[0.3661835,51.3284585],[0.3633052,51.3299925],[0.3410812,51.325006],[0.3416044,51.3292162],[0.3081808,51.3427888],[0.3080731,51.3491313],[0.2963221,51.3518768],[0.2915319,51.3453677],[0.2857664,51.3449948],[0.2884596,51.3372879],[0.2844752,51.3248983],[0.2675176,51.3155286],[0.263026,51.3067579],[0.2646664,51.29706],[0.2595429,51.2957282],[0.2613565,51.2891415],[0.2551708,51.2764112],[0.2648981,51.2677246],[0.2612862,51.2544499],[0.2473324,51.2552944],[0.2480886,51.2385342],[0.2309626,51.2322303],[0.2230859,51.2449716],[0.2005423,51.2337586],[0.2034469,51.2282899],[0.2123395,51.2245976],[0.2114255,51.2218736],[0.201946,51.2205533],[0.2079166,51.2105893],[0.2182405,51.205864],[0.225354,51.2073072],[0.2284786,51.2016862],[0.2363694,51.202193],[0.2400346,51.1987188],[0.2495525,51.201835],[0.2453934,51.1919069],[0.2319009,51.1933541],[0.226963,51.1841064],[0.2336047,51.1851016],[0.2543134,51.1787569],[0.2622404,51.180015],[0.2793422,51.1759264],[0.2935159,51.1890663],[0.299688,51.1969974],[0.3094353,51.1999377],[0.3303655,51.1987798],[0.3417442,51.1927366],[0.3524505,51.1963144],[0.364998,51.1940766],[0.3665844,51.2002617],[0.3842468,51.1982658],[0.3879845,51.2020672],[0.400345,51.1985722],[0.4088016,51.2216683],[0.3999757,51.2225376],[0.3974276,51.2265057],[0.380434,51.2310813],[0.3786987,51.2350441],[0.3941926,51.2414238],[0.4068621,51.2522432],[0.4221423,51.249104],[0.4312833,51.2490921],[0.4323481,51.2689285],[0.4530332,51.2718658],[0.4776564,51.2722753],[0.4800766,51.2779593],[0.4894304,51.2890367],[0.4988625,51.2966327],[0.499029,51.2972296],[0.4925187,51.3045673],[0.5116156,51.3064345],[0.513949,51.3143124],[0.5267697,51.3252466],[0.5226615,51.3269836],[0.5256411,51.3347172],[0.5193317,51.3399353],[0.5118487,51.3409452],[0.5072206,51.3432759],[0.5022181,51.3488037],[0.5030921,51.3546668],[0.4988974,51.3536806],[0.4940702,51.3526541],[0.4796581,51.3574428]]],"type":"Polygon"},"id":"E07000115","properties":{"code":"E07000115","geography":"LAD","name":"Tonbridge and Malling"},"type":"Feature"},{"geometry":{"coordinates":[[[0.388843,51.1946121],[0.3835449,51.1954603],[0.3842468,51.1982658],[0.3665844,51.2002617],[0.364998,51.1940766],[0.3524505,51.1963144],[0.3417442,51.1927366],[0.3303655,51.1987798],[0.3094353,51.1999377],[0.299688,51.1969974],[0.2935159,51.1890663],[0.2793422,51.1759264],[0.2622404,51.180015],[0.2543134,51.1787569],[0.2336047,51.1851016],[0.226963,51.1841064],[0.2034562,51.1712299],[0.1979984,51.1751368],[0.1906406,51.1679623],[0.2014746,51.1601441],[0.2086722,51.1591696],[0.2150613,51.1539253],[0.1964308,51.146423],[0.1934588,51.1394351],[0.1804073,51.1318045],[0.164436,51.1327607],[0.1607182,51.1373289],[0.1546064,51.1375288],[0.1500261,51.1311899],[0.1535141,51.1205039],[0.1626057,51.116406],[0.1996344,51.1169403],[0.2274454,51.1242408],[0.2432447,51.1152762],[0.2522491,51.1143956],[0.266265,51.1150986],[0.2756132,51.1122985],[0.2789423,51.1146768],[0.272133,51.1188389],[0.2748749,51.1206518],[0.2796094,51.1178467],[0.2987379,51.1181572],[0.325267,51.1228921],[0.3262267,51.1224385],[0.330084,51.1177848],[0.3244574,51.1123054],[0.3350772,51.1054659],[0.3589766,51.1045307],[0.3507872,51.0991339],[0.3539359,51.0936626],[0.3508312,51.0840559],[0.3567356,51.0830257],[0.3647512,51.0882248],[0.3738408,51.0884605],[0.3917,51.0857869],[0.390864,51.0812952],[0.3964965,51.0831317],[0.4066485,51.0797028],[0.4009129,51.0711809],[0.4090054,51.0693927],[0.4113113,51.065887],[0.4177777,51.0678931],[0.4182669,51.062627],[0.4255728,51.0640666],[0.4407617,51.0578815],[0.4536547,51.0569282],[0.4714013,51.0490776],[0.4660905,51.0427366],[0.4679821,51.0326357],[0.4780714,51.0290434],[0.4965391,51.0305623],[0.5084354,51.0241271],[0.5259881,51.0227701],[0.5375685,51.0216392],[0.5421067,51.0109103],[0.5636969,51.0074064],[0.570801,51.0034823],[0.6053908,51.01207],[0.6060644,51.0199609],[0.5972553,51.0208174],[0.595849,51.0249455],[0.6024569,51.0267618],[0.593321,51.0314181],[0.5932705,51.0414053],[0.6117172,51.0635463],[0.6272943,51.0665778],[0.6447107,51.077888],[0.6466748,51.0832813],[0.6425659,51.08277],[0.6291943,51.0914326],[0.5965204,51.0901681],[0.5956151,51.1083132],[0.5903302,51.1113213],[0.6090078,51.1179003],[0.6036487,51.1316737],[0.6199102,51.1321521],[0.6262865,51.1390191],[0.6364532,51.1368393],[0.6421642,51.1404627],[0.6394751,51.1412934],[0.6325455,51.1452955],[0.6365129,51.1452142],[0.6403405,51.1524744],[0.626119,51.1528406],[0.6172,51.1482764],[0.6126532,51.1524108],[0.6050696,51.1509191],[0.6018557,51.1590162],[0.5932414,51.1539757],[0.5756726,51.1561134],[0.5793058,51.1446362],[0.5639183,51.1348932],[0.5590655,51.1339445],[0.5656125,51.1411356],[0.5618135,51.1432228],[0.5418509,51.1344298],[0.5146975,51.1360927],[0.5089854,51.1366318],[0.5085858,51.1413713],[0.4968964,51.1447765],[0.4813075,51.1413462],[0.4689642,51.1432866],[0.4676717,51.1561814],[0.4373685,51.1776807],[0.4164009,51.1805476],[0.4094031,51.1884408],[0.388843,51.1946121]]],"type":"Polygon"},"id":"E07000116","properties":{"code":"E07000116","geography":"LAD","name":"Tunbridge Wells"},"type":"Feature"},{"geometry":{"coordinates":[[[-2.1520201,53.8237068],[-2.1933451,53.8239722],[-2.1969302,53.8251962],[-2.1948278,53.821972],[-2.2074305,53.8114367],[-2.2176845,53.8155161],[-2.2226429,53.8173927],[-2.2354054,53.813791],[-2.2489391,53.8119036],[-2.2610695,53.8077672],[-2.2698051,53.8150039],[-2.2826693,53.8073641],[-2.2946941,53.8084388],[-2.297059,53.8143039],[-2.3030474,53.8145135],[-2.3019647,53.8210792],[-2.3113633,53.8129255],[-2.3132052,53.812465],[-2.3174798,53.8121796],[-2.3297622,53.8066385],[-2.3362218,53.7954469],[-2.3423059,53.7948274],[-2.3362327,53.7916972],[-2.3357972,53.782495],[-2.3291873,53.7800848],[-2.3286086,53.761032],[-2.3199149,53.7555669],[-2.3137244,53.7515752],[-2.3141091,53.7470388],[-2.3029943,53.748405],[-2.2952715,53.7519905],[-2.2852668,53.7437081],[-2.2670116,53.7426427],[-2.2628215,53.7462607],[-2.2667968,53.748097],[-2.257453,53.7498576],[-2.2516974,53.755045],[-2.2417121,53.7496385],[-2.2325552,53.7376101],[-2.2143353,53.7372603],[-2.2033898,53.7323847],[-2.1853955,53.7307405],[-2.1732913,53.7230096],[-2.1559976,53.7353254],[-2.1490928,53.7338711],[-2.1453061,53.7360581],[-2.1417235,53.7457368],[-2.1334357,53.7496751],[-2.1295216,53.7545905],[-2.1302317,53.7703288],[-2.1363627,53.7801045],[-2.1248155,53.7880553],[-2.1295201,53.7922728],[-2.1283585,53.7990313],[-2.112279,53.8057084],[-2.128623,53.8197957],[-2.1353456,53.8159577],[-2.1421136,53.8204473],[-2.148547,53.8197681],[-2.1520201,53.8237068]]],"type":"Polygon"},"id":"E07000117","properties":{"code":"E07000117","geography":"LAD","name":"Burnley"},"type":"Feature"},{"geometry":{"coordinates":[[[-2.5394677,53.7146677],[-2.5408298,53.7197387],[-2.5473327,53.7224462],[-2.5463107,53.7249765],[-2.5570269,53.7274171],[-2.557155,53.7346121],[-2.5645913,53.7424589],[-2.5616016,53.7469014],[-2.5767159,53.7512643],[-2.5874539,53.7431031],[-2.6010149,53.7408805],[-2.6119603,53.7386235],[-2.6101514,53.7370297],[-2.6242969,53.7290483],[-2.6229048,53.7238766],[-2.6297367,53.7183347],[-2.6479419,53.7159012],[-2.6513651,53.7120982],[-2.6569568,53.7128856],[-2.6584278,53.7177231],[-2.6737378,53.7090043],[-2.6775259,53.7000591],[-2.677595,53.69373],[-2.6558465,53.6885202],[-2.6588293,53.6806726],[-2.6763079,53.6792634],[-2.7080603,53.681532],[-2.7124669,53.6714199],[-2.7335505,53.674283],[-2.7291198,53.6833334],[-2.7344518,53.6873007],[-2.7441085,53.6877543],[-2.7466022,53.6927075],[-2.7576912,53.6928813],[-2.7871858,53.6913529],[-2.7958834,53.6874814],[-2.8198734,53.6870828],[-2.8242329,53.6806575],[-2.818403,53.6789124],[-2.8163672,53.6728952],[-2.8233645,53.6681239],[-2.8124137,53.6563402],[-2.8167758,53.6546736],[-2.8120822,53.6530968],[-2.8144066,53.6484473],[-2.8059172,53.6408638],[-2.8079997,53.6288133],[-2.8005069,53.6248117],[-2.7959461,53.6159781],[-2.7907646,53.6145921],[-2.7873617,53.617347],[-2.7929817,53.6230427],[-2.7808885,53.6234833],[-2.7791216,53.6195967],[-2.7662179,53.6191518],[-2.758793,53.6146582],[-2.7361679,53.6236847],[-2.7099557,53.6177842],[-2.6956404,53.6234483],[-2.6944436,53.6266255],[-2.6909473,53.620309],[-2.6946466,53.6157772],[-2.6993848,53.6142398],[-2.6963017,53.6049185],[-2.6894557,53.6042795],[-2.6593704,53.6036478],[-2.6360771,53.608365],[-2.6312834,53.605218],[-2.6259362,53.5936956],[-2.6173788,53.5958486],[-2.6151387,53.6028632],[-2.5959375,53.6107916],[-2.5830651,53.6046951],[-2.5740035,53.5942908],[-2.5595205,53.5989425],[-2.5566138,53.6036573],[-2.5113229,53.626995],[-2.5200616,53.6304817],[-2.5245842,53.6413169],[-2.52211,53.6480118],[-2.532344,53.6649023],[-2.5255494,53.6746764],[-2.5183279,53.6773721],[-2.515656,53.6924029],[-2.5318848,53.6964931],[-2.5397796,53.7021843],[-2.5432347,53.7099108],[-2.5394677,53.7146677]]],"type":"Polygon"},"id":"E07000118","properties":{"code":"E07000118","geography":"LAD","name":"Chorley"},"type":"Feature"},{"geometry":{"coordinates":[[[-2.9011813,53.8643059],[-2.9101303,53.8644795],[-2.9229976,53.8561844],[-2.9363795,53.8573291],[-2.93713,53.8528062],[-2.9437683,53.8506809],[-2.9553153,53.8573997],[-2.95672,53.8595896],[-2.9575361,53.8599538],[-2.9599851,53.8610466],[-2.9749964,53.861809],[-2.9809457,53.8574984],[-2.9654612,53.8466782],[-2.9707815,53.8404594],[-2.9617777,53.8283465],[-2.9860417,53.828439],[-2.9931176,53.8310287],[-3.0106529,53.8261939],[-2.9945095,53.8176722],[-2.9920109,53.8081401],[-2.9866747,53.8021852],[-2.9895374,53.8004627],[-2.9846105,53.793777],[-2.999346,53.7942646],[-3.0061218,53.7879915],[-2.9964783,53.774504],[-3.0288013,53.7731168],[-3.0327653,53.7807489],[-3.0338537,53.7806751],[-3.0568505,53.7765774],[-3.0550229,53.7619851],[-3.050614,53.7592757],[-3.0389728,53.7475015],[-3.0347706,53.7480697],[-3.0268693,53.7430673],[-3.0266545,53.7430149],[-3.0078133,53.738418],[-3.0008218,53.7367111],[-2.9809513,53.7345185],[-2.9803636,53.7344537],[-2.9800842,53.7344228],[-2.9530557,53.7329849],[-2.9493436,53.7326737],[-2.9406956,53.7321235],[-2.9396368,53.7331747],[-2.9381026,53.7320827],[-2.9297011,53.7326003],[-2.9291348,53.7314578],[-2.9290532,53.731464],[-2.9288151,53.7314823],[-2.9109855,53.7328468],[-2.8793248,53.7352633],[-2.8760037,53.7376121],[-2.8747872,53.7375975],[-2.8636831,53.737464],[-2.8629563,53.7374553],[-2.8566517,53.7384579],[-2.8561719,53.7385569],[-2.8227341,53.7454534],[-2.8223264,53.7492654],[-2.8206146,53.7468189],[-2.8202735,53.7463314],[-2.8035887,53.7498135],[-2.8061481,53.7521682],[-2.8022804,53.7502339],[-2.7946131,53.7519281],[-2.7939665,53.7519778],[-2.7932187,53.7521483],[-2.7897233,53.7565194],[-2.794976,53.7626406],[-2.7981937,53.7715392],[-2.7804906,53.7877137],[-2.8152664,53.8081931],[-2.8259942,53.8199873],[-2.8408696,53.8312779],[-2.8622259,53.8293886],[-2.8701235,53.831371],[-2.8575867,53.8426066],[-2.8669977,53.8457017],[-2.8716156,53.8431525],[-2.8901462,53.846039],[-2.888017,53.8542447],[-2.8758267,53.8570498],[-2.8845942,53.863082],[-2.8962242,53.860582],[-2.9011813,53.8643059]]],"type":"Polygon"},"id":"E07000119","properties":{"code":"E07000119","geography":"LAD","name":"Fylde"},"type":"Feature"},{"geometry":{"coordinates":[[[-2.3698383,53.7941389],[-2.3699322,53.8013906],[-2.3879627,53.8025003],[-2.3989039,53.8035391],[-2.3993862,53.8098478],[-2.393404,53.8143265],[-2.3967366,53.8166192],[-2.4124162,53.8098371],[-2.4475966,53.7889712],[-2.4474783,53.7874795],[-2.4658077,53.7808134],[-2.4554966,53.7740321],[-2.4463171,53.7665897],[-2.4516333,53.7564684],[-2.439658,53.7483083],[-2.4386127,53.7323067],[-2.4335287,53.7276687],[-2.4336883,53.7192143],[-2.4109983,53.7051758],[-2.4045902,53.7065049],[-2.3608004,53.7164984],[-2.3552818,53.7222051],[-2.3442349,53.7224852],[-2.338192,53.7297747],[-2.3258533,53.7343536],[-2.3248578,53.7429618],[-2.3261482,53.7473356],[-2.3141091,53.7470388],[-2.3137244,53.7515752],[-2.3199149,53.7555669],[-2.3286086,53.761032],[-2.3291873,53.7800848],[-2.3357972,53.782495],[-2.3362327,53.7916972],[-2.3423059,53.7948274],[-2.3445583,53.7932821],[-2.3567894,53.7984556],[-2.3564266,53.792991],[-2.3698383,53.7941389]]],"type":"Polygon"},"id":"E07000120","properties":{"code":"E07000120","geography":"LAD","name":"Hyndburn"},"type":"Feature"},{"geometry":{"coordinates":[[[[-2.8833917,53.9463293],[-2.8889084,53.9479331],[-2.8892424,53.9480302],[-2.8882446,53.946697],[-2.8834807,53.9460244],[-2.8833917,53.9463293]]],[[[-2.8933282,53.9895769],[-2.9000602,53.9905585],[-2.8982908,53.9877864],[-2.8933282,53.9895769]]],[[[-2.8006473,54.1224539],[-2.8013219,54.1224707],[-2.8038751,54.1225335],[-2.8045178,54.1202498],[-2.8006473,54.1224539]]],[[[-2.4799401,54.202329],[-2.473699,54.215282],[-2.4608627,54.2267161],[-2.4595853,54.2395684],[-2.499603,54.219555],[-2.5200697,54.2164468],[-2.5507511,54.200293],[-2.5760777,54.1955952],[-2.6249569,54.1955687],[-2.6399358,54.202033],[-2.647731,54.187308],[-2.6726406,54.1747466],[-2.6757943,54.1637791],[-2.6798417,54.1611857],[-2.6879707,54.1646569],[-2.7086465,54.163885],[-2.7364891,54.1690243],[-2.7362303,54.1709293],[-2.734387,54.184111],[-2.7493014,54.188955],[-2.768232,54.1859641],[-2.7992297,54.1977319],[-2.8163333,54.1898096],[-2.8156253,54.1821139],[-2.8372169,54.1741724],[-2.8694768,54.1766678],[-2.8619215,54.1672482],[-2.8659897,54.160285],[-2.8629847,54.1554874],[-2.8367003,54.1507262],[-2.8370062,54.1506324],[-2.8418606,54.1496576],[-2.8418391,54.1496247],[-2.8369896,54.1422209],[-2.8280052,54.1435198],[-2.8305108,54.1346334],[-2.8207208,54.1229823],[-2.8059267,54.1226087],[-2.8018421,54.125966],[-2.8047775,54.1313633],[-2.7946354,54.1277529],[-2.7935401,54.1285879],[-2.7850746,54.13504],[-2.7929083,54.1276216],[-2.7938218,54.1267795],[-2.7985655,54.1224033],[-2.8085798,54.1081476],[-2.8269473,54.0999769],[-2.8275816,54.094438],[-2.8212607,54.0941878],[-2.8292959,54.0934564],[-2.8256107,54.0875966],[-2.8261966,54.0869],[-2.8471812,54.0775428],[-2.8574746,54.079357],[-2.8577605,54.079185],[-2.8676111,54.0732617],[-2.8770309,54.0751306],[-2.8791477,54.0745527],[-2.8772696,54.0718796],[-2.8767796,54.0711821],[-2.8827531,54.0658581],[-2.8880298,54.0663242],[-2.8894783,54.0664522],[-2.8927602,54.0581853],[-2.8929421,54.0578153],[-2.8971315,54.0492917],[-2.9055143,54.0484056],[-2.9057187,54.0461057],[-2.9057429,54.0455959],[-2.9060247,54.0396593],[-2.9116672,54.0385786],[-2.9125513,54.0384092],[-2.9176023,54.0360381],[-2.9213708,54.0342686],[-2.9175767,54.0348817],[-2.9134587,54.035547],[-2.9124195,54.0337624],[-2.9125892,54.0337403],[-2.9175293,54.0327325],[-2.9187578,54.0324822],[-2.9244235,54.0313277],[-2.9174194,54.0277394],[-2.9034186,54.0205633],[-2.9069486,54.0070287],[-2.9006736,53.9998808],[-2.8969391,54.0007338],[-2.9037469,53.9984359],[-2.9002278,53.9920331],[-2.8861098,53.9910235],[-2.8842199,53.994327],[-2.8889932,53.995923],[-2.8839768,53.994735],[-2.8810403,53.9894528],[-2.8763483,54.0014059],[-2.8719196,54.0027989],[-2.8754632,54.0048802],[-2.8726376,54.0076471],[-2.8703198,54.0039232],[-2.8648063,54.0049732],[-2.8687539,54.0060233],[-2.8653522,54.007387],[-2.8700002,54.0084203],[-2.8668435,54.0102504],[-2.8607815,54.0038741],[-2.8449981,54.0148622],[-2.8532881,54.0055579],[-2.8422419,54.0059486],[-2.838128,54.0084328],[-2.841537,54.0097347],[-2.8352237,54.0108456],[-2.8352885,54.0153722],[-2.8391543,54.0139378],[-2.8354534,54.0159831],[-2.8368881,54.0166544],[-2.8377524,54.0189745],[-2.8352983,54.0171544],[-2.8340253,54.0224058],[-2.8382718,54.0229407],[-2.8410529,54.0214221],[-2.8395545,54.020311],[-2.8437497,54.0214113],[-2.8424745,54.0253695],[-2.839609,54.0231695],[-2.8420818,54.0261101],[-2.8338432,54.0232941],[-2.8334595,54.0285213],[-2.8369631,54.031782],[-2.8412136,54.0285375],[-2.8366103,54.0324586],[-2.837373,54.0330752],[-2.840466,54.0355757],[-2.8417533,54.0330446],[-2.840581,54.0359803],[-2.8487935,54.0390046],[-2.8480266,54.0414501],[-2.844214,54.0395302],[-2.8455562,54.0429766],[-2.850333,54.0411014],[-2.8390676,54.0488109],[-2.838589,54.0490309],[-2.8363917,54.0495025],[-2.808665,54.0555827],[-2.8016376,54.0535276],[-2.8007631,54.0532735],[-2.8001736,54.0531021],[-2.7999962,54.0530505],[-2.7997537,54.0534077],[-2.7997208,54.0534561],[-2.7991782,54.054255],[-2.793297,54.0629132],[-2.7950412,54.0570547],[-2.7951241,54.0567761],[-2.7959138,54.054123],[-2.799018,54.0523323],[-2.7996288,54.0519799],[-2.8027926,54.0525542],[-2.803812,54.0527393],[-2.808713,54.0546448],[-2.83654,54.0470446],[-2.839561,54.0462184],[-2.8397857,54.0461569],[-2.8415107,54.0456851],[-2.841657,54.0446088],[-2.8417075,54.0442373],[-2.8421366,54.0410798],[-2.8377027,54.0420275],[-2.8413387,54.0400617],[-2.8369552,54.0408553],[-2.8399289,54.0386874],[-2.83555,54.0405388],[-2.8383956,54.0374676],[-2.8332017,54.039792],[-2.8377949,54.0369874],[-2.8328433,54.0395123],[-2.8303923,54.0372939],[-2.8363273,54.0372071],[-2.8349357,54.035127],[-2.8335987,54.035434],[-2.8331172,54.0354909],[-2.8315611,54.0331156],[-2.8311607,54.0325044],[-2.8312464,54.0331178],[-2.8316255,54.0358308],[-2.8314326,54.0359303],[-2.8306935,54.0360999],[-2.8302756,54.0361955],[-2.8287479,54.0365457],[-2.8286708,54.0363922],[-2.8287959,54.0331348],[-2.8294696,54.0155965],[-2.8294715,54.0155471],[-2.832742,53.9985182],[-2.82324,53.9947505],[-2.8303949,53.9972474],[-2.8323223,53.994838],[-2.8340554,53.99867],[-2.8402472,53.9969911],[-2.8560873,53.9995801],[-2.8623356,53.995357],[-2.8570424,53.9935713],[-2.8611164,53.992602],[-2.862978,53.9953641],[-2.8681411,53.9931491],[-2.8696873,53.9836136],[-2.8792546,53.979113],[-2.8669819,53.9684852],[-2.8562636,53.9663979],[-2.8522727,53.9672687],[-2.8496741,53.9657319],[-2.8439926,53.9682032],[-2.8463962,53.9657012],[-2.8412275,53.9659433],[-2.848566,53.9651155],[-2.8541675,53.9653459],[-2.8542477,53.9650946],[-2.8573681,53.9625774],[-2.8619323,53.9646092],[-2.8647938,53.9632252],[-2.8655782,53.9626111],[-2.8693691,53.9598424],[-2.8698058,53.9597323],[-2.8711928,53.9565162],[-2.8867786,53.9583911],[-2.8803076,53.9540491],[-2.8724862,53.9537935],[-2.8744718,53.9517531],[-2.8762128,53.9512847],[-2.878398,53.9474508],[-2.8744427,53.9458096],[-2.8824695,53.9463073],[-2.882731,53.9459185],[-2.8796426,53.9454823],[-2.8763705,53.9401977],[-2.885208,53.9368082],[-2.8732724,53.9311816],[-2.8643673,53.9180797],[-2.8259194,53.9333674],[-2.804847,53.9352667],[-2.8023211,53.942073],[-2.8136644,53.9458073],[-2.8028235,53.9515802],[-2.8074387,53.9619904],[-2.7986185,53.9751167],[-2.7867207,53.967375],[-2.7578681,53.9631088],[-2.7573815,53.9592193],[-2.7507783,53.9566165],[-2.7553748,53.9523312],[-2.7414758,53.9568568],[-2.7331026,53.9671479],[-2.7352371,53.9745264],[-2.7156558,53.9802441],[-2.7093326,53.9604322],[-2.7005511,53.9491726],[-2.7020489,53.9435565],[-2.6879165,53.9497022],[-2.6736481,53.9502207],[-2.6641542,53.9472671],[-2.6482174,53.9489216],[-2.6508321,53.9522554],[-2.6430425,53.9575884],[-2.6304047,53.9577102],[-2.6169021,53.9522123],[-2.6111235,53.9568506],[-2.5888465,53.9602158],[-2.5774236,53.9720111],[-2.5575263,53.9749121],[-2.5738254,53.9851738],[-2.5713152,53.9894064],[-2.5806533,54.0001181],[-2.5792605,54.007581],[-2.5714249,54.0146641],[-2.5471056,54.0140773],[-2.5441451,54.019691],[-2.5273097,54.0262454],[-2.5186792,54.0212454],[-2.5014185,54.0207535],[-2.4911073,54.040711],[-2.4695498,54.0462122],[-2.4643474,54.0752794],[-2.4707242,54.0765642],[-2.4807512,54.085379],[-2.5063052,54.0914746],[-2.509526,54.0954253],[-2.5240097,54.0946225],[-2.5241088,54.1021294],[-2.5367663,54.1040993],[-2.5362006,54.1086262],[-2.5458356,54.1143672],[-2.5447643,54.1171303],[-2.5634812,54.1246776],[-2.5634103,54.1404057],[-2.5578739,54.1433642],[-2.5605045,54.1530521],[-2.5473232,54.1533185],[-2.5436833,54.1575953],[-2.533979,54.1576927],[-2.528759,54.1694841],[-2.4799401,54.202329]]]],"type":"MultiPolygon"},"id":"E07000121","properties":{"code":"E07000121","geography":"LAD","name":"Lancaster"},"type":"Feature"},{"geometry":{"coordinates":[[[-2.1854878,53.9418872],[-2.1794668,53.9459858],[-2.1844642,53.9522114],[-2.2154288,53.941564],[-2.2255388,53.9436501],[-2.2458407,53.9332627],[-2.2351632,53.9081596],[-2.2231643,53.8940335],[-2.226544,53.889651],[-2.2591958,53.8820343],[-2.2587728,53.877863],[-2.2656882,53.8758184],[-2.2736957,53.8789776],[-2.3050929,53.8706743],[-2.3195017,53.8582846],[-2.3142209,53.8543309],[-2.3251728,53.8511197],[-2.3185338,53.8500473],[-2.317928,53.846922],[-2.3336233,53.8405975],[-2.3025733,53.8363948],[-2.3058538,53.8295429],[-2.3171239,53.8278283],[-2.3178447,53.8170572],[-2.3132052,53.812465],[-2.3113633,53.8129255],[-2.3019647,53.8210792],[-2.3030474,53.8145135],[-2.297059,53.8143039],[-2.2946941,53.8084388],[-2.2826693,53.8073641],[-2.2698051,53.8150039],[-2.2610695,53.8077672],[-2.2489391,53.8119036],[-2.2354054,53.813791],[-2.2226429,53.8173927],[-2.2176845,53.8155161],[-2.2074305,53.8114367],[-2.1948278,53.821972],[-2.1969302,53.8251962],[-2.1933451,53.8239722],[-2.1520201,53.8237068],[-2.148547,53.8197681],[-2.1421136,53.8204473],[-2.1353456,53.8159577],[-2.128623,53.8197957],[-2.112279,53.8057084],[-2.0849792,53.8185206],[-2.0612223,53.8256202],[-2.0469246,53.8295103],[-2.0461303,53.8501412],[-2.0748495,53.8623673],[-2.081191,53.8699714],[-2.089915,53.868182],[-2.0824577,53.8775545],[-2.1034169,53.8918928],[-2.113176,53.9046116],[-2.1074667,53.908043],[-2.113093,53.9154393],[-2.1217582,53.9173308],[-2.1243503,53.9232007],[-2.1322241,53.9265089],[-2.1399784,53.9283255],[-2.1417983,53.9256746],[-2.1494334,53.9260284],[-2.1517165,53.929484],[-2.1628768,53.9272699],[-2.164266,53.9347043],[-2.171605,53.9376592],[-2.1759265,53.9342688],[-2.1822628,53.9354109],[-2.1854878,53.9418872]]],"type":"Polygon"},"id":"E07000122","properties":{"code":"E07000122","geography":"LAD","name":"Pendle"},"type":"Feature"},{"geometry":{"coordinates":[[[-2.6452116,53.8937642],[-2.6572177,53.8961518],[-2.6700084,53.8917486],[-2.6809273,53.8925213],[-2.6894325,53.8878539],[-2.6906276,53.8743739],[-2.7060804,53.8690212],[-2.7032612,53.864959],[-2.7119231,53.8563919],[-2.7098165,53.8536423],[-2.7259859,53.8494294],[-2.7466628,53.8508247],[-2.7361693,53.8234337],[-2.7536334,53.8237061],[-2.7614754,53.8275261],[-2.7707898,53.8403716],[-2.7743044,53.8398569],[-2.7818244,53.8333508],[-2.7871804,53.8321184],[-2.7933441,53.8365633],[-2.8002001,53.8330886],[-2.7976363,53.8246787],[-2.8029371,53.8259164],[-2.8259942,53.8199873],[-2.8152664,53.8081931],[-2.7804906,53.7877137],[-2.7981937,53.7715392],[-2.794976,53.7626406],[-2.7897233,53.7565194],[-2.7932187,53.7521483],[-2.7884967,53.7532247],[-2.764289,53.7564092],[-2.7639863,53.7564098],[-2.7571995,53.756423],[-2.7600397,53.7559244],[-2.7332376,53.7576032],[-2.7215303,53.7556166],[-2.7185403,53.753523],[-2.7166648,53.750169],[-2.7103811,53.7480082],[-2.7053996,53.7502934],[-2.6966103,53.7520119],[-2.6853794,53.7493014],[-2.6790035,53.753006],[-2.6642636,53.7489517],[-2.6584114,53.7588732],[-2.645293,53.7601196],[-2.6434332,53.7655504],[-2.6306112,53.766653],[-2.6222189,53.7707567],[-2.6225198,53.7743718],[-2.6349949,53.7801595],[-2.631987,53.7828001],[-2.6118094,53.7786455],[-2.5994878,53.781471],[-2.6017817,53.7896826],[-2.5954866,53.7961576],[-2.6123001,53.8038959],[-2.6247137,53.8155649],[-2.6159187,53.8199487],[-2.6102261,53.8287491],[-2.6078981,53.8387725],[-2.6204645,53.8455462],[-2.622495,53.8476047],[-2.6143836,53.8511087],[-2.6293349,53.8600033],[-2.6253123,53.8803163],[-2.6355294,53.8828271],[-2.6359308,53.8902693],[-2.6452116,53.8937642]]],"type":"Polygon"},"id":"E07000123","properties":{"code":"E07000123","geography":"LAD","name":"Preston"},"type":"Feature"},{"geometry":{"coordinates":[[[-2.3619995,54.0406697],[-2.374073,54.0490891],[-2.4258265,54.0380949],[-2.432734,54.0415934],[-2.4587749,54.0404955],[-2.4695498,54.0462122],[-2.4911073,54.040711],[-2.5014185,54.0207535],[-2.5186792,54.0212454],[-2.5273097,54.0262454],[-2.5441451,54.019691],[-2.5471056,54.0140773],[-2.5714249,54.0146641],[-2.5792605,54.007581],[-2.5806533,54.0001181],[-2.5713152,53.9894064],[-2.5738254,53.9851738],[-2.5575263,53.9749121],[-2.5774236,53.9720111],[-2.5888465,53.9602158],[-2.6111235,53.9568506],[-2.6169021,53.9522123],[-2.6304047,53.9577102],[-2.6430425,53.9575884],[-2.6508321,53.9522554],[-2.6482174,53.9489216],[-2.6264372,53.9385635],[-2.6296476,53.9307346],[-2.6225749,53.9297154],[-2.6165388,53.9235772],[-2.6143973,53.9195006],[-2.6187141,53.9164316],[-2.6134637,53.9082706],[-2.6166445,53.8997971],[-2.6251828,53.894626],[-2.6452116,53.8937642],[-2.6359308,53.8902693],[-2.6355294,53.8828271],[-2.6253123,53.8803163],[-2.6293349,53.8600033],[-2.6143836,53.8511087],[-2.622495,53.8476047],[-2.6204645,53.8455462],[-2.6078981,53.8387725],[-2.6102261,53.8287491],[-2.6159187,53.8199487],[-2.6247137,53.8155649],[-2.6123001,53.8038959],[-2.5954866,53.7961576],[-2.6017817,53.7896826],[-2.5994878,53.781471],[-2.5929472,53.7790174],[-2.5852959,53.7827184],[-2.5774386,53.7749576],[-2.5668384,53.7772075],[-2.5475055,53.775871],[-2.5455772,53.7691394],[-2.5642702,53.7619891],[-2.5636644,53.7572311],[-2.551262,53.7563663],[-2.5456849,53.7593928],[-2.5287313,53.7594927],[-2.5085905,53.7694327],[-2.4989951,53.7686197],[-2.4947484,53.7701605],[-2.4808263,53.7739916],[-2.4770875,53.7810476],[-2.4658077,53.7808134],[-2.4474783,53.7874795],[-2.4475966,53.7889712],[-2.4124162,53.8098371],[-2.3967366,53.8166192],[-2.393404,53.8143265],[-2.3993862,53.8098478],[-2.3989039,53.8035391],[-2.3879627,53.8025003],[-2.3699322,53.8013906],[-2.3698383,53.7941389],[-2.3564266,53.792991],[-2.3567894,53.7984556],[-2.3445583,53.7932821],[-2.3423059,53.7948274],[-2.3362218,53.7954469],[-2.3297622,53.8066385],[-2.3174798,53.8121796],[-2.3132052,53.812465],[-2.3178447,53.8170572],[-2.3171239,53.8278283],[-2.3058538,53.8295429],[-2.3025733,53.8363948],[-2.3336233,53.8405975],[-2.317928,53.846922],[-2.3185338,53.8500473],[-2.3251728,53.8511197],[-2.3142209,53.8543309],[-2.3195017,53.8582846],[-2.3050929,53.8706743],[-2.2736957,53.8789776],[-2.2656882,53.8758184],[-2.2587728,53.877863],[-2.2591958,53.8820343],[-2.226544,53.889651],[-2.2231643,53.8940335],[-2.2351632,53.9081596],[-2.2458407,53.9332627],[-2.2255388,53.9436501],[-2.2154288,53.941564],[-2.1844642,53.9522114],[-2.1960184,53.9695758],[-2.2006354,53.9701263],[-2.2096388,53.9628992],[-2.2144884,53.965107],[-2.2256738,53.9611195],[-2.2259221,53.9672774],[-2.2320992,53.971216],[-2.2211122,53.9779017],[-2.2345724,53.9818564],[-2.2845954,53.9737892],[-2.29455,53.9744667],[-2.2989487,53.9765461],[-2.2968775,53.9805827],[-2.3191773,53.9938205],[-2.3399993,53.9894769],[-2.3521765,53.9946124],[-2.3522849,54.0105533],[-2.3502532,54.012183],[-2.3407937,54.0074897],[-2.3395643,54.0093207],[-2.3436035,54.0173271],[-2.3573233,54.0191171],[-2.3619995,54.0406697]]],"type":"Polygon"},"id":"E07000124","properties":{"code":"E07000124","geography":"LAD","name":"Ribble Valley"},"type":"Feature"},{"geometry":{"coordinates":[[[-2.2417121,53.7496385],[-2.2516974,53.755045],[-2.257453,53.7498576],[-2.2667968,53.748097],[-2.2628215,53.7462607],[-2.2670116,53.7426427],[-2.2852668,53.7437081],[-2.2952715,53.7519905],[-2.3029943,53.748405],[-2.3141091,53.7470388],[-2.3261482,53.7473356],[-2.3248578,53.7429618],[-2.3258533,53.7343536],[-2.338192,53.7297747],[-2.3442349,53.7224852],[-2.3552818,53.7222051],[-2.3608004,53.7164984],[-2.4045902,53.7065049],[-2.4109983,53.7051758],[-2.3983483,53.6915599],[-2.3744243,53.6872544],[-2.3759347,53.6756416],[-2.3712362,53.6670807],[-2.3555698,53.6645073],[-2.3533385,53.6584829],[-2.3253026,53.655413],[-2.3155826,53.6550552],[-2.2990061,53.6667095],[-2.2937919,53.6579299],[-2.2977014,53.6517683],[-2.295767,53.6414505],[-2.2899463,53.635235],[-2.2828532,53.6202633],[-2.2725505,53.6185123],[-2.2717656,53.614478],[-2.2579949,53.6164535],[-2.2567906,53.6204421],[-2.2629269,53.6249611],[-2.2699252,53.6460573],[-2.2613576,53.6541681],[-2.236632,53.6669241],[-2.236575,53.6670072],[-2.2258239,53.6707679],[-2.2201293,53.6688745],[-2.2177289,53.6689807],[-2.2071076,53.6607668],[-2.2052469,53.6543615],[-2.1896289,53.64799],[-2.1823663,53.6482631],[-2.1804678,53.6405496],[-2.1853958,53.6382241],[-2.1611359,53.6422484],[-2.1639387,53.6547656],[-2.1463281,53.6822315],[-2.1452547,53.6922949],[-2.1626048,53.6992002],[-2.1622874,53.705955],[-2.1732913,53.7230096],[-2.1853955,53.7307405],[-2.2033898,53.7323847],[-2.2143353,53.7372603],[-2.2325552,53.7376101],[-2.2417121,53.7496385]]],"type":"Polygon"},"id":"E07000125","properties":{"code":"E07000125","geography":"LAD","name":"Rossendale"},"type":"Feature"},{"geometry":{"coordinates":[[[[-2.8327286,53.7195931],[-2.8368127,53.7236588],[-2.8407421,53.7256361],[-2.8444645,53.7275091],[-2.8325343,53.7193996],[-2.8327286,53.7195931]]],[[[-2.8646683,53.7339231],[-2.8658347,53.733746],[-2.8615701,53.7332186],[-2.8646683,53.7339231]]],[[[-2.631987,53.7828001],[-2.6349949,53.7801595],[-2.6225198,53.7743718],[-2.6222189,53.7707567],[-2.6306112,53.766653],[-2.6434332,53.7655504],[-2.645293,53.7601196],[-2.6584114,53.7588732],[-2.6642636,53.7489517],[-2.6790035,53.753006],[-2.6853794,53.7493014],[-2.6966103,53.7520119],[-2.7053996,53.7502934],[-2.7103811,53.7480082],[-2.7166648,53.750169],[-2.7185403,53.753523],[-2.7215303,53.7556166],[-2.7332376,53.7576032],[-2.7600397,53.7559244],[-2.7744106,53.7533998],[-2.7741275,53.7485412],[-2.7761365,53.7534786],[-2.8200693,53.7443302],[-2.8223315,53.7437026],[-2.8548327,53.7353303],[-2.8446862,53.7301047],[-2.8429886,53.7289689],[-2.835804,53.7247633],[-2.8354334,53.7243416],[-2.8267273,53.7201327],[-2.8299469,53.7195594],[-2.8267662,53.7160308],[-2.8266288,53.7158783],[-2.8263097,53.7132011],[-2.8267182,53.713608],[-2.8240565,53.7023353],[-2.8334903,53.6985983],[-2.8276929,53.6889417],[-2.8198734,53.6870828],[-2.7958834,53.6874814],[-2.7871858,53.6913529],[-2.7576912,53.6928813],[-2.7466022,53.6927075],[-2.7441085,53.6877543],[-2.7344518,53.6873007],[-2.7291198,53.6833334],[-2.7335505,53.674283],[-2.7124669,53.6714199],[-2.7080603,53.681532],[-2.6763079,53.6792634],[-2.6588293,53.6806726],[-2.6558465,53.6885202],[-2.677595,53.69373],[-2.6775259,53.7000591],[-2.6737378,53.7090043],[-2.6584278,53.7177231],[-2.6569568,53.7128856],[-2.6513651,53.7120982],[-2.6479419,53.7159012],[-2.6297367,53.7183347],[-2.6229048,53.7238766],[-2.6242969,53.7290483],[-2.6101514,53.7370297],[-2.6119603,53.7386235],[-2.6010149,53.7408805],[-2.5874539,53.7431031],[-2.5767159,53.7512643],[-2.5616016,53.7469014],[-2.5539463,53.7496764],[-2.551262,53.7563663],[-2.5636644,53.7572311],[-2.5642702,53.7619891],[-2.5455772,53.7691394],[-2.5475055,53.775871],[-2.5668384,53.7772075],[-2.5774386,53.7749576],[-2.5852959,53.7827184],[-2.5929472,53.7790174],[-2.5994878,53.781471],[-2.6118094,53.7786455],[-2.631987,53.7828001]]]],"type":"MultiPolygon"},"id":"E07000126","properties":{"code":"E07000126","geography":"LAD","name":"South Ribble"},"type":"Feature"},{"geometry":{"coordinates":[[[-2.8444645,53.7275091],[-2.8510641,53.7308289],[-2.8615701,53.7332186],[-2.8658347,53.733746],[-2.8841434,53.7309646],[-2.8861216,53.7268594],[-2.8887798,53.7307253],[-2.8911425,53.725686],[-2.8893874,53.7306444],[-2.8945773,53.7300646],[-2.900564,53.7263398],[-2.8962765,53.7230005],[-2.9052888,53.7258528],[-2.9043009,53.7289227],[-2.9074594,53.7284228],[-2.9108329,53.725782],[-2.9120755,53.7248018],[-2.9107989,53.7242055],[-2.9087197,53.7232343],[-2.9107735,53.7230303],[-2.913214,53.7227879],[-2.9107194,53.7205257],[-2.9094885,53.7194094],[-2.910659,53.7177294],[-2.9113348,53.7167594],[-2.9150938,53.7260983],[-2.9293482,53.7241612],[-2.9157894,53.7168781],[-2.9195026,53.7170492],[-2.9155065,53.7133398],[-2.9271779,53.7207104],[-2.9282544,53.7161297],[-2.9284141,53.7220733],[-2.9328695,53.7245302],[-2.9323111,53.7187426],[-2.9359024,53.7254279],[-2.9482433,53.711782],[-2.9414012,53.713273],[-2.9467465,53.7103017],[-2.9403205,53.71143],[-2.9380263,53.7054231],[-2.9288425,53.7045059],[-2.9371185,53.7045197],[-2.9437818,53.7081508],[-2.9551057,53.704438],[-2.9473179,53.7041699],[-2.9536455,53.7023679],[-2.9425973,53.7001597],[-2.9511272,53.6997138],[-2.9415289,53.6965386],[-2.9527194,53.6997929],[-2.9562161,53.6974883],[-2.9554615,53.696742],[-2.9552303,53.696496],[-2.9467857,53.6880176],[-2.9524937,53.6822791],[-2.9443079,53.6791297],[-2.9474379,53.6673491],[-2.9401434,53.6586105],[-2.9499669,53.6523347],[-2.9603517,53.6387368],[-2.9677687,53.6310638],[-2.9818231,53.6222051],[-2.9937206,53.6282712],[-2.9973335,53.6268857],[-3.0140985,53.611277],[-3.0321482,53.5985296],[-3.0333425,53.58512],[-3.0207685,53.5828145],[-3.02262,53.5695979],[-3.0405888,53.5650025],[-3.0388092,53.5519053],[-3.0466986,53.5429583],[-3.0386923,53.5383197],[-3.0249687,53.5390352],[-2.9915228,53.5229916],[-2.9825316,53.5195459],[-2.9729433,53.5154462],[-2.9641428,53.5186061],[-2.9629974,53.5229029],[-2.9784349,53.5427748],[-2.9772781,53.5462272],[-2.9658174,53.5478158],[-2.9419792,53.5409977],[-2.9230094,53.52522],[-2.9167431,53.5232584],[-2.8816877,53.5205229],[-2.8922108,53.5111658],[-2.8879634,53.5038459],[-2.8733324,53.5000393],[-2.8710673,53.494997],[-2.8614778,53.4910792],[-2.8498364,53.4931392],[-2.8439376,53.4902112],[-2.8444211,53.4841304],[-2.8255744,53.4827817],[-2.8249645,53.4852092],[-2.8198941,53.4965071],[-2.8225199,53.5051275],[-2.8166156,53.5122823],[-2.7946869,53.5212427],[-2.7824184,53.5313725],[-2.7688725,53.5135715],[-2.7598315,53.5125371],[-2.7304176,53.5205814],[-2.7178352,53.5273092],[-2.7145275,53.5383271],[-2.7185504,53.5435501],[-2.7047381,53.5618605],[-2.7163882,53.571306],[-2.7192226,53.5761142],[-2.7103436,53.585117],[-2.7000696,53.5912134],[-2.693309,53.5894747],[-2.6904851,53.6023559],[-2.6894557,53.6042795],[-2.6963017,53.6049185],[-2.6993848,53.6142398],[-2.6946466,53.6157772],[-2.6909473,53.620309],[-2.6944436,53.6266255],[-2.6956404,53.6234483],[-2.7099557,53.6177842],[-2.7361679,53.6236847],[-2.758793,53.6146582],[-2.7662179,53.6191518],[-2.7791216,53.6195967],[-2.7808885,53.6234833],[-2.7929817,53.6230427],[-2.7873617,53.617347],[-2.7907646,53.6145921],[-2.7959461,53.6159781],[-2.8005069,53.6248117],[-2.8079997,53.6288133],[-2.8059172,53.6408638],[-2.8144066,53.6484473],[-2.8120822,53.6530968],[-2.8167758,53.6546736],[-2.8124137,53.6563402],[-2.8233645,53.6681239],[-2.8163672,53.6728952],[-2.818403,53.6789124],[-2.8242329,53.6806575],[-2.8198734,53.6870828],[-2.8276929,53.6889417],[-2.8334903,53.6985983],[-2.8240565,53.7023353],[-2.8267182,53.713608],[-2.8270573,53.7139457],[-2.8325343,53.7193996],[-2.8444645,53.7275091]]],"type":"Polygon"},"id":"E07000127","properties":{"code":"E07000127","geography":"LAD","name":"West Lancashire"},"type":"Feature"},{"geometry":{"coordinates":[[[[-2.9654612,53.8466782],[-2.9809457,53.8574984],[-2.9749964,53.861809],[-2.9762527,53.8618727],[-2.9773155,53.8619266],[-2.976729,53.8624287],[-2.9789911,53.8708051],[-2.9688108,53.8739806],[-2.9758888,53.8798967],[-2.9828913,53.8803068],[-2.984694,53.881441],[-3.0031251,53.8930317],[-3.0035035,53.8940647],[-3.0035583,53.8942144],[-3.0059518,53.9007466],[-3.0084373,53.9017542],[-3.0059352,53.9031555],[-3.005717,53.9186518],[-3.0125149,53.9198215],[-3.010573,53.9201551],[-3.0081971,53.9205631],[-3.0076001,53.9210477],[-3.003947,53.9240127],[-3.0053016,53.9265738],[-3.0060897,53.9280637],[-3.0073805,53.9279285],[-3.0233987,53.9262494],[-3.0423837,53.9239825],[-3.0501479,53.9192152],[-3.047273,53.8922084],[-3.0472148,53.8916669],[-3.0479502,53.8757317],[-3.0479669,53.8756044],[-3.036847,53.8750788],[-3.0197499,53.8685996],[-3.0228384,53.8627256],[-3.022613,53.8616997],[-3.0143119,53.850567],[-3.0179375,53.8473697],[-3.01523,53.8427746],[-3.0204645,53.8407688],[-3.0191108,53.8370898],[-3.0155556,53.8407108],[-3.0115359,53.8371908],[-3.0072023,53.8329012],[-3.0137734,53.8292064],[-3.0106529,53.8261939],[-2.9931176,53.8310287],[-2.9860417,53.828439],[-2.9617777,53.8283465],[-2.9707815,53.8404594],[-2.9654612,53.8466782]]],[[[-2.7093326,53.9604322],[-2.7156558,53.9802441],[-2.7352371,53.9745264],[-2.7331026,53.9671479],[-2.7414758,53.9568568],[-2.7553748,53.9523312],[-2.7507783,53.9566165],[-2.7573815,53.9592193],[-2.7578681,53.9631088],[-2.7867207,53.967375],[-2.7986185,53.9751167],[-2.8074387,53.9619904],[-2.8028235,53.9515802],[-2.8136644,53.9458073],[-2.8023211,53.942073],[-2.804847,53.9352667],[-2.8259194,53.9333674],[-2.8643673,53.9180797],[-2.8732724,53.9311816],[-2.885208,53.9368082],[-2.8763705,53.9401977],[-2.8796426,53.9454823],[-2.882731,53.9459185],[-2.8828115,53.9457989],[-2.8841091,53.9438694],[-2.8835242,53.9458751],[-2.8834807,53.9460244],[-2.8882446,53.946697],[-2.8892424,53.9480302],[-2.8895333,53.9481147],[-2.894789,53.9455079],[-2.886649,53.9416776],[-2.8920673,53.942199],[-2.891269,53.9394763],[-2.8967496,53.9411638],[-2.8989848,53.9384894],[-2.8991749,53.9410908],[-2.9000758,53.9384273],[-2.9053241,53.9405637],[-2.9047646,53.9384999],[-2.9122062,53.9440358],[-2.915564,53.9433191],[-2.9189224,53.9426022],[-2.9155727,53.9437189],[-2.9130617,53.944556],[-2.9156036,53.9451313],[-2.9208287,53.9463136],[-2.9156289,53.9462907],[-2.9105699,53.9462682],[-2.9156794,53.9486036],[-2.9163319,53.9489018],[-2.9157126,53.9501239],[-2.9150086,53.951513],[-2.9157413,53.9514344],[-2.9278087,53.9501391],[-2.9288998,53.9498383],[-2.9289792,53.9498163],[-2.9965747,53.9311478],[-2.9967276,53.9089425],[-2.9921999,53.9066081],[-2.9921056,53.9065595],[-2.9908347,53.9068433],[-2.9907508,53.906862],[-2.989435,53.9071558],[-2.9897621,53.9070023],[-2.9904646,53.9066727],[-2.9905252,53.9066442],[-2.9924384,53.9057463],[-2.9926947,53.905626],[-2.9929246,53.9055182],[-2.9946163,53.9056084],[-2.9945344,53.9053659],[-2.9944325,53.9050637],[-2.9912213,53.8955466],[-2.9866693,53.8955276],[-2.9897228,53.8943429],[-2.9862459,53.8926055],[-2.9838846,53.8955954],[-2.985182,53.8898118],[-2.9629888,53.878091],[-2.9661446,53.873522],[-2.9664807,53.8730353],[-2.9666677,53.8727645],[-2.9667925,53.8725838],[-2.9722898,53.8646219],[-2.9585351,53.8626006],[-2.9531901,53.8582156],[-2.952652,53.8577741],[-2.9534337,53.8581208],[-2.95672,53.8595896],[-2.9553153,53.8573997],[-2.9437683,53.8506809],[-2.93713,53.8528062],[-2.9363795,53.8573291],[-2.9229976,53.8561844],[-2.9101303,53.8644795],[-2.9011813,53.8643059],[-2.8962242,53.860582],[-2.8845942,53.863082],[-2.8758267,53.8570498],[-2.888017,53.8542447],[-2.8901462,53.846039],[-2.8716156,53.8431525],[-2.8669977,53.8457017],[-2.8575867,53.8426066],[-2.8701235,53.831371],[-2.8622259,53.8293886],[-2.8408696,53.8312779],[-2.8259942,53.8199873],[-2.8029371,53.8259164],[-2.7976363,53.8246787],[-2.8002001,53.8330886],[-2.7933441,53.8365633],[-2.7871804,53.8321184],[-2.7818244,53.8333508],[-2.7743044,53.8398569],[-2.7707898,53.8403716],[-2.7614754,53.8275261],[-2.7536334,53.8237061],[-2.7361693,53.8234337],[-2.7466628,53.8508247],[-2.7259859,53.8494294],[-2.7098165,53.8536423],[-2.7119231,53.8563919],[-2.7032612,53.864959],[-2.7060804,53.8690212],[-2.6906276,53.8743739],[-2.6894325,53.8878539],[-2.6809273,53.8925213],[-2.6700084,53.8917486],[-2.6572177,53.8961518],[-2.6452116,53.8937642],[-2.6251828,53.894626],[-2.6166445,53.8997971],[-2.6134637,53.9082706],[-2.6187141,53.9164316],[-2.6143973,53.9195006],[-2.6165388,53.9235772],[-2.6225749,53.9297154],[-2.6296476,53.9307346],[-2.6264372,53.9385635],[-2.6482174,53.9489216],[-2.6641542,53.9472671],[-2.6736481,53.9502207],[-2.6879165,53.9497022],[-2.7020489,53.9435565],[-2.7005511,53.9491726],[-2.7093326,53.9604322]]]],"type":"MultiPolygon"},"id":"E07000128","properties":{"code":"E07000128","geography":"LAD","name":"Wyre"},"type":"Feature"},{"geometry":{"coordinates":[[[-1.1996816,52.6644018],[-1.2044191,52.6613271],[-1.2159478,52.6520151],[-1.2241609,52.6504968],[-1.2286263,52.649066],[-1.223145,52.6462622],[-1.2340516,52.6402047],[-1.2416722,52.6418422],[-1.2605632,52.6374442],[-1.2561116,52.6343517],[-1.2484604,52.6365365],[-1.2407875,52.6335957],[-1.2617224,52.6283366],[-1.2573847,52.6161989],[-1.2646204,52.6144175],[-1.2744793,52.6161701],[-1.2733576,52.6112953],[-1.2772854,52.6115017],[-1.2742597,52.6097923],[-1.2803259,52.6089932],[-1.2758908,52.6090291],[-1.2798359,52.6072686],[-1.2745837,52.6009841],[-1.2924155,52.5915283],[-1.2983421,52.5859906],[-1.2970901,52.5800102],[-1.2701711,52.5748869],[-1.2690271,52.572422],[-1.2751857,52.5644703],[-1.2889132,52.5636499],[-1.3020226,52.5613887],[-1.3118304,52.5620861],[-1.3193104,52.5670921],[-1.328605,52.565844],[-1.337877,52.5555728],[-1.3365658,52.5486117],[-1.3323629,52.5317659],[-1.3304033,52.5246131],[-1.3179702,52.5151182],[-1.3251213,52.5010545],[-1.3059475,52.4933953],[-1.2611845,52.5303091],[-1.2574081,52.5334856],[-1.2318405,52.5553789],[-1.2288857,52.5543142],[-1.2130004,52.544255],[-1.202253,52.5279148],[-1.2021328,52.5274399],[-1.1842753,52.527499],[-1.1817348,52.529685],[-1.1750594,52.527587],[-1.1719996,52.534401],[-1.1428439,52.5350014],[-1.1394503,52.5431716],[-1.1212567,52.5451866],[-1.106059,52.5418416],[-1.1022681,52.5383588],[-1.0974434,52.54241],[-1.0759538,52.5387968],[-1.0747927,52.5404415],[-1.0593922,52.5589301],[-1.063905,52.5590476],[-1.0642412,52.5620677],[-1.0718852,52.5617739],[-1.0738017,52.5560985],[-1.0828939,52.5565792],[-1.094266,52.5611953],[-1.0954744,52.5654218],[-1.1008228,52.5655507],[-1.1071431,52.5643112],[-1.1230175,52.5688124],[-1.126632,52.5619896],[-1.1343878,52.5657828],[-1.1328467,52.5736126],[-1.1369837,52.5740222],[-1.1435933,52.581281],[-1.1436185,52.5880254],[-1.1494958,52.5810241],[-1.1593288,52.581666],[-1.1556063,52.5871531],[-1.159267,52.5912399],[-1.1721253,52.5918258],[-1.1679844,52.6014259],[-1.1653698,52.6030473],[-1.1707699,52.605939],[-1.1640888,52.6094544],[-1.1654986,52.6131026],[-1.1887716,52.6229714],[-1.2012442,52.6273321],[-1.2053954,52.6288165],[-1.2054653,52.6288727],[-1.2156692,52.6346879],[-1.2090049,52.6420918],[-1.1987593,52.6414656],[-1.1906559,52.6403939],[-1.1837544,52.6506484],[-1.1852892,52.6606441],[-1.1930658,52.6603367],[-1.1996816,52.6644018]]],"type":"Polygon"},"id":"E07000129","properties":{"code":"E07000129","geography":"LAD","name":"Blaby"},"type":"Feature"},{"geometry":{"coordinates":[[[-1.0688123,52.821236],[-1.0744353,52.8247266],[-1.0914849,52.8200802],[-1.0941911,52.8219689],[-1.1191631,52.8191505],[-1.121248,52.8123661],[-1.1308931,52.8058269],[-1.1439636,52.8038766],[-1.1618779,52.8063937],[-1.1766767,52.8026334],[-1.1963238,52.7900822],[-1.200289,52.7937879],[-1.2116707,52.7949616],[-1.2253722,52.7917209],[-1.228407,52.793108],[-1.2345295,52.8021094],[-1.245302,52.8061381],[-1.2552852,52.8040983],[-1.2619449,52.8104473],[-1.2764494,52.8003284],[-1.2796078,52.7886832],[-1.2748279,52.7875727],[-1.278754,52.7831941],[-1.2792658,52.7832558],[-1.318961,52.7853886],[-1.3277024,52.7757007],[-1.3290577,52.7664013],[-1.3347698,52.7631648],[-1.3323754,52.7530291],[-1.3237401,52.7549021],[-1.3190507,52.7499426],[-1.3025626,52.7474379],[-1.2874866,52.7339723],[-1.2668744,52.7474442],[-1.2647548,52.7448498],[-1.2585104,52.7444397],[-1.2471407,52.736369],[-1.2633613,52.730907],[-1.2663531,52.728589],[-1.2624677,52.7242713],[-1.2827134,52.7146423],[-1.2853693,52.7025841],[-1.2752855,52.6982887],[-1.2814187,52.6921841],[-1.2590106,52.682072],[-1.2566823,52.6846043],[-1.2447352,52.6846197],[-1.2265924,52.6699274],[-1.2166044,52.6709327],[-1.2137628,52.6746807],[-1.2016205,52.6688451],[-1.1996816,52.6644018],[-1.1930658,52.6603367],[-1.1852892,52.6606441],[-1.1767443,52.6642913],[-1.1791726,52.6763441],[-1.1708179,52.683595],[-1.157252,52.691523],[-1.144117,52.6879412],[-1.136687,52.6799166],[-1.1377127,52.6753805],[-1.1290886,52.6653897],[-1.1188118,52.6731863],[-1.1146523,52.6727075],[-1.0978406,52.6700583],[-1.0821556,52.6694318],[-1.0750788,52.6696256],[-1.0644543,52.6647307],[-1.0567445,52.6638318],[-1.0589452,52.656426],[-1.0486128,52.654996],[-1.0379328,52.653979],[-1.0384427,52.6590399],[-1.0138386,52.6550278],[-0.9996473,52.6628273],[-0.9915255,52.6733658],[-0.9882264,52.6720655],[-0.9790323,52.6819658],[-0.9596533,52.6732629],[-0.9489242,52.6803812],[-0.9472378,52.6827289],[-0.9561683,52.6826657],[-0.9711687,52.6910392],[-1.0060963,52.69838],[-1.0079763,52.6963927],[-1.0048472,52.7045188],[-1.0155925,52.7108242],[-1.0076505,52.7173864],[-1.0032788,52.7172518],[-1.0010508,52.7236619],[-1.0172444,52.7244678],[-1.0273219,52.7349281],[-1.0194072,52.7351012],[-1.0193235,52.7371062],[-1.033053,52.7497893],[-1.030382,52.7561863],[-1.0368416,52.7583713],[-1.0414235,52.7660589],[-1.0459062,52.766023],[-1.0379473,52.7750305],[-1.0466233,52.7809548],[-1.0363949,52.8159009],[-1.0367038,52.8159898],[-1.0497662,52.8134481],[-1.059205,52.8172496],[-1.0717382,52.8140112],[-1.0688123,52.821236]]],"type":"Polygon"},"id":"E07000130","properties":{"code":"E07000130","geography":"LAD","name":"Charnwood"},"type":"Feature"},{"geometry":{"coordinates":[[[-0.8554863,52.6849389],[-0.8726945,52.6843504],[-0.8744077,52.6799511],[-0.8929074,52.6737102],[-0.9119261,52.6771723],[-0.9160496,52.6711407],[-0.9489242,52.6803812],[-0.9596533,52.6732629],[-0.9790323,52.6819658],[-0.9882264,52.6720655],[-0.9915255,52.6733658],[-0.9996473,52.6628273],[-1.0138386,52.6550278],[-1.0384427,52.6590399],[-1.0379328,52.653979],[-1.0486128,52.654996],[-1.0509675,52.6439398],[-1.0469622,52.6346201],[-1.0561832,52.6321929],[-1.0552453,52.6248379],[-1.0704897,52.6180668],[-1.0666594,52.6170343],[-1.0709559,52.6139053],[-1.0622813,52.6101205],[-1.0589682,52.6090469],[-1.0624791,52.6042472],[-1.0564817,52.6029059],[-1.0421724,52.5982932],[-1.0583723,52.5853759],[-1.0673626,52.5798021],[-1.0754224,52.5746626],[-1.0828939,52.5565792],[-1.0738017,52.5560985],[-1.0718852,52.5617739],[-1.0642412,52.5620677],[-1.063905,52.5590476],[-1.0593922,52.5589301],[-1.0747927,52.5404415],[-1.0759538,52.5387968],[-1.0974434,52.54241],[-1.1022681,52.5383588],[-1.106059,52.5418416],[-1.1212567,52.5451866],[-1.1394503,52.5431716],[-1.1428439,52.5350014],[-1.1719996,52.534401],[-1.1750594,52.527587],[-1.1817348,52.529685],[-1.1842753,52.527499],[-1.2021328,52.5274399],[-1.202253,52.5279148],[-1.2130004,52.544255],[-1.2288857,52.5543142],[-1.2318405,52.5553789],[-1.2574081,52.5334856],[-1.2611845,52.5303091],[-1.3059475,52.4933953],[-1.2578306,52.4538926],[-1.2367536,52.4360395],[-1.2364441,52.4357273],[-1.2016335,52.3967344],[-1.1894622,52.3964469],[-1.1839747,52.3921717],[-1.1642206,52.3992037],[-1.1565823,52.4000512],[-1.1494697,52.3970082],[-1.1385357,52.4020437],[-1.1343915,52.4123013],[-1.1257055,52.417701],[-1.1019219,52.4248183],[-1.0933594,52.4276827],[-1.0908842,52.4331226],[-1.0793915,52.4363341],[-1.0693252,52.4335464],[-1.0599032,52.423479],[-1.0506783,52.4219686],[-1.0345015,52.4355553],[-1.0372311,52.4444845],[-1.0422385,52.443385],[-1.0445305,52.4457834],[-1.0277407,52.4585046],[-1.0056368,52.4650259],[-1.0006927,52.4709404],[-0.9792199,52.4700265],[-0.967849,52.4772098],[-0.947089,52.4757],[-0.9421919,52.4677725],[-0.9167461,52.4626461],[-0.9045779,52.4628792],[-0.9012806,52.4597559],[-0.8895568,52.4704405],[-0.8823615,52.4714057],[-0.8845346,52.4813068],[-0.8969212,52.4855072],[-0.8956015,52.4920444],[-0.8837215,52.4922629],[-0.8794592,52.498214],[-0.8834089,52.5138081],[-0.8725696,52.5183929],[-0.8709933,52.524752],[-0.8632225,52.5283273],[-0.8484138,52.5202724],[-0.8452809,52.5217071],[-0.8454657,52.5193662],[-0.8306269,52.5194589],[-0.8201218,52.515541],[-0.8125904,52.5159521],[-0.8108669,52.5193674],[-0.7877818,52.5137118],[-0.7748668,52.5182763],[-0.7572156,52.5109492],[-0.7422168,52.5170284],[-0.7268334,52.5231636],[-0.7157599,52.5223444],[-0.7136583,52.524964],[-0.7227065,52.5267945],[-0.7299523,52.5329798],[-0.7285405,52.535821],[-0.7422065,52.539486],[-0.7388644,52.5488833],[-0.7617895,52.5691056],[-0.7647908,52.5811949],[-0.7739115,52.5843658],[-0.7870531,52.5962484],[-0.8012936,52.5973273],[-0.8166947,52.5935697],[-0.8209504,52.5964549],[-0.8188266,52.6106573],[-0.8058247,52.6206879],[-0.8109995,52.6259961],[-0.8017517,52.6388396],[-0.8099008,52.6403026],[-0.8087604,52.646121],[-0.8222717,52.6472543],[-0.823571,52.6533525],[-0.8171879,52.6499619],[-0.8095283,52.6576117],[-0.8295489,52.6587532],[-0.8339815,52.672705],[-0.8409331,52.6755288],[-0.8587819,52.673751],[-0.8554863,52.6849389]]],"type":"Polygon"},"id":"E07000131","properties":{"code":"E07000131","geography":"LAD","name":"Harborough"},"type":"Feature"},{"geometry":{"coordinates":[[[-1.2814187,52.6921841],[-1.2752855,52.6982887],[-1.2853693,52.7025841],[-1.2827134,52.7146423],[-1.289153,52.712902],[-1.2917358,52.709442],[-1.3181996,52.7019549],[-1.3510964,52.6941571],[-1.3426085,52.6902591],[-1.3499552,52.6893907],[-1.3484419,52.685039],[-1.3583381,52.6828189],[-1.3605873,52.6764761],[-1.3652989,52.680198],[-1.3980007,52.6729734],[-1.4019158,52.6720798],[-1.4181896,52.6782315],[-1.421456,52.6833473],[-1.4303936,52.6806361],[-1.4457424,52.663958],[-1.4671683,52.6680647],[-1.4770188,52.677715],[-1.4939907,52.6690574],[-1.5024117,52.6775779],[-1.5368248,52.6657355],[-1.5517714,52.6674551],[-1.5472894,52.6559734],[-1.542422,52.6536264],[-1.5428038,52.6476201],[-1.5560468,52.6382762],[-1.5710002,52.6361199],[-1.5646103,52.6312421],[-1.567535,52.6225838],[-1.5544523,52.6147621],[-1.560698,52.5961193],[-1.5474688,52.5919305],[-1.5271552,52.5827378],[-1.524747,52.5737986],[-1.5226873,52.5704271],[-1.5027056,52.5644709],[-1.4830347,52.5586833],[-1.459994,52.5515899],[-1.4348488,52.5430467],[-1.4189577,52.537768],[-1.4173443,52.5344553],[-1.3950069,52.5270017],[-1.3251213,52.5010545],[-1.3179702,52.5151182],[-1.3304033,52.5246131],[-1.3323629,52.5317659],[-1.3365658,52.5486117],[-1.337877,52.5555728],[-1.328605,52.565844],[-1.3193104,52.5670921],[-1.3118304,52.5620861],[-1.3020226,52.5613887],[-1.2889132,52.5636499],[-1.2751857,52.5644703],[-1.2690271,52.572422],[-1.2701711,52.5748869],[-1.2970901,52.5800102],[-1.2983421,52.5859906],[-1.2924155,52.5915283],[-1.2745837,52.6009841],[-1.2798359,52.6072686],[-1.2758908,52.6090291],[-1.2803259,52.6089932],[-1.2742597,52.6097923],[-1.2772854,52.6115017],[-1.2733576,52.6112953],[-1.2744793,52.6161701],[-1.2646204,52.6144175],[-1.2573847,52.6161989],[-1.2617224,52.6283366],[-1.2407875,52.6335957],[-1.2484604,52.6365365],[-1.2561116,52.6343517],[-1.2605632,52.6374442],[-1.2416722,52.6418422],[-1.2340516,52.6402047],[-1.223145,52.6462622],[-1.2286263,52.649066],[-1.2241609,52.6504968],[-1.2159478,52.6520151],[-1.2044191,52.6613271],[-1.1996816,52.6644018],[-1.2016205,52.6688451],[-1.2137628,52.6746807],[-1.2166044,52.6709327],[-1.2265924,52.6699274],[-1.2447352,52.6846197],[-1.2566823,52.6846043],[-1.2590106,52.682072],[-1.2814187,52.6921841]]],"type":"Polygon"},"id":"E07000132","properties":{"code":"E07000132","geography":"LAD","name":"Hinckley and Bosworth"},"type":"Feature"},{"geometry":{"coordinates":[[[-0.7784373,52.9593138],[-0.7782786,52.9769234],[-0.79615,52.9767315],[-0.8098124,52.9659796],[-0.8128509,52.9574642],[-0.8200219,52.9604644],[-0.8339086,52.9458805],[-0.8225668,52.9440875],[-0.8349264,52.9393883],[-0.8413835,52.9283748],[-0.8628934,52.9131138],[-0.8576336,52.9056423],[-0.8743199,52.8982178],[-0.912011,52.8835973],[-0.9167753,52.8788759],[-0.940564,52.8768296],[-0.9281215,52.8660833],[-0.9408271,52.8615639],[-0.9412174,52.8539726],[-0.9528313,52.8504399],[-0.9608638,52.8433592],[-0.9706125,52.8449853],[-0.9770746,52.8407377],[-0.9750512,52.8292284],[-0.9890037,52.8182501],[-0.9956828,52.8212718],[-1.0214875,52.8220743],[-1.0363949,52.8159009],[-1.0466233,52.7809548],[-1.0379473,52.7750305],[-1.0459062,52.766023],[-1.0414235,52.7660589],[-1.0368416,52.7583713],[-1.030382,52.7561863],[-1.033053,52.7497893],[-1.0193235,52.7371062],[-1.0194072,52.7351012],[-1.0273219,52.7349281],[-1.0172444,52.7244678],[-1.0010508,52.7236619],[-1.0032788,52.7172518],[-1.0076505,52.7173864],[-1.0155925,52.7108242],[-1.0048472,52.7045188],[-1.0079763,52.6963927],[-1.0060963,52.69838],[-0.9711687,52.6910392],[-0.9561683,52.6826657],[-0.9472378,52.6827289],[-0.9489242,52.6803812],[-0.9160496,52.6711407],[-0.9119261,52.6771723],[-0.8929074,52.6737102],[-0.8744077,52.6799511],[-0.8726945,52.6843504],[-0.8554863,52.6849389],[-0.8587819,52.673751],[-0.8409331,52.6755288],[-0.8339815,52.672705],[-0.8295489,52.6587532],[-0.8095283,52.6576117],[-0.8171879,52.6499619],[-0.823571,52.6533525],[-0.8222717,52.6472543],[-0.8087604,52.646121],[-0.7928998,52.6596795],[-0.7901398,52.6671846],[-0.7821946,52.6691396],[-0.783223,52.6724729],[-0.7839097,52.6770491],[-0.7857336,52.6941641],[-0.7958766,52.6969061],[-0.7963648,52.7036815],[-0.8024276,52.703265],[-0.8002344,52.7077981],[-0.8217529,52.7156752],[-0.8173987,52.7251066],[-0.8011914,52.7367426],[-0.7806726,52.7405754],[-0.7764844,52.7439342],[-0.7676535,52.7436818],[-0.7647256,52.7391941],[-0.757978,52.7397358],[-0.7533192,52.7365746],[-0.72021,52.7409625],[-0.7181971,52.7447976],[-0.7075444,52.7455944],[-0.6961566,52.7465289],[-0.6969668,52.7492204],[-0.684351,52.7531097],[-0.6844288,52.7564801],[-0.6713212,52.7564113],[-0.6641015,52.7567105],[-0.6756595,52.77754],[-0.6741094,52.787768],[-0.6831067,52.7946829],[-0.6820668,52.8117741],[-0.6923996,52.8217806],[-0.7058312,52.8380525],[-0.7336732,52.8669222],[-0.7427225,52.8831572],[-0.7665921,52.8867984],[-0.7584683,52.90049],[-0.7639666,52.9031418],[-0.7738011,52.9025362],[-0.7745428,52.9073427],[-0.7674832,52.9224645],[-0.7629189,52.9237961],[-0.7661068,52.9280257],[-0.755313,52.9513787],[-0.7784373,52.9593138]]],"type":"Polygon"},"id":"E07000133","properties":{"code":"E07000133","geography":"LAD","name":"Melton"},"type":"Feature"},{"geometry":{"coordinates":[[[-1.3059946,52.8770804],[-1.3093316,52.8733548],[-1.3193069,52.8728694],[-1.3203789,52.8690927],[-1.3391396,52.8645777],[-1.3447593,52.8675891],[-1.3427145,52.8628242],[-1.3522627,52.8576903],[-1.3506185,52.8536109],[-1.3579821,52.8560889],[-1.3655373,52.8515735],[-1.3809378,52.8461218],[-1.3882412,52.8394251],[-1.3943599,52.836767],[-1.3879216,52.8329825],[-1.3977937,52.8235228],[-1.4177045,52.8016155],[-1.4435261,52.8027315],[-1.4418607,52.79358],[-1.4548654,52.7889769],[-1.4628077,52.7867926],[-1.4576149,52.7843713],[-1.4595213,52.7770542],[-1.4559092,52.7770824],[-1.4666068,52.7679074],[-1.4784513,52.7636548],[-1.4924276,52.7594525],[-1.4957568,52.759891],[-1.5039276,52.7674941],[-1.5253482,52.765528],[-1.5295842,52.761094],[-1.5396199,52.760086],[-1.5474421,52.7641344],[-1.5548426,52.762021],[-1.5624926,52.7505868],[-1.5562125,52.7397111],[-1.5452835,52.7327564],[-1.5453654,52.728239],[-1.5502416,52.7257173],[-1.5501143,52.7203369],[-1.5668499,52.7100435],[-1.577151,52.711745],[-1.597541,52.7004218],[-1.5863941,52.6944919],[-1.5896452,52.6872608],[-1.5776084,52.6785785],[-1.5691063,52.6796672],[-1.5664747,52.6776016],[-1.5704277,52.6758432],[-1.5517714,52.6674551],[-1.5368248,52.6657355],[-1.5024117,52.6775779],[-1.4939907,52.6690574],[-1.4770188,52.677715],[-1.4671683,52.6680647],[-1.4457424,52.663958],[-1.4303936,52.6806361],[-1.421456,52.6833473],[-1.4181896,52.6782315],[-1.4019158,52.6720798],[-1.3980007,52.6729734],[-1.3652989,52.680198],[-1.3605873,52.6764761],[-1.3583381,52.6828189],[-1.3484419,52.685039],[-1.3499552,52.6893907],[-1.3426085,52.6902591],[-1.3510964,52.6941571],[-1.3181996,52.7019549],[-1.2917358,52.709442],[-1.289153,52.712902],[-1.2827134,52.7146423],[-1.2624677,52.7242713],[-1.2663531,52.728589],[-1.2633613,52.730907],[-1.2471407,52.736369],[-1.2585104,52.7444397],[-1.2647548,52.7448498],[-1.2668744,52.7474442],[-1.2874866,52.7339723],[-1.3025626,52.7474379],[-1.3190507,52.7499426],[-1.3237401,52.7549021],[-1.3323754,52.7530291],[-1.3347698,52.7631648],[-1.3290577,52.7664013],[-1.3277024,52.7757007],[-1.318961,52.7853886],[-1.2792658,52.7832558],[-1.278754,52.7831941],[-1.2748279,52.7875727],[-1.2796078,52.7886832],[-1.2764494,52.8003284],[-1.2619449,52.8104473],[-1.2609418,52.8179778],[-1.2700372,52.8233172],[-1.2743635,52.8361295],[-1.2669336,52.8374702],[-1.2690722,52.840334],[-1.2662122,52.8427534],[-1.2722116,52.8494825],[-1.2645725,52.8581895],[-1.2752828,52.86038],[-1.2678891,52.8733687],[-1.2784275,52.8755932],[-1.2894867,52.8724577],[-1.3059946,52.8770804]]],"type":"Polygon"},"id":"E07000134","properties":{"code":"E07000134","geography":"LAD","name":"North West Leicestershire"},"type":"Feature"},{"geometry":{"coordinates":[[[-1.0709559,52.6139053],[-1.0666594,52.6170343],[-1.0704897,52.6180668],[-1.0743302,52.6134418],[-1.0932334,52.6161662],[-1.0966336,52.6163792],[-1.0953683,52.6073921],[-1.1036508,52.5959118],[-1.1128864,52.5969513],[-1.1264768,52.5956794],[-1.1264415,52.5929237],[-1.1436185,52.5880254],[-1.1435933,52.581281],[-1.1369837,52.5740222],[-1.1328467,52.5736126],[-1.1343878,52.5657828],[-1.126632,52.5619896],[-1.1230175,52.5688124],[-1.1071431,52.5643112],[-1.1008228,52.5655507],[-1.0954744,52.5654218],[-1.094266,52.5611953],[-1.0828939,52.5565792],[-1.0754224,52.5746626],[-1.0673626,52.5798021],[-1.0583723,52.5853759],[-1.0421724,52.5982932],[-1.0564817,52.6029059],[-1.0624791,52.6042472],[-1.0589682,52.6090469],[-1.0622813,52.6101205],[-1.0709559,52.6139053]]],"type":"Polygon"},"id":"E07000135","properties":{"code":"E07000135","geography":"LAD","name":"Oadby and Wigston"},"type":"Feature"},{"geometry":{"coordinates":[[[0.1514251,53.0081071],[0.1631092,53.0131269],[0.1631486,53.013148],[0.1993843,53.0325446],[0.1928867,53.0376745],[0.1638918,53.0541843],[0.1502208,53.0569496],[0.1370978,53.0867414],[0.0874875,53.0716452],[0.0362182,53.0694165],[0.0460949,53.032296],[0.0177016,53.0160242],[0.0005039,53.0088523],[-0.0070605,53.0011204],[-0.0149889,53.0047343],[-0.0515034,53.0049022],[-0.0639222,53.0082256],[-0.1147409,53.0102577],[-0.1380437,53.0300423],[-0.1961197,53.0695567],[-0.2107601,53.0701536],[-0.2176538,53.052728],[-0.2248277,53.0290301],[-0.2020294,53.005998],[-0.1897762,52.9964597],[-0.2025022,52.9759194],[-0.2239999,52.9560734],[-0.2465702,52.929068],[-0.2467002,52.9288453],[-0.2082104,52.922478],[-0.1920829,52.914663],[-0.1797315,52.915454],[-0.1778647,52.9190526],[-0.1673073,52.912337],[-0.1566168,52.9121633],[-0.1466426,52.8986722],[-0.1516351,52.8942381],[-0.1447351,52.8907689],[-0.1426517,52.8849077],[-0.1335681,52.8856213],[-0.1275921,52.8798118],[-0.1185261,52.8823507],[-0.1123689,52.8779775],[-0.1035659,52.8769144],[-0.0999221,52.870607],[-0.0944496,52.8666213],[-0.0894745,52.8677992],[-0.0847935,52.8645465],[-0.0804664,52.8669205],[-0.0656309,52.8628953],[-0.0349594,52.8703979],[-0.0371999,52.8726378],[-0.0020768,52.8871674],[0.0124582,52.8934755],[0.027005,52.8984533],[0.0279069,52.8990164],[0.0092851,52.8942684],[0.0346522,52.9033913],[0.0208418,52.9040647],[0.0356088,52.9038238],[0.0360662,52.9041093],[0.0358349,52.9133526],[0.0383794,52.9058689],[0.0531718,52.9158792],[0.0499189,52.9164137],[0.0494733,52.9164869],[0.0494304,52.916494],[0.0450622,52.9227005],[0.044528,52.9238318],[0.0426434,52.9278226],[0.0516751,52.9171952],[0.0765055,52.9314512],[0.0762681,52.9315569],[0.0760448,52.9316506],[0.0564643,52.9301251],[0.074068,52.9324937],[0.0790289,52.9339834],[0.0790057,52.9392145],[0.0789932,52.9420274],[0.082134,52.945816],[0.0934372,52.9594443],[0.1067206,52.9664133],[0.1514251,53.0081071]]],"type":"Polygon"},"id":"E07000136","properties":{"code":"E07000136","geography":"LAD","name":"Boston"},"type":"Feature"},{"geometry":{"coordinates":[[[0.0377642,53.5267196],[0.0508893,53.5194217],[0.0473834,53.5146597],[0.0574917,53.5177341],[0.0514036,53.5143579],[0.0612465,53.5143233],[0.0523778,53.5139186],[0.0523174,53.5136661],[0.0495407,53.5118232],[0.0382731,53.51384],[0.0393861,53.5115855],[0.0323911,53.5179443],[0.0219797,53.5199036],[0.0172744,53.52536],[0.0164658,53.5262724],[0.0053665,53.5196746],[-0.0174303,53.515067],[-0.0195481,53.5179753],[-0.0286387,53.5173379],[-0.0396002,53.5131166],[-0.0466135,53.5200987],[-0.0605449,53.5197491],[-0.067096,53.5168382],[-0.075262,53.4893357],[-0.0954885,53.485989],[-0.0898037,53.4776824],[-0.1078206,53.4698628],[-0.0822093,53.451151],[-0.1203437,53.4335649],[-0.1227861,53.4373458],[-0.131845,53.4359255],[-0.1609837,53.4365796],[-0.1805422,53.440678],[-0.1986982,53.4310528],[-0.2128299,53.4293609],[-0.217064,53.4241076],[-0.2060234,53.408435],[-0.2181955,53.4032287],[-0.2185648,53.3998217],[-0.2293944,53.398058],[-0.2234416,53.3858702],[-0.2048711,53.3718864],[-0.2316357,53.3513984],[-0.255899,53.344142],[-0.2512609,53.3328127],[-0.2749793,53.3217796],[-0.2933126,53.3344768],[-0.2993257,53.3253859],[-0.3102608,53.3200026],[-0.2955723,53.3029821],[-0.3174608,53.2982513],[-0.3114181,53.2877036],[-0.3164434,53.2794716],[-0.3018957,53.2753405],[-0.3048305,53.2693186],[-0.299109,53.2686124],[-0.3008253,53.2639738],[-0.2898176,53.2639891],[-0.3004337,53.2620884],[-0.2917332,53.2609941],[-0.2870992,53.2575503],[-0.2909033,53.2547655],[-0.2802428,53.2497648],[-0.2824715,53.240031],[-0.2765003,53.2318071],[-0.3022633,53.2104251],[-0.2909322,53.1947473],[-0.2896505,53.1793658],[-0.2760211,53.1737611],[-0.2603069,53.1580133],[-0.2536299,53.155919],[-0.2467268,53.148079],[-0.2384461,53.1337364],[-0.2260068,53.1246047],[-0.22644,53.1189077],[-0.2145149,53.0896221],[-0.1957148,53.0821354],[-0.1961197,53.0695567],[-0.1380437,53.0300423],[-0.1147409,53.0102577],[-0.0639222,53.0082256],[-0.0515034,53.0049022],[-0.0149889,53.0047343],[-0.0070605,53.0011204],[0.0005039,53.0088523],[0.0177016,53.0160242],[0.0460949,53.032296],[0.0362182,53.0694165],[0.0874875,53.0716452],[0.1370978,53.0867414],[0.1502208,53.0569496],[0.1638918,53.0541843],[0.1928867,53.0376745],[0.1993843,53.0325446],[0.1995798,53.0326491],[0.2391966,53.0459464],[0.2659211,53.0610852],[0.2659691,53.0611124],[0.2663475,53.0613266],[0.2944552,53.0804083],[0.3156715,53.0887114],[0.3138731,53.0916848],[0.3112951,53.0948602],[0.319269,53.0914025],[0.3185706,53.0921354],[0.3262916,53.0925116],[0.323683,53.0911914],[0.3301598,53.0904615],[0.3323729,53.0866975],[0.3330325,53.0877117],[0.3373431,53.0943373],[0.3374342,53.0944773],[0.3389177,53.1017893],[0.3482108,53.1091843],[0.3481333,53.1140277],[0.3480254,53.1207632],[0.3480389,53.1209758],[0.3480413,53.1210138],[0.3495383,53.144559],[0.3495629,53.1447811],[0.3525641,53.1718766],[0.3527442,53.1730637],[0.3556274,53.1920584],[0.3473994,53.2083587],[0.3470149,53.2095638],[0.3470049,53.2095953],[0.3371842,53.2403515],[0.32218,53.2664711],[0.3219752,53.2667295],[0.3218972,53.266828],[0.3000286,53.2944089],[0.2997396,53.2947903],[0.2812948,53.3193204],[0.2806224,53.320267],[0.2436683,53.3722174],[0.2435842,53.3724032],[0.2346131,53.3922247],[0.2312746,53.390623],[0.2270405,53.3966673],[0.2286658,53.4014899],[0.2328548,53.3974244],[0.2289311,53.4020938],[0.2285397,53.4025594],[0.2176647,53.4134156],[0.2145877,53.4096554],[0.2081093,53.4105109],[0.2120436,53.4159833],[0.2064513,53.4099895],[0.2076279,53.4133023],[0.203806,53.4119677],[0.2085068,53.4155975],[0.2013694,53.4151647],[0.2105778,53.4169688],[0.1895361,53.4173198],[0.2105905,53.4173291],[0.2048115,53.4182595],[0.2124719,53.4213938],[0.2043638,53.4299705],[0.1947745,53.4299988],[0.1878046,53.4377083],[0.1901725,53.4402747],[0.2004076,53.4368482],[0.1938452,53.4428532],[0.1850455,53.4435045],[0.1837934,53.4479542],[0.1910982,53.4498971],[0.1820538,53.4525036],[0.1795287,53.458432],[0.1850245,53.4570343],[0.1729139,53.4670411],[0.1786185,53.4648407],[0.1720892,53.4719307],[0.1667553,53.4710485],[0.1593966,53.4772216],[0.1573592,53.4789305],[0.1581963,53.4813202],[0.1675562,53.4770736],[0.1681649,53.4767974],[0.1678834,53.4770676],[0.1546132,53.489806],[0.1530868,53.4909239],[0.147537,53.4941148],[0.1441797,53.492743],[0.1481339,53.4877858],[0.1434726,53.4818255],[0.1300896,53.4840364],[0.127572,53.4905038],[0.1320425,53.4964727],[0.1363081,53.4956989],[0.1258075,53.4996252],[0.1218,53.4981492],[0.1213493,53.5007788],[0.1093843,53.5041184],[0.1087865,53.5042852],[0.1093622,53.5036719],[0.1179135,53.4945583],[0.1123791,53.4911601],[0.1158471,53.489752],[0.1100357,53.4894421],[0.1215302,53.4838903],[0.1086709,53.4897278],[0.10419,53.4917613],[0.1086515,53.4893367],[0.1187796,53.4838312],[0.1085576,53.4874418],[0.1084677,53.4874735],[0.1075874,53.4854848],[0.1056751,53.4885985],[0.1050567,53.4878639],[0.1049078,53.4877453],[0.1028381,53.4915558],[0.0993066,53.4897031],[0.1018865,53.4922181],[0.0972466,53.4882802],[0.0925701,53.4891866],[0.101771,53.4927784],[0.0965446,53.4913167],[0.0957583,53.4947243],[0.0900043,53.4926434],[0.0931288,53.4940161],[0.0850488,53.4969478],[0.0849959,53.4969671],[0.0782807,53.50731],[0.0837628,53.5117752],[0.0896748,53.5106057],[0.0849997,53.5163574],[0.079459,53.5166571],[0.0824909,53.5126892],[0.0778055,53.5112532],[0.0705705,53.5137881],[0.069925,53.517567],[0.0565769,53.5212721],[0.056346,53.5191518],[0.0377642,53.5267196]]],"type":"Polygon"},"id":"E07000137","properties":{"code":"E07000137","geography":"LAD","name":"East Lindsey"},"type":"Feature"},{"geometry":{"coordinates":[[[-0.495441,53.2443734],[-0.4960122,53.2471908],[-0.5141645,53.2537956],[-0.5385807,53.2545626],[-0.5546923,53.2521491],[-0.5951119,53.2451702],[-0.5721957,53.2364471],[-0.5707272,53.2296118],[-0.5754749,53.2316355],[-0.5950357,53.2278509],[-0.622617,53.2175982],[-0.6174086,53.2143259],[-0.6192748,53.2087352],[-0.6175903,53.2073367],[-0.6137734,53.202705],[-0.6004888,53.2035757],[-0.588216,53.2005716],[-0.5867701,53.1986442],[-0.5781142,53.1957888],[-0.5649713,53.1871605],[-0.5528435,53.1863261],[-0.5490779,53.2015556],[-0.5488398,53.2058632],[-0.5395764,53.203953],[-0.5338329,53.2132209],[-0.5269152,53.2187406],[-0.5138233,53.2202106],[-0.5089141,53.2182084],[-0.5012735,53.2210603],[-0.5023006,53.2257964],[-0.4951185,53.2252591],[-0.495441,53.2443734]]],"type":"Polygon"},"id":"E07000138","properties":{"code":"E07000138","geography":"LAD","name":"Lincoln"},"type":"Feature"},{"geometry":{"coordinates":[[[-0.5721957,53.2364471],[-0.5951119,53.2451702],[-0.6114742,53.2564241],[-0.6223485,53.2580065],[-0.6483769,53.2531678],[-0.6484437,53.2434735],[-0.666577,53.2397025],[-0.6758721,53.2176444],[-0.6976164,53.2202373],[-0.7147529,53.2076078],[-0.730569,53.2107564],[-0.7537664,53.1881563],[-0.7621677,53.1882394],[-0.7641379,53.1815438],[-0.7302661,53.1800954],[-0.7181603,53.1772878],[-0.7160283,53.1704121],[-0.7232322,53.1551039],[-0.7153754,53.1368829],[-0.7324074,53.1278016],[-0.731092,53.124003],[-0.7168825,53.119444],[-0.7212505,53.104268],[-0.7296178,53.097902],[-0.7243832,53.092589],[-0.7061494,53.0833784],[-0.7103583,53.0793778],[-0.6984822,53.0754676],[-0.6988059,53.0677463],[-0.6951614,53.0662115],[-0.701539,53.0636633],[-0.7134665,53.0660466],[-0.7162038,53.0590587],[-0.7027062,53.0519751],[-0.6937002,53.0565043],[-0.6952253,53.0591115],[-0.6898886,53.0597627],[-0.6442879,53.052581],[-0.6360088,53.0523508],[-0.6373452,53.0546791],[-0.6041422,53.052154],[-0.5849393,53.0456767],[-0.5740927,53.0469947],[-0.5735959,53.0496191],[-0.5228142,53.049642],[-0.5278505,53.0177215],[-0.5319424,52.9898166],[-0.523518,52.9881858],[-0.5283049,52.9836997],[-0.5267484,52.9769505],[-0.5310592,52.9757515],[-0.5261731,52.9693872],[-0.5403876,52.967334],[-0.5430805,52.9716431],[-0.5540991,52.9544309],[-0.5267117,52.9557352],[-0.5178458,52.9602882],[-0.5100065,52.9475735],[-0.4945952,52.9540634],[-0.4878089,52.9422712],[-0.4794977,52.9308816],[-0.4868658,52.928053],[-0.4876097,52.9205817],[-0.4939751,52.920738],[-0.4890089,52.9132391],[-0.4798838,52.9064222],[-0.4720644,52.9054346],[-0.4697559,52.9011884],[-0.445332,52.900572],[-0.4373409,52.886996],[-0.3834579,52.8986505],[-0.3658243,52.8979311],[-0.3660685,52.9011638],[-0.3608249,52.9019394],[-0.3578935,52.9156507],[-0.3228302,52.91753],[-0.2564959,52.9058835],[-0.2467002,52.9288453],[-0.2465702,52.929068],[-0.2239999,52.9560734],[-0.2025022,52.9759194],[-0.1897762,52.9964597],[-0.2020294,53.005998],[-0.2248277,53.0290301],[-0.2176538,53.052728],[-0.2107601,53.0701536],[-0.1961197,53.0695567],[-0.1957148,53.0821354],[-0.2145149,53.0896221],[-0.22644,53.1189077],[-0.2260068,53.1246047],[-0.2384461,53.1337364],[-0.2467268,53.148079],[-0.2536299,53.155919],[-0.2603069,53.1580133],[-0.2760211,53.1737611],[-0.2896505,53.1793658],[-0.3189068,53.1846203],[-0.3289701,53.199794],[-0.3371191,53.2030023],[-0.3368177,53.2084684],[-0.3467383,53.2146539],[-0.351313,53.2273213],[-0.3582699,53.2281923],[-0.3666555,53.2254172],[-0.3818676,53.2319581],[-0.4951185,53.2252591],[-0.5023006,53.2257964],[-0.5012735,53.2210603],[-0.5089141,53.2182084],[-0.5138233,53.2202106],[-0.5269152,53.2187406],[-0.5338329,53.2132209],[-0.5395764,53.203953],[-0.5488398,53.2058632],[-0.5490779,53.2015556],[-0.5528435,53.1863261],[-0.5649713,53.1871605],[-0.5781142,53.1957888],[-0.5867701,53.1986442],[-0.588216,53.2005716],[-0.6004888,53.2035757],[-0.6137734,53.202705],[-0.6175903,53.2073367],[-0.6192748,53.2087352],[-0.6174086,53.2143259],[-0.622617,53.2175982],[-0.5950357,53.2278509],[-0.5754749,53.2316355],[-0.5707272,53.2296118],[-0.5721957,53.2364471]]],"type":"Polygon"},"id":"E07000139","properties":{"code":"E07000139","geography":"LAD","name":"North Kesteven"},"type":"Feature"},{"geometry":{"coordinates":[[[-0.2082104,52.922478],[-0.2467002,52.9288453],[-0.2564959,52.9058835],[-0.2695194,52.8769572],[-0.2565539,52.8683606],[-0.2708878,52.8721079],[-0.2762933,52.8616883],[-0.2750349,52.8408667],[-0.2694893,52.8110882],[-0.2668027,52.7965082],[-0.2621738,52.7870713],[-0.2608332,52.7707586],[-0.288466,52.7545735],[-0.3045202,52.7460562],[-0.3068099,52.7452723],[-0.2783197,52.7165008],[-0.2812769,52.7142636],[-0.2780069,52.7107592],[-0.2671801,52.6990862],[-0.2636899,52.7009996],[-0.2557657,52.6926108],[-0.2487565,52.6930434],[-0.2232081,52.6667623],[-0.2125013,52.6666795],[-0.2060376,52.6680733],[-0.1928678,52.6524385],[-0.1800201,52.6605612],[-0.141062,52.6515074],[-0.1395017,52.6548618],[-0.102196,52.6722062],[-0.087837,52.6667803],[-0.0746109,52.6720741],[-0.0654454,52.6719958],[-0.0637852,52.6752244],[-0.0580237,52.6740916],[-0.0450005,52.6691384],[-0.0321029,52.6653607],[-0.0312707,52.6615327],[0.0215004,52.6648873],[0.0489739,52.684011],[0.0445629,52.6925858],[0.0441495,52.7143823],[0.0480184,52.7187851],[0.0639042,52.7274361],[0.0890117,52.7236302],[0.098789,52.7303403],[0.1136853,52.7299901],[0.1329753,52.7393045],[0.170181,52.7398941],[0.1716261,52.7380317],[0.1863232,52.7353486],[0.2257051,52.7564524],[0.2722283,52.772813],[0.2450376,52.78447],[0.2519919,52.7925719],[0.2609606,52.796076],[0.2531173,52.7974055],[0.2627825,52.8037524],[0.2688045,52.8158362],[0.2607345,52.8152832],[0.2452493,52.8221806],[0.2343381,52.8233315],[0.2168131,52.8208834],[0.2149056,52.8226292],[0.2094446,52.8195183],[0.2109267,52.8218758],[0.2111245,52.8221904],[0.2150799,52.8284804],[0.2146002,52.8288232],[0.2012739,52.8383436],[0.1928065,52.8523273],[0.1852467,52.8557019],[0.1763315,52.8741162],[0.1593718,52.8803134],[0.1513185,52.8798732],[0.1503499,52.8822392],[0.1502868,52.8823933],[0.1497684,52.8821138],[0.1391496,52.8763891],[0.1358774,52.8746245],[0.1456933,52.8812353],[0.1468096,52.8819868],[0.1450144,52.8850925],[0.1161624,52.8936778],[0.0883821,52.8951253],[0.0859118,52.8998468],[0.0798727,52.8986471],[0.0769905,52.8980744],[0.0798923,52.8990556],[0.0825583,52.8999568],[0.0799733,52.9007462],[0.0719404,52.9031985],[0.0733777,52.9060848],[0.0563763,52.9033926],[0.0691578,52.9082155],[0.0654593,52.9120966],[0.0685509,52.9187349],[0.0325224,52.9001926],[0.0280294,52.8990476],[0.0279718,52.8990329],[0.027005,52.8984533],[0.0124582,52.8934755],[-0.0020768,52.8871674],[-0.0371999,52.8726378],[-0.0349594,52.8703979],[-0.0656309,52.8628953],[-0.0804664,52.8669205],[-0.0847935,52.8645465],[-0.0894745,52.8677992],[-0.0944496,52.8666213],[-0.0999221,52.870607],[-0.1035659,52.8769144],[-0.1123689,52.8779775],[-0.1185261,52.8823507],[-0.1275921,52.8798118],[-0.1335681,52.8856213],[-0.1426517,52.8849077],[-0.1447351,52.8907689],[-0.1516351,52.8942381],[-0.1466426,52.8986722],[-0.1566168,52.9121633],[-0.1673073,52.912337],[-0.1778647,52.9190526],[-0.1797315,52.915454],[-0.1920829,52.914663],[-0.2082104,52.922478]]],"type":"Polygon"},"id":"E07000140","properties":{"code":"E07000140","geography":"LAD","name":"South Holland"},"type":"Feature"},{"geometry":{"coordinates":[[[-0.6442879,53.052581],[-0.6898886,53.0597627],[-0.6952253,53.0591115],[-0.6937002,53.0565043],[-0.7027062,53.0519751],[-0.7162038,53.0590587],[-0.7225976,53.0599222],[-0.7310745,53.0543457],[-0.7495518,53.0551157],[-0.7533309,53.0482423],[-0.7608265,53.0294103],[-0.7766729,53.0247111],[-0.7884138,53.0258534],[-0.7958249,53.0105981],[-0.8042737,53.0122457],[-0.8001895,53.0021937],[-0.7775542,52.9838067],[-0.7782786,52.9769234],[-0.7784373,52.9593138],[-0.755313,52.9513787],[-0.7661068,52.9280257],[-0.7629189,52.9237961],[-0.7674832,52.9224645],[-0.7745428,52.9073427],[-0.7738011,52.9025362],[-0.7639666,52.9031418],[-0.7584683,52.90049],[-0.7665921,52.8867984],[-0.7427225,52.8831572],[-0.7336732,52.8669222],[-0.7058312,52.8380525],[-0.6923996,52.8217806],[-0.6820668,52.8117741],[-0.6831067,52.7946829],[-0.6741094,52.787768],[-0.6756595,52.77754],[-0.6641015,52.7567105],[-0.6085936,52.7597134],[-0.6054438,52.7504929],[-0.5895658,52.7537746],[-0.5726365,52.753109],[-0.5661108,52.7449877],[-0.5600341,52.7454723],[-0.5399743,52.7384018],[-0.5424336,52.7232814],[-0.5126411,52.7196804],[-0.5057213,52.7136049],[-0.4945309,52.7096533],[-0.4510921,52.7095803],[-0.4447222,52.706173],[-0.4304432,52.7054219],[-0.4328936,52.6862566],[-0.4616778,52.6690688],[-0.4838795,52.6654536],[-0.4947118,52.6646324],[-0.4938659,52.6607169],[-0.5066743,52.6595259],[-0.5190174,52.6665263],[-0.523586,52.6652337],[-0.4950258,52.6402364],[-0.4946887,52.6402653],[-0.4843201,52.6461291],[-0.4752447,52.6450578],[-0.4758315,52.6487147],[-0.4676362,52.6498992],[-0.4531155,52.6492722],[-0.4504779,52.6541247],[-0.4172059,52.6468115],[-0.3628076,52.6601061],[-0.3593398,52.6600643],[-0.3408937,52.6655073],[-0.3350371,52.674866],[-0.309972,52.6734783],[-0.2790833,52.6660042],[-0.2586648,52.6516454],[-0.2240082,52.665662],[-0.2125013,52.6666795],[-0.2232081,52.6667623],[-0.2487565,52.6930434],[-0.2557657,52.6926108],[-0.2636899,52.7009996],[-0.2671801,52.6990862],[-0.2780069,52.7107592],[-0.2812769,52.7142636],[-0.2783197,52.7165008],[-0.3068099,52.7452723],[-0.3045202,52.7460562],[-0.288466,52.7545735],[-0.2608332,52.7707586],[-0.2621738,52.7870713],[-0.2668027,52.7965082],[-0.2694893,52.8110882],[-0.2750349,52.8408667],[-0.2762933,52.8616883],[-0.2708878,52.8721079],[-0.2565539,52.8683606],[-0.2695194,52.8769572],[-0.2564959,52.9058835],[-0.3228302,52.91753],[-0.3578935,52.9156507],[-0.3608249,52.9019394],[-0.3660685,52.9011638],[-0.3658243,52.8979311],[-0.3834579,52.8986505],[-0.4373409,52.886996],[-0.445332,52.900572],[-0.4697559,52.9011884],[-0.4720644,52.9054346],[-0.4798838,52.9064222],[-0.4890089,52.9132391],[-0.4939751,52.920738],[-0.4876097,52.9205817],[-0.4868658,52.928053],[-0.4794977,52.9308816],[-0.4878089,52.9422712],[-0.4945952,52.9540634],[-0.5100065,52.9475735],[-0.5178458,52.9602882],[-0.5267117,52.9557352],[-0.5540991,52.9544309],[-0.5430805,52.9716431],[-0.5403876,52.967334],[-0.5261731,52.9693872],[-0.5310592,52.9757515],[-0.5267484,52.9769505],[-0.5283049,52.9836997],[-0.523518,52.9881858],[-0.5319424,52.9898166],[-0.5278505,53.0177215],[-0.5228142,53.049642],[-0.5735959,53.0496191],[-0.5740927,53.0469947],[-0.5849393,53.0456767],[-0.6041422,53.052154],[-0.6373452,53.0546791],[-0.6360088,53.0523508],[-0.6442879,53.052581]]],"type":"Polygon"},"id":"E07000141","properties":{"code":"E07000141","geography":"LAD","name":"South Kesteven"},"type":"Feature"},{"geometry":{"coordinates":[[[-0.3009304,53.6163881],[-0.3085552,53.6143288],[-0.3007539,53.59554],[-0.3034238,53.5907901],[-0.3108679,53.5901546],[-0.3359388,53.5586266],[-0.3486588,53.5595129],[-0.3458553,53.5579585],[-0.3493797,53.5558093],[-0.4196691,53.5637728],[-0.429001,53.5745247],[-0.4394073,53.570293],[-0.450776,53.5579663],[-0.4569087,53.5592906],[-0.4656717,53.5560233],[-0.4670184,53.5489607],[-0.4909088,53.5458738],[-0.5003401,53.5374689],[-0.4306647,53.5463372],[-0.4218624,53.5344481],[-0.4144001,53.5358416],[-0.4081451,53.5321089],[-0.4050745,53.5176169],[-0.4440366,53.5093918],[-0.4758385,53.5089789],[-0.4883649,53.5048357],[-0.4806866,53.4962454],[-0.4877719,53.4878144],[-0.48663,53.4804702],[-0.4717495,53.4748729],[-0.5517931,53.45952],[-0.5994799,53.4564021],[-0.6297527,53.458219],[-0.6266495,53.4620614],[-0.6348068,53.4695519],[-0.6340584,53.4853993],[-0.6301343,53.4859944],[-0.6257265,53.495581],[-0.6281932,53.5068232],[-0.6244911,53.5128392],[-0.6757067,53.5125255],[-0.6873549,53.5163888],[-0.7015783,53.5141826],[-0.7395917,53.5199359],[-0.7521139,53.5005306],[-0.7681096,53.4989256],[-0.7756237,53.489025],[-0.7715682,53.4792016],[-0.7843888,53.4766692],[-0.7843649,53.4633795],[-0.7974833,53.4550644],[-0.80954,53.4436127],[-0.8201631,53.4411291],[-0.8194027,53.4371629],[-0.817003,53.4256646],[-0.8036324,53.417143],[-0.7884213,53.4143576],[-0.7913976,53.4105153],[-0.7856906,53.4021182],[-0.7774429,53.3974083],[-0.7763447,53.3914822],[-0.7902197,53.3862921],[-0.7867575,53.3843091],[-0.7755694,53.3774026],[-0.7860365,53.374553],[-0.7910983,53.3634793],[-0.7808318,53.3612472],[-0.7734426,53.3639878],[-0.7586164,53.3538376],[-0.7648116,53.3463239],[-0.7580538,53.3419102],[-0.7664736,53.3301075],[-0.7601183,53.3246858],[-0.7500516,53.3243174],[-0.7536861,53.3202518],[-0.7532948,53.3104403],[-0.747153,53.3044449],[-0.7501792,53.2945416],[-0.7578841,53.2928179],[-0.7629834,53.2995797],[-0.7685263,53.2905758],[-0.7782056,53.2836088],[-0.7642798,53.2727392],[-0.7730989,53.2607361],[-0.7701754,53.2530974],[-0.7784869,53.2519927],[-0.7770745,53.2469082],[-0.7350833,53.243874],[-0.7341508,53.254004],[-0.694764,53.2584023],[-0.6880273,53.2583912],[-0.666577,53.2397025],[-0.6484437,53.2434735],[-0.6483769,53.2531678],[-0.6223485,53.2580065],[-0.6114742,53.2564241],[-0.5951119,53.2451702],[-0.5546923,53.2521491],[-0.5385807,53.2545626],[-0.5141645,53.2537956],[-0.4960122,53.2471908],[-0.495441,53.2443734],[-0.4951185,53.2252591],[-0.3818676,53.2319581],[-0.3666555,53.2254172],[-0.3582699,53.2281923],[-0.351313,53.2273213],[-0.3467383,53.2146539],[-0.3368177,53.2084684],[-0.3371191,53.2030023],[-0.3289701,53.199794],[-0.3189068,53.1846203],[-0.2896505,53.1793658],[-0.2909322,53.1947473],[-0.3022633,53.2104251],[-0.2765003,53.2318071],[-0.2824715,53.240031],[-0.2802428,53.2497648],[-0.2909033,53.2547655],[-0.2870992,53.2575503],[-0.2917332,53.2609941],[-0.3004337,53.2620884],[-0.2898176,53.2639891],[-0.3008253,53.2639738],[-0.299109,53.2686124],[-0.3048305,53.2693186],[-0.3018957,53.2753405],[-0.3164434,53.2794716],[-0.3114181,53.2877036],[-0.3174608,53.2982513],[-0.2955723,53.3029821],[-0.3102608,53.3200026],[-0.2993257,53.3253859],[-0.2933126,53.3344768],[-0.2749793,53.3217796],[-0.2512609,53.3328127],[-0.255899,53.344142],[-0.2316357,53.3513984],[-0.2048711,53.3718864],[-0.2234416,53.3858702],[-0.2293944,53.398058],[-0.2185648,53.3998217],[-0.2181955,53.4032287],[-0.2060234,53.408435],[-0.217064,53.4241076],[-0.2128299,53.4293609],[-0.1986982,53.4310528],[-0.1805422,53.440678],[-0.1609837,53.4365796],[-0.131845,53.4359255],[-0.134248,53.4407384],[-0.1445004,53.4409034],[-0.1492277,53.4466997],[-0.1585077,53.4615837],[-0.15368,53.4656778],[-0.1818047,53.4686494],[-0.1885652,53.4845381],[-0.210605,53.4862885],[-0.2040864,53.5117673],[-0.2136241,53.526359],[-0.2105896,53.5317065],[-0.2198825,53.5326065],[-0.1875294,53.5636128],[-0.1951854,53.5716194],[-0.2225589,53.5680169],[-0.2346687,53.5862504],[-0.2391639,53.5881621],[-0.2513956,53.5846531],[-0.248476,53.5936637],[-0.2544735,53.5924883],[-0.2593603,53.5969697],[-0.2830389,53.6044969],[-0.2811944,53.606263],[-0.2921151,53.6132674],[-0.2982373,53.6125617],[-0.3009304,53.6163881]]],"type":"Polygon"},"id":"E07000142","properties":{"code":"E07000142","geography":"LAD","name":"West Lindsey"},"type":"Feature"},{"geometry":{"coordinates":[[[0.8394433,52.8111265],[0.8298,52.8047556],[0.8320151,52.7989389],[0.8180748,52.7943896],[0.819326,52.7861399],[0.81159,52.7864476],[0.8091194,52.7800524],[0.8030425,52.781375],[0.8018914,52.7700601],[0.7958309,52.7690971],[0.7802802,52.7694097],[0.7698487,52.779175],[0.7528802,52.7757142],[0.7518364,52.77849],[0.7178327,52.7823458],[0.7079385,52.7884719],[0.7019979,52.7866741],[0.6959128,52.7805403],[0.6994541,52.7731607],[0.6900815,52.770032],[0.6887253,52.7519717],[0.6733901,52.7459805],[0.6681332,52.740557],[0.7011274,52.7361914],[0.7182273,52.7217939],[0.7082507,52.7124355],[0.7110471,52.7090618],[0.7054653,52.7103239],[0.6996287,52.7077845],[0.6968586,52.7009108],[0.6877543,52.6979361],[0.6746754,52.6983741],[0.6714966,52.7029048],[0.6537579,52.7040644],[0.6477489,52.690678],[0.6346291,52.6931555],[0.6260185,52.7018137],[0.6116287,52.6997533],[0.6054747,52.6971038],[0.5710377,52.6891021],[0.5509819,52.6805209],[0.5647363,52.6715898],[0.562177,52.6552956],[0.5785079,52.6535151],[0.5754714,52.6451976],[0.5616502,52.6131854],[0.5671076,52.6140996],[0.5648597,52.5977814],[0.5591289,52.5908202],[0.5380789,52.5862582],[0.530521,52.5761257],[0.5350716,52.5670199],[0.5674433,52.5649321],[0.586417,52.5552992],[0.5959035,52.5437791],[0.6047506,52.543288],[0.6087052,52.5401198],[0.6133666,52.5316344],[0.6051793,52.5205384],[0.5989876,52.5003776],[0.596915,52.4952121],[0.5836739,52.4680275],[0.5825011,52.4518614],[0.5971006,52.4542627],[0.6094792,52.4527159],[0.615055,52.4490977],[0.6218295,52.4512709],[0.6202914,52.4543462],[0.6297871,52.4540536],[0.6271783,52.4509022],[0.6310889,52.4503445],[0.6422205,52.4510471],[0.6663067,52.4625416],[0.6839734,52.453165],[0.6944712,52.451017],[0.705559,52.4525865],[0.7188815,52.4496306],[0.717552,52.446719],[0.6721797,52.412801],[0.668541,52.4090575],[0.6733819,52.4042081],[0.6860106,52.398675],[0.7025435,52.3964144],[0.7124378,52.3946231],[0.7352598,52.3953407],[0.7418167,52.3926941],[0.7409659,52.3881895],[0.7498443,52.3829265],[0.7659661,52.3903575],[0.7734348,52.3863272],[0.7859275,52.3864891],[0.7961309,52.3912418],[0.8081722,52.3895245],[0.8381573,52.4007643],[0.8554392,52.3994413],[0.8569185,52.3969648],[0.8569642,52.3967407],[0.866873,52.3903459],[0.8897542,52.3909404],[0.9049278,52.3857831],[0.9189606,52.3888735],[0.9367888,52.3866917],[0.9469602,52.3759827],[0.967471,52.3701128],[0.9978123,52.3715399],[1.0068138,52.375743],[1.0276856,52.3785725],[1.0299825,52.3787422],[1.0201901,52.3942148],[1.0243608,52.3987391],[1.0213989,52.4059701],[1.0314689,52.4103276],[1.0340476,52.4157159],[1.0212158,52.4163773],[1.0427916,52.4256483],[1.045431,52.4199324],[1.0570398,52.4200794],[1.0587277,52.4268916],[1.0675008,52.4288253],[1.0628749,52.4332128],[1.0730557,52.4547446],[1.0946622,52.4604156],[1.0952755,52.4703833],[1.0906395,52.4687023],[1.0856148,52.4710163],[1.0877245,52.4812343],[1.0825318,52.4845708],[1.0790094,52.5069348],[1.0895178,52.5145509],[1.0952557,52.5180227],[1.0929065,52.5212256],[1.0852103,52.5226345],[1.0613983,52.5371903],[1.037968,52.5366645],[1.0237992,52.5423703],[1.0120744,52.5429347],[1.0049139,52.5497897],[0.9735089,52.5547937],[0.9527068,52.5676198],[0.9470281,52.5758325],[0.9621882,52.5811772],[0.9625796,52.5834795],[0.9537119,52.5849422],[0.9545858,52.5869357],[0.9628802,52.5859433],[0.9637498,52.5946258],[0.9732795,52.594912],[1.021812,52.5865569],[1.0270276,52.5894131],[1.0394855,52.5881729],[1.0369193,52.6157812],[1.018776,52.6157308],[1.0255398,52.630023],[1.0234765,52.6397633],[1.0430962,52.6465115],[1.0548061,52.6589471],[1.0544316,52.6633292],[1.0746621,52.6381396],[1.0790345,52.6487378],[1.0896584,52.6473819],[1.0933658,52.6510566],[1.0976451,52.6497716],[1.099895,52.6728501],[1.1083223,52.6825228],[1.1017633,52.685979],[1.0842474,52.7025432],[1.1052029,52.7146934],[1.0885532,52.7231945],[1.0809394,52.7402117],[1.0558068,52.7464191],[1.0510903,52.750413],[1.0533294,52.7619581],[1.0466201,52.7676128],[1.0420489,52.7702266],[1.0338397,52.7696597],[1.0112608,52.7629861],[1.000241,52.7657853],[1.002232,52.776137],[0.9921674,52.7800441],[0.9903684,52.7840638],[0.9969834,52.7925266],[0.9935799,52.7983604],[0.980705,52.8013935],[0.9757607,52.8070195],[0.9676626,52.8077377],[0.9665496,52.8030956],[0.9507842,52.8047011],[0.9368441,52.7955806],[0.9384436,52.7879786],[0.93053,52.7893583],[0.9238024,52.8008506],[0.9176464,52.8033124],[0.8885828,52.7916056],[0.885638,52.7927801],[0.8717393,52.7981048],[0.8654192,52.8074282],[0.8532078,52.8072068],[0.8394433,52.8111265]]],"type":"Polygon"},"id":"E07000143","properties":{"code":"E07000143","geography":"LAD","name":"Breckland"},"type":"Feature"},{"geometry":{"coordinates":[[[1.2376001,52.8232789],[1.2243255,52.8252152],[1.2181014,52.8294523],[1.2069317,52.827239],[1.2029847,52.8159502],[1.1933883,52.8153177],[1.1896764,52.8197218],[1.1810978,52.8203946],[1.1808379,52.8271808],[1.1685538,52.8298818],[1.1564545,52.8217003],[1.1452705,52.8239075],[1.1496011,52.812105],[1.1283358,52.8145922],[1.101787,52.8293422],[1.0879021,52.8158466],[1.0733875,52.8168845],[1.0353449,52.8118752],[1.0304819,52.8076401],[1.020759,52.8065554],[1.0222802,52.8000309],[1.0044262,52.802294],[0.9935799,52.7983604],[0.9969834,52.7925266],[0.9903684,52.7840638],[0.9921674,52.7800441],[1.002232,52.776137],[1.000241,52.7657853],[1.0112608,52.7629861],[1.0338397,52.7696597],[1.0420489,52.7702266],[1.0466201,52.7676128],[1.0533294,52.7619581],[1.0510903,52.750413],[1.0558068,52.7464191],[1.0809394,52.7402117],[1.0885532,52.7231945],[1.1052029,52.7146934],[1.0842474,52.7025432],[1.1017633,52.685979],[1.1083223,52.6825228],[1.099895,52.6728501],[1.0976451,52.6497716],[1.1160832,52.6454544],[1.132058,52.6457455],[1.1352016,52.6428555],[1.1381846,52.6597665],[1.1463545,52.6600318],[1.1472963,52.6713663],[1.1636871,52.6652099],[1.1738222,52.6651249],[1.1742889,52.6672575],[1.1871127,52.6773619],[1.1936277,52.6780744],[1.2017896,52.6729113],[1.2023632,52.6618536],[1.2065992,52.6608521],[1.2131243,52.6626824],[1.2215494,52.6731085],[1.2342513,52.6679965],[1.2334672,52.6611775],[1.2471003,52.6533839],[1.2485081,52.6477432],[1.2615836,52.652093],[1.2771727,52.6565129],[1.2849943,52.6601744],[1.2710035,52.6687094],[1.264608,52.6749147],[1.2628689,52.6773916],[1.2830326,52.6773147],[1.2923018,52.6849123],[1.299638,52.674268],[1.2920656,52.671665],[1.2917062,52.6613403],[1.292601,52.6549279],[1.302346,52.6530709],[1.3106074,52.6517061],[1.3229766,52.6450242],[1.3405716,52.6497079],[1.3411367,52.6470935],[1.3422441,52.6413187],[1.3298646,52.6375843],[1.3287677,52.6306135],[1.3283568,52.6297365],[1.3225247,52.6259161],[1.3252853,52.6231837],[1.3336864,52.6263264],[1.3430594,52.6248901],[1.3472194,52.6222679],[1.3489477,52.6211784],[1.3503199,52.6213378],[1.3514513,52.6214693],[1.3676976,52.6244455],[1.3766327,52.6206789],[1.3813952,52.6063962],[1.3876485,52.6046147],[1.3989639,52.6085373],[1.4007512,52.6132024],[1.4070738,52.6139658],[1.4137037,52.6211976],[1.4220946,52.6223296],[1.4294196,52.618314],[1.4346972,52.6200569],[1.43768,52.6175778],[1.4334881,52.6124506],[1.4536682,52.6013762],[1.4545393,52.5945603],[1.4625049,52.5942095],[1.4666344,52.5896549],[1.469475,52.5870647],[1.4703005,52.5863119],[1.4850042,52.5867278],[1.4981284,52.5707246],[1.5183942,52.575236],[1.5238202,52.5703471],[1.5218026,52.5623958],[1.528857,52.5590664],[1.5360397,52.5619118],[1.5406445,52.5555756],[1.5418201,52.5553295],[1.5548461,52.5595758],[1.5786975,52.5564457],[1.5927783,52.5583613],[1.6011324,52.5671165],[1.6083266,52.5692862],[1.6075252,52.5740326],[1.6230193,52.5742308],[1.6280908,52.5800223],[1.6369231,52.5819618],[1.6394727,52.5877415],[1.6456655,52.5885541],[1.6456034,52.5888028],[1.6310102,52.5925017],[1.6348225,52.5928622],[1.6419767,52.6042277],[1.650683,52.6019759],[1.6556819,52.6065286],[1.6751677,52.6096118],[1.6767586,52.6143433],[1.6680765,52.6169523],[1.6593455,52.6256583],[1.6444894,52.6256941],[1.6412118,52.6272864],[1.6442671,52.6304005],[1.6334925,52.6326414],[1.6214588,52.623539],[1.6176473,52.6288431],[1.6061847,52.6239729],[1.5930676,52.6291201],[1.5903799,52.6381948],[1.5678333,52.6380097],[1.567692,52.64897],[1.5587081,52.6502311],[1.5618358,52.6672751],[1.5494075,52.6815314],[1.5436069,52.6796338],[1.5360943,52.6835038],[1.527235,52.6819612],[1.51904,52.6868873],[1.5122451,52.681635],[1.5091636,52.684583],[1.5119443,52.6900347],[1.5016482,52.6903587],[1.4944076,52.6871897],[1.4881101,52.6932827],[1.4740993,52.6893117],[1.4614543,52.7054219],[1.4512004,52.7030711],[1.4413824,52.7014149],[1.4421836,52.6950634],[1.4358922,52.6901833],[1.4165909,52.693518],[1.4239554,52.7035198],[1.4086387,52.7090504],[1.4024439,52.7157004],[1.4097025,52.725664],[1.3997476,52.7281185],[1.4048218,52.7288443],[1.4059006,52.7325143],[1.3973311,52.729106],[1.3907042,52.7385299],[1.3638445,52.7456369],[1.3570504,52.7462469],[1.356987,52.7513204],[1.3482659,52.7532372],[1.3375457,52.7686373],[1.3266036,52.7671144],[1.3148102,52.7797555],[1.317094,52.7891647],[1.3083825,52.7957344],[1.3149404,52.8008888],[1.3081166,52.8020291],[1.3087655,52.8051847],[1.3088795,52.8052604],[1.306592,52.8073571],[1.2996338,52.8047422],[1.299304,52.8072831],[1.2888825,52.8046677],[1.2741254,52.81882],[1.2674703,52.8190566],[1.2619741,52.812686],[1.2537265,52.8136292],[1.2510826,52.8205223],[1.2382221,52.8204254],[1.2376001,52.8232789]]],"type":"Polygon"},"id":"E07000144","properties":{"code":"E07000144","geography":"LAD","name":"Broadland"},"type":"Feature"},{"geometry":{"coordinates":[[[[1.7288518,52.5849371],[1.7288358,52.5849922],[1.7266372,52.5905767],[1.7265813,52.5910049],[1.7258162,52.5968646],[1.7257977,52.5969589],[1.7249706,52.603339],[1.7241348,52.6041975],[1.7204127,52.6080202],[1.7201423,52.6082978],[1.7188391,52.609636],[1.7173515,52.610161],[1.7167188,52.6103842],[1.7134418,52.6115406],[1.6975672,52.6069986],[1.6973101,52.6068827],[1.6848894,52.6012801],[1.6836219,52.6007082],[1.6510986,52.5941882],[1.6510408,52.5941766],[1.6502226,52.5940125],[1.6502371,52.5932427],[1.6502385,52.5931657],[1.650557,52.5762136],[1.6486036,52.5767811],[1.6483606,52.577755],[1.6480769,52.5788922],[1.6485648,52.5762598],[1.6353909,52.5735656],[1.6330673,52.5608788],[1.6230685,52.5527699],[1.6096408,52.550361],[1.6057731,52.5447381],[1.6089661,52.5406715],[1.621056,52.5397431],[1.6201442,52.5334883],[1.6286047,52.5260246],[1.6365159,52.5279545],[1.6313105,52.5323915],[1.638243,52.5338292],[1.6367405,52.5374361],[1.6591294,52.5422257],[1.6658161,52.5497552],[1.6862563,52.5493029],[1.6902089,52.5450247],[1.7022431,52.5445881],[1.7055844,52.5399614],[1.726004,52.5306422],[1.7403709,52.5321005],[1.7389098,52.5371485],[1.7384104,52.5387738],[1.7328545,52.5568462],[1.7325703,52.5693455],[1.7329636,52.5695156],[1.7386549,52.5719767],[1.7324828,52.5724496],[1.7288518,52.5849371]]],[[[1.7418651,52.6339846],[1.7416716,52.6344248],[1.731893,52.654732],[1.729047,52.6636096],[1.7289861,52.6637135],[1.7148058,52.687872],[1.69933,52.719898],[1.6975695,52.7235392],[1.6751367,52.7426566],[1.6458355,52.7366281],[1.6371503,52.7310414],[1.6195886,52.7176936],[1.5846738,52.7113001],[1.5735475,52.7026465],[1.5555637,52.7012121],[1.5457798,52.6961572],[1.5494075,52.6815314],[1.5618358,52.6672751],[1.5587081,52.6502311],[1.567692,52.64897],[1.5678333,52.6380097],[1.5903799,52.6381948],[1.5930676,52.6291201],[1.6061847,52.6239729],[1.6176473,52.6288431],[1.6214588,52.623539],[1.6334925,52.6326414],[1.6442671,52.6304005],[1.6412118,52.6272864],[1.6444894,52.6256941],[1.6593455,52.6256583],[1.6680765,52.6169523],[1.6767586,52.6143433],[1.6751677,52.6096118],[1.6556819,52.6065286],[1.650683,52.6019759],[1.6419767,52.6042277],[1.6348225,52.5928622],[1.6310102,52.5925017],[1.6456034,52.5888028],[1.6455874,52.5888669],[1.6454673,52.5893815],[1.6579226,52.6038831],[1.6817587,52.6083058],[1.694928,52.6179858],[1.7107008,52.6190286],[1.7160643,52.6168185],[1.71531,52.6130453],[1.7207766,52.6122192],[1.7200013,52.6107428],[1.7242159,52.6059798],[1.7242379,52.6059514],[1.7257014,52.6040601],[1.7336792,52.5741586],[1.7398228,52.5730372],[1.7434471,52.5751817],[1.7434349,52.5759079],[1.7391291,52.5747897],[1.7388252,52.5799759],[1.7433798,52.5791859],[1.7433676,52.5799148],[1.737978,52.5824583],[1.7406875,52.6080779],[1.7407194,52.608379],[1.7420937,52.6177366],[1.7421411,52.6180595],[1.7430839,52.6205644],[1.7418651,52.6339846]]]],"type":"MultiPolygon"},"id":"E07000145","properties":{"code":"E07000145","geography":"LAD","name":"Great Yarmouth"},"type":"Feature"},{"geometry":{"coordinates":[[[[0.7813337,52.9766963],[0.7722298,52.9788472],[0.751647,52.9771396],[0.7613329,52.975825],[0.7542906,52.9746918],[0.7545322,52.9705749],[0.7598347,52.972512],[0.7578755,52.9693464],[0.7467026,52.9649464],[0.7354692,52.9642996],[0.7332752,52.9641732],[0.734674,52.966822],[0.7368265,52.9673207],[0.7437065,52.965377],[0.7521332,52.9728813],[0.736183,52.9753394],[0.7347147,52.9756667],[0.7345376,52.9757062],[0.7344809,52.9757189],[0.7341504,52.9757925],[0.7259158,52.9776277],[0.7146037,52.9768547],[0.7144304,52.9768429],[0.7123323,52.9766994],[0.7117555,52.9769926],[0.7117189,52.9770112],[0.7096843,52.9780454],[0.7058441,52.9776698],[0.705869,52.9773261],[0.7061025,52.974104],[0.7104631,52.9754217],[0.7166527,52.9720413],[0.7116138,52.9736686],[0.7023446,52.9733469],[0.7031298,52.9766445],[0.6997599,52.974705],[0.7004305,52.9775286],[0.695142,52.9781756],[0.6846254,52.9720375],[0.6791489,52.971741],[0.6752846,52.9715315],[0.6790455,52.9700654],[0.6808027,52.9693804],[0.6884096,52.9708707],[0.6814899,52.9671744],[0.6789085,52.9678453],[0.6715893,52.9697471],[0.6660722,52.9664262],[0.6492733,52.9668542],[0.6497754,52.9697078],[0.6435419,52.9661627],[0.6356816,52.9683125],[0.6454742,52.967955],[0.6398066,52.9700914],[0.6574117,52.970993],[0.6561566,52.9733113],[0.6697866,52.9703208],[0.6750681,52.9737682],[0.6701637,52.9778422],[0.6198807,52.9737688],[0.6204403,52.9703378],[0.6260289,52.9709796],[0.6191659,52.9692407],[0.6178571,52.9736336],[0.589322,52.9767594],[0.5858755,52.9746728],[0.5935241,52.9730971],[0.5900951,52.9731215],[0.5938239,52.970491],[0.5972226,52.9733439],[0.5950873,52.9680087],[0.5945808,52.9680323],[0.5943859,52.9681345],[0.5885843,52.9708957],[0.5866744,52.9695809],[0.586419,52.9731728],[0.5816632,52.9712036],[0.5849664,52.9674011],[0.5813807,52.9706127],[0.5707406,52.9694432],[0.5748528,52.9656298],[0.5835151,52.966341],[0.5755931,52.9640033],[0.5635622,52.9695012],[0.568285,52.9707813],[0.5631206,52.9699936],[0.563241,52.9720789],[0.5630559,52.9727518],[0.569289,52.9711085],[0.5657514,52.972718],[0.5697125,52.9721478],[0.570169,52.9751483],[0.5623354,52.9761726],[0.5623036,52.9763792],[0.5622805,52.9765676],[0.5349378,52.974656],[0.5198475,52.9686467],[0.5180328,52.966242],[0.5160265,52.963583],[0.5149345,52.9621356],[0.4985017,52.9527014],[0.4900199,52.9478293],[0.480462,52.9315112],[0.477693,52.9267812],[0.4774081,52.9261139],[0.4773916,52.9260753],[0.465456,52.8981054],[0.4454579,52.8739018],[0.444773,52.8533087],[0.4429699,52.8532612],[0.4326685,52.852989],[0.4157747,52.8429576],[0.4154455,52.842762],[0.3729826,52.8205264],[0.3577647,52.8125482],[0.3703202,52.7915884],[0.3713151,52.7898963],[0.3719032,52.7888961],[0.3732,52.7874765],[0.3748215,52.7857014],[0.3757544,52.7861335],[0.3814387,52.7887662],[0.3809807,52.7854053],[0.3799169,52.7875415],[0.3761905,52.7859042],[0.3750105,52.7853856],[0.3802632,52.7823122],[0.3746075,52.7843039],[0.3889075,52.7618454],[0.3936734,52.7604109],[0.3894929,52.7609785],[0.3911347,52.7585424],[0.3931655,52.7534696],[0.395522,52.7475681],[0.3915662,52.7534973],[0.3914126,52.7538271],[0.3755525,52.7779658],[0.3749049,52.7788999],[0.3748212,52.7790207],[0.371036,52.7847637],[0.3688749,52.7880419],[0.368856,52.7880707],[0.368629,52.7884149],[0.3519226,52.8094451],[0.3345254,52.8172499],[0.2875566,52.8192345],[0.2688045,52.8158362],[0.2627825,52.8037524],[0.2531173,52.7974055],[0.2609606,52.796076],[0.2519919,52.7925719],[0.2450376,52.78447],[0.2722283,52.772813],[0.2257051,52.7564524],[0.1863232,52.7353486],[0.1716261,52.7380317],[0.156353,52.707835],[0.1536438,52.6821777],[0.1646248,52.6800013],[0.1847166,52.6778947],[0.1808833,52.6732676],[0.1844296,52.6721408],[0.1838418,52.6556621],[0.1762788,52.6556914],[0.1783403,52.6526361],[0.1695952,52.652756],[0.1720597,52.6486943],[0.1920279,52.6342655],[0.2190648,52.6219805],[0.2108647,52.6179284],[0.2173865,52.6145255],[0.2056137,52.611803],[0.2015134,52.6031576],[0.1915996,52.6015169],[0.1938727,52.5921037],[0.1991605,52.5917732],[0.2027138,52.580084],[0.2157878,52.5794583],[0.2184669,52.572133],[0.2056997,52.5656623],[0.2172307,52.5604815],[0.2140928,52.5561949],[0.2047323,52.554667],[0.2052479,52.5478379],[0.2146133,52.5491178],[0.2102156,52.5449003],[0.2038279,52.5454044],[0.2131305,52.5381577],[0.2058477,52.533858],[0.2079775,52.5300279],[0.2149216,52.5320608],[0.2203024,52.5289479],[0.2256046,52.5325699],[0.2305912,52.5279099],[0.2223868,52.5239102],[0.2231733,52.521384],[0.2197066,52.5231467],[0.2061233,52.5196351],[0.2363191,52.5072906],[0.2387908,52.5091851],[0.2460074,52.4999383],[0.2563964,52.5077267],[0.3093607,52.5136223],[0.3172929,52.5130078],[0.3183055,52.5076575],[0.3309377,52.5091358],[0.3450335,52.5016853],[0.361893,52.4988163],[0.3670622,52.5011738],[0.3671438,52.4959433],[0.3807064,52.4795395],[0.3919158,52.4755286],[0.4020895,52.4653483],[0.4285291,52.4546526],[0.4233548,52.4537049],[0.429298,52.4364526],[0.4454371,52.4473746],[0.4781356,52.4455978],[0.496095,52.4473316],[0.500977,52.4502939],[0.5237651,52.4482114],[0.5304405,52.4536331],[0.5445335,52.4516226],[0.5548212,52.4560281],[0.5825011,52.4518614],[0.5836739,52.4680275],[0.596915,52.4952121],[0.5989876,52.5003776],[0.6051793,52.5205384],[0.6133666,52.5316344],[0.6087052,52.5401198],[0.6047506,52.543288],[0.5959035,52.5437791],[0.586417,52.5552992],[0.5674433,52.5649321],[0.5350716,52.5670199],[0.530521,52.5761257],[0.5380789,52.5862582],[0.5591289,52.5908202],[0.5648597,52.5977814],[0.5671076,52.6140996],[0.5616502,52.6131854],[0.5754714,52.6451976],[0.5785079,52.6535151],[0.562177,52.6552956],[0.5647363,52.6715898],[0.5509819,52.6805209],[0.5710377,52.6891021],[0.6054747,52.6971038],[0.6116287,52.6997533],[0.6260185,52.7018137],[0.6346291,52.6931555],[0.6477489,52.690678],[0.6537579,52.7040644],[0.6714966,52.7029048],[0.6746754,52.6983741],[0.6877543,52.6979361],[0.6968586,52.7009108],[0.6996287,52.7077845],[0.7054653,52.7103239],[0.7110471,52.7090618],[0.7082507,52.7124355],[0.7182273,52.7217939],[0.7011274,52.7361914],[0.6681332,52.740557],[0.6733901,52.7459805],[0.6887253,52.7519717],[0.6900815,52.770032],[0.6994541,52.7731607],[0.6959128,52.7805403],[0.7019979,52.7866741],[0.7079385,52.7884719],[0.7361843,52.7992925],[0.7309387,52.8036577],[0.7466828,52.8152549],[0.7563367,52.8164392],[0.7472913,52.8206676],[0.7447732,52.8280277],[0.7250841,52.8428734],[0.727774,52.8553387],[0.7315222,52.8576597],[0.7578571,52.8557953],[0.7896627,52.8596315],[0.7911424,52.8655559],[0.7977878,52.8644534],[0.7948718,52.8835103],[0.7971776,52.8852688],[0.8068964,52.8794381],[0.8215691,52.8928574],[0.8152328,52.8970211],[0.8169903,52.9000673],[0.7898725,52.8998509],[0.7878766,52.9078846],[0.7860137,52.9170743],[0.7875306,52.9242496],[0.7784432,52.951639],[0.7813337,52.9766963]]],[[[0.6801686,52.9882201],[0.6784305,52.9884006],[0.6633176,52.9870129],[0.6629917,52.9825377],[0.6651686,52.9859787],[0.6722681,52.9840874],[0.6716614,52.9860882],[0.6801029,52.9871587],[0.6840124,52.9876542],[0.679877,52.9835047],[0.6791764,52.9828016],[0.6797461,52.9813868],[0.6813278,52.9774586],[0.6858703,52.9809707],[0.6961144,52.9808979],[0.6945202,52.9839374],[0.6973447,52.9806542],[0.6983759,52.9841017],[0.699531,52.9796864],[0.7127945,52.9796577],[0.7140867,52.97768],[0.7257575,52.9780959],[0.7388168,52.976329],[0.7294245,52.9801645],[0.7401938,52.977139],[0.7510912,52.9784033],[0.7379605,52.9822018],[0.6801686,52.9882201]]]],"type":"MultiPolygon"},"id":"E07000146","properties":{"code":"E07000146","geography":"LAD","name":"King's Lynn and West Norfolk"},"type":"Feature"},{"geometry":{"coordinates":[[[[0.8689435,52.9576863],[0.8712244,52.9601823],[0.8712404,52.9602115],[0.8658178,52.9604774],[0.8573025,52.9576539],[0.8689435,52.9576863]]],[[[0.9776258,52.9798804],[0.9775487,52.9798898],[0.9657947,52.9776499],[0.9581846,52.9715018],[0.9583061,52.9691813],[0.9737104,52.9787578],[0.968182,52.9730302],[0.9702628,52.9705718],[0.9715452,52.9752356],[0.9771119,52.9724078],[0.9788964,52.9715013],[0.9773793,52.9740482],[0.9884632,52.9772708],[0.9817916,52.9706921],[0.9948046,52.9765586],[1.0272494,52.9688521],[1.0463915,52.9657594],[1.0448588,52.9622299],[1.0434371,52.9658963],[1.0255003,52.9645396],[1.0256707,52.9655769],[1.0258597,52.9660386],[1.018595,52.9641055],[1.0180838,52.9607444],[1.0164198,52.962855],[1.0159362,52.9591883],[1.0144902,52.9635263],[0.9987942,52.9643206],[0.9877749,52.9639493],[0.9903548,52.9604798],[0.9982415,52.9606685],[0.9978426,52.9581751],[1.0069042,52.956071],[1.0070685,52.9559275],[0.9981994,52.9565612],[0.9963539,52.9588709],[0.9920593,52.9577112],[0.996693,52.9566687],[0.9827,52.9576669],[0.9827422,52.9613097],[0.9790811,52.9603926],[0.9839859,52.9637982],[0.9765177,52.9637674],[0.9693338,52.9637373],[0.9609633,52.9573034],[0.9577357,52.9575114],[0.9620803,52.9593528],[0.960616,52.9599726],[0.9633631,52.9601454],[0.9521779,52.9635174],[0.9458548,52.9637247],[0.9461977,52.9590643],[0.9487583,52.9592257],[0.9460063,52.9588991],[0.9448724,52.9638651],[0.9366516,52.960412],[0.935785,52.9627959],[0.9196989,52.9656464],[0.9156685,52.963455],[0.9175158,52.9626241],[0.918159,52.9623348],[0.9175683,52.9624603],[0.9117858,52.9633425],[0.9076057,52.9584891],[0.9078813,52.9623752],[0.8975719,52.9594473],[0.8932625,52.9610322],[0.9038275,52.9619968],[0.8974025,52.9695213],[0.8835117,52.9649637],[0.8819639,52.9654794],[0.8833216,52.965149],[0.8924409,52.9688302],[0.8825978,52.9697852],[0.8794147,52.9765087],[0.8748411,52.9780734],[0.8718646,52.9790915],[0.8666115,52.9790259],[0.8555141,52.9687963],[0.8630279,52.9677719],[0.853882,52.9635344],[0.8570669,52.9602467],[0.8529969,52.9578715],[0.8634107,52.9620021],[0.8634606,52.9657994],[0.8653421,52.9695218],[0.8727492,52.9677208],[0.8744394,52.9673097],[0.8726757,52.9673566],[0.867869,52.9674843],[0.864385,52.9618501],[0.8713056,52.9605729],[0.8724019,52.9603705],[0.8719398,52.9590823],[0.8743422,52.9593022],[0.8702212,52.9552021],[0.8699144,52.9548967],[0.8687982,52.9570207],[0.8509925,52.9577794],[0.8522062,52.9731669],[0.8435054,52.9746901],[0.8441948,52.9772041],[0.8241175,52.9773026],[0.8113836,52.9762997],[0.8129398,52.9741344],[0.8215732,52.9765816],[0.8218937,52.9765904],[0.8124515,52.973566],[0.8123742,52.9702874],[0.8091208,52.9735899],[0.7813337,52.9766963],[0.7784432,52.951639],[0.7875306,52.9242496],[0.7860137,52.9170743],[0.7878766,52.9078846],[0.7898725,52.8998509],[0.8169903,52.9000673],[0.8152328,52.8970211],[0.8215691,52.8928574],[0.8068964,52.8794381],[0.7971776,52.8852688],[0.7948718,52.8835103],[0.7977878,52.8644534],[0.7911424,52.8655559],[0.7896627,52.8596315],[0.7578571,52.8557953],[0.7315222,52.8576597],[0.727774,52.8553387],[0.7250841,52.8428734],[0.7447732,52.8280277],[0.7472913,52.8206676],[0.7563367,52.8164392],[0.7466828,52.8152549],[0.7309387,52.8036577],[0.7361843,52.7992925],[0.7079385,52.7884719],[0.7178327,52.7823458],[0.7518364,52.77849],[0.7528802,52.7757142],[0.7698487,52.779175],[0.7802802,52.7694097],[0.7958309,52.7690971],[0.8018914,52.7700601],[0.8030425,52.781375],[0.8091194,52.7800524],[0.81159,52.7864476],[0.819326,52.7861399],[0.8180748,52.7943896],[0.8320151,52.7989389],[0.8298,52.8047556],[0.8394433,52.8111265],[0.8532078,52.8072068],[0.8654192,52.8074282],[0.8717393,52.7981048],[0.885638,52.7927801],[0.8885828,52.7916056],[0.9176464,52.8033124],[0.9238024,52.8008506],[0.93053,52.7893583],[0.9384436,52.7879786],[0.9368441,52.7955806],[0.9507842,52.8047011],[0.9665496,52.8030956],[0.9676626,52.8077377],[0.9757607,52.8070195],[0.980705,52.8013935],[0.9935799,52.7983604],[1.0044262,52.802294],[1.0222802,52.8000309],[1.020759,52.8065554],[1.0304819,52.8076401],[1.0353449,52.8118752],[1.0733875,52.8168845],[1.0879021,52.8158466],[1.101787,52.8293422],[1.1283358,52.8145922],[1.1496011,52.812105],[1.1452705,52.8239075],[1.1564545,52.8217003],[1.1685538,52.8298818],[1.1808379,52.8271808],[1.1810978,52.8203946],[1.1896764,52.8197218],[1.1933883,52.8153177],[1.2029847,52.8159502],[1.2069317,52.827239],[1.2181014,52.8294523],[1.2243255,52.8252152],[1.2376001,52.8232789],[1.2382221,52.8204254],[1.2510826,52.8205223],[1.2537265,52.8136292],[1.2619741,52.812686],[1.2674703,52.8190566],[1.2741254,52.81882],[1.2888825,52.8046677],[1.299304,52.8072831],[1.2996338,52.8047422],[1.306592,52.8073571],[1.3088795,52.8052604],[1.3087655,52.8051847],[1.3081166,52.8020291],[1.3149404,52.8008888],[1.3083825,52.7957344],[1.317094,52.7891647],[1.3148102,52.7797555],[1.3266036,52.7671144],[1.3375457,52.7686373],[1.3482659,52.7532372],[1.356987,52.7513204],[1.3570504,52.7462469],[1.3638445,52.7456369],[1.3907042,52.7385299],[1.3973311,52.729106],[1.4059006,52.7325143],[1.4048218,52.7288443],[1.3997476,52.7281185],[1.4097025,52.725664],[1.4024439,52.7157004],[1.4086387,52.7090504],[1.4239554,52.7035198],[1.4165909,52.693518],[1.4358922,52.6901833],[1.4421836,52.6950634],[1.4413824,52.7014149],[1.4512004,52.7030711],[1.4614543,52.7054219],[1.4740993,52.6893117],[1.4881101,52.6932827],[1.4944076,52.6871897],[1.5016482,52.6903587],[1.5119443,52.6900347],[1.5091636,52.684583],[1.5122451,52.681635],[1.51904,52.6868873],[1.527235,52.6819612],[1.5360943,52.6835038],[1.5436069,52.6796338],[1.5494075,52.6815314],[1.5457798,52.6961572],[1.5555637,52.7012121],[1.5735475,52.7026465],[1.5846738,52.7113001],[1.6195886,52.7176936],[1.6371503,52.7310414],[1.6458355,52.7366281],[1.6751367,52.7426566],[1.6744452,52.7431189],[1.603443,52.7902032],[1.6034791,52.7902778],[1.5920687,52.7964277],[1.5918817,52.7966186],[1.5873743,52.8012187],[1.5867126,52.8016595],[1.5633965,52.8111563],[1.5599141,52.8129209],[1.5539713,52.8159316],[1.544462,52.8199714],[1.5428007,52.8209693],[1.5388522,52.8226333],[1.5334897,52.8263022],[1.5202195,52.8330171],[1.519927,52.833165],[1.497313,52.8445997],[1.4461982,52.8728682],[1.4444755,52.8738199],[1.413894,52.8907039],[1.4137641,52.8907596],[1.4137199,52.8907786],[1.4064958,52.8938761],[1.398648,52.8971243],[1.3655825,52.9091188],[1.3560211,52.9141359],[1.3352119,52.9222078],[1.3215548,52.925901],[1.3065406,52.9309893],[1.2833388,52.93578],[1.2724181,52.9375378],[1.2419873,52.9424299],[1.2297342,52.943558],[1.1865091,52.9463779],[1.1650168,52.947768],[1.1150652,52.9528427],[1.0659183,52.9627987],[0.9951958,52.9777321],[0.9776258,52.9798804]]]],"type":"MultiPolygon"},"id":"E07000147","properties":{"code":"E07000147","geography":"LAD","name":"North Norfolk"},"type":"Feature"},{"geometry":{"coordinates":[[[1.3106074,52.6517061],[1.302346,52.6530709],[1.292601,52.6549279],[1.2917062,52.6613403],[1.2920656,52.671665],[1.299638,52.674268],[1.2923018,52.6849123],[1.2830326,52.6773147],[1.2628689,52.6773916],[1.264608,52.6749147],[1.2710035,52.6687094],[1.2849943,52.6601744],[1.2771727,52.6565129],[1.2615836,52.652093],[1.2485081,52.6477432],[1.2480472,52.6476119],[1.2354368,52.6409379],[1.2114928,52.6453665],[1.2038905,52.6447038],[1.2063435,52.6383078],[1.2098363,52.6371536],[1.2163717,52.6256083],[1.227354,52.6322136],[1.2327619,52.6281047],[1.2284717,52.6222123],[1.2318887,52.6176834],[1.2435627,52.6171535],[1.2416575,52.6100386],[1.2508908,52.6061535],[1.2577857,52.5981471],[1.2688234,52.601774],[1.2768825,52.5981512],[1.2778552,52.5973932],[1.2870618,52.5965183],[1.2980915,52.605538],[1.3204444,52.6160572],[1.3196287,52.6203413],[1.3252853,52.6231837],[1.3225247,52.6259161],[1.3283568,52.6297365],[1.3287677,52.6306135],[1.3298646,52.6375843],[1.3422441,52.6413187],[1.3411367,52.6470935],[1.3405716,52.6497079],[1.3229766,52.6450242],[1.3106074,52.6517061]]],"type":"Polygon"},"id":"E07000148","properties":{"code":"E07000148","geography":"LAD","name":"Norwich"},"type":"Feature"},{"geometry":{"coordinates":[[[1.2017896,52.6729113],[1.1936277,52.6780744],[1.1871127,52.6773619],[1.1742889,52.6672575],[1.1738222,52.6651249],[1.1636871,52.6652099],[1.1472963,52.6713663],[1.1463545,52.6600318],[1.1381846,52.6597665],[1.1352016,52.6428555],[1.132058,52.6457455],[1.1160832,52.6454544],[1.0976451,52.6497716],[1.0933658,52.6510566],[1.0896584,52.6473819],[1.0790345,52.6487378],[1.0746621,52.6381396],[1.0544316,52.6633292],[1.0548061,52.6589471],[1.0430962,52.6465115],[1.0234765,52.6397633],[1.0255398,52.630023],[1.018776,52.6157308],[1.0369193,52.6157812],[1.0394855,52.5881729],[1.0270276,52.5894131],[1.021812,52.5865569],[0.9732795,52.594912],[0.9637498,52.5946258],[0.9628802,52.5859433],[0.9545858,52.5869357],[0.9537119,52.5849422],[0.9625796,52.5834795],[0.9621882,52.5811772],[0.9470281,52.5758325],[0.9527068,52.5676198],[0.9735089,52.5547937],[1.0049139,52.5497897],[1.0120744,52.5429347],[1.0237992,52.5423703],[1.037968,52.5366645],[1.0613983,52.5371903],[1.0852103,52.5226345],[1.0929065,52.5212256],[1.0952557,52.5180227],[1.0895178,52.5145509],[1.0790094,52.5069348],[1.0825318,52.4845708],[1.0877245,52.4812343],[1.0856148,52.4710163],[1.0906395,52.4687023],[1.0952755,52.4703833],[1.0946622,52.4604156],[1.0730557,52.4547446],[1.0628749,52.4332128],[1.0675008,52.4288253],[1.0587277,52.4268916],[1.0570398,52.4200794],[1.045431,52.4199324],[1.0427916,52.4256483],[1.0212158,52.4163773],[1.0340476,52.4157159],[1.0314689,52.4103276],[1.0213989,52.4059701],[1.0243608,52.3987391],[1.0201901,52.3942148],[1.0299825,52.3787422],[1.0589826,52.3772514],[1.068384,52.3785058],[1.0806814,52.372673],[1.1149996,52.3713476],[1.1230088,52.3672217],[1.1314336,52.3676078],[1.156949,52.3612926],[1.1824801,52.3587338],[1.1900636,52.3617843],[1.1968603,52.3605832],[1.2126406,52.355387],[1.2189362,52.3572256],[1.2303287,52.3602765],[1.2330128,52.3649473],[1.2498557,52.3663751],[1.2628603,52.3743453],[1.2862348,52.3906897],[1.3012736,52.3917466],[1.3164891,52.3873713],[1.3306057,52.3935536],[1.3357978,52.4019659],[1.3471117,52.404386],[1.3462342,52.4090055],[1.3612128,52.4131879],[1.356592,52.4215095],[1.3636689,52.4274968],[1.3920987,52.4340385],[1.3931707,52.4389054],[1.4078365,52.4443837],[1.4326075,52.4453026],[1.4333101,52.4559329],[1.4109792,52.4616954],[1.4203031,52.4710697],[1.4265108,52.4705373],[1.4385354,52.4579518],[1.4460371,52.4560278],[1.4586564,52.4580571],[1.4644206,52.4645765],[1.480056,52.4718649],[1.5080217,52.4617523],[1.5161433,52.4640141],[1.5215436,52.4618711],[1.5285325,52.4684521],[1.5412678,52.4618701],[1.5441809,52.4629174],[1.5528098,52.4591538],[1.5578231,52.4576965],[1.5624795,52.4612242],[1.5680854,52.4746739],[1.5860861,52.4786707],[1.6040301,52.4715595],[1.6068554,52.4667215],[1.6269657,52.4623417],[1.6347732,52.4630562],[1.6465996,52.4719766],[1.6585714,52.4683294],[1.663695,52.4749485],[1.6708484,52.4765274],[1.6711395,52.4821806],[1.6819716,52.4899993],[1.6823958,52.4952242],[1.6718317,52.5039118],[1.6542797,52.5014166],[1.6451998,52.508571],[1.6465496,52.5152026],[1.6308939,52.52074],[1.6286047,52.5260246],[1.6201442,52.5334883],[1.621056,52.5397431],[1.6089661,52.5406715],[1.6057731,52.5447381],[1.6096408,52.550361],[1.6230685,52.5527699],[1.6330673,52.5608788],[1.6353909,52.5735656],[1.6485648,52.5762598],[1.6480769,52.5788922],[1.6456655,52.5885541],[1.6394727,52.5877415],[1.6369231,52.5819618],[1.6280908,52.5800223],[1.6230193,52.5742308],[1.6075252,52.5740326],[1.6083266,52.5692862],[1.6011324,52.5671165],[1.5927783,52.5583613],[1.5786975,52.5564457],[1.5548461,52.5595758],[1.5418201,52.5553295],[1.5406445,52.5555756],[1.5360397,52.5619118],[1.528857,52.5590664],[1.5218026,52.5623958],[1.5238202,52.5703471],[1.5183942,52.575236],[1.4981284,52.5707246],[1.4850042,52.5867278],[1.4703005,52.5863119],[1.469475,52.5870647],[1.4666344,52.5896549],[1.4625049,52.5942095],[1.4545393,52.5945603],[1.4536682,52.6013762],[1.4334881,52.6124506],[1.43768,52.6175778],[1.4346972,52.6200569],[1.4294196,52.618314],[1.4220946,52.6223296],[1.4137037,52.6211976],[1.4070738,52.6139658],[1.4007512,52.6132024],[1.3989639,52.6085373],[1.3876485,52.6046147],[1.3813952,52.6063962],[1.3766327,52.6206789],[1.3676976,52.6244455],[1.3514513,52.6214693],[1.3503199,52.6213378],[1.3489477,52.6211784],[1.3472194,52.6222679],[1.3430594,52.6248901],[1.3336864,52.6263264],[1.3252853,52.6231837],[1.3196287,52.6203413],[1.3204444,52.6160572],[1.2980915,52.605538],[1.2870618,52.5965183],[1.2778552,52.5973932],[1.2768825,52.5981512],[1.2688234,52.601774],[1.2577857,52.5981471],[1.2508908,52.6061535],[1.2416575,52.6100386],[1.2435627,52.6171535],[1.2318887,52.6176834],[1.2284717,52.6222123],[1.2327619,52.6281047],[1.227354,52.6322136],[1.2163717,52.6256083],[1.2098363,52.6371536],[1.2063435,52.6383078],[1.2038905,52.6447038],[1.2114928,52.6453665],[1.2354368,52.6409379],[1.2480472,52.6476119],[1.2485081,52.6477432],[1.2471003,52.6533839],[1.2334672,52.6611775],[1.2342513,52.6679965],[1.2215494,52.6731085],[1.2131243,52.6626824],[1.2065992,52.6608521],[1.2023632,52.6618536],[1.2017896,52.6729113]]],"type":"Polygon"},"id":"E07000149","properties":{"code":"E07000149","geography":"LAD","name":"South Norfolk"},"type":"Feature"},{"geometry":{"coordinates":[[[-1.2907421,53.1714251],[-1.2966042,53.1709208],[-1.3019132,53.1638642],[-1.3165949,53.1653644],[-1.3234589,53.1623314],[-1.3255834,53.1564749],[-1.3188152,53.1397185],[-1.3151387,53.1360803],[-1.3217802,53.1306503],[-1.3142476,53.1249143],[-1.3122925,53.1163203],[-1.3106623,53.1102567],[-1.3118328,53.1087057],[-1.3007289,53.1016203],[-1.3092514,53.0967702],[-1.3032357,53.0880838],[-1.3316355,53.0809879],[-1.3347171,53.0775721],[-1.3438346,53.0687296],[-1.3441123,53.0623316],[-1.3358685,53.0529658],[-1.3296075,53.0544796],[-1.3257835,53.0517199],[-1.3190006,53.0473287],[-1.3068205,53.047261],[-1.3078448,53.0430105],[-1.3011847,53.0432691],[-1.2991027,53.0463257],[-1.2880355,53.0482556],[-1.2774615,53.0462401],[-1.278615,53.0439614],[-1.2685886,53.0390001],[-1.2576363,53.0409336],[-1.2387764,53.0326299],[-1.2412598,53.0311508],[-1.2290642,53.022744],[-1.2325969,53.0113674],[-1.2251911,53.0081371],[-1.2130833,53.0126977],[-1.2100374,53.0181167],[-1.1952454,53.0154779],[-1.1877192,53.017937],[-1.1845254,53.0163862],[-1.1827462,53.0185691],[-1.1771517,53.037052],[-1.1774011,53.0381325],[-1.1822414,53.048508],[-1.1970679,53.0485963],[-1.2023483,53.0518117],[-1.2187935,53.0497397],[-1.2281187,53.0545707],[-1.2312887,53.0620649],[-1.2263095,53.0810242],[-1.2025058,53.0869106],[-1.192927,53.0926225],[-1.1960442,53.0945035],[-1.1642515,53.1032694],[-1.1778912,53.1148104],[-1.2071828,53.1253411],[-1.2193493,53.1290771],[-1.2293004,53.1341708],[-1.2379146,53.1396602],[-1.2371497,53.1463037],[-1.241815,53.1535841],[-1.2553244,53.1546158],[-1.2600679,53.1643671],[-1.2599253,53.1644794],[-1.2689655,53.1681772],[-1.2819918,53.1674241],[-1.2907421,53.1714251]]],"type":"Polygon"},"id":"E07000170","properties":{"code":"E07000170","geography":"LAD","name":"Ashfield"},"type":"Feature"},{"geometry":{"coordinates":[[[-0.9202468,53.4655076],[-0.9004706,53.4751559],[-0.9355646,53.5025165],[-0.9532592,53.4844235],[-0.9859781,53.4716734],[-0.9855476,53.461354],[-0.9975182,53.443655],[-0.9956698,53.4369267],[-1.0124581,53.4327959],[-1.0143581,53.4262974],[-1.0231689,53.4245144],[-1.0305153,53.4251953],[-1.0309498,53.4309795],[-1.0570508,53.4253599],[-1.0732679,53.4280574],[-1.0804394,53.4268679],[-1.079123,53.4228091],[-1.0870461,53.425544],[-1.0987374,53.4187348],[-1.1082269,53.4058818],[-1.116041,53.4073494],[-1.1155794,53.3971857],[-1.122811,53.3983124],[-1.1332781,53.3913783],[-1.1334926,53.3914806],[-1.1299959,53.3775656],[-1.138219,53.3722524],[-1.1449156,53.3712507],[-1.1464402,53.3657335],[-1.1451782,53.3633828],[-1.1405543,53.3640597],[-1.1385397,53.3559075],[-1.1516934,53.3544854],[-1.1619493,53.3579088],[-1.1619542,53.3542127],[-1.1568434,53.3449695],[-1.1402864,53.3465276],[-1.1387181,53.3413828],[-1.1486205,53.3385066],[-1.1593848,53.333509],[-1.1751109,53.3256774],[-1.1744818,53.3213909],[-1.1903234,53.319932],[-1.1997428,53.3114402],[-1.1872028,53.3039473],[-1.1795063,53.3064116],[-1.1741759,53.3025331],[-1.1743252,53.2983642],[-1.1715629,53.294638],[-1.180117,53.2871347],[-1.1664875,53.2776554],[-1.1815415,53.2700321],[-1.1747972,53.2651132],[-1.2025203,53.2611601],[-1.2124593,53.2455859],[-1.2020434,53.2355423],[-1.209413,53.217687],[-1.2022368,53.2161172],[-1.1711207,53.2189591],[-1.1521878,53.2237054],[-1.1236735,53.2246726],[-1.1220822,53.2308562],[-1.1114588,53.2304403],[-1.1032959,53.2356073],[-1.0724832,53.2409056],[-1.0521455,53.2521997],[-1.0275345,53.2608515],[-1.0235484,53.2478028],[-1.0129219,53.2416432],[-1.0065953,53.2361396],[-0.9675423,53.2353336],[-0.9472178,53.2257632],[-0.949291,53.2143058],[-0.93985,53.2154852],[-0.894248,53.2236715],[-0.8793418,53.2210729],[-0.8578387,53.2122066],[-0.8484982,53.2153089],[-0.8482136,53.2186619],[-0.8398195,53.2189203],[-0.8307982,53.2175665],[-0.8369546,53.2136579],[-0.8305197,53.2128308],[-0.8320631,53.2067323],[-0.8215709,53.2013504],[-0.8157238,53.2049188],[-0.7872925,53.2045655],[-0.7900756,53.1991471],[-0.7803631,53.1963979],[-0.7755729,53.2149588],[-0.7834432,53.2259453],[-0.7770745,53.2469082],[-0.7784869,53.2519927],[-0.7701754,53.2530974],[-0.7730989,53.2607361],[-0.7642798,53.2727392],[-0.7782056,53.2836088],[-0.7685263,53.2905758],[-0.7629834,53.2995797],[-0.7578841,53.2928179],[-0.7501792,53.2945416],[-0.747153,53.3044449],[-0.7532948,53.3104403],[-0.7536861,53.3202518],[-0.7500516,53.3243174],[-0.7601183,53.3246858],[-0.7664736,53.3301075],[-0.7580538,53.3419102],[-0.7648116,53.3463239],[-0.7586164,53.3538376],[-0.7734426,53.3639878],[-0.7808318,53.3612472],[-0.7910983,53.3634793],[-0.7860365,53.374553],[-0.7755694,53.3774026],[-0.7867575,53.3843091],[-0.7902197,53.3862921],[-0.7763447,53.3914822],[-0.7774429,53.3974083],[-0.7856906,53.4021182],[-0.7913976,53.4105153],[-0.7884213,53.4143576],[-0.8036324,53.417143],[-0.817003,53.4256646],[-0.8194027,53.4371629],[-0.8201631,53.4411291],[-0.80954,53.4436127],[-0.7974833,53.4550644],[-0.8719193,53.4663108],[-0.8737359,53.4614784],[-0.916249,53.4602957],[-0.9202468,53.4655076]]],"type":"Polygon"},"id":"E07000171","properties":{"code":"E07000171","geography":"LAD","name":"Bassetlaw"},"type":"Feature"},{"geometry":{"coordinates":[[[-1.3257835,53.0517199],[-1.3296075,53.0544796],[-1.3358685,53.0529658],[-1.3357654,53.0507544],[-1.3332034,53.033941],[-1.3280361,53.0293305],[-1.3226987,53.0215917],[-1.3133554,53.0052389],[-1.3079856,53.0038728],[-1.3074262,53.0036246],[-1.3063233,53.0032876],[-1.2977633,52.9896881],[-1.2949866,52.9798645],[-1.2877493,52.9696625],[-1.2905629,52.9597738],[-1.2925012,52.9555737],[-1.2824137,52.9512352],[-1.2827722,52.9455569],[-1.2811195,52.9407703],[-1.2791591,52.9368278],[-1.278132,52.9336276],[-1.2857771,52.9260651],[-1.2828215,52.9192889],[-1.2819604,52.9107899],[-1.2716869,52.905113],[-1.2564196,52.9017889],[-1.2465827,52.9030823],[-1.2475112,52.8987915],[-1.239706,52.8922892],[-1.2204925,52.8955638],[-1.220164,52.9023577],[-1.2139199,52.9044148],[-1.2105047,52.9122697],[-1.1990092,52.9094789],[-1.1823013,52.9173363],[-1.1957741,52.9278616],[-1.2051082,52.9333974],[-1.2152916,52.9339917],[-1.2171248,52.9389319],[-1.2242592,52.9424637],[-1.2324273,52.9420491],[-1.2450712,52.950393],[-1.2468267,52.9531051],[-1.240762,52.9630515],[-1.2319788,52.9676427],[-1.2468386,52.9845432],[-1.2260794,52.9811739],[-1.2225294,52.9860275],[-1.2150515,52.9831441],[-1.2036118,52.9870242],[-1.2034076,52.9875409],[-1.219115,52.9914445],[-1.2139215,52.9973846],[-1.2204364,53.0033926],[-1.2186343,53.006505],[-1.2251911,53.0081371],[-1.2325969,53.0113674],[-1.2290642,53.022744],[-1.2412598,53.0311508],[-1.2387764,53.0326299],[-1.2576363,53.0409336],[-1.2685886,53.0390001],[-1.278615,53.0439614],[-1.2774615,53.0462401],[-1.2880355,53.0482556],[-1.2991027,53.0463257],[-1.3011847,53.0432691],[-1.3078448,53.0430105],[-1.3068205,53.047261],[-1.3190006,53.0473287],[-1.3257835,53.0517199]]],"type":"Polygon"},"id":"E07000172","properties":{"code":"E07000172","geography":"LAD","name":"Broxtowe"},"type":"Feature"},{"geometry":{"coordinates":[[[-1.1599573,53.1039602],[-1.1642515,53.1032694],[-1.1960442,53.0945035],[-1.192927,53.0926225],[-1.2025058,53.0869106],[-1.2263095,53.0810242],[-1.2312887,53.0620649],[-1.2281187,53.0545707],[-1.2187935,53.0497397],[-1.2023483,53.0518117],[-1.1970679,53.0485963],[-1.1822414,53.048508],[-1.1774011,53.0381325],[-1.1771517,53.037052],[-1.1827462,53.0185691],[-1.1844816,53.014446],[-1.1676812,53.0143249],[-1.1667358,53.0106423],[-1.1435277,53.0065101],[-1.1523837,52.9966404],[-1.1459787,52.9983655],[-1.1382547,52.9948436],[-1.1424887,52.9862884],[-1.1311899,52.9860744],[-1.1263954,52.9847916],[-1.1200489,52.9720779],[-1.1151897,52.9648566],[-1.1040583,52.9640829],[-1.0965448,52.955459],[-1.0861151,52.9485699],[-1.0738297,52.955856],[-1.0623521,52.9503149],[-1.0566803,52.9507185],[-1.0415567,52.9512617],[-1.0337944,52.9583552],[-1.0375634,52.983584],[-1.0261588,52.9858591],[-1.0165532,52.9802435],[-1.007086,52.9854571],[-1.0087654,52.9892044],[-1.0168066,52.9887631],[-1.0215185,52.9927223],[-1.038118,52.9956299],[-1.0392067,53.000217],[-1.0342123,53.005003],[-1.0479471,53.0077619],[-1.0538955,53.01436],[-1.030286,53.0210702],[-1.0297299,53.0242559],[-1.0494161,53.0334922],[-1.0567202,53.0354103],[-1.0643307,53.0444939],[-1.0828171,53.0545763],[-1.0934313,53.0673532],[-1.0866733,53.0732325],[-1.0895025,53.0780195],[-1.0943157,53.0741503],[-1.1139585,53.0770112],[-1.1301815,53.0736071],[-1.1206433,53.0867494],[-1.1401479,53.0923519],[-1.1392871,53.099645],[-1.1576684,53.0990097],[-1.1599573,53.1039602]]],"type":"Polygon"},"id":"E07000173","properties":{"code":"E07000173","geography":"LAD","name":"Gedling"},"type":"Feature"},{"geometry":{"coordinates":[[[-1.0955869,53.2325603],[-1.1032959,53.2356073],[-1.1114588,53.2304403],[-1.1220822,53.2308562],[-1.1236735,53.2246726],[-1.1521878,53.2237054],[-1.1711207,53.2189591],[-1.2022368,53.2161172],[-1.209413,53.217687],[-1.2048157,53.2082773],[-1.2009685,53.2039629],[-1.201032,53.2039942],[-1.1951173,53.1894159],[-1.1987272,53.1830288],[-1.2042919,53.1823583],[-1.215661,53.1809073],[-1.2306082,53.1783001],[-1.2416891,53.1781488],[-1.253172,53.1655179],[-1.2599253,53.1644794],[-1.2600679,53.1643671],[-1.2553244,53.1546158],[-1.241815,53.1535841],[-1.2371497,53.1463037],[-1.2379146,53.1396602],[-1.2293004,53.1341708],[-1.2193493,53.1290771],[-1.2071828,53.1253411],[-1.1778912,53.1148104],[-1.1470267,53.1219462],[-1.1234842,53.1181683],[-1.1202173,53.1190809],[-1.1272424,53.1244983],[-1.1288986,53.1385833],[-1.1274532,53.1449469],[-1.1110564,53.1534275],[-1.1188781,53.1544142],[-1.1461492,53.1692268],[-1.1519996,53.1727508],[-1.1529842,53.175326],[-1.1361192,53.1886843],[-1.1133269,53.1964851],[-1.1042471,53.2088771],[-1.1039397,53.2192492],[-1.0973196,53.2195427],[-1.0947636,53.2286141],[-1.0955869,53.2325603]]],"type":"Polygon"},"id":"E07000174","properties":{"code":"E07000174","geography":"LAD","name":"Mansfield"},"type":"Feature"},{"geometry":{"coordinates":[[[-0.6880273,53.2583912],[-0.694764,53.2584023],[-0.7341508,53.254004],[-0.7350833,53.243874],[-0.7770745,53.2469082],[-0.7834432,53.2259453],[-0.7755729,53.2149588],[-0.7803631,53.1963979],[-0.7900756,53.1991471],[-0.7872925,53.2045655],[-0.8157238,53.2049188],[-0.8215709,53.2013504],[-0.8320631,53.2067323],[-0.8305197,53.2128308],[-0.8369546,53.2136579],[-0.8307982,53.2175665],[-0.8398195,53.2189203],[-0.8482136,53.2186619],[-0.8484982,53.2153089],[-0.8578387,53.2122066],[-0.8793418,53.2210729],[-0.894248,53.2236715],[-0.93985,53.2154852],[-0.949291,53.2143058],[-0.9472178,53.2257632],[-0.9675423,53.2353336],[-1.0065953,53.2361396],[-1.0129219,53.2416432],[-1.0235484,53.2478028],[-1.0275345,53.2608515],[-1.0521455,53.2521997],[-1.0724832,53.2409056],[-1.1032959,53.2356073],[-1.0955869,53.2325603],[-1.0947636,53.2286141],[-1.0973196,53.2195427],[-1.1039397,53.2192492],[-1.1042471,53.2088771],[-1.1133269,53.1964851],[-1.1361192,53.1886843],[-1.1529842,53.175326],[-1.1519996,53.1727508],[-1.1461492,53.1692268],[-1.1188781,53.1544142],[-1.1110564,53.1534275],[-1.1274532,53.1449469],[-1.1288986,53.1385833],[-1.1272424,53.1244983],[-1.1202173,53.1190809],[-1.1234842,53.1181683],[-1.1470267,53.1219462],[-1.1778912,53.1148104],[-1.1642515,53.1032694],[-1.1599573,53.1039602],[-1.1576684,53.0990097],[-1.1392871,53.099645],[-1.1401479,53.0923519],[-1.1206433,53.0867494],[-1.1301815,53.0736071],[-1.1139585,53.0770112],[-1.0943157,53.0741503],[-1.0895025,53.0780195],[-1.0866733,53.0732325],[-1.0934313,53.0673532],[-1.0828171,53.0545763],[-1.0643307,53.0444939],[-1.0567202,53.0354103],[-1.0494161,53.0334922],[-1.0297299,53.0242559],[-1.030286,53.0210702],[-1.0538955,53.01436],[-1.0479471,53.0077619],[-1.0342123,53.005003],[-1.0392067,53.000217],[-1.038118,52.9956299],[-1.0215185,52.9927223],[-1.0168066,52.9887631],[-1.0087654,52.9892044],[-1.007086,52.9854571],[-0.9952933,52.9863902],[-0.9873702,52.986315],[-0.9778968,52.9857136],[-0.9718751,52.9888135],[-0.960786,53.0039984],[-0.9380199,53.0141148],[-0.927003,53.0238425],[-0.9101204,53.0359284],[-0.9099008,53.0301516],[-0.8969566,53.0166237],[-0.8797798,53.0063529],[-0.864553,53.0113445],[-0.8550776,53.0066745],[-0.8489653,53.0096567],[-0.8357589,53.005696],[-0.8333541,53.007724],[-0.8223129,53.0003939],[-0.8234839,52.9972213],[-0.8203716,52.9877521],[-0.8151582,52.9856613],[-0.8254465,52.9733332],[-0.8360715,52.9679214],[-0.8200219,52.9604644],[-0.8128509,52.9574642],[-0.8098124,52.9659796],[-0.79615,52.9767315],[-0.7782786,52.9769234],[-0.7775542,52.9838067],[-0.8001895,53.0021937],[-0.8042737,53.0122457],[-0.7958249,53.0105981],[-0.7884138,53.0258534],[-0.7766729,53.0247111],[-0.7608265,53.0294103],[-0.7533309,53.0482423],[-0.7495518,53.0551157],[-0.7310745,53.0543457],[-0.7225976,53.0599222],[-0.7162038,53.0590587],[-0.7134665,53.0660466],[-0.701539,53.0636633],[-0.6951614,53.0662115],[-0.6988059,53.0677463],[-0.6984822,53.0754676],[-0.7103583,53.0793778],[-0.7061494,53.0833784],[-0.7243832,53.092589],[-0.7296178,53.097902],[-0.7212505,53.104268],[-0.7168825,53.119444],[-0.731092,53.124003],[-0.7324074,53.1278016],[-0.7153754,53.1368829],[-0.7232322,53.1551039],[-0.7160283,53.1704121],[-0.7181603,53.1772878],[-0.7302661,53.1800954],[-0.7641379,53.1815438],[-0.7621677,53.1882394],[-0.7537664,53.1881563],[-0.730569,53.2107564],[-0.7147529,53.2076078],[-0.6976164,53.2202373],[-0.6758721,53.2176444],[-0.666577,53.2397025],[-0.6880273,53.2583912]]],"type":"Polygon"},"id":"E07000175","properties":{"code":"E07000175","geography":"LAD","name":"Newark and Sherwood"},"type":"Feature"},{"geometry":{"coordinates":[[[-0.8969566,53.0166237],[-0.9099008,53.0301516],[-0.9101204,53.0359284],[-0.927003,53.0238425],[-0.9380199,53.0141148],[-0.960786,53.0039984],[-0.9718751,52.9888135],[-0.9778968,52.9857136],[-0.9873702,52.986315],[-0.9952933,52.9863902],[-1.007086,52.9854571],[-1.0165532,52.9802435],[-1.0261588,52.9858591],[-1.0375634,52.983584],[-1.0337944,52.9583552],[-1.0415567,52.9512617],[-1.0566803,52.9507185],[-1.0623521,52.9503149],[-1.0738297,52.955856],[-1.0861151,52.9485699],[-1.0996767,52.9419751],[-1.1151053,52.9438843],[-1.1315954,52.9428592],[-1.1385819,52.9349673],[-1.1454017,52.932005],[-1.1522888,52.9370265],[-1.15881,52.912815],[-1.1588591,52.9123096],[-1.1585639,52.9000358],[-1.1687879,52.8978446],[-1.1769358,52.8890176],[-1.1912299,52.8966364],[-1.2113016,52.9026121],[-1.216573,52.9001649],[-1.2139199,52.9044148],[-1.220164,52.9023577],[-1.2204925,52.8955638],[-1.239706,52.8922892],[-1.2463986,52.8891379],[-1.2389853,52.8835243],[-1.2400555,52.8801089],[-1.253611,52.8792858],[-1.2661043,52.8733118],[-1.2678891,52.8733687],[-1.2752828,52.86038],[-1.2645725,52.8581895],[-1.2722116,52.8494825],[-1.2662122,52.8427534],[-1.2690722,52.840334],[-1.2669336,52.8374702],[-1.2743635,52.8361295],[-1.2700372,52.8233172],[-1.2609418,52.8179778],[-1.2619449,52.8104473],[-1.2552852,52.8040983],[-1.245302,52.8061381],[-1.2345295,52.8021094],[-1.228407,52.793108],[-1.2253722,52.7917209],[-1.2116707,52.7949616],[-1.200289,52.7937879],[-1.1963238,52.7900822],[-1.1766767,52.8026334],[-1.1618779,52.8063937],[-1.1439636,52.8038766],[-1.1308931,52.8058269],[-1.121248,52.8123661],[-1.1191631,52.8191505],[-1.0941911,52.8219689],[-1.0914849,52.8200802],[-1.0744353,52.8247266],[-1.0688123,52.821236],[-1.0717382,52.8140112],[-1.059205,52.8172496],[-1.0497662,52.8134481],[-1.0367038,52.8159898],[-1.0363949,52.8159009],[-1.0214875,52.8220743],[-0.9956828,52.8212718],[-0.9890037,52.8182501],[-0.9750512,52.8292284],[-0.9770746,52.8407377],[-0.9706125,52.8449853],[-0.9608638,52.8433592],[-0.9528313,52.8504399],[-0.9412174,52.8539726],[-0.9408271,52.8615639],[-0.9281215,52.8660833],[-0.940564,52.8768296],[-0.9167753,52.8788759],[-0.912011,52.8835973],[-0.8743199,52.8982178],[-0.8576336,52.9056423],[-0.8628934,52.9131138],[-0.8413835,52.9283748],[-0.8349264,52.9393883],[-0.8225668,52.9440875],[-0.8339086,52.9458805],[-0.8200219,52.9604644],[-0.8360715,52.9679214],[-0.8254465,52.9733332],[-0.8151582,52.9856613],[-0.8203716,52.9877521],[-0.8234839,52.9972213],[-0.8223129,53.0003939],[-0.8333541,53.007724],[-0.8357589,53.005696],[-0.8489653,53.0096567],[-0.8550776,53.0066745],[-0.864553,53.0113445],[-0.8797798,53.0063529],[-0.8969566,53.0166237]]],"type":"Polygon"},"id":"E07000176","properties":{"code":"E07000176","geography":"LAD","name":"Rushcliffe"},"type":"Feature"},{"geometry":{"coordinates":[[[-1.3318971,52.1684851],[-1.3340053,52.1590809],[-1.3434587,52.153235],[-1.3410404,52.1448563],[-1.3499365,52.1415918],[-1.348708,52.1351322],[-1.3661471,52.1360752],[-1.3854629,52.1284032],[-1.3933025,52.1189629],[-1.3907003,52.1167889],[-1.3708421,52.1175342],[-1.3703665,52.1127178],[-1.3651834,52.1113018],[-1.3577697,52.1013104],[-1.3744237,52.099726],[-1.3853998,52.0941456],[-1.4038942,52.1100899],[-1.4207461,52.1178181],[-1.4515804,52.1144494],[-1.4471879,52.097625],[-1.4675593,52.0970565],[-1.4773016,52.1013509],[-1.4800667,52.0935585],[-1.4878044,52.0939574],[-1.4856075,52.0877334],[-1.494355,52.0822275],[-1.4906653,52.0771353],[-1.5018553,52.0716266],[-1.499186,52.0635785],[-1.4973533,52.0589545],[-1.510209,52.0254963],[-1.5228257,51.9968433],[-1.5181929,51.9898673],[-1.501872,51.9840919],[-1.4936683,51.9748988],[-1.4540774,51.9796706],[-1.4373718,51.9891926],[-1.4244532,51.9866855],[-1.426579,51.9829305],[-1.4125323,51.9785744],[-1.4099889,51.9727804],[-1.4018677,51.9798703],[-1.3772346,51.9796014],[-1.3649471,51.9674636],[-1.3613962,51.9685368],[-1.3618581,51.948375],[-1.3464161,51.9450904],[-1.345267,51.9411613],[-1.3324653,51.9421494],[-1.3399913,51.9349603],[-1.3301733,51.9334878],[-1.3305396,51.9273508],[-1.3252291,51.9267298],[-1.3247208,51.9225055],[-1.3062243,51.9197653],[-1.3063918,51.9163488],[-1.2986619,51.9120089],[-1.302417,51.9000054],[-1.289787,51.8937336],[-1.2978505,51.8880596],[-1.2885097,51.8815611],[-1.2861437,51.8751529],[-1.3022331,51.8689845],[-1.29535,51.8625049],[-1.3245612,51.8596532],[-1.3339945,51.8624789],[-1.3391753,51.8561729],[-1.3369951,51.8498982],[-1.3413609,51.8404243],[-1.3367192,51.8378493],[-1.3420009,51.8301814],[-1.3325424,51.831093],[-1.3262426,51.8255411],[-1.3310928,51.8205047],[-1.338176,51.8199641],[-1.3323816,51.8170198],[-1.3373967,51.8116921],[-1.3255638,51.8053288],[-1.3222854,51.787838],[-1.3093969,51.7891784],[-1.3047211,51.7896246],[-1.30282,51.780965],[-1.2836504,51.7962719],[-1.2580943,51.7935105],[-1.2527044,51.7864992],[-1.2440915,51.7894373],[-1.2538091,51.797847],[-1.2450871,51.8019803],[-1.2419636,51.8099958],[-1.2245733,51.8069414],[-1.2213402,51.8015576],[-1.2103575,51.8024625],[-1.2083416,51.7981547],[-1.2058124,51.8005599],[-1.1945191,51.7969944],[-1.1906791,51.798537],[-1.1873169,51.8121356],[-1.1674103,51.8137775],[-1.1671206,51.8096846],[-1.1518956,51.8030981],[-1.1540761,51.7966338],[-1.1368071,51.7960156],[-1.1268183,51.7995025],[-1.1235412,51.7941813],[-1.1174059,51.7991671],[-1.1248897,51.8075112],[-1.1100966,51.817305],[-1.1407539,51.8346761],[-1.1215989,51.8453421],[-1.0784494,51.8292546],[-1.0685882,51.8346355],[-1.0619066,51.8323841],[-1.0471431,51.8397527],[-1.062006,51.8441637],[-1.0660312,51.8528167],[-1.0646424,51.8686972],[-1.0691661,51.8746449],[-1.0776052,51.8767308],[-1.0701651,51.8820634],[-1.0704171,51.8887162],[-1.0768094,51.8877802],[-1.093519,51.8939369],[-1.0842539,51.8995449],[-1.0862791,51.9053195],[-1.0793564,51.917222],[-1.0866733,51.9226459],[-1.0755346,51.9299381],[-1.077549,51.9316434],[-1.0621115,51.9351368],[-1.0546163,51.9479588],[-1.0648918,51.9482634],[-1.0789921,51.9433945],[-1.0812745,51.9504482],[-1.0951667,51.9574323],[-1.078186,51.9810574],[-1.0531307,52.0024464],[-1.0608205,52.0086272],[-1.0739204,52.0062811],[-1.0771443,52.0088065],[-1.088062,52.005782],[-1.0959191,52.0149695],[-1.1028776,52.0120897],[-1.1119797,52.0165923],[-1.1180864,52.0154262],[-1.131253,52.0048848],[-1.1343287,51.9972964],[-1.1566508,51.9922344],[-1.1638235,51.9934122],[-1.1760546,51.9820454],[-1.1906901,51.9815229],[-1.1962598,51.9774314],[-1.2006417,51.9779449],[-1.2297004,51.9813673],[-1.2416122,51.9862934],[-1.2609155,51.9809261],[-1.2808651,51.9823641],[-1.2826924,51.9792473],[-1.288829,51.9897443],[-1.282995,51.9915128],[-1.283415,51.999459],[-1.277066,52.0053595],[-1.284521,52.010822],[-1.2786318,52.0113678],[-1.278164,52.0142727],[-1.2853166,52.0264773],[-1.2943127,52.0280357],[-1.2916994,52.030978],[-1.2964446,52.0408621],[-1.3090797,52.0487929],[-1.31292,52.0514527],[-1.3073701,52.0575754],[-1.3077046,52.0642603],[-1.3021755,52.0650189],[-1.3000669,52.0693634],[-1.3069032,52.0703135],[-1.2975088,52.0780567],[-1.2993607,52.0801015],[-1.3166151,52.0796057],[-1.3205419,52.0821953],[-1.3208689,52.0875688],[-1.3080193,52.0922829],[-1.2872404,52.0926102],[-1.2716688,52.0979399],[-1.2479828,52.0957414],[-1.2518475,52.1020182],[-1.2768296,52.1170764],[-1.3318971,52.1684851]]],"type":"Polygon"},"id":"E07000177","properties":{"code":"E07000177","geography":"LAD","name":"Cherwell"},"type":"Feature"},{"geometry":{"coordinates":[[[-1.1797265,51.7630818],[-1.1806881,51.7659954],[-1.2208153,51.7722584],[-1.2539859,51.7861521],[-1.2527044,51.7864992],[-1.2580943,51.7935105],[-1.2836504,51.7962719],[-1.30282,51.780965],[-1.3036701,51.7726369],[-1.2887872,51.7489976],[-1.2678409,51.7427117],[-1.2535089,51.7279721],[-1.2413096,51.7251597],[-1.2337893,51.722017],[-1.2222885,51.7109837],[-1.2165737,51.7155431],[-1.2073628,51.7149796],[-1.2002029,51.7121436],[-1.1883067,51.7167547],[-1.1876948,51.7185038],[-1.1841537,51.7215732],[-1.1903128,51.7270457],[-1.1757937,51.7334815],[-1.1792291,51.736247],[-1.1939941,51.7366001],[-1.1952468,51.7451533],[-1.1951045,51.7492533],[-1.1950613,51.7513587],[-1.194285,51.7571295],[-1.1878015,51.7555141],[-1.1797265,51.7630818]]],"type":"Polygon"},"id":"E07000178","properties":{"code":"E07000178","geography":"LAD","name":"Oxford"},"type":"Feature"},{"geometry":{"coordinates":[[[-1.1518956,51.8030981],[-1.1671206,51.8096846],[-1.1674103,51.8137775],[-1.1873169,51.8121356],[-1.1906791,51.798537],[-1.1945191,51.7969944],[-1.2058124,51.8005599],[-1.2083416,51.7981547],[-1.2103575,51.8024625],[-1.2213402,51.8015576],[-1.2245733,51.8069414],[-1.2419636,51.8099958],[-1.2450871,51.8019803],[-1.2538091,51.797847],[-1.2440915,51.7894373],[-1.2527044,51.7864992],[-1.2539859,51.7861521],[-1.2208153,51.7722584],[-1.1806881,51.7659954],[-1.1797265,51.7630818],[-1.1878015,51.7555141],[-1.194285,51.7571295],[-1.1950613,51.7513587],[-1.1951045,51.7492533],[-1.1952468,51.7451533],[-1.1939941,51.7366001],[-1.1792291,51.736247],[-1.1757937,51.7334815],[-1.1903128,51.7270457],[-1.1841537,51.7215732],[-1.1876948,51.7185038],[-1.1883067,51.7167547],[-1.2002029,51.7121436],[-1.2073628,51.7149796],[-1.2165737,51.7155431],[-1.2222885,51.7109837],[-1.2337893,51.722017],[-1.2413096,51.7251597],[-1.2426206,51.7210212],[-1.2335758,51.7117933],[-1.2217535,51.6846203],[-1.2349264,51.671052],[-1.250817,51.66656],[-1.2624946,51.6699481],[-1.2695416,51.6702852],[-1.2837987,51.6658699],[-1.2796561,51.6565536],[-1.2831999,51.6500114],[-1.2891225,51.6479335],[-1.287123,51.6428061],[-1.2632197,51.6500983],[-1.2325849,51.6415456],[-1.2193225,51.6426443],[-1.2354726,51.6301756],[-1.2430667,51.6225174],[-1.2541622,51.6220927],[-1.2572036,51.6171081],[-1.2649214,51.6192174],[-1.2662418,51.6171478],[-1.27327,51.6116355],[-1.2660849,51.6042051],[-1.2706336,51.5982441],[-1.2886765,51.5813119],[-1.290225,51.5778972],[-1.2841294,51.5748544],[-1.2693891,51.5845601],[-1.2334099,51.5827269],[-1.2300616,51.5803267],[-1.2088506,51.5912213],[-1.2022742,51.5901293],[-1.2279739,51.5468673],[-1.226792,51.5351585],[-1.2046442,51.5376039],[-1.2046503,51.5283945],[-1.1607982,51.5345895],[-1.1403748,51.5429113],[-1.1344463,51.5337221],[-1.1435357,51.5234545],[-1.1420531,51.5161954],[-1.1336933,51.5112856],[-1.1147844,51.5104818],[-1.1069691,51.5010965],[-1.1027766,51.4901709],[-1.0883618,51.4857527],[-1.0711481,51.4897406],[-1.0554224,51.4920375],[-1.0435934,51.4893808],[-1.0373969,51.4838246],[-1.0365575,51.4752268],[-1.0182045,51.4665845],[-1.0072958,51.4682111],[-1.0069293,51.4734215],[-0.9981811,51.47755],[-0.9983989,51.4843048],[-0.9753586,51.4874073],[-0.961805,51.4930919],[-0.9470326,51.4860624],[-0.9411369,51.4749777],[-0.9467552,51.4717254],[-0.9494408,51.4649309],[-0.9551839,51.4653338],[-0.9554526,51.4612565],[-0.9491678,51.4595133],[-0.9268672,51.4672847],[-0.9106082,51.4768309],[-0.9081859,51.4839606],[-0.8976517,51.4870453],[-0.8936761,51.4967633],[-0.8705143,51.503283],[-0.8716077,51.5075741],[-0.8802091,51.5116117],[-0.8782182,51.523018],[-0.883907,51.5271582],[-0.8998051,51.5361989],[-0.8968822,51.544863],[-0.9033124,51.5459274],[-0.9022217,51.5485663],[-0.9016806,51.5561658],[-0.9241462,51.5635246],[-0.9392786,51.5740582],[-0.9414712,51.585507],[-0.9248796,51.5908884],[-0.9168987,51.5992901],[-0.920175,51.6036114],[-0.9291402,51.6043236],[-0.9336672,51.6016598],[-0.9431388,51.6050164],[-0.9386444,51.6177869],[-0.9497934,51.6206777],[-0.9500295,51.6289072],[-0.9354921,51.6356255],[-0.937538,51.6416491],[-0.9507258,51.6507412],[-0.9449836,51.6497906],[-0.9463175,51.6537841],[-0.9331693,51.6526017],[-0.9294306,51.655749],[-0.9272512,51.6514436],[-0.9230982,51.6569967],[-0.9322129,51.6648685],[-0.9248892,51.6654275],[-0.917729,51.6724004],[-0.9103811,51.6738494],[-0.8947454,51.6682544],[-0.8777068,51.6683851],[-0.8841347,51.6737748],[-0.8978964,51.6764008],[-0.8867635,51.6813906],[-0.8798959,51.6808649],[-0.894773,51.6925223],[-0.8865578,51.7050834],[-0.8876824,51.7183434],[-0.8971648,51.7228486],[-0.9040276,51.7319961],[-0.9127821,51.7370283],[-0.9182692,51.7372096],[-0.9241153,51.7477151],[-0.9284776,51.7459364],[-0.93321,51.7523442],[-0.9449091,51.7536431],[-0.9541588,51.7578538],[-0.9814201,51.7600227],[-0.9833528,51.7524253],[-1.001531,51.7548083],[-1.0298277,51.7578813],[-1.0296225,51.7459586],[-1.0336295,51.7445913],[-1.0454715,51.7445992],[-1.0549541,51.7521936],[-1.0663847,51.7536246],[-1.0728919,51.7583228],[-1.0808517,51.7565537],[-1.0828007,51.7641145],[-1.0788484,51.7712661],[-1.0829481,51.7802959],[-1.1063613,51.7816305],[-1.1153822,51.7868992],[-1.1219434,51.7870806],[-1.119992,51.7922927],[-1.1235412,51.7941813],[-1.1268183,51.7995025],[-1.1368071,51.7960156],[-1.1540761,51.7966338],[-1.1518956,51.8030981]]],"type":"Polygon"},"id":"E07000179","properties":{"code":"E07000179","geography":"LAD","name":"South Oxfordshire"},"type":"Feature"},{"geometry":{"coordinates":[[[-1.2335758,51.7117933],[-1.2426206,51.7210212],[-1.2413096,51.7251597],[-1.2535089,51.7279721],[-1.2678409,51.7427117],[-1.2887872,51.7489976],[-1.3036701,51.7726369],[-1.30282,51.780965],[-1.3047211,51.7896246],[-1.3093969,51.7891784],[-1.3222854,51.787838],[-1.3302501,51.7862746],[-1.3484529,51.7769232],[-1.359993,51.7750048],[-1.3642205,51.7678058],[-1.3590971,51.7636582],[-1.3633787,51.7618196],[-1.3677602,51.7531287],[-1.3653575,51.7463596],[-1.3740722,51.7374015],[-1.3669935,51.7296347],[-1.3691778,51.7230189],[-1.3919199,51.7062959],[-1.4034335,51.7058811],[-1.4192917,51.7102934],[-1.4385867,51.7077716],[-1.4420656,51.7123827],[-1.4590092,51.7133043],[-1.4638446,51.7116845],[-1.4656809,51.6991447],[-1.4790371,51.7038993],[-1.4921264,51.6938859],[-1.4972281,51.6986813],[-1.5133515,51.7012317],[-1.5342764,51.6981838],[-1.5451876,51.7032393],[-1.5608073,51.6986332],[-1.5748519,51.7001074],[-1.5846749,51.6930474],[-1.6010587,51.6888593],[-1.6060446,51.692256],[-1.6283018,51.6838504],[-1.6353452,51.6875562],[-1.6482537,51.6840871],[-1.6684586,51.6804376],[-1.6752082,51.6825352],[-1.6760155,51.688407],[-1.6831346,51.6901264],[-1.6964436,51.6821476],[-1.7002119,51.6708831],[-1.6906158,51.6637561],[-1.6884695,51.6568185],[-1.6918858,51.6521618],[-1.6862267,51.6523482],[-1.6756276,51.6414154],[-1.6632537,51.6398898],[-1.6599242,51.6350159],[-1.6737291,51.6228363],[-1.6669897,51.6162195],[-1.6749193,51.6117314],[-1.6810823,51.613656],[-1.6905954,51.6054112],[-1.6847564,51.5903269],[-1.6904294,51.5843869],[-1.6911107,51.5835237],[-1.6840094,51.5728046],[-1.6765477,51.5693909],[-1.6550426,51.5764934],[-1.6476863,51.5719347],[-1.6341318,51.5532655],[-1.6137214,51.536511],[-1.6028249,51.5183097],[-1.584695,51.5249221],[-1.5811869,51.536995],[-1.5693594,51.5432831],[-1.5700073,51.5473802],[-1.5661774,51.545569],[-1.5563705,51.5530057],[-1.5474013,51.5530828],[-1.5309586,51.5460695],[-1.5166798,51.5511853],[-1.4958887,51.5456624],[-1.4860317,51.5405663],[-1.4858565,51.5340789],[-1.4762521,51.5307806],[-1.4707444,51.5286068],[-1.4629877,51.530191],[-1.4644225,51.5385167],[-1.4567565,51.5354584],[-1.4478319,51.5364265],[-1.4265912,51.5455989],[-1.4227687,51.5357649],[-1.4048577,51.5472352],[-1.3958504,51.540345],[-1.3889034,51.53989],[-1.3806985,51.5422587],[-1.3779513,51.5496866],[-1.369015,51.5522079],[-1.3556871,51.5467514],[-1.343988,51.5433777],[-1.3379515,51.545777],[-1.3287208,51.5637124],[-1.3262811,51.5596403],[-1.287596,51.5528967],[-1.2855214,51.548331],[-1.2701997,51.5446204],[-1.2606556,51.5377899],[-1.2401647,51.5376582],[-1.2299414,51.5346136],[-1.226792,51.5351585],[-1.2279739,51.5468673],[-1.2022742,51.5901293],[-1.2088506,51.5912213],[-1.2300616,51.5803267],[-1.2334099,51.5827269],[-1.2693891,51.5845601],[-1.2841294,51.5748544],[-1.290225,51.5778972],[-1.2886765,51.5813119],[-1.2706336,51.5982441],[-1.2660849,51.6042051],[-1.27327,51.6116355],[-1.2662418,51.6171478],[-1.2649214,51.6192174],[-1.2572036,51.6171081],[-1.2541622,51.6220927],[-1.2430667,51.6225174],[-1.2354726,51.6301756],[-1.2193225,51.6426443],[-1.2325849,51.6415456],[-1.2632197,51.6500983],[-1.287123,51.6428061],[-1.2891225,51.6479335],[-1.2831999,51.6500114],[-1.2796561,51.6565536],[-1.2837987,51.6658699],[-1.2695416,51.6702852],[-1.2624946,51.6699481],[-1.250817,51.66656],[-1.2349264,51.671052],[-1.2217535,51.6846203],[-1.2335758,51.7117933]]],"type":"Polygon"},"id":"E07000180","properties":{"code":"E07000180","geography":"LAD","name":"Vale of White Horse"},"type":"Feature"},{"geometry":{"coordinates":[[[-1.5228257,51.9968433],[-1.527929,51.9917543],[-1.5417416,51.9964321],[-1.5572236,51.9916577],[-1.5495467,51.9808463],[-1.5635391,51.9770404],[-1.5805731,51.972996],[-1.6003016,51.9769416],[-1.5916338,51.97045],[-1.6123425,51.9554034],[-1.6383147,51.9751718],[-1.6657543,51.9874888],[-1.6689433,51.9752727],[-1.6625291,51.9640049],[-1.6523746,51.9615119],[-1.6553669,51.9575035],[-1.6489266,51.9589248],[-1.6324907,51.9556515],[-1.6151889,51.9376816],[-1.6455298,51.9222943],[-1.6411821,51.9215618],[-1.6448893,51.9137158],[-1.6348411,51.9128831],[-1.6339277,51.9052998],[-1.6332526,51.899583],[-1.6448827,51.8946008],[-1.658652,51.8965512],[-1.6689572,51.8815044],[-1.6671119,51.8770001],[-1.6863512,51.8662924],[-1.6786937,51.8529225],[-1.676385,51.8503097],[-1.6864616,51.8344558],[-1.6811201,51.8160527],[-1.6768596,51.8170247],[-1.683753,51.8013375],[-1.7194886,51.7832118],[-1.7007046,51.7705842],[-1.6948655,51.748575],[-1.6870208,51.739884],[-1.6855078,51.7306342],[-1.6958183,51.7237729],[-1.6937065,51.7215879],[-1.6861662,51.7101759],[-1.6646997,51.6968787],[-1.6574381,51.6964513],[-1.6482537,51.6840871],[-1.6353452,51.6875562],[-1.6283018,51.6838504],[-1.6060446,51.692256],[-1.6010587,51.6888593],[-1.5846749,51.6930474],[-1.5748519,51.7001074],[-1.5608073,51.6986332],[-1.5451876,51.7032393],[-1.5342764,51.6981838],[-1.5133515,51.7012317],[-1.4972281,51.6986813],[-1.4921264,51.6938859],[-1.4790371,51.7038993],[-1.4656809,51.6991447],[-1.4638446,51.7116845],[-1.4590092,51.7133043],[-1.4420656,51.7123827],[-1.4385867,51.7077716],[-1.4192917,51.7102934],[-1.4034335,51.7058811],[-1.3919199,51.7062959],[-1.3691778,51.7230189],[-1.3669935,51.7296347],[-1.3740722,51.7374015],[-1.3653575,51.7463596],[-1.3677602,51.7531287],[-1.3633787,51.7618196],[-1.3590971,51.7636582],[-1.3642205,51.7678058],[-1.359993,51.7750048],[-1.3484529,51.7769232],[-1.3302501,51.7862746],[-1.3222854,51.787838],[-1.3255638,51.8053288],[-1.3373967,51.8116921],[-1.3323816,51.8170198],[-1.338176,51.8199641],[-1.3310928,51.8205047],[-1.3262426,51.8255411],[-1.3325424,51.831093],[-1.3420009,51.8301814],[-1.3367192,51.8378493],[-1.3413609,51.8404243],[-1.3369951,51.8498982],[-1.3391753,51.8561729],[-1.3339945,51.8624789],[-1.3245612,51.8596532],[-1.29535,51.8625049],[-1.3022331,51.8689845],[-1.2861437,51.8751529],[-1.2885097,51.8815611],[-1.2978505,51.8880596],[-1.289787,51.8937336],[-1.302417,51.9000054],[-1.2986619,51.9120089],[-1.3063918,51.9163488],[-1.3062243,51.9197653],[-1.3247208,51.9225055],[-1.3252291,51.9267298],[-1.3305396,51.9273508],[-1.3301733,51.9334878],[-1.3399913,51.9349603],[-1.3324653,51.9421494],[-1.345267,51.9411613],[-1.3464161,51.9450904],[-1.3618581,51.948375],[-1.3613962,51.9685368],[-1.3649471,51.9674636],[-1.3772346,51.9796014],[-1.4018677,51.9798703],[-1.4099889,51.9727804],[-1.4125323,51.9785744],[-1.426579,51.9829305],[-1.4244532,51.9866855],[-1.4373718,51.9891926],[-1.4540774,51.9796706],[-1.4936683,51.9748988],[-1.501872,51.9840919],[-1.5181929,51.9898673],[-1.5228257,51.9968433]]],"type":"Polygon"},"id":"E07000181","properties":{"code":"E07000181","geography":"LAD","name":"West Oxfordshire"},"type":"Feature"},{"geometry":{"coordinates":[[[-1.9439578,52.773739],[-1.9491456,52.7733591],[-1.9731297,52.7615582],[-1.9967762,52.7636439],[-2.0184662,52.7588307],[-2.0147801,52.7535107],[-2.0170162,52.7425664],[-2.026802,52.7363178],[-2.0256919,52.7350126],[-2.0253259,52.7345974],[-2.029849,52.714011],[-2.0310826,52.7051378],[-2.0369104,52.7033668],[-2.0532793,52.6884205],[-2.0491442,52.6832449],[-2.0513554,52.6780214],[-2.0443336,52.6760901],[-2.0356175,52.6711204],[-2.0252403,52.6717933],[-2.0227206,52.6722703],[-2.0049177,52.6691322],[-2.0005257,52.6610158],[-1.9949515,52.6543134],[-1.9930255,52.6453413],[-1.983767,52.643622],[-1.9865503,52.6404093],[-1.9640361,52.6418422],[-1.9602806,52.6441629],[-1.9605572,52.653711],[-1.9550739,52.654137],[-1.960066,52.6620651],[-1.9546126,52.6626834],[-1.9632252,52.6746329],[-1.9619991,52.6782249],[-1.9583102,52.6768275],[-1.95925,52.684149],[-1.9545869,52.684525],[-1.9481611,52.6908332],[-1.9496325,52.6956685],[-1.9439316,52.6965344],[-1.933536,52.6959563],[-1.9326208,52.6963136],[-1.9294095,52.7050057],[-1.9155107,52.7106386],[-1.937326,52.7141028],[-1.9358617,52.7208554],[-1.9339226,52.727647],[-1.9149046,52.7404559],[-1.9128744,52.7485975],[-1.9108068,52.751191],[-1.9171992,52.7546556],[-1.9113871,52.759029],[-1.9439578,52.773739]]],"type":"Polygon"},"id":"E07000192","properties":{"code":"E07000192","geography":"LAD","name":"Cannock Chase"},"type":"Feature"},{"geometry":{"coordinates":[[[-1.7789868,53.0449181],[-1.7902162,53.0429289],[-1.7909487,53.0383663],[-1.7948045,53.0393301],[-1.7935482,53.0324175],[-1.7878815,53.0298482],[-1.7910736,53.0263354],[-1.7847655,53.0245538],[-1.7947217,53.0204239],[-1.7960583,53.0132167],[-1.8014099,53.0215722],[-1.8141912,53.0297595],[-1.8211454,53.02874],[-1.8304699,53.0329602],[-1.8452899,53.0303369],[-1.8560327,53.034097],[-1.8639816,53.0300935],[-1.866942,53.0246357],[-1.8715388,53.0199878],[-1.8841187,53.0200966],[-1.8865467,53.0162756],[-1.876206,53.0044681],[-1.880595,52.9946024],[-1.8693826,52.9915541],[-1.8612438,52.9748888],[-1.870912,52.9744353],[-1.8799692,52.9699292],[-1.8991484,52.9716977],[-1.9096681,52.9625463],[-1.9168687,52.9659558],[-1.9221808,52.9636014],[-1.9280307,52.9597452],[-1.916978,52.9571123],[-1.9177763,52.9519044],[-1.9032083,52.945246],[-1.9101856,52.9398093],[-1.9268929,52.9412967],[-1.9343652,52.931669],[-1.9569199,52.9350672],[-1.9710103,52.9408057],[-1.9774058,52.9345972],[-1.9936497,52.9339276],[-2.0042057,52.9277322],[-2.0257255,52.9248595],[-2.0338544,52.9224393],[-2.0343359,52.9181107],[-2.04156,52.9174732],[-2.0427111,52.9157036],[-2.0127497,52.9065814],[-2.016969,52.9023055],[-2.0027289,52.8968557],[-1.9997038,52.8922685],[-1.9859422,52.8952972],[-1.9796599,52.8932791],[-1.9701702,52.8851557],[-1.9684512,52.874864],[-1.9606846,52.8702981],[-1.9525125,52.8683878],[-1.9360122,52.8707508],[-1.9375906,52.8587617],[-1.933297,52.8541],[-1.9398863,52.8516643],[-1.9367031,52.8481545],[-1.9510924,52.8437435],[-1.9486918,52.8407168],[-1.9544348,52.8321335],[-1.9678845,52.824301],[-1.9513271,52.8074284],[-1.9307807,52.8055673],[-1.9019431,52.7953225],[-1.8898299,52.8003469],[-1.8637135,52.7899415],[-1.8537354,52.7823218],[-1.8449497,52.7877243],[-1.8423566,52.7959318],[-1.8175777,52.7930279],[-1.8095044,52.7831429],[-1.828402,52.7690586],[-1.8234899,52.7691453],[-1.8175257,52.7551909],[-1.8078569,52.7573979],[-1.7952514,52.7523427],[-1.7905317,52.7537863],[-1.7845625,52.7458522],[-1.7784929,52.7462065],[-1.7759266,52.7507888],[-1.7690718,52.7480391],[-1.7673192,52.7508518],[-1.7506032,52.7391479],[-1.7235412,52.7392309],[-1.7174821,52.7312934],[-1.7105535,52.7298839],[-1.704158,52.7320788],[-1.6978749,52.7353914],[-1.6975562,52.743785],[-1.6922882,52.7441636],[-1.6968866,52.7529894],[-1.6861765,52.7588625],[-1.6820799,52.7702199],[-1.6701791,52.7733955],[-1.6700471,52.7735948],[-1.6707395,52.7810706],[-1.6656038,52.7851628],[-1.6499298,52.779482],[-1.6382428,52.7867285],[-1.6269577,52.7797725],[-1.6192893,52.7851679],[-1.6124624,52.7812182],[-1.6112302,52.7828095],[-1.6094166,52.7844535],[-1.6143454,52.788274],[-1.6026584,52.7919851],[-1.6035493,52.7954553],[-1.5978501,52.7983443],[-1.5935133,52.7969316],[-1.5889464,52.7998222],[-1.5916922,52.8092878],[-1.6103443,52.8156025],[-1.6030064,52.8261928],[-1.5887806,52.8288837],[-1.5879636,52.8316099],[-1.5918955,52.8322703],[-1.5912867,52.8362614],[-1.5989043,52.8377599],[-1.6064989,52.8430967],[-1.6190943,52.8460074],[-1.6280785,52.8517156],[-1.626531,52.8543846],[-1.6351521,52.8529917],[-1.6746157,52.861156],[-1.6899991,52.8645242],[-1.7006088,52.8605835],[-1.7033338,52.8664004],[-1.7120605,52.8659209],[-1.7176753,52.8645318],[-1.7141642,52.8628877],[-1.7168029,52.8604936],[-1.7218044,52.863245],[-1.7252947,52.8596659],[-1.7263174,52.8630708],[-1.7393281,52.8648838],[-1.7399802,52.8677109],[-1.749558,52.8667738],[-1.7460033,52.8686932],[-1.7475864,52.8705789],[-1.7522672,52.8688079],[-1.7507031,52.8737102],[-1.7585847,52.8772206],[-1.7742319,52.8792595],[-1.7772207,52.8838147],[-1.7837984,52.8839867],[-1.7881484,52.8800169],[-1.8014201,52.8861262],[-1.8110527,52.8806532],[-1.8236224,52.8828803],[-1.8221831,52.8860722],[-1.8267089,52.8839859],[-1.832986,52.8873796],[-1.8342494,52.8955136],[-1.8299119,52.8964314],[-1.8359939,52.9041205],[-1.8441242,52.9072233],[-1.8481374,52.9099847],[-1.8426532,52.9130411],[-1.8478033,52.9128761],[-1.8489263,52.9166215],[-1.8478745,52.9203098],[-1.8559248,52.9215705],[-1.8542152,52.9306688],[-1.849603,52.9310631],[-1.8494244,52.9355354],[-1.8393741,52.94142],[-1.8330927,52.9412839],[-1.8356644,52.9452373],[-1.828752,52.9477589],[-1.8344888,52.9548712],[-1.8255586,52.9618013],[-1.8302326,52.9714678],[-1.826781,52.9770858],[-1.8059043,52.980415],[-1.8015291,52.9830799],[-1.804785,52.9855287],[-1.7965981,52.985147],[-1.7933913,52.9896417],[-1.7875215,52.9894264],[-1.7900019,52.9924719],[-1.7700293,52.9973206],[-1.7624047,52.9998577],[-1.7662403,53.0069955],[-1.7635582,53.0113891],[-1.7577186,53.0171444],[-1.7637308,53.0214281],[-1.7571882,53.0287959],[-1.7615817,53.0333314],[-1.7588594,53.0368769],[-1.7681938,53.0440382],[-1.7787341,53.0430137],[-1.7789868,53.0449181]]],"type":"Polygon"},"id":"E07000193","properties":{"code":"E07000193","geography":"LAD","name":"East Staffordshire"},"type":"Feature"},{"geometry":{"coordinates":[[[-1.9307807,52.8055673],[-1.9513271,52.8074284],[-1.9526285,52.8006544],[-1.9580764,52.7985056],[-1.9482047,52.7936336],[-1.9506748,52.7897773],[-1.9452528,52.789356],[-1.952085,52.7800827],[-1.9439578,52.773739],[-1.9113871,52.759029],[-1.9171992,52.7546556],[-1.9108068,52.751191],[-1.9128744,52.7485975],[-1.9149046,52.7404559],[-1.9339226,52.727647],[-1.9358617,52.7208554],[-1.937326,52.7141028],[-1.9155107,52.7106386],[-1.9294095,52.7050057],[-1.9326208,52.6963136],[-1.933536,52.6959563],[-1.9439316,52.6965344],[-1.9496325,52.6956685],[-1.9481611,52.6908332],[-1.9545869,52.684525],[-1.95925,52.684149],[-1.9583102,52.6768275],[-1.9619991,52.6782249],[-1.9632252,52.6746329],[-1.9546126,52.6626834],[-1.9454461,52.6563257],[-1.9336509,52.6615623],[-1.9236835,52.6555279],[-1.9128422,52.6582337],[-1.9086598,52.654],[-1.9181207,52.649951],[-1.9050838,52.6432076],[-1.9159853,52.6352858],[-1.8943423,52.6226719],[-1.8851662,52.6133778],[-1.8905633,52.598124],[-1.8725645,52.5849447],[-1.8724215,52.5850059],[-1.8527962,52.6024927],[-1.8323703,52.6078066],[-1.8084698,52.6030903],[-1.7965281,52.5991229],[-1.7880023,52.5878979],[-1.7766499,52.5922108],[-1.7683277,52.5891134],[-1.7422879,52.5943189],[-1.7390115,52.5892746],[-1.7292611,52.5879513],[-1.7046536,52.587495],[-1.7003161,52.5908846],[-1.7036995,52.5960397],[-1.695181,52.5987087],[-1.6888217,52.6058212],[-1.6920948,52.6122377],[-1.6914533,52.6173919],[-1.7020558,52.6157357],[-1.7118866,52.6254603],[-1.7312576,52.6327164],[-1.7358367,52.6369074],[-1.7341291,52.6435994],[-1.7214067,52.6476812],[-1.7225525,52.6513661],[-1.7044181,52.6509521],[-1.6897182,52.6509226],[-1.6843686,52.6472209],[-1.6707521,52.6516023],[-1.6449872,52.657485],[-1.6155996,52.6687565],[-1.6155437,52.6719796],[-1.604265,52.6737215],[-1.6042826,52.6789985],[-1.5896452,52.6872608],[-1.5863941,52.6944919],[-1.597541,52.7004218],[-1.6057458,52.696501],[-1.6154929,52.7007012],[-1.6252626,52.6974059],[-1.6352963,52.7024974],[-1.6375776,52.6996436],[-1.6550636,52.6987758],[-1.6543014,52.7082087],[-1.6592909,52.7140834],[-1.6566077,52.7217485],[-1.6779443,52.7275041],[-1.6969517,52.7271945],[-1.704158,52.7320788],[-1.7105535,52.7298839],[-1.7174821,52.7312934],[-1.7235412,52.7392309],[-1.7506032,52.7391479],[-1.7673192,52.7508518],[-1.7690718,52.7480391],[-1.7759266,52.7507888],[-1.7784929,52.7462065],[-1.7845625,52.7458522],[-1.7905317,52.7537863],[-1.7952514,52.7523427],[-1.8078569,52.7573979],[-1.8175257,52.7551909],[-1.8234899,52.7691453],[-1.828402,52.7690586],[-1.8095044,52.7831429],[-1.8175777,52.7930279],[-1.8423566,52.7959318],[-1.8449497,52.7877243],[-1.8537354,52.7823218],[-1.8637135,52.7899415],[-1.8898299,52.8003469],[-1.9019431,52.7953225],[-1.9307807,52.8055673]]],"type":"Polygon"},"id":"E07000194","properties":{"code":"E07000194","geography":"LAD","name":"Lichfield"},"type":"Feature"},{"geometry":{"coordinates":[[[-2.1892714,53.1014324],[-2.1993033,53.105283],[-2.2113149,53.1158245],[-2.2230736,53.1037952],[-2.2379514,53.1010471],[-2.2464316,53.0903076],[-2.2532485,53.093977],[-2.255899,53.0906742],[-2.2770593,53.0859116],[-2.275289,53.0821891],[-2.2816902,53.0803161],[-2.2944609,53.0782958],[-2.303403,53.0829963],[-2.3167823,53.0811864],[-2.3290094,53.0765799],[-2.3304022,53.0708801],[-2.3485978,53.0558447],[-2.3537353,53.0588488],[-2.357579,53.0547185],[-2.3750598,53.0545307],[-2.3851237,53.048091],[-2.3821591,53.0458497],[-2.3861247,53.0336027],[-2.379785,53.0275914],[-2.3842274,53.0261676],[-2.3704216,53.0145296],[-2.3830447,53.0077868],[-2.3807937,52.9984111],[-2.3764963,52.9976899],[-2.3798068,52.9910655],[-2.3702692,52.9821621],[-2.3707368,52.9774663],[-2.3797183,52.9760653],[-2.3828321,52.970658],[-2.3771416,52.9649355],[-2.3847503,52.9598221],[-2.3873373,52.9526781],[-2.3937431,52.9505519],[-2.3991535,52.9606508],[-2.4129171,52.9617707],[-2.4071338,52.9579081],[-2.4055027,52.9473176],[-2.4251506,52.9500126],[-2.4367227,52.9438698],[-2.4469455,52.9286064],[-2.4568411,52.924374],[-2.455687,52.9155684],[-2.4608545,52.9093835],[-2.4707819,52.9058783],[-2.465263,52.8923153],[-2.4562245,52.8852622],[-2.4576294,52.8791009],[-2.4460968,52.874003],[-2.4404116,52.8812273],[-2.4258507,52.8820022],[-2.411858,52.8878902],[-2.3855546,52.8879884],[-2.3789379,52.8917205],[-2.3826885,52.897841],[-2.3791496,52.9129132],[-2.3578793,52.9185576],[-2.3473072,52.9141187],[-2.3327636,52.9282042],[-2.3230293,52.930841],[-2.2963592,52.9319461],[-2.2854769,52.9265813],[-2.2640652,52.9236832],[-2.2632332,52.9339614],[-2.2731423,52.9411496],[-2.2780262,52.9512274],[-2.270225,52.963372],[-2.2644036,52.9628494],[-2.2625659,52.9656897],[-2.2535748,52.9639311],[-2.2270834,52.9763458],[-2.2125137,52.9805751],[-2.2043409,52.9813982],[-2.2124647,52.9881845],[-2.2134428,52.9950682],[-2.2171904,53.0016366],[-2.2115295,53.0070303],[-2.2155306,53.0152831],[-2.2025528,53.0200245],[-2.2049604,53.0231405],[-2.2083654,53.0344621],[-2.2150121,53.0404672],[-2.2219913,53.0498747],[-2.2279179,53.0637307],[-2.2341397,53.0643927],[-2.2387614,53.0733393],[-2.215864,53.0853121],[-2.2013706,53.0867],[-2.1985629,53.0927332],[-2.1811482,53.0898439],[-2.1826725,53.0924708],[-2.1892714,53.1014324]]],"type":"Polygon"},"id":"E07000195","properties":{"code":"E07000195","geography":"LAD","name":"Newcastle-under-Lyme"},"type":"Feature"},{"geometry":{"coordinates":[[[-2.0659639,52.7735466],[-2.0747314,52.7784244],[-2.0950889,52.7810903],[-2.0938604,52.7862071],[-2.0991379,52.7847128],[-2.0988583,52.773234],[-2.1026708,52.769798],[-2.1083338,52.7712163],[-2.1134471,52.7692349],[-2.1347123,52.7759288],[-2.1383839,52.7837813],[-2.1447314,52.7836084],[-2.1561731,52.7725756],[-2.1596392,52.7436359],[-2.1635447,52.7411292],[-2.1690121,52.7445426],[-2.177975,52.7439877],[-2.1786165,52.7366849],[-2.1876118,52.7329667],[-2.196875,52.7346095],[-2.2019897,52.7319785],[-2.2183532,52.7323588],[-2.2197631,52.7260404],[-2.2311742,52.7247865],[-2.246613,52.7150618],[-2.2575297,52.7186901],[-2.2557278,52.7305037],[-2.2626689,52.7298358],[-2.2665928,52.7372839],[-2.2739004,52.7377563],[-2.2765658,52.7423527],[-2.2831646,52.7404834],[-2.2959394,52.7434474],[-2.2993212,52.7407509],[-2.312208,52.7408377],[-2.3167175,52.7379759],[-2.3156368,52.73294],[-2.314679,52.7245552],[-2.3086035,52.7207461],[-2.3248336,52.7053358],[-2.3199078,52.6953978],[-2.3079953,52.693332],[-2.3030405,52.6829528],[-2.2735505,52.679754],[-2.2476955,52.6830431],[-2.2387153,52.6637013],[-2.2476874,52.6566601],[-2.2347091,52.6558542],[-2.2373858,52.6510332],[-2.2328945,52.6476942],[-2.2368872,52.6360671],[-2.2477927,52.6254556],[-2.255804,52.6099833],[-2.2680007,52.6102323],[-2.2793054,52.6058137],[-2.3096013,52.6074012],[-2.3134616,52.6140553],[-2.3210621,52.6147257],[-2.3239104,52.6039602],[-2.3220245,52.593636],[-2.308546,52.5910937],[-2.3002927,52.5930271],[-2.2950562,52.5846277],[-2.2789291,52.5835467],[-2.2629257,52.5704294],[-2.260836,52.5631577],[-2.2824766,52.5533961],[-2.2657295,52.5493131],[-2.2564191,52.5417307],[-2.2692154,52.5306888],[-2.2611234,52.5239141],[-2.29139,52.5116799],[-2.308667,52.4944958],[-2.3127492,52.4892088],[-2.3062771,52.4827322],[-2.2956303,52.4738916],[-2.2873824,52.4553169],[-2.2949641,52.4489477],[-2.287072,52.4457207],[-2.2695048,52.438616],[-2.2627312,52.4407052],[-2.2615027,52.4369411],[-2.2178772,52.4353684],[-2.2104341,52.4299704],[-2.1969951,52.4277843],[-2.192822,52.4232664],[-2.1858155,52.4262317],[-2.1677066,52.4237804],[-2.1638107,52.4232581],[-2.1648513,52.4302041],[-2.1749235,52.4585784],[-2.1675121,52.4712172],[-2.1785785,52.4826978],[-2.1851759,52.4948131],[-2.1886596,52.4945073],[-2.1847838,52.5003472],[-2.1918143,52.5033867],[-2.1866191,52.5047871],[-2.1879824,52.508363],[-2.1780933,52.5116786],[-2.1487812,52.514695],[-2.1445829,52.5213842],[-2.1519823,52.5261821],[-2.1355638,52.5345086],[-2.1391403,52.548081],[-2.1334867,52.5540667],[-2.1409567,52.5585395],[-2.1530544,52.5536752],[-2.1730488,52.5546409],[-2.1757731,52.5550136],[-2.1755263,52.5644866],[-2.1796313,52.5639896],[-2.1809587,52.566396],[-2.1769746,52.5669585],[-2.1829635,52.5769299],[-2.1882774,52.5741752],[-2.1894314,52.5772704],[-2.201832,52.5788183],[-2.2039624,52.5838627],[-2.1999006,52.5838454],[-2.206877,52.5865833],[-2.1981761,52.5891768],[-2.1893094,52.5886086],[-2.1885525,52.592097],[-2.1898725,52.5992886],[-2.1952436,52.6070874],[-2.18728,52.6090307],[-2.1803136,52.6049015],[-2.1724541,52.6102748],[-2.1691573,52.6093384],[-2.1709637,52.614334],[-2.1650169,52.6165126],[-2.1684625,52.6198933],[-2.1617315,52.6191297],[-2.1628487,52.6211569],[-2.151565,52.6245895],[-2.1530479,52.6297357],[-2.1371123,52.629815],[-2.1337542,52.6336218],[-2.1316441,52.6376231],[-2.1182457,52.6377084],[-2.0992485,52.6327618],[-2.0971907,52.6233683],[-2.0810017,52.611905],[-2.0673254,52.6120764],[-2.0687067,52.6181167],[-2.0640002,52.6207463],[-2.0507179,52.6205227],[-2.0301732,52.6169537],[-2.0355348,52.6217562],[-2.0100178,52.6346167],[-1.995472,52.6383587],[-1.990917,52.6366678],[-1.9865503,52.6404093],[-1.983767,52.643622],[-1.9930255,52.6453413],[-1.9949515,52.6543134],[-2.0005257,52.6610158],[-2.0049177,52.6691322],[-2.0227206,52.6722703],[-2.0252403,52.6717933],[-2.0356175,52.6711204],[-2.0443336,52.6760901],[-2.0513554,52.6780214],[-2.0491442,52.6832449],[-2.0532793,52.6884205],[-2.0369104,52.7033668],[-2.0310826,52.7051378],[-2.029849,52.714011],[-2.0253259,52.7345974],[-2.0256919,52.7350126],[-2.026802,52.7363178],[-2.0445148,52.7620917],[-2.0761641,52.7669672],[-2.0659639,52.7735466]]],"type":"Polygon"},"id":"E07000196","properties":{"code":"E07000196","geography":"LAD","name":"South Staffordshire"},"type":"Feature"},{"geometry":{"coordinates":[[[-2.195376,52.9642237],[-2.2071693,52.9717746],[-2.2125137,52.9805751],[-2.2270834,52.9763458],[-2.2535748,52.9639311],[-2.2625659,52.9656897],[-2.2644036,52.9628494],[-2.270225,52.963372],[-2.2780262,52.9512274],[-2.2731423,52.9411496],[-2.2632332,52.9339614],[-2.2640652,52.9236832],[-2.2854769,52.9265813],[-2.2963592,52.9319461],[-2.3230293,52.930841],[-2.3327636,52.9282042],[-2.3473072,52.9141187],[-2.3578793,52.9185576],[-2.3791496,52.9129132],[-2.3826885,52.897841],[-2.3789379,52.8917205],[-2.3753867,52.8914405],[-2.3825605,52.876485],[-2.3811558,52.8670627],[-2.3884955,52.862234],[-2.3937562,52.83662],[-2.3970903,52.8338536],[-2.4076556,52.8346053],[-2.4163466,52.827006],[-2.3776545,52.8116428],[-2.3713274,52.7953044],[-2.3805429,52.7947742],[-2.3812513,52.7907529],[-2.3856474,52.7907548],[-2.3762771,52.7837717],[-2.3659487,52.7833968],[-2.368828,52.7772768],[-2.3575687,52.772198],[-2.3301561,52.7580214],[-2.3305272,52.7515845],[-2.3215089,52.7499162],[-2.312208,52.7408377],[-2.2993212,52.7407509],[-2.2959394,52.7434474],[-2.2831646,52.7404834],[-2.2765658,52.7423527],[-2.2739004,52.7377563],[-2.2665928,52.7372839],[-2.2626689,52.7298358],[-2.2557278,52.7305037],[-2.2575297,52.7186901],[-2.246613,52.7150618],[-2.2311742,52.7247865],[-2.2197631,52.7260404],[-2.2183532,52.7323588],[-2.2019897,52.7319785],[-2.196875,52.7346095],[-2.1876118,52.7329667],[-2.1786165,52.7366849],[-2.177975,52.7439877],[-2.1690121,52.7445426],[-2.1635447,52.7411292],[-2.1596392,52.7436359],[-2.1561731,52.7725756],[-2.1447314,52.7836084],[-2.1383839,52.7837813],[-2.1347123,52.7759288],[-2.1134471,52.7692349],[-2.1083338,52.7712163],[-2.1026708,52.769798],[-2.0988583,52.773234],[-2.0991379,52.7847128],[-2.0938604,52.7862071],[-2.0950889,52.7810903],[-2.0747314,52.7784244],[-2.0659639,52.7735466],[-2.0761641,52.7669672],[-2.0445148,52.7620917],[-2.026802,52.7363178],[-2.0170162,52.7425664],[-2.0147801,52.7535107],[-2.0184662,52.7588307],[-1.9967762,52.7636439],[-1.9731297,52.7615582],[-1.9491456,52.7733591],[-1.9439578,52.773739],[-1.952085,52.7800827],[-1.9452528,52.789356],[-1.9506748,52.7897773],[-1.9482047,52.7936336],[-1.9580764,52.7985056],[-1.9526285,52.8006544],[-1.9513271,52.8074284],[-1.9678845,52.824301],[-1.9544348,52.8321335],[-1.9486918,52.8407168],[-1.9510924,52.8437435],[-1.9367031,52.8481545],[-1.9398863,52.8516643],[-1.933297,52.8541],[-1.9375906,52.8587617],[-1.9360122,52.8707508],[-1.9525125,52.8683878],[-1.9606846,52.8702981],[-1.9684512,52.874864],[-1.9701702,52.8851557],[-1.9796599,52.8932791],[-1.9859422,52.8952972],[-1.9997038,52.8922685],[-2.0027289,52.8968557],[-2.016969,52.9023055],[-2.0127497,52.9065814],[-2.0427111,52.9157036],[-2.04156,52.9174732],[-2.0629914,52.922481],[-2.0461271,52.9373103],[-2.0499948,52.9394016],[-2.0430317,52.9513532],[-2.0534151,52.9566146],[-2.0688809,52.9629933],[-2.0684473,52.9683674],[-2.0881312,52.9738484],[-2.0812309,52.966902],[-2.1002797,52.9607401],[-2.1030153,52.9634092],[-2.1095965,52.9623592],[-2.1102844,52.9578189],[-2.121585,52.9560863],[-2.1281584,52.9664198],[-2.1313572,52.9715421],[-2.1457107,52.9761108],[-2.1514926,52.9711936],[-2.1498415,52.9652806],[-2.1594995,52.9636194],[-2.1625946,52.9533654],[-2.1711199,52.951729],[-2.1722381,52.9550115],[-2.1768139,52.9536936],[-2.1745054,52.9472218],[-2.1815605,52.9461582],[-2.1859976,52.9510063],[-2.1912534,52.9500864],[-2.195376,52.9642237]]],"type":"Polygon"},"id":"E07000197","properties":{"code":"E07000197","geography":"LAD","name":"Stafford"},"type":"Feature"},{"geometry":{"coordinates":[[[-1.9367317,53.2115001],[-1.9567072,53.2137476],[-1.9623646,53.2262417],[-1.9873798,53.2136037],[-2.0017493,53.1929557],[-2.0182317,53.1890845],[-2.0285809,53.1933721],[-2.0461097,53.1927771],[-2.0593175,53.1808356],[-2.0580563,53.1763888],[-2.0781007,53.1704156],[-2.0873984,53.1698366],[-2.0907078,53.1723536],[-2.1005237,53.1695241],[-2.1154323,53.1695366],[-2.1144059,53.1725771],[-2.1279465,53.1746481],[-2.1337442,53.1830396],[-2.1407397,53.1836008],[-2.1448659,53.1737678],[-2.1414229,53.1566125],[-2.1555454,53.1596535],[-2.1595429,53.1529061],[-2.1732802,53.1476049],[-2.1865338,53.1359773],[-2.1935063,53.1295649],[-2.2113149,53.1158245],[-2.1993033,53.105283],[-2.1892714,53.1014324],[-2.1826725,53.0924708],[-2.1811482,53.0898439],[-2.177626,53.0911895],[-2.167346,53.0832492],[-2.161101,53.0700838],[-2.1398456,53.068321],[-2.1390944,53.0652993],[-2.1253727,53.0646149],[-2.1274372,53.0537388],[-2.116583,53.0480329],[-2.1299688,53.0480684],[-2.1290419,53.043574],[-2.1265081,53.0401357],[-2.1291671,53.0356168],[-2.1232497,53.0278654],[-2.1188026,53.0264452],[-2.1237633,53.0215896],[-2.1209682,53.0202944],[-2.1149524,53.013892],[-2.1034667,53.010858],[-2.1072048,53.0038447],[-2.1013579,52.9956281],[-2.0950977,52.9987421],[-2.0885264,52.9970775],[-2.0919566,52.9855593],[-2.0847898,52.9812147],[-2.0794581,52.9740192],[-2.0881312,52.9738484],[-2.0684473,52.9683674],[-2.0688809,52.9629933],[-2.0534151,52.9566146],[-2.0430317,52.9513532],[-2.0499948,52.9394016],[-2.0461271,52.9373103],[-2.0629914,52.922481],[-2.04156,52.9174732],[-2.0343359,52.9181107],[-2.0338544,52.9224393],[-2.0257255,52.9248595],[-2.0042057,52.9277322],[-1.9936497,52.9339276],[-1.9774058,52.9345972],[-1.9710103,52.9408057],[-1.9569199,52.9350672],[-1.9343652,52.931669],[-1.9268929,52.9412967],[-1.9101856,52.9398093],[-1.9032083,52.945246],[-1.9177763,52.9519044],[-1.916978,52.9571123],[-1.9280307,52.9597452],[-1.9221808,52.9636014],[-1.9168687,52.9659558],[-1.9096681,52.9625463],[-1.8991484,52.9716977],[-1.8799692,52.9699292],[-1.870912,52.9744353],[-1.8612438,52.9748888],[-1.8693826,52.9915541],[-1.880595,52.9946024],[-1.876206,53.0044681],[-1.8865467,53.0162756],[-1.8841187,53.0200966],[-1.8715388,53.0199878],[-1.866942,53.0246357],[-1.8639816,53.0300935],[-1.8560327,53.034097],[-1.8452899,53.0303369],[-1.8304699,53.0329602],[-1.8211454,53.02874],[-1.8141912,53.0297595],[-1.8014099,53.0215722],[-1.7960583,53.0132167],[-1.7947217,53.0204239],[-1.7847655,53.0245538],[-1.7910736,53.0263354],[-1.7878815,53.0298482],[-1.7935482,53.0324175],[-1.7948045,53.0393301],[-1.7909487,53.0383663],[-1.7902162,53.0429289],[-1.7789868,53.0449181],[-1.7841452,53.0547077],[-1.7756527,53.0593546],[-1.785552,53.06311],[-1.7913556,53.0782],[-1.7886048,53.0809053],[-1.794239,53.0883941],[-1.792295,53.0915261],[-1.7829713,53.0933342],[-1.7890763,53.109493],[-1.8009336,53.1151585],[-1.8140979,53.1319334],[-1.8221596,53.1379824],[-1.8120826,53.1527319],[-1.8161787,53.1587289],[-1.837197,53.1757606],[-1.8740431,53.1953837],[-1.88491,53.1965458],[-1.8986825,53.200042],[-1.9091844,53.1988105],[-1.9367317,53.2115001]]],"type":"Polygon"},"id":"E07000198","properties":{"code":"E07000198","geography":"LAD","name":"Staffordshire Moorlands"},"type":"Feature"},{"geometry":{"coordinates":[[[-1.6449872,52.657485],[-1.6707521,52.6516023],[-1.6843686,52.6472209],[-1.6897182,52.6509226],[-1.7044181,52.6509521],[-1.7225525,52.6513661],[-1.7214067,52.6476812],[-1.7341291,52.6435994],[-1.7358367,52.6369074],[-1.7312576,52.6327164],[-1.7118866,52.6254603],[-1.7020558,52.6157357],[-1.6914533,52.6173919],[-1.6920948,52.6122377],[-1.6888217,52.6058212],[-1.695181,52.5987087],[-1.7036995,52.5960397],[-1.7003161,52.5908846],[-1.6979304,52.5909136],[-1.6856576,52.5893644],[-1.6857861,52.5934124],[-1.6792234,52.5927095],[-1.6656396,52.5922522],[-1.6657079,52.5956658],[-1.6607814,52.5945102],[-1.6515775,52.5984183],[-1.6437071,52.6036449],[-1.6397774,52.6083931],[-1.6360151,52.6196169],[-1.6415302,52.6202091],[-1.6430864,52.6232037],[-1.6381808,52.6255207],[-1.6424221,52.6314895],[-1.6382166,52.6377779],[-1.6425382,52.640958],[-1.6342155,52.6430122],[-1.6449872,52.657485]]],"type":"Polygon"},"id":"E07000199","properties":{"code":"E07000199","geography":"LAD","name":"Tamworth"},"type":"Feature"},{"geometry":{"coordinates":[[[[1.0848014,51.9456915],[1.079305,51.9464875],[1.0812178,51.9446823],[1.0848014,51.9456915]]],[[[1.1606764,52.0326405],[1.1606415,52.0316196],[1.1662267,52.0298646],[1.1606764,52.0326405]]],[[[0.7159666,52.1776889],[0.7033407,52.1810767],[0.694232,52.1800069],[0.697329,52.170123],[0.6908718,52.1663414],[0.6917,52.1575813],[0.6861822,52.1593106],[0.68153,52.1560361],[0.6742539,52.156731],[0.6734702,52.1592435],[0.6637131,52.1563311],[0.6634185,52.1607011],[0.6453742,52.1601773],[0.6463756,52.1569452],[0.6413873,52.1562845],[0.6375408,52.1502328],[0.6402618,52.1458184],[0.6333736,52.1424903],[0.6372077,52.133393],[0.6269167,52.1310004],[0.6333525,52.127713],[0.628663,52.1246653],[0.6358276,52.1229598],[0.6326754,52.1152353],[0.6372867,52.1146618],[0.6505465,52.101204],[0.6569009,52.0854417],[0.6608613,52.0836994],[0.6724429,52.0861703],[0.6789453,52.0838859],[0.6831166,52.0870402],[0.6882534,52.0847756],[0.6924279,52.0787286],[0.7020809,52.079495],[0.7121182,52.0722425],[0.7098795,52.0669872],[0.7031776,52.0652732],[0.7113907,52.053368],[0.7162634,52.0486872],[0.6994001,52.0484381],[0.6964412,52.0394837],[0.6988219,52.0367113],[0.702444,52.0377178],[0.7125314,52.0348973],[0.706547,52.0295355],[0.7143966,52.0273188],[0.739056,52.0323973],[0.7424101,52.016357],[0.7386555,52.0105599],[0.7491591,52.0055504],[0.7498636,51.9998582],[0.7610467,51.9975468],[0.7596677,51.9854291],[0.7746333,51.9825916],[0.772261,51.9704245],[0.7814689,51.9665129],[0.7851474,51.9674682],[0.7872103,51.9631007],[0.8108771,51.9606961],[0.8152816,51.9670535],[0.82465,51.9685496],[0.8502401,51.9607666],[0.8669072,51.9691998],[0.8776476,51.9665139],[0.8865657,51.968445],[0.8897486,51.9734241],[0.9252398,51.9761644],[0.9293866,51.9714387],[0.942911,51.9706903],[0.9619057,51.9769303],[0.9713049,51.9698042],[0.9709827,51.9624078],[1.001264,51.9634048],[1.0115615,51.9550698],[1.024712,51.9549024],[1.048105,51.9593992],[1.0621054,51.9491734],[1.0621539,51.9491508],[1.0636388,51.9484566],[1.0588136,51.955931],[1.0660509,51.9489954],[1.0689821,51.9545546],[1.0729297,51.9541476],[1.0694493,51.9552566],[1.0861321,51.9589331],[1.0998015,51.9537171],[1.1024879,51.9540779],[1.1185412,51.9562331],[1.1303137,51.9535407],[1.1322436,51.9575664],[1.1532488,51.9648032],[1.1599278,51.9652411],[1.1635427,51.9705252],[1.1630486,51.9672952],[1.1778714,51.9648253],[1.1873353,51.9557578],[1.200416,51.9558966],[1.2101796,51.9559992],[1.2119329,51.9554247],[1.2197219,51.952872],[1.2429769,51.9614136],[1.2693862,51.9544935],[1.2737381,51.9556665],[1.2763942,51.9574896],[1.2790881,51.9603883],[1.2675687,51.9764103],[1.2711087,51.9758237],[1.2702281,51.9841865],[1.2673032,51.9878682],[1.2443992,51.9918891],[1.2469443,51.9899743],[1.2430468,51.9900483],[1.2429171,51.9927545],[1.2428718,51.9927665],[1.2312329,51.9958482],[1.2115324,51.9966214],[1.2038772,52.0043991],[1.2034945,52.0047879],[1.185188,52.0074165],[1.171189,52.01571],[1.1668814,52.018261],[1.1618895,52.0268048],[1.1500349,52.0340049],[1.1505262,52.0342324],[1.1467128,52.0338779],[1.1295771,52.0299545],[1.1256588,52.0341914],[1.1176078,52.0353222],[1.1129435,52.0345776],[1.1072757,52.0461858],[1.1143137,52.0485974],[1.1102503,52.0535021],[1.122004,52.0574247],[1.1220213,52.0615218],[1.1092158,52.0710428],[1.0913706,52.0654073],[1.0653874,52.0653918],[1.0581886,52.066535],[1.045445,52.0779115],[1.0414312,52.0686263],[1.0260564,52.0709115],[1.0282053,52.076747],[1.0203026,52.0868701],[1.0080334,52.092895],[1.0029081,52.0987305],[0.9707783,52.0956706],[0.9753624,52.1014251],[0.9731202,52.1069228],[0.9593021,52.104855],[0.9511877,52.1147123],[0.9536552,52.1202814],[0.9447351,52.1276455],[0.9488235,52.1378166],[0.9465508,52.1454964],[0.938416,52.1524662],[0.9417292,52.1536743],[0.9380499,52.1575405],[0.9272775,52.1530357],[0.9203188,52.1556159],[0.8923697,52.1504719],[0.8938826,52.1576781],[0.8815802,52.1547005],[0.8688227,52.1655771],[0.8619219,52.1638311],[0.8594407,52.1659364],[0.8595363,52.1633899],[0.8433261,52.1612657],[0.8255789,52.1626672],[0.8146819,52.1689793],[0.8141695,52.1707326],[0.7869192,52.1778942],[0.7686889,52.1749998],[0.7650503,52.1739035],[0.7615425,52.1579384],[0.7419922,52.1593308],[0.7383362,52.1699708],[0.7327759,52.1647543],[0.728162,52.1680996],[0.7227988,52.1651039],[0.7159666,52.1776889]]]],"type":"MultiPolygon"},"id":"E07000200","properties":{"code":"E07000200","geography":"LAD","name":"Babergh"},"type":"Feature"},{"geometry":{"coordinates":[[[1.1578388,52.0887516],[1.1422924,52.0944697],[1.1385334,52.0883928],[1.1157346,52.0892313],[1.1137856,52.0900504],[1.1091189,52.0880966],[1.1092158,52.0710428],[1.1220213,52.0615218],[1.122004,52.0574247],[1.1102503,52.0535021],[1.1143137,52.0485974],[1.1072757,52.0461858],[1.1129435,52.0345776],[1.1176078,52.0353222],[1.1256588,52.0341914],[1.1295771,52.0299545],[1.1467128,52.0338779],[1.1505262,52.0342324],[1.1554978,52.0365344],[1.159926,52.0479576],[1.1630591,52.0460487],[1.1610765,52.0420228],[1.1609919,52.0418509],[1.1606764,52.0326405],[1.1662267,52.0298646],[1.1697201,52.0303438],[1.1776754,52.0224467],[1.1848098,52.0243269],[1.1866106,52.0219935],[1.2016785,52.0243306],[1.209477,52.0207687],[1.2150326,52.0256205],[1.2193688,52.0228829],[1.2210325,52.0254628],[1.2236103,52.0294343],[1.2019439,52.0374055],[1.2059552,52.0412052],[1.2092127,52.0484774],[1.2038282,52.0494712],[1.2052098,52.0621405],[1.2002145,52.0685353],[1.1868266,52.077286],[1.1898943,52.08045],[1.1709827,52.0808129],[1.1655866,52.0810102],[1.1578388,52.0887516]]],"type":"Polygon"},"id":"E07000202","properties":{"code":"E07000202","geography":"LAD","name":"Ipswich"},"type":"Feature"},{"geometry":{"coordinates":[[[1.3757296,52.3896408],[1.374857,52.3946774],[1.3642444,52.3984771],[1.3609639,52.4035227],[1.3471117,52.404386],[1.3357978,52.4019659],[1.3306057,52.3935536],[1.3164891,52.3873713],[1.3012736,52.3917466],[1.2862348,52.3906897],[1.2628603,52.3743453],[1.2498557,52.3663751],[1.2330128,52.3649473],[1.2303287,52.3602765],[1.2189362,52.3572256],[1.2126406,52.355387],[1.1968603,52.3605832],[1.1900636,52.3617843],[1.1824801,52.3587338],[1.156949,52.3612926],[1.1314336,52.3676078],[1.1230088,52.3672217],[1.1149996,52.3713476],[1.0806814,52.372673],[1.068384,52.3785058],[1.0589826,52.3772514],[1.0299825,52.3787422],[1.0276856,52.3785725],[1.0068138,52.375743],[0.9978123,52.3715399],[0.967471,52.3701128],[0.9672096,52.3657205],[0.9531535,52.3560333],[0.9579637,52.3507553],[0.9573045,52.3403526],[0.9532306,52.3368608],[0.9326975,52.3357297],[0.9256926,52.3273356],[0.9259406,52.3192795],[0.9311244,52.312869],[0.9045773,52.3055878],[0.9116784,52.3020601],[0.9031605,52.3038456],[0.9001521,52.2989157],[0.8829353,52.3001369],[0.8873566,52.2927191],[0.8825102,52.2931181],[0.8740788,52.2994922],[0.8667946,52.2978643],[0.8690033,52.2934589],[0.8552621,52.2915464],[0.8555569,52.2863493],[0.8428991,52.2847807],[0.8536832,52.2770705],[0.8563274,52.2684423],[0.849568,52.2648042],[0.8425935,52.2680273],[0.8438654,52.2598003],[0.8258262,52.2665153],[0.817711,52.264382],[0.8094167,52.267051],[0.8016038,52.2659094],[0.7975809,52.2512299],[0.8062809,52.249892],[0.8066811,52.246439],[0.8271296,52.2389676],[0.8199517,52.2333791],[0.8217192,52.2248952],[0.8151548,52.2039099],[0.8194158,52.198987],[0.8363463,52.198296],[0.8380549,52.194583],[0.8327289,52.1868411],[0.8362738,52.1821694],[0.824572,52.1797154],[0.8224943,52.1745589],[0.8141695,52.1707326],[0.8146819,52.1689793],[0.8255789,52.1626672],[0.8433261,52.1612657],[0.8595363,52.1633899],[0.8594407,52.1659364],[0.8619219,52.1638311],[0.8688227,52.1655771],[0.8815802,52.1547005],[0.8938826,52.1576781],[0.8923697,52.1504719],[0.9203188,52.1556159],[0.9272775,52.1530357],[0.9380499,52.1575405],[0.9417292,52.1536743],[0.938416,52.1524662],[0.9465508,52.1454964],[0.9488235,52.1378166],[0.9447351,52.1276455],[0.9536552,52.1202814],[0.9511877,52.1147123],[0.9593021,52.104855],[0.9731202,52.1069228],[0.9753624,52.1014251],[0.9707783,52.0956706],[1.0029081,52.0987305],[1.0080334,52.092895],[1.0203026,52.0868701],[1.0282053,52.076747],[1.0260564,52.0709115],[1.0414312,52.0686263],[1.045445,52.0779115],[1.0581886,52.066535],[1.0653874,52.0653918],[1.0913706,52.0654073],[1.1092158,52.0710428],[1.1091189,52.0880966],[1.1137856,52.0900504],[1.1157346,52.0892313],[1.1385334,52.0883928],[1.1422924,52.0944697],[1.1578388,52.0887516],[1.1672306,52.0998042],[1.1655137,52.1133137],[1.1705718,52.1136311],[1.177767,52.1207],[1.1779527,52.1278858],[1.1702036,52.1276232],[1.169469,52.1312497],[1.175353,52.1324664],[1.1767027,52.1369297],[1.1914029,52.1399843],[1.1966681,52.1550038],[1.215425,52.1615708],[1.2139654,52.1665385],[1.2208838,52.1692943],[1.2371349,52.1696604],[1.2569569,52.1949198],[1.2567303,52.1983646],[1.2430524,52.2003785],[1.2416215,52.2121436],[1.2483472,52.2158278],[1.2435445,52.2176949],[1.2473633,52.2286742],[1.2864563,52.240461],[1.293516,52.2476089],[1.2933765,52.2554738],[1.3035548,52.2594291],[1.3171062,52.2586945],[1.3264529,52.264642],[1.3397674,52.2659262],[1.3368618,52.2766683],[1.3412687,52.2844484],[1.3304025,52.2909661],[1.3275908,52.2984791],[1.3472956,52.293405],[1.3444317,52.2820897],[1.3556574,52.2740774],[1.3554802,52.2787746],[1.3763111,52.2754552],[1.381501,52.2798164],[1.4016454,52.2856981],[1.3841404,52.2941056],[1.3807246,52.3035459],[1.3840219,52.3106666],[1.3710173,52.3137307],[1.3574761,52.3221565],[1.3621614,52.334366],[1.3574046,52.3372743],[1.3599119,52.339823],[1.4095085,52.3632651],[1.3757296,52.3896408]]],"type":"Polygon"},"id":"E07000203","properties":{"code":"E07000203","geography":"LAD","name":"Mid Suffolk"},"type":"Feature"},{"geometry":{"coordinates":[[[-0.3591393,51.4119032],[-0.3738602,51.4084933],[-0.38335,51.4085383],[-0.3856967,51.4091506],[-0.3971933,51.4085962],[-0.4115359,51.4032546],[-0.4129335,51.4014696],[-0.4189475,51.3971642],[-0.4320894,51.3840416],[-0.4427773,51.389798],[-0.445004,51.3869005],[-0.4518908,51.3876328],[-0.4505231,51.3836599],[-0.4579907,51.380567],[-0.4676235,51.3746199],[-0.4675567,51.365686],[-0.4741214,51.3639678],[-0.4760866,51.3595475],[-0.4669715,51.3565753],[-0.4811857,51.3493836],[-0.4767692,51.3432635],[-0.4636536,51.3406157],[-0.462344,51.3299603],[-0.451452,51.3309383],[-0.4455696,51.3267707],[-0.4366066,51.3263269],[-0.4456987,51.3241411],[-0.440312,51.3048364],[-0.411794,51.3035664],[-0.4053257,51.2949056],[-0.3946739,51.2979706],[-0.3940002,51.2986435],[-0.3920013,51.3082837],[-0.3969364,51.3127716],[-0.3875273,51.3096475],[-0.380473,51.3135702],[-0.3734223,51.3092452],[-0.367375,51.3148282],[-0.360349,51.311784],[-0.3524857,51.3191779],[-0.3306556,51.3290096],[-0.3279539,51.3522106],[-0.3184815,51.3657622],[-0.3178974,51.3697978],[-0.3126515,51.3747511],[-0.308434,51.3758594],[-0.3073654,51.3783835],[-0.3132307,51.3887225],[-0.3159932,51.3875714],[-0.3176979,51.3936671],[-0.3258603,51.3914396],[-0.3382379,51.4007633],[-0.3591393,51.4119032]]],"type":"Polygon"},"id":"E07000207","properties":{"code":"E07000207","geography":"LAD","name":"Elmbridge"},"type":"Feature"},{"geometry":{"coordinates":[[[-0.2406616,51.3105798],[-0.2441627,51.3118787],[-0.2412516,51.3161457],[-0.2419185,51.3219286],[-0.2341699,51.327174],[-0.2208416,51.329802],[-0.2298227,51.3365228],[-0.2172644,51.3433871],[-0.2269448,51.3626256],[-0.2339494,51.3653848],[-0.2453824,51.3668893],[-0.2446794,51.3690612],[-0.2450412,51.3799603],[-0.2450279,51.3800592],[-0.2609913,51.3795957],[-0.2690403,51.3735373],[-0.2724458,51.3722467],[-0.2740226,51.3706553],[-0.2840711,51.36515],[-0.2883956,51.36216],[-0.2870187,51.3593978],[-0.3040656,51.3431717],[-0.3050628,51.3378146],[-0.3061892,51.3350756],[-0.2876641,51.3210916],[-0.2729025,51.2933716],[-0.2722344,51.2923303],[-0.2643993,51.2995453],[-0.2472454,51.2987211],[-0.2406616,51.3105798]]],"type":"Polygon"},"id":"E07000208","properties":{"code":"E07000208","geography":"LAD","name":"Epsom and Ewell"},"type":"Feature"},{"geometry":{"coordinates":[[[-0.4837973,51.3315059],[-0.4891807,51.3297428],[-0.4890548,51.3257098],[-0.4784475,51.3225538],[-0.47532,51.3164523],[-0.4880402,51.3161646],[-0.5008479,51.3065642],[-0.5102983,51.3131208],[-0.5136333,51.3094654],[-0.5108211,51.3060961],[-0.525338,51.3027953],[-0.5299112,51.2975432],[-0.5396222,51.3012938],[-0.5452929,51.2933943],[-0.5491908,51.2846605],[-0.5341881,51.2738458],[-0.5376708,51.2731564],[-0.5374458,51.2684144],[-0.5443696,51.2655036],[-0.5507312,51.266953],[-0.5549267,51.2708511],[-0.5635536,51.2704958],[-0.6008518,51.2860771],[-0.6116505,51.2821552],[-0.6186029,51.2830397],[-0.6478906,51.3043551],[-0.6468068,51.3118858],[-0.6713614,51.3173651],[-0.6875044,51.3138135],[-0.6999353,51.2978427],[-0.6977538,51.2887751],[-0.7065476,51.2833232],[-0.7202244,51.279285],[-0.7310699,51.280347],[-0.7316332,51.2667907],[-0.7333006,51.2597215],[-0.7304898,51.2548998],[-0.7380856,51.2417417],[-0.7357861,51.2376802],[-0.7455404,51.2304564],[-0.741601,51.2241796],[-0.7482813,51.2231892],[-0.7418635,51.2195486],[-0.7476869,51.2143474],[-0.7472152,51.2089232],[-0.731642,51.1968613],[-0.7065606,51.2027107],[-0.7024004,51.1924729],[-0.6884024,51.1886532],[-0.6829902,51.1946447],[-0.6709602,51.1960221],[-0.6634072,51.2002462],[-0.6568161,51.1873344],[-0.6503987,51.1831447],[-0.6531653,51.181646],[-0.6481198,51.175837],[-0.6408853,51.1788521],[-0.6311272,51.1840741],[-0.629942,51.1910272],[-0.6387164,51.1951643],[-0.6354298,51.2010881],[-0.6212594,51.2028807],[-0.6141143,51.2080542],[-0.5944175,51.2032892],[-0.5849269,51.1986629],[-0.593301,51.1937811],[-0.5908468,51.190483],[-0.5770969,51.1881681],[-0.573789,51.1983166],[-0.5623465,51.2016775],[-0.5555585,51.1992584],[-0.5475998,51.2096032],[-0.5324451,51.2134482],[-0.5268353,51.2089614],[-0.5056505,51.2049646],[-0.5053426,51.1836027],[-0.4938441,51.1843145],[-0.4885709,51.1781481],[-0.4793897,51.177423],[-0.4676,51.179521],[-0.457075,51.1748862],[-0.4439059,51.1835539],[-0.432941,51.1790927],[-0.429533,51.1740321],[-0.4278239,51.1758174],[-0.4185686,51.1732936],[-0.4084469,51.1756875],[-0.4098781,51.1926995],[-0.4189388,51.2018009],[-0.4384368,51.2096795],[-0.4256761,51.2303233],[-0.4346482,51.2399058],[-0.4211057,51.2395671],[-0.4108544,51.2351633],[-0.3973537,51.2376701],[-0.3944597,51.2550897],[-0.3892742,51.2559285],[-0.3872699,51.2653368],[-0.3973763,51.2796419],[-0.3946739,51.2979706],[-0.4053257,51.2949056],[-0.411794,51.3035664],[-0.440312,51.3048364],[-0.4456987,51.3241411],[-0.4366066,51.3263269],[-0.4455696,51.3267707],[-0.451452,51.3309383],[-0.462344,51.3299603],[-0.4739787,51.3269991],[-0.4837973,51.3315059]]],"type":"Polygon"},"id":"E07000209","properties":{"code":"E07000209","geography":"LAD","name":"Guildford"},"type":"Feature"},{"geometry":{"coordinates":[[[-0.3061892,51.3350756],[-0.3239469,51.3267161],[-0.3306556,51.3290096],[-0.3524857,51.3191779],[-0.360349,51.311784],[-0.367375,51.3148282],[-0.3734223,51.3092452],[-0.380473,51.3135702],[-0.3875273,51.3096475],[-0.3969364,51.3127716],[-0.3920013,51.3082837],[-0.3940002,51.2986435],[-0.3946739,51.2979706],[-0.3973763,51.2796419],[-0.3872699,51.2653368],[-0.3892742,51.2559285],[-0.3944597,51.2550897],[-0.3973537,51.2376701],[-0.4108544,51.2351633],[-0.4211057,51.2395671],[-0.4346482,51.2399058],[-0.4256761,51.2303233],[-0.4384368,51.2096795],[-0.4189388,51.2018009],[-0.4098781,51.1926995],[-0.4084469,51.1756875],[-0.4185686,51.1732936],[-0.4132366,51.1263289],[-0.4178802,51.1216706],[-0.4191977,51.1051906],[-0.4002184,51.1084196],[-0.3915248,51.1165108],[-0.384575,51.1147752],[-0.3580334,51.1210302],[-0.3527872,51.1182793],[-0.3420153,51.1199058],[-0.3263676,51.1257856],[-0.3193326,51.124637],[-0.3003468,51.1247357],[-0.2863906,51.1304925],[-0.2752907,51.1303085],[-0.254625,51.1390994],[-0.2551845,51.1441908],[-0.2142352,51.1484633],[-0.2121421,51.1554549],[-0.2041096,51.1557113],[-0.1959217,51.1623023],[-0.1868661,51.1616659],[-0.1852979,51.1648197],[-0.1767062,51.16685],[-0.1770733,51.1678734],[-0.1898194,51.1814139],[-0.1996268,51.1811056],[-0.1969221,51.1753551],[-0.2097011,51.1723093],[-0.2199704,51.1762655],[-0.2237603,51.1748725],[-0.2372448,51.1844241],[-0.2430852,51.1827976],[-0.2429061,51.1894723],[-0.2321308,51.1867173],[-0.2271649,51.1915794],[-0.2128205,51.1933191],[-0.2185675,51.2018528],[-0.2235848,51.1959579],[-0.2231451,51.2038434],[-0.2282879,51.2069765],[-0.2326716,51.204316],[-0.2347585,51.206086],[-0.2250979,51.212311],[-0.2330129,51.2133998],[-0.2341763,51.2177314],[-0.2354213,51.2223555],[-0.2464862,51.2235884],[-0.2499236,51.2310974],[-0.2448728,51.2363056],[-0.2307006,51.2400959],[-0.226314,51.2489028],[-0.2315231,51.250835],[-0.2267571,51.2559137],[-0.2406865,51.2606473],[-0.2608345,51.2578295],[-0.2657442,51.2613871],[-0.2662429,51.2786387],[-0.2722344,51.2923303],[-0.2729025,51.2933716],[-0.2876641,51.3210916],[-0.3061892,51.3350756]]],"type":"Polygon"},"id":"E07000210","properties":{"code":"E07000210","geography":"LAD","name":"Mole Valley"},"type":"Feature"},{"geometry":{"coordinates":[[[-0.1874591,51.3408123],[-0.1973193,51.3435952],[-0.2020507,51.3401414],[-0.213054,51.3355536],[-0.2142296,51.3302527],[-0.2208416,51.329802],[-0.2341699,51.327174],[-0.2419185,51.3219286],[-0.2412516,51.3161457],[-0.2441627,51.3118787],[-0.2406616,51.3105798],[-0.2472454,51.2987211],[-0.2643993,51.2995453],[-0.2722344,51.2923303],[-0.2662429,51.2786387],[-0.2657442,51.2613871],[-0.2608345,51.2578295],[-0.2406865,51.2606473],[-0.2267571,51.2559137],[-0.2315231,51.250835],[-0.226314,51.2489028],[-0.2307006,51.2400959],[-0.2448728,51.2363056],[-0.2499236,51.2310974],[-0.2464862,51.2235884],[-0.2354213,51.2223555],[-0.2341763,51.2177314],[-0.2330129,51.2133998],[-0.2250979,51.212311],[-0.2347585,51.206086],[-0.2326716,51.204316],[-0.2282879,51.2069765],[-0.2231451,51.2038434],[-0.2235848,51.1959579],[-0.2185675,51.2018528],[-0.2128205,51.1933191],[-0.2271649,51.1915794],[-0.2321308,51.1867173],[-0.2429061,51.1894723],[-0.2430852,51.1827976],[-0.2372448,51.1844241],[-0.2237603,51.1748725],[-0.2199704,51.1762655],[-0.2097011,51.1723093],[-0.1969221,51.1753551],[-0.1996268,51.1811056],[-0.1898194,51.1814139],[-0.1770733,51.1678734],[-0.1767062,51.16685],[-0.1608922,51.1597686],[-0.1404625,51.1600473],[-0.1282338,51.162842],[-0.1316931,51.1754809],[-0.1435081,51.1865346],[-0.1379037,51.2039911],[-0.1358683,51.2120741],[-0.1455927,51.2107278],[-0.1447661,51.216232],[-0.1529467,51.226324],[-0.1542477,51.2290714],[-0.1530068,51.2343783],[-0.1453075,51.237297],[-0.1444739,51.2487976],[-0.1429491,51.253323],[-0.1317927,51.2541697],[-0.1268019,51.2617366],[-0.1320366,51.2690202],[-0.1299863,51.2725568],[-0.130985,51.2848151],[-0.1243019,51.2867904],[-0.1372132,51.3007416],[-0.143578,51.3012446],[-0.1510232,51.3007219],[-0.157735,51.3044275],[-0.1543153,51.3103179],[-0.1583305,51.3109854],[-0.1618798,51.3196257],[-0.1565236,51.3214853],[-0.164187,51.3260405],[-0.1630767,51.3302642],[-0.1728546,51.3300134],[-0.1874591,51.3408123]]],"type":"Polygon"},"id":"E07000211","properties":{"code":"E07000211","geography":"LAD","name":"Reigate and Banstead"},"type":"Feature"},{"geometry":{"coordinates":[[[-0.5716901,51.4509916],[-0.5796756,51.4447473],[-0.5942225,51.4415455],[-0.6051246,51.4313121],[-0.6049562,51.4213808],[-0.6085012,51.4120107],[-0.6183686,51.3990258],[-0.6145206,51.3973941],[-0.6184952,51.3923883],[-0.5977008,51.385499],[-0.5944161,51.376526],[-0.5740182,51.3708381],[-0.5698738,51.3605731],[-0.5552339,51.3619357],[-0.5485494,51.3480209],[-0.5340487,51.3474832],[-0.5207671,51.3449518],[-0.5193296,51.3417044],[-0.51608,51.3393144],[-0.4991275,51.343693],[-0.4811857,51.3493836],[-0.4669715,51.3565753],[-0.4760866,51.3595475],[-0.4741214,51.3639678],[-0.4675567,51.365686],[-0.4676235,51.3746199],[-0.4579907,51.380567],[-0.4627957,51.3784351],[-0.4617736,51.382136],[-0.4710202,51.3825515],[-0.470136,51.3858825],[-0.4764756,51.3901142],[-0.4828627,51.3865182],[-0.486423,51.3888814],[-0.4864854,51.3940843],[-0.4945684,51.4129155],[-0.4997719,51.4140793],[-0.503244,51.4108029],[-0.502681,51.4158863],[-0.5125958,51.4173767],[-0.510266,51.4293448],[-0.5112164,51.4306252],[-0.5227779,51.4353037],[-0.5346605,51.4373651],[-0.5504479,51.4434678],[-0.5555692,51.4414784],[-0.5716901,51.4509916]]],"type":"Polygon"},"id":"E07000212","properties":{"code":"E07000212","geography":"LAD","name":"Runnymede"},"type":"Feature"},{"geometry":{"coordinates":[[[-0.5243587,51.4715285],[-0.5299602,51.4701682],[-0.5406132,51.4578521],[-0.5267316,51.4475099],[-0.5314949,51.4416787],[-0.5245396,51.4398801],[-0.5227779,51.4353037],[-0.5112164,51.4306252],[-0.510266,51.4293448],[-0.5125958,51.4173767],[-0.502681,51.4158863],[-0.503244,51.4108029],[-0.4997719,51.4140793],[-0.4945684,51.4129155],[-0.4864854,51.3940843],[-0.486423,51.3888814],[-0.4828627,51.3865182],[-0.4764756,51.3901142],[-0.470136,51.3858825],[-0.4710202,51.3825515],[-0.4617736,51.382136],[-0.4627957,51.3784351],[-0.4579907,51.380567],[-0.4505231,51.3836599],[-0.4518908,51.3876328],[-0.445004,51.3869005],[-0.4427773,51.389798],[-0.4320894,51.3840416],[-0.4189475,51.3971642],[-0.4129335,51.4014696],[-0.4115359,51.4032546],[-0.3971933,51.4085962],[-0.3856967,51.4091506],[-0.38335,51.4085383],[-0.3896498,51.4106933],[-0.3866417,51.4200808],[-0.3913171,51.4223154],[-0.4077756,51.4235784],[-0.4185837,51.43211],[-0.4278314,51.4292524],[-0.4399833,51.4306265],[-0.4397523,51.4346196],[-0.4477169,51.435003],[-0.4462886,51.4399964],[-0.4564751,51.4382245],[-0.4613199,51.4523913],[-0.4587238,51.4563417],[-0.4938661,51.4627635],[-0.5098073,51.4692073],[-0.5156612,51.4682687],[-0.5243587,51.4715285]]],"type":"Polygon"},"id":"E07000213","properties":{"code":"E07000213","geography":"LAD","name":"Spelthorne"},"type":"Feature"},{"geometry":{"coordinates":[[[-0.5977008,51.385499],[-0.6184952,51.3923883],[-0.6234947,51.3895434],[-0.6163443,51.3835396],[-0.6209225,51.3851717],[-0.6259307,51.3828727],[-0.6404734,51.3873804],[-0.6466789,51.3853843],[-0.6553005,51.3872458],[-0.6676343,51.3845713],[-0.7352584,51.3650402],[-0.7353354,51.3650096],[-0.7443257,51.3545631],[-0.7594285,51.3435213],[-0.7581926,51.3405684],[-0.77268,51.3328431],[-0.7754662,51.3319589],[-0.7670935,51.3262249],[-0.7629031,51.3187305],[-0.7582907,51.3159255],[-0.7463893,51.3106182],[-0.7456533,51.3100329],[-0.7394005,51.2989394],[-0.7333487,51.2817911],[-0.7310699,51.280347],[-0.7202244,51.279285],[-0.7065476,51.2833232],[-0.6977538,51.2887751],[-0.6999353,51.2978427],[-0.6875044,51.3138135],[-0.6713614,51.3173651],[-0.6468068,51.3118858],[-0.6369834,51.3141816],[-0.6235063,51.319906],[-0.626866,51.3244787],[-0.6247603,51.3347872],[-0.6224808,51.3344501],[-0.6138094,51.33348],[-0.6152467,51.3359421],[-0.6081461,51.339695],[-0.5940164,51.3399607],[-0.5768893,51.3363098],[-0.5728156,51.3422987],[-0.5485494,51.3480209],[-0.5552339,51.3619357],[-0.5698738,51.3605731],[-0.5740182,51.3708381],[-0.5944161,51.376526],[-0.5977008,51.385499]]],"type":"Polygon"},"id":"E07000214","properties":{"code":"E07000214","geography":"LAD","name":"Surrey Heath"},"type":"Feature"},{"geometry":{"coordinates":[[[-0.0221502,51.3381309],[-0.0379201,51.3387247],[-0.0419865,51.3338602],[-0.0502771,51.3326378],[-0.0478687,51.3252451],[-0.0562065,51.3216822],[-0.0639861,51.31864],[-0.0710198,51.3212238],[-0.0822366,51.3169465],[-0.0819317,51.3106473],[-0.0886976,51.3051465],[-0.0973964,51.3003849],[-0.0942762,51.2994386],[-0.1158054,51.2906449],[-0.1177874,51.287182],[-0.1243019,51.2867904],[-0.130985,51.2848151],[-0.1299863,51.2725568],[-0.1320366,51.2690202],[-0.1268019,51.2617366],[-0.1317927,51.2541697],[-0.1429491,51.253323],[-0.1444739,51.2487976],[-0.1453075,51.237297],[-0.1530068,51.2343783],[-0.1542477,51.2290714],[-0.1529467,51.226324],[-0.1447661,51.216232],[-0.1455927,51.2107278],[-0.1358683,51.2120741],[-0.1379037,51.2039911],[-0.1435081,51.1865346],[-0.1316931,51.1754809],[-0.1282338,51.162842],[-0.1404625,51.1600473],[-0.1329596,51.1588837],[-0.1375718,51.1421596],[-0.1310847,51.1394339],[-0.1172523,51.1416059],[-0.0936904,51.1384265],[-0.09306,51.1387067],[-0.0826131,51.1426377],[-0.0632035,51.1412576],[-0.0563257,51.1367655],[-0.0417804,51.1395658],[-0.0246548,51.1386126],[-0.0176533,51.1411846],[-0.0067324,51.1376408],[0.0273601,51.139848],[0.0500165,51.14265],[0.0548054,51.1495286],[0.0514942,51.1572454],[0.0461759,51.1718314],[0.0526004,51.180624],[0.0451674,51.1886152],[0.0478233,51.1917416],[0.0396821,51.1978221],[0.0372899,51.2070603],[0.033599,51.214338],[0.0411486,51.2166239],[0.0428338,51.2246102],[0.0438094,51.2308875],[0.0528597,51.236527],[0.0576077,51.2449144],[0.0519424,51.2626828],[0.0453964,51.2766603],[0.0481711,51.2856526],[0.0423965,51.292673],[0.0426202,51.3013289],[0.0329094,51.3075209],[0.0248391,51.3021549],[0.0191012,51.2916841],[0.0150094,51.2917861],[0.012143,51.2996162],[0.0103538,51.3161463],[0.0065976,51.3156848],[0.0022553,51.3291348],[-0.0109466,51.3336759],[-0.0143165,51.3297721],[-0.0221502,51.3381309]]],"type":"Polygon"},"id":"E07000215","properties":{"code":"E07000215","geography":"LAD","name":"Tandridge"},"type":"Feature"},{"geometry":{"coordinates":[[[-0.8047496,51.2450647],[-0.8207782,51.2392708],[-0.8207978,51.2354483],[-0.8266332,51.2343668],[-0.8284701,51.2306813],[-0.8290998,51.2254048],[-0.8489297,51.2107327],[-0.8455315,51.2001342],[-0.8392919,51.1963352],[-0.8272386,51.1846651],[-0.8265558,51.1785647],[-0.8341824,51.1476006],[-0.8283507,51.1452807],[-0.8173677,51.1477566],[-0.8047004,51.1553543],[-0.7943959,51.1497591],[-0.7911029,51.1392354],[-0.7810528,51.1352177],[-0.7808784,51.1280966],[-0.7806594,51.1277925],[-0.7691711,51.1170883],[-0.7454951,51.1122043],[-0.7445879,51.1064568],[-0.7492727,51.1032459],[-0.7598648,51.1048677],[-0.7688866,51.10325],[-0.7598148,51.1039076],[-0.7594878,51.1032484],[-0.7553003,51.0948051],[-0.7589003,51.090847],[-0.7534749,51.0864535],[-0.7355792,51.0847015],[-0.7275637,51.0790257],[-0.722301,51.0794158],[-0.7066824,51.078761],[-0.6967523,51.0714917],[-0.687425,51.0755142],[-0.6690605,51.077393],[-0.6639748,51.0816995],[-0.6502536,51.083538],[-0.6286857,51.0889793],[-0.5977577,51.0796994],[-0.5775926,51.0866538],[-0.5391815,51.082028],[-0.5326184,51.0860906],[-0.5349793,51.0935789],[-0.5263882,51.0918667],[-0.5269455,51.0896057],[-0.5231707,51.0916067],[-0.5063608,51.0882656],[-0.4977212,51.0916092],[-0.4921092,51.0944427],[-0.4884502,51.0973107],[-0.4504721,51.1002676],[-0.4448497,51.0995926],[-0.4411959,51.1032516],[-0.4388271,51.1002974],[-0.4425037,51.0981279],[-0.4384363,51.0979081],[-0.4191977,51.1051906],[-0.4178802,51.1216706],[-0.4132366,51.1263289],[-0.4185686,51.1732936],[-0.4278239,51.1758174],[-0.429533,51.1740321],[-0.432941,51.1790927],[-0.4439059,51.1835539],[-0.457075,51.1748862],[-0.4676,51.179521],[-0.4793897,51.177423],[-0.4885709,51.1781481],[-0.4938441,51.1843145],[-0.5053426,51.1836027],[-0.5056505,51.2049646],[-0.5268353,51.2089614],[-0.5324451,51.2134482],[-0.5475998,51.2096032],[-0.5555585,51.1992584],[-0.5623465,51.2016775],[-0.573789,51.1983166],[-0.5770969,51.1881681],[-0.5908468,51.190483],[-0.593301,51.1937811],[-0.5849269,51.1986629],[-0.5944175,51.2032892],[-0.6141143,51.2080542],[-0.6212594,51.2028807],[-0.6354298,51.2010881],[-0.6387164,51.1951643],[-0.629942,51.1910272],[-0.6311272,51.1840741],[-0.6408853,51.1788521],[-0.6481198,51.175837],[-0.6531653,51.181646],[-0.6503987,51.1831447],[-0.6568161,51.1873344],[-0.6634072,51.2002462],[-0.6709602,51.1960221],[-0.6829902,51.1946447],[-0.6884024,51.1886532],[-0.7024004,51.1924729],[-0.7065606,51.2027107],[-0.731642,51.1968613],[-0.7472152,51.2089232],[-0.7476869,51.2143474],[-0.7418635,51.2195486],[-0.7482813,51.2231892],[-0.741601,51.2241796],[-0.7455404,51.2304564],[-0.7587211,51.233881],[-0.7676497,51.2360693],[-0.7676943,51.2360713],[-0.7759047,51.2419349],[-0.7869005,51.2418651],[-0.80174,51.2390388],[-0.8047496,51.2450647]]],"type":"Polygon"},"id":"E07000216","properties":{"code":"E07000216","geography":"LAD","name":"Waverley"},"type":"Feature"},{"geometry":{"coordinates":[[[-0.4636536,51.3406157],[-0.4767692,51.3432635],[-0.4811857,51.3493836],[-0.4991275,51.343693],[-0.51608,51.3393144],[-0.5193296,51.3417044],[-0.5207671,51.3449518],[-0.5340487,51.3474832],[-0.5485494,51.3480209],[-0.5728156,51.3422987],[-0.5768893,51.3363098],[-0.5940164,51.3399607],[-0.6081461,51.339695],[-0.6152467,51.3359421],[-0.6138094,51.33348],[-0.6224808,51.3344501],[-0.6247603,51.3347872],[-0.626866,51.3244787],[-0.6235063,51.319906],[-0.6369834,51.3141816],[-0.6468068,51.3118858],[-0.6478906,51.3043551],[-0.6186029,51.2830397],[-0.6116505,51.2821552],[-0.6008518,51.2860771],[-0.5635536,51.2704958],[-0.5549267,51.2708511],[-0.5507312,51.266953],[-0.5443696,51.2655036],[-0.5374458,51.2684144],[-0.5376708,51.2731564],[-0.5341881,51.2738458],[-0.5491908,51.2846605],[-0.5452929,51.2933943],[-0.5396222,51.3012938],[-0.5299112,51.2975432],[-0.525338,51.3027953],[-0.5108211,51.3060961],[-0.5136333,51.3094654],[-0.5102983,51.3131208],[-0.5008479,51.3065642],[-0.4880402,51.3161646],[-0.47532,51.3164523],[-0.4784475,51.3225538],[-0.4890548,51.3257098],[-0.4891807,51.3297428],[-0.4837973,51.3315059],[-0.4739787,51.3269991],[-0.462344,51.3299603],[-0.4636536,51.3406157]]],"type":"Polygon"},"id":"E07000217","properties":{"code":"E07000217","geography":"LAD","name":"Woking"},"type":"Feature"},{"geometry":{"coordinates":[[[-1.5896452,52.6872608],[-1.6042826,52.6789985],[-1.604265,52.6737215],[-1.6155437,52.6719796],[-1.6155996,52.6687565],[-1.6449872,52.657485],[-1.6342155,52.6430122],[-1.6425382,52.640958],[-1.6382166,52.6377779],[-1.6424221,52.6314895],[-1.6381808,52.6255207],[-1.6430864,52.6232037],[-1.6415302,52.6202091],[-1.6360151,52.6196169],[-1.6397774,52.6083931],[-1.6437071,52.6036449],[-1.6515775,52.5984183],[-1.6607814,52.5945102],[-1.6657079,52.5956658],[-1.6656396,52.5922522],[-1.6792234,52.5927095],[-1.6857861,52.5934124],[-1.6856576,52.5893644],[-1.6979304,52.5909136],[-1.7003161,52.5908846],[-1.7046536,52.587495],[-1.7292611,52.5879513],[-1.7390115,52.5892746],[-1.7422879,52.5943189],[-1.7683277,52.5891134],[-1.7766499,52.5922108],[-1.7880023,52.5878979],[-1.7867997,52.5830723],[-1.7747101,52.5746003],[-1.7696882,52.5749827],[-1.7635771,52.5708529],[-1.7739077,52.5656358],[-1.770152,52.5635771],[-1.7653397,52.5566769],[-1.7563998,52.5558796],[-1.7535768,52.5453024],[-1.7464278,52.5417131],[-1.7509145,52.5362781],[-1.749086,52.5314224],[-1.7394215,52.5319114],[-1.739755,52.5291198],[-1.7288504,52.5244674],[-1.7458229,52.52007],[-1.7538102,52.5212132],[-1.7570769,52.5178271],[-1.7535188,52.5129615],[-1.743079,52.5065017],[-1.733213,52.4921489],[-1.7330802,52.4919616],[-1.7152728,52.4784172],[-1.7085163,52.465759],[-1.6771542,52.4363566],[-1.6665859,52.4354716],[-1.6622867,52.4442993],[-1.6548682,52.4407548],[-1.6415901,52.4432714],[-1.624662,52.4570296],[-1.6244522,52.4635387],[-1.6142125,52.4629997],[-1.6107142,52.4586029],[-1.5985465,52.4543317],[-1.5954873,52.4559198],[-1.5949212,52.4606897],[-1.5898631,52.4619121],[-1.5611917,52.4552226],[-1.5514209,52.4570443],[-1.5399388,52.4648025],[-1.5308124,52.4696352],[-1.5452287,52.4726015],[-1.5148226,52.4762668],[-1.5142228,52.4802015],[-1.5156856,52.4851262],[-1.523301,52.4883046],[-1.521335,52.4934271],[-1.529315,52.4959114],[-1.5550788,52.5172448],[-1.5551604,52.5173711],[-1.5537965,52.5185871],[-1.553775,52.5334952],[-1.5240905,52.5361124],[-1.5239397,52.5360904],[-1.5017203,52.5387192],[-1.497056,52.5423799],[-1.4863074,52.5409109],[-1.462083,52.5505075],[-1.459994,52.5515899],[-1.4830347,52.5586833],[-1.5027056,52.5644709],[-1.5226873,52.5704271],[-1.524747,52.5737986],[-1.5271552,52.5827378],[-1.5474688,52.5919305],[-1.560698,52.5961193],[-1.5544523,52.6147621],[-1.567535,52.6225838],[-1.5646103,52.6312421],[-1.5710002,52.6361199],[-1.5560468,52.6382762],[-1.5428038,52.6476201],[-1.542422,52.6536264],[-1.5472894,52.6559734],[-1.5517714,52.6674551],[-1.5704277,52.6758432],[-1.5664747,52.6776016],[-1.5691063,52.6796672],[-1.5776084,52.6785785],[-1.5896452,52.6872608]]],"type":"Polygon"},"id":"E07000218","properties":{"code":"E07000218","geography":"LAD","name":"North Warwickshire"},"type":"Feature"},{"geometry":{"coordinates":[[[-1.4348488,52.5430467],[-1.459994,52.5515899],[-1.462083,52.5505075],[-1.4863074,52.5409109],[-1.497056,52.5423799],[-1.5017203,52.5387192],[-1.5239397,52.5360904],[-1.5240905,52.5361124],[-1.553775,52.5334952],[-1.5537965,52.5185871],[-1.5551604,52.5173711],[-1.5550788,52.5172448],[-1.529315,52.4959114],[-1.521335,52.4934271],[-1.523301,52.4883046],[-1.5156856,52.4851262],[-1.5142228,52.4802015],[-1.5148226,52.4762668],[-1.5452287,52.4726015],[-1.5308124,52.4696352],[-1.5399388,52.4648025],[-1.5296771,52.4570877],[-1.5176329,52.4568171],[-1.5197691,52.4533999],[-1.5000271,52.4510325],[-1.4917068,52.4550117],[-1.4927887,52.4584501],[-1.4827596,52.4580171],[-1.4708408,52.4570038],[-1.463867,52.4583003],[-1.4590532,52.455158],[-1.4376225,52.4680471],[-1.4212528,52.4632264],[-1.4104106,52.4665663],[-1.404791,52.4831013],[-1.4115208,52.4881396],[-1.4028115,52.5008348],[-1.407506,52.50372],[-1.4054622,52.513134],[-1.4144874,52.5167316],[-1.4241416,52.5144461],[-1.4282385,52.5168115],[-1.4226659,52.5315704],[-1.4173443,52.5344553],[-1.4189577,52.537768],[-1.4348488,52.5430467]]],"type":"Polygon"},"id":"E07000219","properties":{"code":"E07000219","geography":"LAD","name":"Nuneaton and Bedworth"},"type":"Feature"},{"geometry":{"coordinates":[[[-1.3950069,52.5270017],[-1.4173443,52.5344553],[-1.4226659,52.5315704],[-1.4282385,52.5168115],[-1.4241416,52.5144461],[-1.4144874,52.5167316],[-1.4054622,52.513134],[-1.407506,52.50372],[-1.4028115,52.5008348],[-1.4115208,52.4881396],[-1.404791,52.4831013],[-1.4104106,52.4665663],[-1.4212528,52.4632264],[-1.4376225,52.4680471],[-1.4590532,52.455158],[-1.4521651,52.4496579],[-1.4436472,52.447422],[-1.4464588,52.443083],[-1.4241457,52.4340002],[-1.4323982,52.4156925],[-1.437997,52.4097577],[-1.4310318,52.4002751],[-1.4322478,52.3958774],[-1.4449643,52.3863773],[-1.4631312,52.3796697],[-1.462924,52.3764025],[-1.4611829,52.375217],[-1.4640136,52.3732672],[-1.4603728,52.3704394],[-1.4649834,52.3671384],[-1.4604447,52.3631321],[-1.4649136,52.3580775],[-1.4511999,52.3570483],[-1.4480511,52.3536774],[-1.4561992,52.3467772],[-1.4436427,52.3455357],[-1.4479577,52.3406382],[-1.4441238,52.341045],[-1.4359755,52.3284166],[-1.4180976,52.3263326],[-1.4066386,52.3176723],[-1.4127309,52.311822],[-1.4199083,52.3122656],[-1.4194078,52.3037536],[-1.3892689,52.3009002],[-1.3645616,52.2879939],[-1.3623505,52.2834131],[-1.3351915,52.2712403],[-1.3157399,52.2670167],[-1.3090153,52.2574735],[-1.293339,52.2654038],[-1.2878031,52.2736257],[-1.2595046,52.2564491],[-1.2329988,52.2532588],[-1.2178553,52.2618008],[-1.21689,52.2675149],[-1.2236058,52.2868895],[-1.2337829,52.2903281],[-1.2092338,52.3152041],[-1.2463843,52.3216116],[-1.2652667,52.3283772],[-1.2580685,52.3372704],[-1.2381387,52.3441527],[-1.2241949,52.348098],[-1.1982202,52.3529318],[-1.1920184,52.3510635],[-1.1750193,52.3562514],[-1.1721264,52.3613009],[-1.1870239,52.3786011],[-1.2016335,52.3967344],[-1.2364441,52.4357273],[-1.2367536,52.4360395],[-1.2578306,52.4538926],[-1.3059475,52.4933953],[-1.3251213,52.5010545],[-1.3950069,52.5270017]]],"type":"Polygon"},"id":"E07000220","properties":{"code":"E07000220","geography":"LAD","name":"Rugby"},"type":"Feature"},{"geometry":{"coordinates":[[[-1.8720202,52.367609],[-1.8761249,52.3635816],[-1.8889735,52.3610931],[-1.872827,52.3370191],[-1.8648766,52.333107],[-1.8703781,52.3125786],[-1.8809534,52.3108715],[-1.875207,52.3054822],[-1.8804267,52.298348],[-1.8863998,52.2867848],[-1.8978802,52.283561],[-1.9071626,52.2783897],[-1.9159768,52.2750342],[-1.9342667,52.2769455],[-1.9354219,52.276933],[-1.938687,52.2704979],[-1.9343872,52.2645944],[-1.9346108,52.2520179],[-1.9246511,52.2408754],[-1.9182541,52.2250325],[-1.9200749,52.2102912],[-1.9302044,52.2080385],[-1.9364502,52.2026553],[-1.934841,52.1928925],[-1.9416415,52.1774063],[-1.949349,52.1729623],[-1.9616279,52.172655],[-1.9604074,52.1686717],[-1.9354828,52.1695571],[-1.9341188,52.1653937],[-1.9443024,52.1553332],[-1.9400525,52.1530155],[-1.921852,52.1529545],[-1.916878,52.1467158],[-1.9051001,52.1427369],[-1.9032378,52.1334481],[-1.884967,52.1471389],[-1.8942297,52.1482515],[-1.8918122,52.155066],[-1.8816213,52.1555371],[-1.8669272,52.153008],[-1.8638775,52.1470384],[-1.8669622,52.1446396],[-1.854188,52.1385209],[-1.8458103,52.1426542],[-1.8469083,52.1471859],[-1.8519038,52.1479699],[-1.8482303,52.1499729],[-1.8396721,52.1527137],[-1.8310038,52.1483071],[-1.8314696,52.1456743],[-1.8233477,52.1459251],[-1.8278449,52.1412449],[-1.8232173,52.1363823],[-1.8084339,52.1398756],[-1.785548,52.1320586],[-1.7957742,52.1244419],[-1.7910043,52.1201936],[-1.7806275,52.1201434],[-1.7696996,52.1153145],[-1.757834,52.1161296],[-1.7676921,52.1125783],[-1.7536306,52.0976237],[-1.7423494,52.0919845],[-1.7385596,52.0913584],[-1.7285605,52.1001203],[-1.730656,52.0732914],[-1.7131121,52.0665529],[-1.7098586,52.0733064],[-1.7016991,52.0728344],[-1.7050525,52.0596336],[-1.6996729,52.0546485],[-1.6901798,52.0547356],[-1.6939808,52.0395279],[-1.6674522,52.0362442],[-1.6610655,52.0316171],[-1.6535821,52.0354005],[-1.6471155,52.0344925],[-1.6244603,52.0389533],[-1.6177962,52.0319315],[-1.6201103,52.0277382],[-1.6283368,52.0271924],[-1.6386277,52.0205313],[-1.6428786,52.009223],[-1.6657509,51.9974048],[-1.6699345,51.9931648],[-1.6657543,51.9874888],[-1.6383147,51.9751718],[-1.6123425,51.9554034],[-1.5916338,51.97045],[-1.6003016,51.9769416],[-1.5805731,51.972996],[-1.5635391,51.9770404],[-1.5495467,51.9808463],[-1.5572236,51.9916577],[-1.5417416,51.9964321],[-1.527929,51.9917543],[-1.5228257,51.9968433],[-1.510209,52.0254963],[-1.4973533,52.0589545],[-1.499186,52.0635785],[-1.5018553,52.0716266],[-1.4906653,52.0771353],[-1.494355,52.0822275],[-1.4856075,52.0877334],[-1.4878044,52.0939574],[-1.4800667,52.0935585],[-1.4773016,52.1013509],[-1.4675593,52.0970565],[-1.4471879,52.097625],[-1.4515804,52.1144494],[-1.4207461,52.1178181],[-1.4038942,52.1100899],[-1.3853998,52.0941456],[-1.3744237,52.099726],[-1.3577697,52.1013104],[-1.3651834,52.1113018],[-1.3703665,52.1127178],[-1.3708421,52.1175342],[-1.3907003,52.1167889],[-1.3933025,52.1189629],[-1.3854629,52.1284032],[-1.3661471,52.1360752],[-1.348708,52.1351322],[-1.3499365,52.1415918],[-1.3410404,52.1448563],[-1.3434587,52.153235],[-1.3340053,52.1590809],[-1.3318971,52.1684851],[-1.3314821,52.174137],[-1.3228127,52.1818007],[-1.3181909,52.1814171],[-1.3131345,52.1904676],[-1.2811949,52.1919529],[-1.2811377,52.1957755],[-1.2625392,52.1959618],[-1.25478,52.198889],[-1.2609295,52.2160027],[-1.2750535,52.2218347],[-1.2769149,52.2251205],[-1.2725789,52.2275351],[-1.2783631,52.228716],[-1.2846831,52.2385191],[-1.2668524,52.2352486],[-1.2661518,52.2408301],[-1.2544795,52.2475676],[-1.2377663,52.2484347],[-1.2329988,52.2532588],[-1.2595046,52.2564491],[-1.2878031,52.2736257],[-1.293339,52.2654038],[-1.3090153,52.2574735],[-1.3157399,52.2670167],[-1.3351915,52.2712403],[-1.3623505,52.2834131],[-1.3645616,52.2879939],[-1.3892689,52.3009002],[-1.4194078,52.3037536],[-1.4264934,52.3007511],[-1.4218018,52.2979556],[-1.4247338,52.2942829],[-1.4484724,52.2940723],[-1.4350941,52.2764421],[-1.4360315,52.2725408],[-1.4534165,52.2719259],[-1.4655668,52.2636725],[-1.4776573,52.2617405],[-1.4910523,52.247007],[-1.4988636,52.2410212],[-1.5001048,52.2375634],[-1.5021856,52.2415],[-1.5163169,52.2408052],[-1.5281988,52.2251504],[-1.5396813,52.2283422],[-1.5550214,52.2282319],[-1.5542974,52.2309434],[-1.5600591,52.2316465],[-1.5683014,52.217704],[-1.5750304,52.2162872],[-1.585603,52.2244172],[-1.6020226,52.2252567],[-1.6212266,52.2138067],[-1.6258962,52.226285],[-1.6093795,52.2300705],[-1.606415,52.2373124],[-1.6247423,52.2383669],[-1.627522,52.2423396],[-1.6213167,52.2444928],[-1.635916,52.2473492],[-1.6459294,52.2582706],[-1.6533611,52.2561286],[-1.6692088,52.258],[-1.6758252,52.2653859],[-1.6750045,52.2741745],[-1.6658262,52.2837812],[-1.6690902,52.285816],[-1.6793279,52.2867432],[-1.6854898,52.2828013],[-1.6999699,52.2912513],[-1.7122931,52.2896826],[-1.7237637,52.2984602],[-1.733828,52.2935162],[-1.7398737,52.3017226],[-1.7616647,52.308006],[-1.7680785,52.3238111],[-1.7757904,52.3479653],[-1.7845224,52.3501124],[-1.7857715,52.3538464],[-1.8041993,52.3628236],[-1.8079101,52.3666235],[-1.8350663,52.3673437],[-1.8428818,52.3651405],[-1.8720202,52.367609]]],"type":"Polygon"},"id":"E07000221","properties":{"code":"E07000221","geography":"LAD","name":"Stratford-on-Avon"},"type":"Feature"},{"geometry":{"coordinates":[[[-1.5757887,52.3845756],[-1.6010674,52.3892995],[-1.6102826,52.3825066],[-1.6078285,52.3763099],[-1.615371,52.3744555],[-1.618145,52.3762562],[-1.6190151,52.3705584],[-1.6236755,52.3717789],[-1.6266158,52.3691945],[-1.6209663,52.3678838],[-1.622507,52.3661644],[-1.6364585,52.3651688],[-1.648418,52.3567434],[-1.6608881,52.3656701],[-1.6840268,52.3632523],[-1.6849305,52.3560109],[-1.693885,52.3510134],[-1.6980915,52.3557323],[-1.7102699,52.3550211],[-1.7183368,52.3586923],[-1.7185354,52.3558179],[-1.7202582,52.372574],[-1.7340311,52.3707178],[-1.7383229,52.3649719],[-1.7414368,52.3572349],[-1.7486753,52.3547417],[-1.759515,52.358403],[-1.7626998,52.3642105],[-1.7796137,52.3642762],[-1.7781849,52.3564452],[-1.7717998,52.3558562],[-1.7757904,52.3479653],[-1.7680785,52.3238111],[-1.7616647,52.308006],[-1.7398737,52.3017226],[-1.733828,52.2935162],[-1.7237637,52.2984602],[-1.7122931,52.2896826],[-1.6999699,52.2912513],[-1.6854898,52.2828013],[-1.6793279,52.2867432],[-1.6690902,52.285816],[-1.6658262,52.2837812],[-1.6750045,52.2741745],[-1.6758252,52.2653859],[-1.6692088,52.258],[-1.6533611,52.2561286],[-1.6459294,52.2582706],[-1.635916,52.2473492],[-1.6213167,52.2444928],[-1.627522,52.2423396],[-1.6247423,52.2383669],[-1.606415,52.2373124],[-1.6093795,52.2300705],[-1.6258962,52.226285],[-1.6212266,52.2138067],[-1.6020226,52.2252567],[-1.585603,52.2244172],[-1.5750304,52.2162872],[-1.5683014,52.217704],[-1.5600591,52.2316465],[-1.5542974,52.2309434],[-1.5550214,52.2282319],[-1.5396813,52.2283422],[-1.5281988,52.2251504],[-1.5163169,52.2408052],[-1.5021856,52.2415],[-1.5001048,52.2375634],[-1.4988636,52.2410212],[-1.4910523,52.247007],[-1.4776573,52.2617405],[-1.4655668,52.2636725],[-1.4534165,52.2719259],[-1.4360315,52.2725408],[-1.4350941,52.2764421],[-1.4484724,52.2940723],[-1.4247338,52.2942829],[-1.4218018,52.2979556],[-1.4264934,52.3007511],[-1.4194078,52.3037536],[-1.4199083,52.3122656],[-1.4127309,52.311822],[-1.4066386,52.3176723],[-1.4180976,52.3263326],[-1.4359755,52.3284166],[-1.4441238,52.341045],[-1.4479577,52.3406382],[-1.4436427,52.3455357],[-1.4561992,52.3467772],[-1.4480511,52.3536774],[-1.4511999,52.3570483],[-1.4649136,52.3580775],[-1.4604447,52.3631321],[-1.4649834,52.3671384],[-1.4603728,52.3704394],[-1.4640136,52.3732672],[-1.4666088,52.3772041],[-1.4804099,52.3743183],[-1.482278,52.3771188],[-1.5044989,52.3778071],[-1.5137218,52.3690163],[-1.5246513,52.3794009],[-1.5354793,52.3776089],[-1.5456771,52.3692705],[-1.5418929,52.3666335],[-1.5555554,52.3650403],[-1.5549931,52.374424],[-1.5626352,52.3768915],[-1.5677985,52.3847778],[-1.5767078,52.382788],[-1.5757887,52.3845756]]],"type":"Polygon"},"id":"E07000222","properties":{"code":"E07000222","geography":"LAD","name":"Warwick"},"type":"Feature"},{"geometry":{"coordinates":[[[-0.3645979,50.8745258],[-0.3715081,50.870668],[-0.3674532,50.8605318],[-0.3689962,50.8552815],[-0.3659161,50.847346],[-0.3585209,50.8435343],[-0.3591389,50.8355867],[-0.3494263,50.8225492],[-0.3371967,50.8209744],[-0.33251,50.8174885],[-0.3322997,50.8175375],[-0.3238783,50.8194988],[-0.3235446,50.8195558],[-0.3233248,50.8195934],[-0.2976366,50.82398],[-0.2905411,50.8251905],[-0.290228,50.8252219],[-0.2729173,50.8269606],[-0.2481355,50.8247986],[-0.2514991,50.8302244],[-0.2515384,50.830262],[-0.2842455,50.8293266],[-0.280241,50.8313317],[-0.2856015,50.8333814],[-0.2875003,50.8405308],[-0.2817007,50.8340414],[-0.2813281,50.8338788],[-0.2753064,50.8312517],[-0.2522995,50.8310967],[-0.2520954,50.8310953],[-0.2480297,50.8290863],[-0.2383727,50.830474],[-0.2460058,50.8285308],[-0.2464143,50.8269775],[-0.245789,50.827035],[-0.2449984,50.8282071],[-0.2380209,50.8284409],[-0.2166185,50.8275952],[-0.2229062,50.8390886],[-0.2260014,50.8428747],[-0.239753,50.8619523],[-0.2449709,50.8638089],[-0.2484729,50.8641367],[-0.248978,50.8706483],[-0.2553031,50.8715515],[-0.2589345,50.8712073],[-0.2565791,50.8623353],[-0.2760623,50.8634258],[-0.2999901,50.8647957],[-0.3075978,50.8665053],[-0.3433363,50.8629071],[-0.3645979,50.8745258]]],"type":"Polygon"},"id":"E07000223","properties":{"code":"E07000223","geography":"LAD","name":"Adur"},"type":"Feature"},{"geometry":{"coordinates":[[[[-0.7505432,50.7569937],[-0.750082,50.7574545],[-0.7509233,50.757192],[-0.7509948,50.7571697],[-0.7505873,50.7569498],[-0.7505432,50.7569937]]],[[[-0.6173851,50.905562],[-0.6336529,50.9048434],[-0.6492016,50.9000115],[-0.6485767,50.9053885],[-0.6549445,50.9056788],[-0.6577665,50.902408],[-0.6582024,50.8875376],[-0.6497925,50.8857806],[-0.6540127,50.8793435],[-0.650375,50.8669009],[-0.6811248,50.8632855],[-0.6861039,50.8547164],[-0.6941699,50.8448048],[-0.6866078,50.8211184],[-0.6898969,50.8128151],[-0.7009255,50.8133511],[-0.7133004,50.808301],[-0.7194191,50.8052396],[-0.7347412,50.8094428],[-0.7339724,50.8022337],[-0.7393762,50.7971271],[-0.734706,50.7937231],[-0.755092,50.7906854],[-0.7496196,50.7819513],[-0.7560419,50.7837636],[-0.7589921,50.7768641],[-0.7636328,50.7776787],[-0.7615263,50.7727159],[-0.755373,50.7719162],[-0.7568887,50.7676426],[-0.751691,50.7631829],[-0.7503293,50.7625508],[-0.7506329,50.7622748],[-0.7497337,50.7615032],[-0.7524111,50.7606585],[-0.7537313,50.7594583],[-0.7525688,50.7580505],[-0.7437689,50.7628249],[-0.7452866,50.7628897],[-0.7429334,50.7632783],[-0.7397272,50.7650177],[-0.7385794,50.7663566],[-0.7325597,50.7689056],[-0.7284138,50.7711472],[-0.716416,50.77425],[-0.7163311,50.7742655],[-0.6881738,50.7793909],[-0.6727316,50.7816944],[-0.6718207,50.7818303],[-0.6595074,50.783836],[-0.6587984,50.7839813],[-0.6582661,50.7840904],[-0.6426382,50.7872915],[-0.6423685,50.7873467],[-0.6273856,50.7884673],[-0.605016,50.7912132],[-0.5949661,50.7924458],[-0.5944548,50.7925533],[-0.5942615,50.7925939],[-0.5824804,50.7950708],[-0.5603092,50.7997281],[-0.559457,50.7997524],[-0.5419867,50.800249],[-0.5449872,50.8050007],[-0.5419174,50.8014244],[-0.5381284,50.8021963],[-0.5370823,50.8021894],[-0.5227592,50.8020937],[-0.5224231,50.802102],[-0.5074471,50.8024702],[-0.4952157,50.8025201],[-0.4532756,50.8024407],[-0.4528907,50.8024399],[-0.4360207,50.8031369],[-0.4419368,50.8173292],[-0.4436591,50.8214596],[-0.4465318,50.8363259],[-0.4433445,50.8371919],[-0.446007,50.8398542],[-0.4222975,50.840678],[-0.4227938,50.8602349],[-0.4092803,50.8522636],[-0.4054409,50.8546204],[-0.381267,50.8632243],[-0.3674532,50.8605318],[-0.3715081,50.870668],[-0.3645979,50.8745258],[-0.3635275,50.8762338],[-0.366707,50.8822202],[-0.3638962,50.8884797],[-0.3800642,50.8855934],[-0.3866342,50.8872753],[-0.3887185,50.8923456],[-0.3959554,50.8919075],[-0.4087007,50.8798676],[-0.4131609,50.879588],[-0.411684,50.8865178],[-0.4248674,50.8863312],[-0.4274266,50.8931415],[-0.4310779,50.8927604],[-0.4400833,50.8775718],[-0.4479341,50.8797242],[-0.4515023,50.8954675],[-0.4553575,50.896881],[-0.4649393,50.8839878],[-0.4765877,50.8850559],[-0.4752795,50.8943441],[-0.4820199,50.8943824],[-0.482842,50.8991002],[-0.4930388,50.8924009],[-0.4907649,50.885275],[-0.499918,50.8998828],[-0.5149267,50.8889429],[-0.5192797,50.8898139],[-0.5247918,50.8829842],[-0.5328246,50.881151],[-0.5381788,50.8862229],[-0.5473008,50.8843907],[-0.5437968,50.8813181],[-0.5487127,50.8800753],[-0.5611143,50.8878217],[-0.5486915,50.8929734],[-0.5462843,50.8895829],[-0.5429648,50.8912162],[-0.5436063,50.8981427],[-0.5531034,50.9015171],[-0.5795735,50.8992538],[-0.5936975,50.9028034],[-0.6049601,50.901469],[-0.6173851,50.905562]]]],"type":"MultiPolygon"},"id":"E07000224","properties":{"code":"E07000224","geography":"LAD","name":"Arun"},"type":"Feature"},{"geometry":{"coordinates":[[[[-0.7524111,50.7606585],[-0.7542445,50.76008],[-0.7537313,50.7594583],[-0.7524111,50.7606585]]],[[[-0.7503293,50.7625508],[-0.751691,50.7631829],[-0.7506329,50.7622748],[-0.7503293,50.7625508]]],[[[-0.4921092,51.0944427],[-0.4977212,51.0916092],[-0.5063608,51.0882656],[-0.5231707,51.0916067],[-0.5269455,51.0896057],[-0.5263882,51.0918667],[-0.5349793,51.0935789],[-0.5326184,51.0860906],[-0.5391815,51.082028],[-0.5775926,51.0866538],[-0.5977577,51.0796994],[-0.6286857,51.0889793],[-0.6502536,51.083538],[-0.6639748,51.0816995],[-0.6690605,51.077393],[-0.687425,51.0755142],[-0.6967523,51.0714917],[-0.7066824,51.078761],[-0.722301,51.0794158],[-0.7275637,51.0790257],[-0.7355792,51.0847015],[-0.7534749,51.0864535],[-0.7808018,51.0793519],[-0.7977812,51.0635461],[-0.81159,51.0629464],[-0.8144712,51.0666712],[-0.8173631,51.0612045],[-0.826391,51.0613422],[-0.8290533,51.0677805],[-0.8373318,51.0691931],[-0.8436709,51.066279],[-0.8501125,51.0593363],[-0.8528107,51.0448433],[-0.8826566,51.0268621],[-0.8945053,51.0234956],[-0.8985075,51.0176674],[-0.8933466,51.002743],[-0.8996889,51.0012534],[-0.9056236,50.9968059],[-0.9176923,50.9786644],[-0.9155251,50.9706128],[-0.9292734,50.9583474],[-0.9265198,50.9525271],[-0.9318471,50.9455804],[-0.9421101,50.9428941],[-0.9353187,50.9411031],[-0.931185,50.9352829],[-0.9240133,50.924199],[-0.9402453,50.9180541],[-0.9575851,50.890607],[-0.938657,50.8737146],[-0.9264502,50.8640917],[-0.9327812,50.8532326],[-0.9322172,50.845587],[-0.9321207,50.8454158],[-0.9300522,50.8417466],[-0.9329628,50.842909],[-0.9380742,50.831594],[-0.94239,50.8243435],[-0.938608,50.8178055],[-0.9425762,50.8153972],[-0.9316611,50.8136684],[-0.9110259,50.8001188],[-0.9080031,50.798604],[-0.9068914,50.8010055],[-0.9083041,50.8226737],[-0.9123996,50.827712],[-0.9173026,50.8366183],[-0.9132046,50.8400785],[-0.908714,50.8377461],[-0.8950331,50.8385762],[-0.8925462,50.8347347],[-0.8970344,50.8288719],[-0.8923123,50.8185133],[-0.8768774,50.8114818],[-0.8713861,50.8239976],[-0.8657615,50.8269584],[-0.8740673,50.8325371],[-0.8689424,50.834288],[-0.8708935,50.8404743],[-0.8652051,50.8388592],[-0.8618984,50.8379201],[-0.8580624,50.8394888],[-0.8612449,50.8280656],[-0.8511536,50.8278282],[-0.8631317,50.8235749],[-0.8656385,50.8209571],[-0.869938,50.8164664],[-0.8658383,50.8127047],[-0.8647554,50.8117109],[-0.8487778,50.8107468],[-0.8558517,50.8102957],[-0.8569692,50.8075476],[-0.8445742,50.8048544],[-0.8197447,50.8168695],[-0.8175858,50.8285529],[-0.8120126,50.8339262],[-0.8129267,50.8305254],[-0.8107463,50.8332937],[-0.8114782,50.8304729],[-0.8077888,50.8305423],[-0.809724,50.8271995],[-0.8168611,50.819415],[-0.8144945,50.8143728],[-0.8247989,50.8100606],[-0.8251195,50.8056891],[-0.8251808,50.804853],[-0.834983,50.8047464],[-0.8447269,50.7992937],[-0.8603295,50.8028466],[-0.8659905,50.806418],[-0.868707,50.8081314],[-0.8777967,50.8077127],[-0.8907557,50.7998318],[-0.8928937,50.7942998],[-0.8944749,50.7902077],[-0.9012693,50.7899031],[-0.905275,50.7820386],[-0.915623,50.7804426],[-0.908413,50.7865384],[-0.9124854,50.7888885],[-0.9168244,50.7803818],[-0.90204,50.7727949],[-0.8758137,50.7657582],[-0.8686869,50.7631226],[-0.8670522,50.7625167],[-0.8428589,50.7535596],[-0.8352663,50.7492805],[-0.834148,50.748817],[-0.8305826,50.7466401],[-0.8215369,50.7415396],[-0.8188437,50.7401445],[-0.8178847,50.7395152],[-0.8045387,50.7307539],[-0.7891668,50.7223605],[-0.7797767,50.7277873],[-0.7593961,50.7481484],[-0.7591069,50.7500416],[-0.7590899,50.7500792],[-0.7576355,50.7499078],[-0.7563545,50.7511879],[-0.7570551,50.7519596],[-0.7535929,50.7539471],[-0.7505873,50.7569498],[-0.7509948,50.7571697],[-0.7614855,50.7538961],[-0.7618006,50.7511395],[-0.7727991,50.761641],[-0.7868544,50.7599013],[-0.7856956,50.7601375],[-0.7771726,50.7670172],[-0.7816344,50.7684714],[-0.7623309,50.7682527],[-0.7629975,50.7707936],[-0.7633246,50.7720404],[-0.7668013,50.771869],[-0.7674855,50.7718353],[-0.7670564,50.7719411],[-0.7630916,50.7729192],[-0.7615263,50.7727159],[-0.7636328,50.7776787],[-0.7589921,50.7768641],[-0.7560419,50.7837636],[-0.7496196,50.7819513],[-0.755092,50.7906854],[-0.734706,50.7937231],[-0.7393762,50.7971271],[-0.7339724,50.8022337],[-0.7347412,50.8094428],[-0.7194191,50.8052396],[-0.7133004,50.808301],[-0.7009255,50.8133511],[-0.6898969,50.8128151],[-0.6866078,50.8211184],[-0.6941699,50.8448048],[-0.6861039,50.8547164],[-0.6811248,50.8632855],[-0.650375,50.8669009],[-0.6540127,50.8793435],[-0.6497925,50.8857806],[-0.6582024,50.8875376],[-0.6577665,50.902408],[-0.6549445,50.9056788],[-0.6485767,50.9053885],[-0.6492016,50.9000115],[-0.6336529,50.9048434],[-0.6173851,50.905562],[-0.6049601,50.901469],[-0.5936975,50.9028034],[-0.5795735,50.8992538],[-0.5531034,50.9015171],[-0.5558963,50.9051587],[-0.5514889,50.9132168],[-0.536343,50.9133628],[-0.5369693,50.9167537],[-0.5560665,50.9234771],[-0.557621,50.9290667],[-0.5683667,50.9342486],[-0.5687311,50.9422888],[-0.5637903,50.9492671],[-0.549606,50.9539506],[-0.545611,50.953771],[-0.544075,50.948026],[-0.5337493,50.9502449],[-0.5351567,50.9571961],[-0.5267842,50.9639138],[-0.5307252,50.9670823],[-0.5266545,50.9740212],[-0.5288143,50.9790999],[-0.5231487,50.9820072],[-0.5249181,50.9868737],[-0.5211912,50.9903123],[-0.5073612,50.9903945],[-0.5088057,50.9960938],[-0.5176455,50.9985535],[-0.5105366,51.0079435],[-0.5051309,51.0060498],[-0.4970549,51.0111163],[-0.4862209,51.0101061],[-0.4865691,51.0167465],[-0.4758931,51.0208841],[-0.4731943,51.03385],[-0.4760609,51.0387679],[-0.4811639,51.0381283],[-0.4839274,51.0409915],[-0.4776042,51.0499968],[-0.4756532,51.0564077],[-0.483804,51.0564831],[-0.4845449,51.0623794],[-0.4783522,51.0664679],[-0.4864766,51.0700913],[-0.4921092,51.0944427]]]],"type":"MultiPolygon"},"id":"E07000225","properties":{"code":"E07000225","geography":"LAD","name":"Chichester"},"type":"Feature"},{"geometry":{"coordinates":[[[-0.1767062,51.16685],[-0.1852979,51.1648197],[-0.1868661,51.1616659],[-0.1959217,51.1623023],[-0.2041096,51.1557113],[-0.2121421,51.1554549],[-0.2142352,51.1484633],[-0.2551845,51.1441908],[-0.254625,51.1390994],[-0.2401996,51.1431317],[-0.2002743,51.1390925],[-0.211702,51.1313446],[-0.2192538,51.128836],[-0.2227868,51.1148668],[-0.2358192,51.1119234],[-0.236873,51.1094769],[-0.2317036,51.1078678],[-0.232522,51.0973777],[-0.2194317,51.0995777],[-0.2176903,51.0919341],[-0.2118803,51.0919908],[-0.212075,51.0866135],[-0.1955811,51.0861474],[-0.1725418,51.0898956],[-0.1613256,51.0929392],[-0.1608695,51.0932009],[-0.1506159,51.0992506],[-0.1452182,51.1031805],[-0.1370157,51.112999],[-0.1411504,51.1253801],[-0.1375718,51.1421596],[-0.1329596,51.1588837],[-0.1404625,51.1600473],[-0.1608922,51.1597686],[-0.1767062,51.16685]]],"type":"Polygon"},"id":"E07000226","properties":{"code":"E07000226","geography":"LAD","name":"Crawley"},"type":"Feature"},{"geometry":{"coordinates":[[[-0.211702,51.1313446],[-0.2002743,51.1390925],[-0.2401996,51.1431317],[-0.254625,51.1390994],[-0.2752907,51.1303085],[-0.2863906,51.1304925],[-0.3003468,51.1247357],[-0.3193326,51.124637],[-0.3263676,51.1257856],[-0.3420153,51.1199058],[-0.3527872,51.1182793],[-0.3580334,51.1210302],[-0.384575,51.1147752],[-0.3915248,51.1165108],[-0.4002184,51.1084196],[-0.4191977,51.1051906],[-0.4384363,51.0979081],[-0.4425037,51.0981279],[-0.4388271,51.1002974],[-0.4411959,51.1032516],[-0.4448497,51.0995926],[-0.4504721,51.1002676],[-0.4884502,51.0973107],[-0.4921092,51.0944427],[-0.4864766,51.0700913],[-0.4783522,51.0664679],[-0.4845449,51.0623794],[-0.483804,51.0564831],[-0.4756532,51.0564077],[-0.4776042,51.0499968],[-0.4839274,51.0409915],[-0.4811639,51.0381283],[-0.4760609,51.0387679],[-0.4731943,51.03385],[-0.4758931,51.0208841],[-0.4865691,51.0167465],[-0.4862209,51.0101061],[-0.4970549,51.0111163],[-0.5051309,51.0060498],[-0.5105366,51.0079435],[-0.5176455,50.9985535],[-0.5088057,50.9960938],[-0.5073612,50.9903945],[-0.5211912,50.9903123],[-0.5249181,50.9868737],[-0.5231487,50.9820072],[-0.5288143,50.9790999],[-0.5266545,50.9740212],[-0.5307252,50.9670823],[-0.5267842,50.9639138],[-0.5351567,50.9571961],[-0.5337493,50.9502449],[-0.544075,50.948026],[-0.545611,50.953771],[-0.549606,50.9539506],[-0.5637903,50.9492671],[-0.5687311,50.9422888],[-0.5683667,50.9342486],[-0.557621,50.9290667],[-0.5560665,50.9234771],[-0.5369693,50.9167537],[-0.536343,50.9133628],[-0.5514889,50.9132168],[-0.5558963,50.9051587],[-0.5531034,50.9015171],[-0.5436063,50.8981427],[-0.5429648,50.8912162],[-0.5462843,50.8895829],[-0.5486915,50.8929734],[-0.5611143,50.8878217],[-0.5487127,50.8800753],[-0.5437968,50.8813181],[-0.5473008,50.8843907],[-0.5381788,50.8862229],[-0.5328246,50.881151],[-0.5247918,50.8829842],[-0.5192797,50.8898139],[-0.5149267,50.8889429],[-0.499918,50.8998828],[-0.4907649,50.885275],[-0.4930388,50.8924009],[-0.482842,50.8991002],[-0.4820199,50.8943824],[-0.4752795,50.8943441],[-0.4765877,50.8850559],[-0.4649393,50.8839878],[-0.4553575,50.896881],[-0.4515023,50.8954675],[-0.4479341,50.8797242],[-0.4400833,50.8775718],[-0.4310779,50.8927604],[-0.4274266,50.8931415],[-0.4248674,50.8863312],[-0.411684,50.8865178],[-0.4131609,50.879588],[-0.4087007,50.8798676],[-0.3959554,50.8919075],[-0.3887185,50.8923456],[-0.3866342,50.8872753],[-0.3800642,50.8855934],[-0.3638962,50.8884797],[-0.366707,50.8822202],[-0.3635275,50.8762338],[-0.3645979,50.8745258],[-0.3433363,50.8629071],[-0.3075978,50.8665053],[-0.2999901,50.8647957],[-0.2760623,50.8634258],[-0.2565791,50.8623353],[-0.2589345,50.8712073],[-0.2553031,50.8715515],[-0.248978,50.8706483],[-0.2484729,50.8641367],[-0.2449709,50.8638089],[-0.2392383,50.8678856],[-0.2486598,50.8730708],[-0.243791,50.8848887],[-0.2441545,50.9073634],[-0.2237406,50.9117812],[-0.2292996,50.918671],[-0.2319627,50.9357907],[-0.2244269,50.9429124],[-0.2247595,50.9484482],[-0.2387466,50.9500493],[-0.2414142,50.9700484],[-0.2359194,50.9795893],[-0.2297485,50.9875917],[-0.2418202,50.986755],[-0.2419964,50.9907263],[-0.2362587,50.9927784],[-0.2320152,51.0108473],[-0.2454983,51.0141324],[-0.2366386,51.021018],[-0.2490813,51.0249473],[-0.2470859,51.0334285],[-0.2292369,51.0379078],[-0.2265226,51.0346166],[-0.2191511,51.038164],[-0.2267579,51.0415682],[-0.219405,51.0517824],[-0.2227538,51.0601646],[-0.2118911,51.0643497],[-0.2125828,51.0753803],[-0.212075,51.0866135],[-0.2118803,51.0919908],[-0.2176903,51.0919341],[-0.2194317,51.0995777],[-0.232522,51.0973777],[-0.2317036,51.1078678],[-0.236873,51.1094769],[-0.2358192,51.1119234],[-0.2227868,51.1148668],[-0.2192538,51.128836],[-0.211702,51.1313446]]],"type":"Polygon"},"id":"E07000227","properties":{"code":"E07000227","geography":"LAD","name":"Horsham"},"type":"Feature"},{"geometry":{"coordinates":[[[-0.0632035,51.1412576],[-0.0826131,51.1426377],[-0.09306,51.1387067],[-0.0936904,51.1384265],[-0.1172523,51.1416059],[-0.1310847,51.1394339],[-0.1375718,51.1421596],[-0.1411504,51.1253801],[-0.1370157,51.112999],[-0.1452182,51.1031805],[-0.1506159,51.0992506],[-0.1608695,51.0932009],[-0.1613256,51.0929392],[-0.1725418,51.0898956],[-0.1955811,51.0861474],[-0.212075,51.0866135],[-0.2125828,51.0753803],[-0.2118911,51.0643497],[-0.2227538,51.0601646],[-0.219405,51.0517824],[-0.2267579,51.0415682],[-0.2191511,51.038164],[-0.2265226,51.0346166],[-0.2292369,51.0379078],[-0.2470859,51.0334285],[-0.2490813,51.0249473],[-0.2366386,51.021018],[-0.2454983,51.0141324],[-0.2320152,51.0108473],[-0.2362587,50.9927784],[-0.2419964,50.9907263],[-0.2418202,50.986755],[-0.2297485,50.9875917],[-0.2359194,50.9795893],[-0.2414142,50.9700484],[-0.2387466,50.9500493],[-0.2247595,50.9484482],[-0.2244269,50.9429124],[-0.2319627,50.9357907],[-0.2292996,50.918671],[-0.2237406,50.9117812],[-0.2441545,50.9073634],[-0.243791,50.8848887],[-0.2486598,50.8730708],[-0.2392383,50.8678856],[-0.2267193,50.8781806],[-0.214147,50.8751794],[-0.2138823,50.8704647],[-0.2054017,50.8700872],[-0.2026372,50.8758571],[-0.1989876,50.8701206],[-0.1877345,50.8685705],[-0.1897479,50.874416],[-0.1818612,50.8809045],[-0.1824168,50.888271],[-0.1658395,50.8923349],[-0.1664266,50.8808964],[-0.1529079,50.8798575],[-0.1524686,50.8854646],[-0.1446365,50.8869778],[-0.1388967,50.8844894],[-0.1350046,50.8866505],[-0.1333734,50.893969],[-0.1284028,50.9188708],[-0.1169195,50.9410657],[-0.1200373,50.9417123],[-0.1180929,50.9452591],[-0.1054263,50.9431101],[-0.1047109,50.9456223],[-0.1064434,50.9629623],[-0.1103852,50.9678071],[-0.1163086,50.9671761],[-0.1161068,50.9703691],[-0.1151475,50.9761167],[-0.1087161,50.9802431],[-0.1026705,50.9808433],[-0.0930674,50.9792278],[-0.0838204,50.9907187],[-0.0705252,50.9913454],[-0.0637128,50.9792119],[-0.0535372,50.9794782],[-0.0469855,50.9812081],[-0.0367178,50.9797923],[-0.0363004,50.9771907],[-0.0246043,50.9800252],[-0.0163505,51.0024964],[-0.0200964,51.0034676],[-0.0160312,51.0148141],[-0.0221797,51.0167838],[-0.0218747,51.0265034],[-0.0015655,51.035755],[-0.0079038,51.0389884],[-0.0020168,51.0430679],[-0.0030017,51.0475643],[0.0077206,51.050907],[0.0137406,51.0569964],[-0.0085482,51.056458],[-0.0149701,51.0693521],[-0.0132566,51.0739671],[-0.0268521,51.0751129],[-0.0328015,51.0923883],[-0.0361965,51.0934572],[-0.0261696,51.0917496],[-0.0213621,51.0968008],[-0.0109029,51.0965226],[0.0029403,51.102292],[0.0105835,51.1021776],[0.0049421,51.1052198],[0.009505,51.110392],[0.0185609,51.103592],[0.0186861,51.10374],[0.0255147,51.1090537],[0.0445366,51.110647],[0.0281473,51.1177117],[0.0254963,51.1273229],[0.0273601,51.139848],[-0.0067324,51.1376408],[-0.0176533,51.1411846],[-0.0246548,51.1386126],[-0.0417804,51.1395658],[-0.0563257,51.1367655],[-0.0632035,51.1412576]]],"type":"Polygon"},"id":"E07000228","properties":{"code":"E07000228","geography":"LAD","name":"Mid Sussex"},"type":"Feature"},{"geometry":{"coordinates":[[[-0.3689962,50.8552815],[-0.3674532,50.8605318],[-0.381267,50.8632243],[-0.4054409,50.8546204],[-0.4092803,50.8522636],[-0.4227938,50.8602349],[-0.4222975,50.840678],[-0.446007,50.8398542],[-0.4433445,50.8371919],[-0.4465318,50.8363259],[-0.4436591,50.8214596],[-0.4419368,50.8173292],[-0.4360207,50.8031369],[-0.4359435,50.8031401],[-0.4058441,50.805638],[-0.4057572,50.8056452],[-0.3890566,50.8066488],[-0.3887176,50.8066692],[-0.3883915,50.8066887],[-0.3784759,50.8079753],[-0.3783033,50.8079977],[-0.3601476,50.8112676],[-0.3600972,50.8112766],[-0.332697,50.817445],[-0.33251,50.8174885],[-0.3371967,50.8209744],[-0.3494263,50.8225492],[-0.3591389,50.8355867],[-0.3585209,50.8435343],[-0.3659161,50.847346],[-0.3689962,50.8552815]]],"type":"Polygon"},"id":"E07000229","properties":{"code":"E07000229","geography":"LAD","name":"Worthing"},"type":"Feature"},{"geometry":{"coordinates":[[[-2.0860613,52.4328746],[-2.0932803,52.4452825],[-2.1052493,52.4442079],[-2.1087772,52.4412226],[-2.1175185,52.433944],[-2.129697,52.4322105],[-2.1360268,52.4262682],[-2.1435749,52.4260547],[-2.1648513,52.4302041],[-2.1638107,52.4232581],[-2.1677066,52.4237804],[-2.1582638,52.4092843],[-2.1425607,52.4111706],[-2.1340357,52.4103005],[-2.1262478,52.4033039],[-2.137701,52.3938991],[-2.1298959,52.3887971],[-2.1325213,52.386196],[-2.1231353,52.3729935],[-2.1192132,52.3578889],[-2.1307593,52.3579297],[-2.1371688,52.3499797],[-2.1330169,52.3480129],[-2.1277266,52.3522378],[-2.1314711,52.3470797],[-2.1230942,52.3427637],[-2.1246812,52.3402637],[-2.1169786,52.3420264],[-2.1132831,52.3371619],[-2.1184753,52.3320882],[-2.1157474,52.3220973],[-2.1240551,52.3145029],[-2.1003097,52.3134291],[-2.0941123,52.3154236],[-2.0951039,52.3133659],[-2.0851637,52.313499],[-2.0904015,52.3049222],[-2.0848804,52.2969529],[-2.091791,52.2885741],[-2.0767414,52.2890787],[-2.0555433,52.2847054],[-2.047012,52.2878629],[-2.0232553,52.2780995],[-2.0024599,52.2795824],[-1.9979526,52.2835984],[-2.0020177,52.2881394],[-1.9908955,52.2920499],[-1.9861514,52.2909059],[-1.9849827,52.300093],[-1.9815971,52.2993319],[-1.9764917,52.3037101],[-1.9807154,52.3071407],[-1.9782618,52.3097638],[-1.9739745,52.3084215],[-1.9696033,52.3150256],[-1.9607172,52.3146994],[-1.9550123,52.3209615],[-1.9481758,52.3217567],[-1.9430094,52.3209311],[-1.9425803,52.3216888],[-1.9330895,52.3242122],[-1.9093878,52.323515],[-1.9087836,52.3204732],[-1.8918686,52.3214255],[-1.8809826,52.3109335],[-1.8809534,52.3108715],[-1.8703781,52.3125786],[-1.8648766,52.333107],[-1.872827,52.3370191],[-1.8889735,52.3610931],[-1.8761249,52.3635816],[-1.8720202,52.367609],[-1.866766,52.3727091],[-1.861355,52.3838483],[-1.8455979,52.3994272],[-1.8687675,52.4047119],[-1.8826973,52.399813],[-1.8866885,52.4047021],[-1.8871149,52.4046855],[-1.9045879,52.4031456],[-1.913675,52.4074643],[-1.9185779,52.3981928],[-1.9343147,52.3872364],[-1.9454494,52.3906961],[-1.9525425,52.3933207],[-1.9604345,52.3890929],[-1.964927,52.3921879],[-1.9663617,52.3894652],[-1.9836245,52.3873342],[-1.994511,52.3811812],[-2.0012791,52.3835651],[-2.0113525,52.3861805],[-2.0207239,52.3993416],[-2.0216701,52.4000987],[-2.0322082,52.401548],[-2.0275344,52.4081049],[-2.0175488,52.4055824],[-2.0092342,52.4103626],[-1.9977977,52.4097378],[-1.9860371,52.4167262],[-1.9970611,52.4174262],[-2.0046863,52.4284102],[-2.0097406,52.4265219],[-2.0169903,52.4326829],[-2.0247664,52.4348823],[-2.0297063,52.4273015],[-2.0369878,52.4275457],[-2.037881,52.4415576],[-2.0592636,52.4399826],[-2.060713,52.4275376],[-2.0657877,52.4280869],[-2.0623495,52.4324553],[-2.0675462,52.4325585],[-2.0680519,52.4351951],[-2.0798919,52.432272],[-2.0860613,52.4328746]]],"type":"Polygon"},"id":"E07000234","properties":{"code":"E07000234","geography":"LAD","name":"Bromsgrove"},"type":"Feature"},{"geometry":{"coordinates":[[[-2.4146959,52.368248],[-2.4260416,52.3658219],[-2.45755,52.36785],[-2.4677931,52.364559],[-2.4747486,52.3671805],[-2.474041,52.3607141],[-2.483892,52.3605633],[-2.488383,52.3554018],[-2.4817922,52.3511198],[-2.4843544,52.3445599],[-2.4782211,52.3384221],[-2.4817959,52.3310777],[-2.5132048,52.3292139],[-2.5084102,52.3332569],[-2.5121295,52.3371103],[-2.5219072,52.3418476],[-2.5391499,52.3441391],[-2.562219,52.3331083],[-2.5625748,52.3110902],[-2.5741231,52.3175395],[-2.579949,52.3165194],[-2.5845004,52.3131719],[-2.5950891,52.3138859],[-2.6100013,52.3062813],[-2.6180952,52.3069466],[-2.6324454,52.3056409],[-2.6363253,52.3089527],[-2.6632073,52.3039514],[-2.6525681,52.2952848],[-2.6442406,52.2937013],[-2.6398803,52.2863112],[-2.6262188,52.2888615],[-2.6183046,52.2821972],[-2.6126293,52.2867671],[-2.5989672,52.2835418],[-2.5964493,52.2765933],[-2.6067304,52.2756651],[-2.614395,52.2657161],[-2.6282969,52.2611646],[-2.6342332,52.2507549],[-2.6288707,52.2403492],[-2.5964682,52.2442578],[-2.5854386,52.2482977],[-2.5761406,52.2477528],[-2.5742055,52.2527314],[-2.5673709,52.2501411],[-2.5531093,52.2524752],[-2.5479494,52.2496979],[-2.531673,52.2532768],[-2.5258962,52.2481671],[-2.5225431,52.2509949],[-2.5153755,52.2560156],[-2.4956712,52.2568907],[-2.4935407,52.2640217],[-2.5042515,52.2751125],[-2.5031128,52.2774496],[-2.4920065,52.278176],[-2.4833822,52.2843755],[-2.4514027,52.2850828],[-2.4279958,52.2706099],[-2.468099,52.256038],[-2.4736489,52.250725],[-2.4747017,52.2413591],[-2.4649784,52.234383],[-2.4230713,52.2372453],[-2.4142434,52.2317462],[-2.3932877,52.2310009],[-2.385733,52.2265025],[-2.3868102,52.2220717],[-2.3964863,52.2247764],[-2.3979951,52.2215217],[-2.4039839,52.2213941],[-2.3924844,52.2089931],[-2.3962902,52.2056332],[-2.4026591,52.2071499],[-2.4005699,52.2016728],[-2.4078942,52.202741],[-2.4110971,52.1932179],[-2.4192182,52.1879041],[-2.4150683,52.1832622],[-2.4254789,52.1770665],[-2.4220707,52.1723471],[-2.4330942,52.1720256],[-2.4351817,52.1682189],[-2.4150042,52.145165],[-2.4001631,52.14827],[-2.3940305,52.1467577],[-2.3793839,52.1550552],[-2.36515,52.150991],[-2.3587222,52.1518963],[-2.3512076,52.1418511],[-2.3446082,52.1325912],[-2.355548,52.1282171],[-2.3543984,52.1192324],[-2.3491179,52.0956457],[-2.3382981,52.0954489],[-2.3394253,52.0689239],[-2.351548,52.0563749],[-2.3469845,52.0512988],[-2.3506485,52.0299609],[-2.3513785,52.021359],[-2.3525427,52.0135353],[-2.3404933,52.0067404],[-2.329423,52.0068286],[-2.3247097,52.0035673],[-2.320657,51.9921284],[-2.3265388,51.9757909],[-2.3126197,51.976505],[-2.3094654,51.9706467],[-2.300433,51.9667753],[-2.2882906,51.9706682],[-2.2705556,51.9689391],[-2.25136,51.9665649],[-2.2206132,51.9954966],[-2.202886,51.996363],[-2.185084,51.990561],[-2.1794258,51.9948476],[-2.1811064,51.9994834],[-2.1749071,51.996141],[-2.1647274,51.996073],[-2.1641279,52.0034004],[-2.1840656,52.0139009],[-2.1876833,52.0190802],[-2.1769061,52.0225592],[-2.1806794,52.0417281],[-2.1713692,52.0476105],[-2.1697342,52.0555201],[-2.1753922,52.0586514],[-2.1581278,52.0612265],[-2.1499782,52.0754256],[-2.1558111,52.0765373],[-2.1583186,52.0845296],[-2.1487942,52.0996521],[-2.1518457,52.1074576],[-2.1733344,52.109304],[-2.185815,52.1177334],[-2.18393,52.1199678],[-2.1964057,52.1248349],[-2.1921491,52.1302093],[-2.172839,52.1350115],[-2.1717395,52.1404363],[-2.1649217,52.1428295],[-2.1666914,52.1456006],[-2.1895756,52.1460197],[-2.2033694,52.1673176],[-2.2176017,52.161995],[-2.220466,52.1673139],[-2.2258745,52.1680221],[-2.2274945,52.163602],[-2.2327141,52.1696766],[-2.247346,52.1697625],[-2.2442278,52.1714457],[-2.2529897,52.1836414],[-2.2617601,52.1819254],[-2.2620799,52.1894347],[-2.2573581,52.1921221],[-2.2603952,52.1941554],[-2.2605324,52.1963434],[-2.2502445,52.1974258],[-2.2484604,52.2099156],[-2.234886,52.2114566],[-2.2435376,52.2174636],[-2.2432717,52.2218542],[-2.2417962,52.232101],[-2.2335622,52.2384651],[-2.2357786,52.2409912],[-2.2313324,52.2488927],[-2.2379181,52.257103],[-2.2522006,52.2668899],[-2.2685864,52.2686274],[-2.2751112,52.2727678],[-2.270389,52.2828452],[-2.27489,52.3087305],[-2.2653837,52.3193746],[-2.2664152,52.3236055],[-2.2738899,52.3289321],[-2.299164,52.32236],[-2.3086424,52.3352932],[-2.3052635,52.3377833],[-2.3109319,52.3405501],[-2.3238295,52.3353325],[-2.319681,52.3315301],[-2.324171,52.3232352],[-2.3320407,52.3192557],[-2.3454857,52.3204838],[-2.3632828,52.314851],[-2.3730102,52.3193868],[-2.3698165,52.3268066],[-2.3895368,52.3212267],[-2.4030098,52.3267303],[-2.4034121,52.3240345],[-2.413363,52.3254753],[-2.4156606,52.3224878],[-2.43651,52.3240272],[-2.4330682,52.3299052],[-2.4209918,52.3330605],[-2.4249494,52.3366901],[-2.4220687,52.349028],[-2.4117533,52.3577832],[-2.4146959,52.368248]]],"type":"Polygon"},"id":"E07000235","properties":{"code":"E07000235","geography":"LAD","name":"Malvern Hills"},"type":"Feature"},{"geometry":{"coordinates":[[[-1.9093878,52.323515],[-1.9330895,52.3242122],[-1.9425803,52.3216888],[-1.9430094,52.3209311],[-1.9481758,52.3217567],[-1.9550123,52.3209615],[-1.9607172,52.3146994],[-1.9696033,52.3150256],[-1.9739745,52.3084215],[-1.9782618,52.3097638],[-1.9807154,52.3071407],[-1.9764917,52.3037101],[-1.9815971,52.2993319],[-1.9849827,52.300093],[-1.9861514,52.2909059],[-1.9908955,52.2920499],[-2.0020177,52.2881394],[-1.9979526,52.2835984],[-2.0024599,52.2795824],[-2.0070441,52.2753865],[-2.0031981,52.2736317],[-2.0058299,52.2705929],[-2.0155296,52.2700022],[-2.0112413,52.262627],[-2.0189098,52.2414715],[-2.0167394,52.2372751],[-1.9946555,52.2352712],[-1.9940224,52.2398609],[-1.9676217,52.2370357],[-1.9529948,52.2436816],[-1.9460539,52.251183],[-1.9346108,52.2520179],[-1.9343872,52.2645944],[-1.938687,52.2704979],[-1.9354219,52.276933],[-1.9342667,52.2769455],[-1.9159768,52.2750342],[-1.9071626,52.2783897],[-1.8978802,52.283561],[-1.8863998,52.2867848],[-1.8804267,52.298348],[-1.875207,52.3054822],[-1.8809534,52.3108715],[-1.8809826,52.3109335],[-1.8918686,52.3214255],[-1.9087836,52.3204732],[-1.9093878,52.323515]]],"type":"Polygon"},"id":"E07000236","properties":{"code":"E07000236","geography":"LAD","name":"Redditch"},"type":"Feature"},{"geometry":{"coordinates":[[[-2.2224737,52.231383],[-2.2283112,52.2249185],[-2.2334755,52.2267496],[-2.2355321,52.2221136],[-2.2432717,52.2218542],[-2.2435376,52.2174636],[-2.234886,52.2114566],[-2.2484604,52.2099156],[-2.2502445,52.1974258],[-2.2605324,52.1963434],[-2.2603952,52.1941554],[-2.2573581,52.1921221],[-2.2620799,52.1894347],[-2.2617601,52.1819254],[-2.2529897,52.1836414],[-2.2442278,52.1714457],[-2.247346,52.1697625],[-2.2327141,52.1696766],[-2.2274945,52.163602],[-2.2258745,52.1680221],[-2.220466,52.1673139],[-2.2176017,52.161995],[-2.2033694,52.1673176],[-2.1886193,52.1710124],[-2.1873773,52.1781673],[-2.1798183,52.1840572],[-2.1708819,52.184574],[-2.1648041,52.2000748],[-2.1647,52.2002024],[-2.1574461,52.2135809],[-2.167633,52.2163802],[-2.1964806,52.2236669],[-2.2091566,52.2248291],[-2.2224737,52.231383]]],"type":"Polygon"},"id":"E07000237","properties":{"code":"E07000237","geography":"LAD","name":"Worcester"},"type":"Feature"},{"geometry":{"coordinates":[[[-2.1920258,52.3375525],[-2.2050983,52.3456254],[-2.2102187,52.3549666],[-2.2335099,52.3611111],[-2.2337558,52.3610615],[-2.2456839,52.3610362],[-2.2495138,52.3456722],[-2.271776,52.3326321],[-2.2603684,52.3283065],[-2.2664152,52.3236055],[-2.2653837,52.3193746],[-2.27489,52.3087305],[-2.270389,52.2828452],[-2.2751112,52.2727678],[-2.2685864,52.2686274],[-2.2522006,52.2668899],[-2.2379181,52.257103],[-2.2313324,52.2488927],[-2.2357786,52.2409912],[-2.2335622,52.2384651],[-2.2417962,52.232101],[-2.2432717,52.2218542],[-2.2355321,52.2221136],[-2.2334755,52.2267496],[-2.2283112,52.2249185],[-2.2224737,52.231383],[-2.2091566,52.2248291],[-2.1964806,52.2236669],[-2.167633,52.2163802],[-2.1574461,52.2135809],[-2.1647,52.2002024],[-2.1648041,52.2000748],[-2.1708819,52.184574],[-2.1798183,52.1840572],[-2.1873773,52.1781673],[-2.1886193,52.1710124],[-2.2033694,52.1673176],[-2.1895756,52.1460197],[-2.1666914,52.1456006],[-2.1649217,52.1428295],[-2.1717395,52.1404363],[-2.172839,52.1350115],[-2.1921491,52.1302093],[-2.1964057,52.1248349],[-2.18393,52.1199678],[-2.185815,52.1177334],[-2.1733344,52.109304],[-2.1518457,52.1074576],[-2.1487942,52.0996521],[-2.1583186,52.0845296],[-2.1558111,52.0765373],[-2.1499782,52.0754256],[-2.1581278,52.0612265],[-2.1753922,52.0586514],[-2.1697342,52.0555201],[-2.1713692,52.0476105],[-2.1618357,52.0505949],[-2.1183864,52.0421168],[-2.1172199,52.0336144],[-2.1393972,52.0278918],[-2.1496553,52.0112562],[-2.150782,52.006628],[-2.1390637,52.0039498],[-2.1418577,51.9998152],[-2.1352021,51.9997043],[-2.1315234,52.0059068],[-2.1211173,52.0112927],[-2.1180541,52.0143851],[-2.1087242,52.014279],[-2.0848732,52.0104786],[-2.0714514,52.0121931],[-2.0607797,52.0146633],[-2.0592935,52.0094738],[-2.048683,52.0071151],[-2.0495142,52.0037962],[-2.0383562,52.0046006],[-2.0382526,52.0095627],[-2.026997,52.010588],[-2.0292713,52.0128397],[-2.0236595,52.0169533],[-1.9985651,52.0296677],[-1.9951896,52.0265631],[-1.9841357,52.0358793],[-1.9513708,52.0376995],[-1.9474651,52.0318014],[-1.9316977,52.0298893],[-1.9270449,52.0366609],[-1.9221572,52.0356149],[-1.913446,52.0444612],[-1.8622688,52.0174853],[-1.8615436,52.0126277],[-1.8390503,52.0067831],[-1.8353091,52.0091624],[-1.8356595,52.0225026],[-1.8250229,52.0309334],[-1.8305603,52.032139],[-1.8297513,52.0390716],[-1.8345888,52.043733],[-1.8634492,52.0534177],[-1.8628775,52.063432],[-1.8649884,52.0662782],[-1.8716822,52.0654261],[-1.8720051,52.0719169],[-1.869045,52.0738565],[-1.8556069,52.0744407],[-1.8533886,52.0723674],[-1.8466196,52.0794211],[-1.8317533,52.0727694],[-1.8189434,52.0854041],[-1.8127367,52.078744],[-1.8022887,52.0969415],[-1.790135,52.1005915],[-1.7894173,52.1063748],[-1.7676921,52.1125783],[-1.757834,52.1161296],[-1.7696996,52.1153145],[-1.7806275,52.1201434],[-1.7910043,52.1201936],[-1.7957742,52.1244419],[-1.785548,52.1320586],[-1.8084339,52.1398756],[-1.8232173,52.1363823],[-1.8278449,52.1412449],[-1.8233477,52.1459251],[-1.8314696,52.1456743],[-1.8310038,52.1483071],[-1.8396721,52.1527137],[-1.8482303,52.1499729],[-1.8519038,52.1479699],[-1.8469083,52.1471859],[-1.8458103,52.1426542],[-1.854188,52.1385209],[-1.8669622,52.1446396],[-1.8638775,52.1470384],[-1.8669272,52.153008],[-1.8816213,52.1555371],[-1.8918122,52.155066],[-1.8942297,52.1482515],[-1.884967,52.1471389],[-1.9032378,52.1334481],[-1.9051001,52.1427369],[-1.916878,52.1467158],[-1.921852,52.1529545],[-1.9400525,52.1530155],[-1.9443024,52.1553332],[-1.9341188,52.1653937],[-1.9354828,52.1695571],[-1.9604074,52.1686717],[-1.9616279,52.172655],[-1.949349,52.1729623],[-1.9416415,52.1774063],[-1.934841,52.1928925],[-1.9364502,52.2026553],[-1.9302044,52.2080385],[-1.9200749,52.2102912],[-1.9182541,52.2250325],[-1.9246511,52.2408754],[-1.9346108,52.2520179],[-1.9460539,52.251183],[-1.9529948,52.2436816],[-1.9676217,52.2370357],[-1.9940224,52.2398609],[-1.9946555,52.2352712],[-2.0167394,52.2372751],[-2.0189098,52.2414715],[-2.0112413,52.262627],[-2.0155296,52.2700022],[-2.0058299,52.2705929],[-2.0031981,52.2736317],[-2.0070441,52.2753865],[-2.0024599,52.2795824],[-2.0232553,52.2780995],[-2.047012,52.2878629],[-2.0555433,52.2847054],[-2.0767414,52.2890787],[-2.091791,52.2885741],[-2.0848804,52.2969529],[-2.0904015,52.3049222],[-2.0851637,52.313499],[-2.0951039,52.3133659],[-2.0941123,52.3154236],[-2.1003097,52.3134291],[-2.1240551,52.3145029],[-2.1157474,52.3220973],[-2.1184753,52.3320882],[-2.1132831,52.3371619],[-2.1169786,52.3420264],[-2.1246812,52.3402637],[-2.1230942,52.3427637],[-2.1314711,52.3470797],[-2.1277266,52.3522378],[-2.1330169,52.3480129],[-2.1371688,52.3499797],[-2.1488587,52.3463083],[-2.156068,52.3310516],[-2.1676406,52.3244584],[-2.1667765,52.3183473],[-2.1745654,52.3166086],[-2.1709784,52.3317422],[-2.1904726,52.3289487],[-2.1920258,52.3375525]]],"type":"Polygon"},"id":"E07000238","properties":{"code":"E07000238","geography":"LAD","name":"Wychavon"},"type":"Feature"},{"geometry":{"coordinates":[[[-2.287072,52.4457207],[-2.2949641,52.4489477],[-2.2873824,52.4553169],[-2.3061848,52.4459461],[-2.3117501,52.4375312],[-2.3215507,52.4362193],[-2.3259248,52.4383151],[-2.3331193,52.4353549],[-2.3451091,52.4393327],[-2.3635279,52.4394258],[-2.3641561,52.4319387],[-2.3627326,52.4257684],[-2.3665808,52.4230297],[-2.3660362,52.4078419],[-2.3729571,52.4019338],[-2.3421584,52.3931905],[-2.333756,52.3885025],[-2.3355541,52.3853373],[-2.3501462,52.3857248],[-2.352633,52.3889368],[-2.3673519,52.388063],[-2.3779114,52.3831508],[-2.3874421,52.3844881],[-2.3906732,52.3815279],[-2.3935942,52.3843707],[-2.4044437,52.3828291],[-2.4109696,52.3864252],[-2.4151446,52.3789865],[-2.4098836,52.3706247],[-2.4146959,52.368248],[-2.4117533,52.3577832],[-2.4220687,52.349028],[-2.4249494,52.3366901],[-2.4209918,52.3330605],[-2.4330682,52.3299052],[-2.43651,52.3240272],[-2.4156606,52.3224878],[-2.413363,52.3254753],[-2.4034121,52.3240345],[-2.4030098,52.3267303],[-2.3895368,52.3212267],[-2.3698165,52.3268066],[-2.3730102,52.3193868],[-2.3632828,52.314851],[-2.3454857,52.3204838],[-2.3320407,52.3192557],[-2.324171,52.3232352],[-2.319681,52.3315301],[-2.3238295,52.3353325],[-2.3109319,52.3405501],[-2.3052635,52.3377833],[-2.3086424,52.3352932],[-2.299164,52.32236],[-2.2738899,52.3289321],[-2.2664152,52.3236055],[-2.2603684,52.3283065],[-2.271776,52.3326321],[-2.2495138,52.3456722],[-2.2456839,52.3610362],[-2.2337558,52.3610615],[-2.2335099,52.3611111],[-2.2102187,52.3549666],[-2.2050983,52.3456254],[-2.1920258,52.3375525],[-2.1904726,52.3289487],[-2.1709784,52.3317422],[-2.1745654,52.3166086],[-2.1667765,52.3183473],[-2.1676406,52.3244584],[-2.156068,52.3310516],[-2.1488587,52.3463083],[-2.1371688,52.3499797],[-2.1307593,52.3579297],[-2.1192132,52.3578889],[-2.1231353,52.3729935],[-2.1325213,52.386196],[-2.1298959,52.3887971],[-2.137701,52.3938991],[-2.1262478,52.4033039],[-2.1340357,52.4103005],[-2.1425607,52.4111706],[-2.1582638,52.4092843],[-2.1677066,52.4237804],[-2.1858155,52.4262317],[-2.192822,52.4232664],[-2.1969951,52.4277843],[-2.2104341,52.4299704],[-2.2178772,52.4353684],[-2.2615027,52.4369411],[-2.2627312,52.4407052],[-2.2695048,52.438616],[-2.287072,52.4457207]]],"type":"Polygon"},"id":"E07000239","properties":{"code":"E07000239","geography":"LAD","name":"Wyre Forest"},"type":"Feature"},{"geometry":{"coordinates":[[[-0.3232178,51.8448319],[-0.3394859,51.8496056],[-0.3560305,51.8405132],[-0.3633077,51.8421047],[-0.3643707,51.8398913],[-0.3687303,51.831083],[-0.3739591,51.8291907],[-0.4048588,51.8406075],[-0.4163128,51.8357035],[-0.4199384,51.8258874],[-0.4174417,51.8201555],[-0.4141116,51.8190856],[-0.4275005,51.8116305],[-0.4288289,51.8067647],[-0.4093625,51.7973059],[-0.4133683,51.7911853],[-0.4273053,51.7920759],[-0.4405842,51.7868784],[-0.4368961,51.7823856],[-0.4303243,51.7775448],[-0.4297386,51.7679049],[-0.4228316,51.7659896],[-0.4234613,51.7562769],[-0.425702,51.7528865],[-0.4210244,51.7487611],[-0.426557,51.7443428],[-0.4220803,51.7408369],[-0.4161646,51.732612],[-0.4118882,51.7320749],[-0.4065989,51.7244184],[-0.4095399,51.7218884],[-0.4024596,51.7211592],[-0.4058729,51.7137998],[-0.3964199,51.7095086],[-0.3807748,51.7069891],[-0.3755581,51.6929121],[-0.3753583,51.6925119],[-0.3719989,51.6875909],[-0.3553249,51.6905976],[-0.3557773,51.6975125],[-0.3497372,51.6994761],[-0.3368494,51.6977191],[-0.3267112,51.7034838],[-0.3223322,51.6934796],[-0.30923,51.6978976],[-0.3000195,51.6965246],[-0.301976,51.7080667],[-0.2796209,51.7174925],[-0.2769537,51.7212848],[-0.285917,51.7207848],[-0.283671,51.7242867],[-0.2894664,51.7279905],[-0.2852981,51.731656],[-0.26611,51.7381453],[-0.2551356,51.7295374],[-0.2503498,51.7325801],[-0.2444276,51.7318919],[-0.2464571,51.738161],[-0.2419989,51.7432064],[-0.2455905,51.7517669],[-0.253059,51.7477165],[-0.2558734,51.7492637],[-0.2612522,51.7585255],[-0.2586401,51.7602458],[-0.2669641,51.7679807],[-0.275838,51.7722494],[-0.2774278,51.7780798],[-0.2712119,51.7910101],[-0.2775426,51.797786],[-0.2437828,51.8093829],[-0.2434284,51.8127919],[-0.2650567,51.8338425],[-0.2735355,51.8353646],[-0.3193979,51.8366549],[-0.3232178,51.8448319]]],"type":"Polygon"},"id":"E07000240","properties":{"code":"E07000240","geography":"LAD","name":"St Albans"},"type":"Feature"},{"geometry":{"coordinates":[[[-0.1835462,51.8604439],[-0.1918131,51.8573205],[-0.1957636,51.8590832],[-0.2066903,51.8542633],[-0.1964149,51.8495491],[-0.1991631,51.8439568],[-0.2039482,51.8448994],[-0.2145714,51.839603],[-0.2059633,51.8463995],[-0.2129259,51.851396],[-0.2223459,51.8446986],[-0.2239491,51.8466399],[-0.2237928,51.8404664],[-0.2186814,51.8384145],[-0.2216742,51.8340929],[-0.2260114,51.8340599],[-0.2256804,51.8376454],[-0.2405883,51.8349805],[-0.2473258,51.8461608],[-0.2570251,51.8454481],[-0.2726512,51.8404582],[-0.2735355,51.8353646],[-0.2650567,51.8338425],[-0.2434284,51.8127919],[-0.2437828,51.8093829],[-0.2775426,51.797786],[-0.2712119,51.7910101],[-0.2774278,51.7780798],[-0.275838,51.7722494],[-0.2669641,51.7679807],[-0.2586401,51.7602458],[-0.2612522,51.7585255],[-0.2558734,51.7492637],[-0.253059,51.7477165],[-0.2455905,51.7517669],[-0.2419989,51.7432064],[-0.2464571,51.738161],[-0.2444276,51.7318919],[-0.2503498,51.7325801],[-0.2551356,51.7295374],[-0.2410629,51.7157778],[-0.2389717,51.7061418],[-0.2342708,51.7107606],[-0.2222582,51.7131287],[-0.2026216,51.709741],[-0.1737207,51.7026426],[-0.1721146,51.7027416],[-0.1631181,51.6998576],[-0.1634933,51.6881151],[-0.1494314,51.6855094],[-0.1182046,51.6890661],[-0.1057791,51.6918756],[-0.1055293,51.7135701],[-0.1140832,51.7208073],[-0.0986537,51.7359465],[-0.0921413,51.7432086],[-0.1011937,51.745133],[-0.1051881,51.7415583],[-0.128383,51.7414203],[-0.1282658,51.7392117],[-0.1384077,51.7372759],[-0.1381592,51.7515125],[-0.1437798,51.757497],[-0.1414415,51.7737356],[-0.1645591,51.7893153],[-0.1640194,51.7893581],[-0.163976,51.7948562],[-0.1560055,51.7990242],[-0.1479721,51.7990202],[-0.1634112,51.8083022],[-0.1835981,51.815066],[-0.1684324,51.8311622],[-0.1742143,51.8368435],[-0.1700282,51.838665],[-0.1785275,51.8411852],[-0.1699996,51.8391204],[-0.1667603,51.8441774],[-0.1727853,51.8565878],[-0.1835462,51.8604439]]],"type":"Polygon"},"id":"E07000241","properties":{"code":"E07000241","geography":"LAD","name":"Welwyn Hatfield"},"type":"Feature"},{"geometry":{"coordinates":[[[-0.0030361,51.9934458],[-0.0237338,51.9971697],[-0.0306014,51.9837886],[-0.047953,51.9797366],[-0.0385353,51.9714172],[-0.0401898,51.9677013],[-0.06554,51.9568453],[-0.0707233,51.9712935],[-0.0746568,51.9711645],[-0.0925246,51.956238],[-0.1070119,51.9539594],[-0.1072624,51.9463256],[-0.1101537,51.9419012],[-0.1201647,51.9421883],[-0.1166748,51.9361761],[-0.1192846,51.9282833],[-0.1452667,51.9340548],[-0.154799,51.9295997],[-0.1552452,51.9255306],[-0.162181,51.9203409],[-0.1565381,51.9162349],[-0.1579552,51.9058372],[-0.1554927,51.9036665],[-0.1594233,51.9028181],[-0.1530195,51.8989978],[-0.1611505,51.8849716],[-0.155121,51.8870785],[-0.1512956,51.8853926],[-0.1561021,51.877591],[-0.1495825,51.8751579],[-0.148421,51.8692677],[-0.1735845,51.8753306],[-0.1644947,51.8618332],[-0.1727853,51.8565878],[-0.1667603,51.8441774],[-0.1699996,51.8391204],[-0.1785275,51.8411852],[-0.1700282,51.838665],[-0.1742143,51.8368435],[-0.1684324,51.8311622],[-0.1835981,51.815066],[-0.1634112,51.8083022],[-0.1479721,51.7990202],[-0.1560055,51.7990242],[-0.163976,51.7948562],[-0.1640194,51.7893581],[-0.1645591,51.7893153],[-0.1414415,51.7737356],[-0.1437798,51.757497],[-0.1381592,51.7515125],[-0.1384077,51.7372759],[-0.1282658,51.7392117],[-0.128383,51.7414203],[-0.1051881,51.7415583],[-0.1011937,51.745133],[-0.0921413,51.7432086],[-0.0986537,51.7359465],[-0.0583514,51.7347014],[-0.057463,51.7353899],[-0.0554659,51.7425358],[-0.0524091,51.7423449],[-0.0488475,51.761346],[-0.0456187,51.770231],[-0.0230271,51.7735042],[-0.0181028,51.7805236],[0.0055741,51.7800689],[0.003442,51.7776216],[0.0052296,51.7709232],[0.0140291,51.76438],[0.0267994,51.7741799],[0.0423234,51.7751305],[0.0576635,51.7796739],[0.0636837,51.7839532],[0.0897489,51.7840368],[0.0992545,51.7832308],[0.1073205,51.7879397],[0.1111535,51.788451],[0.1324523,51.7958525],[0.1461412,51.7962438],[0.1507669,51.7970495],[0.1583088,51.813517],[0.1670084,51.8132796],[0.172583,51.8163044],[0.1730218,51.8188807],[0.1647318,51.8192405],[0.1662516,51.822154],[0.1612089,51.8259473],[0.1661234,51.8307066],[0.1616981,51.8321342],[0.161819,51.8407532],[0.16486,51.849671],[0.1733984,51.8497698],[0.169463,51.856014],[0.1704677,51.8616221],[0.1827404,51.8650955],[0.186372,51.8635136],[0.1956139,51.8681183],[0.1908978,51.8718992],[0.1937267,51.8732011],[0.1749171,51.8827851],[0.1760386,51.8872771],[0.1839013,51.8933672],[0.179349,51.8955541],[0.1469821,51.8866991],[0.1415035,51.8881963],[0.1395836,51.8853833],[0.1247614,51.8845855],[0.1217645,51.9111951],[0.1248601,51.923539],[0.1202705,51.9265685],[0.1147362,51.9558357],[0.1056099,51.9634864],[0.107012,51.9718179],[0.0978454,51.9772098],[0.0964606,51.984326],[0.0768453,51.9808122],[0.069061,51.9840426],[0.0669074,51.9798073],[0.0437142,51.9848071],[0.0445732,51.986944],[0.0385408,51.9864002],[0.0350258,51.989629],[0.0322694,51.9870383],[0.0215704,51.9889435],[0.0232707,51.9843706],[0.0091999,51.9838543],[0.0002485,51.9838017],[-0.0030361,51.9934458]]],"type":"Polygon"},"id":"E07000242","properties":{"code":"E07000242","geography":"LAD","name":"East Hertfordshire"},"type":"Feature"},{"geometry":{"coordinates":[[[-0.1746641,51.9297407],[-0.1807777,51.9316988],[-0.1931428,51.9276987],[-0.194384,51.9304343],[-0.2099987,51.9283883],[-0.2200678,51.9309678],[-0.2261664,51.9281768],[-0.2246587,51.9224856],[-0.2343717,51.9052547],[-0.2288573,51.9034536],[-0.2305354,51.8988894],[-0.2259222,51.8975872],[-0.2252754,51.8932362],[-0.2189966,51.895964],[-0.2145822,51.8940673],[-0.2042036,51.8801384],[-0.1919033,51.8829239],[-0.1770824,51.8760785],[-0.1735845,51.8753306],[-0.148421,51.8692677],[-0.1495825,51.8751579],[-0.1561021,51.877591],[-0.1512956,51.8853926],[-0.155121,51.8870785],[-0.1611505,51.8849716],[-0.1530195,51.8989978],[-0.1594233,51.9028181],[-0.1554927,51.9036665],[-0.1579552,51.9058372],[-0.1565381,51.9162349],[-0.162181,51.9203409],[-0.1636489,51.9238905],[-0.1646285,51.9268606],[-0.1746641,51.9297407]]],"type":"Polygon"},"id":"E07000243","properties":{"code":"E07000243","geography":"LAD","name":"Stevenage"},"type":"Feature"},{"geometry":{"coordinates":[[[[1.53628,52.0761391],[1.5382755,52.0789963],[1.5321053,52.079356],[1.525217,52.0802361],[1.5138179,52.0690895],[1.50297,52.0694891],[1.5001263,52.0655485],[1.5001121,52.0655201],[1.5146306,52.067657],[1.53628,52.0761391]]],[[[1.7055844,52.5399614],[1.7022431,52.5445881],[1.6902089,52.5450247],[1.6862563,52.5493029],[1.6658161,52.5497552],[1.6591294,52.5422257],[1.6367405,52.5374361],[1.638243,52.5338292],[1.6313105,52.5323915],[1.6365159,52.5279545],[1.6286047,52.5260246],[1.6308939,52.52074],[1.6465496,52.5152026],[1.6451998,52.508571],[1.6542797,52.5014166],[1.6718317,52.5039118],[1.6823958,52.4952242],[1.6819716,52.4899993],[1.6711395,52.4821806],[1.6708484,52.4765274],[1.663695,52.4749485],[1.6585714,52.4683294],[1.6465996,52.4719766],[1.6347732,52.4630562],[1.6269657,52.4623417],[1.6068554,52.4667215],[1.6040301,52.4715595],[1.5860861,52.4786707],[1.5680854,52.4746739],[1.5624795,52.4612242],[1.5578231,52.4576965],[1.5528098,52.4591538],[1.5441809,52.4629174],[1.5412678,52.4618701],[1.5285325,52.4684521],[1.5215436,52.4618711],[1.5161433,52.4640141],[1.5080217,52.4617523],[1.480056,52.4718649],[1.4644206,52.4645765],[1.4586564,52.4580571],[1.4460371,52.4560278],[1.4385354,52.4579518],[1.4265108,52.4705373],[1.4203031,52.4710697],[1.4109792,52.4616954],[1.4333101,52.4559329],[1.4326075,52.4453026],[1.4078365,52.4443837],[1.3931707,52.4389054],[1.3920987,52.4340385],[1.3636689,52.4274968],[1.356592,52.4215095],[1.3612128,52.4131879],[1.3462342,52.4090055],[1.3471117,52.404386],[1.3609639,52.4035227],[1.3642444,52.3984771],[1.374857,52.3946774],[1.3757296,52.3896408],[1.4095085,52.3632651],[1.3599119,52.339823],[1.3574046,52.3372743],[1.3621614,52.334366],[1.3574761,52.3221565],[1.3710173,52.3137307],[1.3840219,52.3106666],[1.3807246,52.3035459],[1.3841404,52.2941056],[1.4016454,52.2856981],[1.381501,52.2798164],[1.3763111,52.2754552],[1.3554802,52.2787746],[1.3556574,52.2740774],[1.3444317,52.2820897],[1.3472956,52.293405],[1.3275908,52.2984791],[1.3304025,52.2909661],[1.3412687,52.2844484],[1.3368618,52.2766683],[1.3397674,52.2659262],[1.3264529,52.264642],[1.3171062,52.2586945],[1.3035548,52.2594291],[1.2933765,52.2554738],[1.293516,52.2476089],[1.2864563,52.240461],[1.2473633,52.2286742],[1.2435445,52.2176949],[1.2483472,52.2158278],[1.2416215,52.2121436],[1.2430524,52.2003785],[1.2567303,52.1983646],[1.2569569,52.1949198],[1.2371349,52.1696604],[1.2208838,52.1692943],[1.2139654,52.1665385],[1.215425,52.1615708],[1.1966681,52.1550038],[1.1914029,52.1399843],[1.1767027,52.1369297],[1.175353,52.1324664],[1.169469,52.1312497],[1.1702036,52.1276232],[1.1779527,52.1278858],[1.177767,52.1207],[1.1705718,52.1136311],[1.1655137,52.1133137],[1.1672306,52.0998042],[1.1578388,52.0887516],[1.1655866,52.0810102],[1.1709827,52.0808129],[1.1898943,52.08045],[1.1868266,52.077286],[1.2002145,52.0685353],[1.2052098,52.0621405],[1.2038282,52.0494712],[1.2092127,52.0484774],[1.2059552,52.0412052],[1.2019439,52.0374055],[1.2236103,52.0294343],[1.2210325,52.0254628],[1.2193688,52.0228829],[1.2150326,52.0256205],[1.209477,52.0207687],[1.2016785,52.0243306],[1.1866106,52.0219935],[1.1848098,52.0243269],[1.1776754,52.0224467],[1.1784122,52.0217152],[1.1787509,52.0215493],[1.1879535,52.0152576],[1.1883316,52.0149989],[1.1919418,52.0151496],[1.1976198,52.0153864],[1.1990215,52.0149571],[1.2045124,52.0132754],[1.2103243,52.011495],[1.2154502,52.0065143],[1.2293536,52.0064735],[1.2379632,52.0030547],[1.2568896,51.9965475],[1.2583694,52.0029763],[1.2641563,51.9958129],[1.2803156,51.9931152],[1.2825704,51.9660618],[1.2960346,51.9601325],[1.2979347,51.9592778],[1.3156736,51.9514103],[1.315591,51.9513896],[1.3158964,51.9511943],[1.3143037,51.9483593],[1.3155866,51.9467086],[1.3171447,51.944758],[1.3187094,51.9455114],[1.3187818,51.9427084],[1.3197633,51.9414795],[1.319771,51.9413234],[1.3198315,51.9412455],[1.3202135,51.9334943],[1.3449217,51.9569231],[1.3628041,51.962543],[1.3877952,51.9787413],[1.388978,51.9797609],[1.3914671,51.9893249],[1.3838129,51.9895434],[1.3879948,51.9902254],[1.3828747,51.9966312],[1.3797183,51.9959898],[1.3801267,51.9975295],[1.3803779,51.9984767],[1.3640039,52.0044846],[1.3576069,52.0105407],[1.3542649,52.0137039],[1.3557749,52.0161164],[1.358872,52.0158559],[1.3561148,52.0125385],[1.3593606,52.0147108],[1.3593673,52.0180815],[1.356376,52.0221552],[1.3444332,52.0264616],[1.3373855,52.0243581],[1.3433216,52.0272163],[1.3390367,52.0331294],[1.3431479,52.0370963],[1.3478067,52.03962],[1.3473896,52.0422726],[1.3350802,52.0487507],[1.3347881,52.0510084],[1.3346436,52.0521252],[1.3338036,52.0586169],[1.325274,52.0637482],[1.3250938,52.0636598],[1.3243187,52.0632455],[1.3239303,52.0639695],[1.322536,52.0665685],[1.3174239,52.076095],[1.2983847,52.0771072],[1.2980725,52.0771276],[1.2954569,52.0773001],[1.3075637,52.0794484],[1.3041164,52.078115],[1.3127169,52.0777282],[1.3137565,52.0776814],[1.3137778,52.0777717],[1.3140329,52.0788525],[1.3147717,52.0808929],[1.3173465,52.0890365],[1.3247905,52.0900522],[1.3250886,52.0904166],[1.325755,52.0955831],[1.3260529,52.0957954],[1.3323326,52.1002713],[1.3340602,52.1015025],[1.337237,52.1037662],[1.3475282,52.1035407],[1.3463949,52.1030313],[1.3459146,52.1028154],[1.3442084,52.1020484],[1.3433757,52.1017141],[1.3316509,52.0984305],[1.3319693,52.0941033],[1.3272426,52.090166],[1.3252597,52.0893644],[1.324535,52.0890713],[1.3193741,52.0869845],[1.3190236,52.0806353],[1.329389,52.068802],[1.3437034,52.0641359],[1.3410386,52.0531357],[1.3516448,52.04561],[1.3526619,52.0381759],[1.3447101,52.0312433],[1.3630192,52.0224756],[1.3662269,52.0102942],[1.3669969,52.007369],[1.3955213,51.9990563],[1.3885364,51.9993979],[1.3920241,51.9962744],[1.3955893,51.99853],[1.3941227,51.9872614],[1.4070625,51.9918583],[1.4133192,51.9944278],[1.4210427,51.99909],[1.433079,52.0072973],[1.4336918,52.0083458],[1.4437268,52.0255072],[1.4622777,52.0448172],[1.4595184,52.0446358],[1.4616853,52.0462246],[1.4784778,52.0585317],[1.4953816,52.0643878],[1.5004609,52.0698266],[1.5011799,52.0705964],[1.5013215,52.0707479],[1.5005446,52.0708948],[1.499327,52.071125],[1.4898838,52.0729097],[1.4896008,52.0796084],[1.4961247,52.0864435],[1.4958096,52.0856984],[1.490689,52.0735886],[1.490631,52.0734515],[1.4923438,52.0731167],[1.5005923,52.0715036],[1.5105156,52.0695621],[1.5249872,52.082006],[1.5379021,52.0810286],[1.537482,52.0903483],[1.5526578,52.0920664],[1.5655209,52.10016],[1.5662718,52.1118667],[1.5817357,52.1196891],[1.5933127,52.1381942],[1.5954977,52.1416847],[1.5947661,52.1415716],[1.5829562,52.1397452],[1.5734161,52.1427399],[1.5682247,52.1485326],[1.5685339,52.1538563],[1.5692912,52.1516629],[1.5729379,52.152791],[1.5675557,52.156104],[1.5532677,52.1502161],[1.5398731,52.1573878],[1.5250601,52.157204],[1.5234082,52.1512188],[1.5173147,52.1511415],[1.5140206,52.1510996],[1.5107853,52.1510584],[1.5082281,52.1571736],[1.5089275,52.152256],[1.5069744,52.1528196],[1.5038874,52.1537102],[1.5034542,52.1609621],[1.4992366,52.1594584],[1.502409,52.1621966],[1.4995305,52.1637173],[1.4993959,52.1637884],[1.4992339,52.163874],[1.5003679,52.1637464],[1.501325,52.1636386],[1.5053056,52.1631905],[1.5075441,52.1600562],[1.5090066,52.1580082],[1.5092682,52.1576419],[1.5088395,52.1586924],[1.5076636,52.1615734],[1.5071484,52.1628356],[1.5051845,52.1634694],[1.5049788,52.1635357],[1.4947484,52.1652231],[1.5078787,52.1643059],[1.5091497,52.164217],[1.5100501,52.1602688],[1.5112555,52.1551066],[1.5235789,52.16185],[1.5277917,52.1611357],[1.5289816,52.1650794],[1.531069,52.1630695],[1.551726,52.1665764],[1.5574228,52.1626105],[1.5534844,52.1610941],[1.5555795,52.1587013],[1.5716477,52.1597912],[1.5799211,52.1548556],[1.571268,52.1481561],[1.5751361,52.1443356],[1.583282,52.142235],[1.59319,52.1455583],[1.5991487,52.1436115],[1.5957583,52.1354254],[1.586875,52.1197639],[1.5687473,52.1098092],[1.5688017,52.0981176],[1.554837,52.0898517],[1.5395058,52.0880424],[1.5421215,52.07919],[1.5618474,52.0861669],[1.5677319,52.0914172],[1.5809821,52.0915392],[1.5677478,52.0910866],[1.5625316,52.0858845],[1.5375555,52.0748622],[1.5174513,52.067021],[1.4998805,52.0624037],[1.490494,52.0599356],[1.4880286,52.0592872],[1.4681423,52.0487399],[1.4678019,52.0482331],[1.4673864,52.0476145],[1.4711221,52.0489077],[1.4713469,52.0491294],[1.4862827,52.0562267],[1.499734,52.0605291],[1.5661216,52.0817274],[1.5789454,52.0861479],[1.5827408,52.0914379],[1.5961841,52.1317349],[1.5973283,52.1353025],[1.6082114,52.1649622],[1.6091996,52.1664556],[1.6103283,52.1694677],[1.622318,52.1868985],[1.6230803,52.2040543],[1.6292417,52.2454299],[1.6292894,52.2458947],[1.6293191,52.246059],[1.6303874,52.2684621],[1.6355691,52.2806031],[1.6357171,52.2814204],[1.6363439,52.2824178],[1.6372892,52.2846318],[1.6392326,52.2870142],[1.6443765,52.2951966],[1.6608252,52.3077736],[1.6644813,52.3097346],[1.6671895,52.311667],[1.6705904,52.3130101],[1.6729017,52.3139215],[1.6755268,52.3134188],[1.6955695,52.3530417],[1.6968367,52.3558715],[1.7277161,52.4000778],[1.7282054,52.4024461],[1.7313469,52.43103],[1.7314379,52.4318576],[1.7329212,52.4427019],[1.7327423,52.4448612],[1.7350115,52.4475435],[1.7418448,52.4591891],[1.7498222,52.4698956],[1.7552198,52.4712989],[1.7561983,52.4715533],[1.7539674,52.4714702],[1.7391183,52.4709158],[1.7301194,52.4740733],[1.7295046,52.4743314],[1.7216577,52.4776251],[1.7225472,52.4774373],[1.7395901,52.4738369],[1.7542635,52.4727715],[1.7576449,52.4769277],[1.7605208,52.475862],[1.7557844,52.4727115],[1.7601654,52.4737685],[1.7635712,52.4816351],[1.761423,52.4874536],[1.760473,52.4900263],[1.7529033,52.5059516],[1.741747,52.5294023],[1.7403709,52.5321005],[1.726004,52.5306422],[1.7055844,52.5399614]]]],"type":"MultiPolygon"},"id":"E07000244","properties":{"code":"E07000244","geography":"LAD","name":"East Suffolk"},"type":"Feature"},{"geometry":{"coordinates":[[[0.6839734,52.453165],[0.6663067,52.4625416],[0.6422205,52.4510471],[0.6310889,52.4503445],[0.6271783,52.4509022],[0.6297871,52.4540536],[0.6202914,52.4543462],[0.6218295,52.4512709],[0.615055,52.4490977],[0.6094792,52.4527159],[0.5971006,52.4542627],[0.5825011,52.4518614],[0.5548212,52.4560281],[0.5445335,52.4516226],[0.5304405,52.4536331],[0.5237651,52.4482114],[0.500977,52.4502939],[0.496095,52.4473316],[0.4781356,52.4455978],[0.4454371,52.4473746],[0.429298,52.4364526],[0.4232076,52.4339656],[0.4253134,52.4303272],[0.3747774,52.4097289],[0.3820856,52.3962733],[0.4076916,52.361512],[0.4192248,52.3579359],[0.4200531,52.3521548],[0.4275217,52.3537039],[0.4425701,52.3488134],[0.4362763,52.3335268],[0.4241887,52.3292291],[0.4313766,52.3158254],[0.4575001,52.3162957],[0.4620929,52.3088146],[0.4729408,52.3039121],[0.5045685,52.2864726],[0.4958344,52.2804039],[0.4988526,52.2730145],[0.4241981,52.2558764],[0.419627,52.2597601],[0.4095472,52.2690353],[0.3953542,52.2804547],[0.3853628,52.2829978],[0.3827231,52.2932663],[0.3778694,52.2912519],[0.3607009,52.2978082],[0.3591724,52.2891376],[0.3505321,52.2829491],[0.355241,52.2793363],[0.3399438,52.2677479],[0.3608152,52.249568],[0.3566642,52.2462886],[0.3426841,52.2423433],[0.3574229,52.2341583],[0.3712489,52.2265902],[0.3846091,52.2340628],[0.3948784,52.2307231],[0.4087812,52.2390676],[0.421335,52.2396913],[0.4145178,52.2478611],[0.4269648,52.2536028],[0.4433497,52.2426124],[0.4555819,52.2475796],[0.4817655,52.2323759],[0.4948907,52.2392881],[0.514484,52.2267794],[0.5128209,52.2136889],[0.5086505,52.2139809],[0.5030176,52.2070305],[0.5025556,52.1960266],[0.4949753,52.1887331],[0.4939647,52.1814957],[0.487465,52.169797],[0.4913328,52.165102],[0.4769085,52.167482],[0.4707313,52.1632591],[0.4636233,52.170466],[0.4522449,52.173202],[0.4445215,52.1710861],[0.4443608,52.1647465],[0.4387062,52.1657116],[0.4359158,52.1594951],[0.4172764,52.1593067],[0.4208864,52.1556392],[0.4174864,52.1331624],[0.4099291,52.1344158],[0.4046744,52.1292553],[0.4090109,52.1240356],[0.3963626,52.1223591],[0.3983405,52.118792],[0.3895898,52.1174706],[0.3818038,52.1027013],[0.3886877,52.0992122],[0.3868643,52.0973049],[0.3949968,52.0959681],[0.3908332,52.0890141],[0.3941804,52.0843536],[0.3995079,52.0841589],[0.401971,52.0724865],[0.4070925,52.0707939],[0.4046383,52.0655024],[0.4187851,52.0649053],[0.4353801,52.0690833],[0.4381257,52.0723125],[0.4460988,52.0721175],[0.443946,52.0685309],[0.4536184,52.0681291],[0.4537984,52.0711131],[0.4618999,52.0723533],[0.4581137,52.0762573],[0.4665665,52.0784098],[0.4707943,52.0734629],[0.4758358,52.0744543],[0.489874,52.067413],[0.4877268,52.0624665],[0.5004881,52.0538465],[0.5111301,52.0598641],[0.5232433,52.056777],[0.530058,52.0593868],[0.5426994,52.0578746],[0.5515157,52.0620377],[0.551422,52.0688029],[0.5650592,52.0713273],[0.5717442,52.069049],[0.5820035,52.0758517],[0.59476,52.0741814],[0.6074456,52.0809194],[0.6193407,52.0765522],[0.6317679,52.0818671],[0.6344058,52.0862579],[0.6519369,52.0831333],[0.6569009,52.0854417],[0.6505465,52.101204],[0.6372867,52.1146618],[0.6326754,52.1152353],[0.6358276,52.1229598],[0.628663,52.1246653],[0.6333525,52.127713],[0.6269167,52.1310004],[0.6372077,52.133393],[0.6333736,52.1424903],[0.6402618,52.1458184],[0.6375408,52.1502328],[0.6413873,52.1562845],[0.6463756,52.1569452],[0.6453742,52.1601773],[0.6634185,52.1607011],[0.6637131,52.1563311],[0.6734702,52.1592435],[0.6742539,52.156731],[0.68153,52.1560361],[0.6861822,52.1593106],[0.6917,52.1575813],[0.6908718,52.1663414],[0.697329,52.170123],[0.694232,52.1800069],[0.7033407,52.1810767],[0.7159666,52.1776889],[0.7227988,52.1651039],[0.728162,52.1680996],[0.7327759,52.1647543],[0.7383362,52.1699708],[0.7419922,52.1593308],[0.7615425,52.1579384],[0.7650503,52.1739035],[0.7686889,52.1749998],[0.7869192,52.1778942],[0.8141695,52.1707326],[0.8224943,52.1745589],[0.824572,52.1797154],[0.8362738,52.1821694],[0.8327289,52.1868411],[0.8380549,52.194583],[0.8363463,52.198296],[0.8194158,52.198987],[0.8151548,52.2039099],[0.8217192,52.2248952],[0.8199517,52.2333791],[0.8271296,52.2389676],[0.8066811,52.246439],[0.8062809,52.249892],[0.7975809,52.2512299],[0.8016038,52.2659094],[0.8094167,52.267051],[0.817711,52.264382],[0.8258262,52.2665153],[0.8438654,52.2598003],[0.8425935,52.2680273],[0.849568,52.2648042],[0.8563274,52.2684423],[0.8536832,52.2770705],[0.8428991,52.2847807],[0.8555569,52.2863493],[0.8552621,52.2915464],[0.8690033,52.2934589],[0.8667946,52.2978643],[0.8740788,52.2994922],[0.8825102,52.2931181],[0.8873566,52.2927191],[0.8829353,52.3001369],[0.9001521,52.2989157],[0.9031605,52.3038456],[0.9116784,52.3020601],[0.9045773,52.3055878],[0.9311244,52.312869],[0.9259406,52.3192795],[0.9256926,52.3273356],[0.9326975,52.3357297],[0.9532306,52.3368608],[0.9573045,52.3403526],[0.9579637,52.3507553],[0.9531535,52.3560333],[0.9672096,52.3657205],[0.967471,52.3701128],[0.9469602,52.3759827],[0.9367888,52.3866917],[0.9189606,52.3888735],[0.9049278,52.3857831],[0.8897542,52.3909404],[0.866873,52.3903459],[0.8569642,52.3967407],[0.8569185,52.3969648],[0.8554392,52.3994413],[0.8381573,52.4007643],[0.8081722,52.3895245],[0.7961309,52.3912418],[0.7859275,52.3864891],[0.7734348,52.3863272],[0.7659661,52.3903575],[0.7498443,52.3829265],[0.7409659,52.3881895],[0.7418167,52.3926941],[0.7352598,52.3953407],[0.7124378,52.3946231],[0.7025435,52.3964144],[0.6860106,52.398675],[0.6733819,52.4042081],[0.668541,52.4090575],[0.6721797,52.412801],[0.717552,52.446719],[0.7188815,52.4496306],[0.705559,52.4525865],[0.6944712,52.451017],[0.6839734,52.453165]]],"type":"Polygon"},"id":"E07000245","properties":{"code":"E07000245","geography":"LAD","name":"West Suffolk"},"type":"Feature"},{"geometry":{"coordinates":[[[-2.4258534,53.6258594],[-2.4261437,53.6350103],[-2.4386822,53.646072],[-2.4502704,53.6414321],[-2.4506533,53.6278106],[-2.4582893,53.6246312],[-2.4537809,53.6219744],[-2.4660194,53.621699],[-2.4730333,53.6165589],[-2.5104111,53.6263616],[-2.5113229,53.626995],[-2.5566138,53.6036573],[-2.5595205,53.5989425],[-2.5740035,53.5942908],[-2.5830651,53.6046951],[-2.5959375,53.6107916],[-2.6151387,53.6028632],[-2.6173788,53.5958486],[-2.6259362,53.5936956],[-2.6275105,53.5894421],[-2.6180081,53.5911024],[-2.585075,53.5850796],[-2.5678299,53.5714496],[-2.5685353,53.5647114],[-2.5601367,53.5621095],[-2.5633513,53.5595398],[-2.5598235,53.5555657],[-2.5692281,53.5475312],[-2.5581313,53.5444574],[-2.5618302,53.5389003],[-2.5537011,53.5361879],[-2.536538,53.5278099],[-2.5337472,53.5230144],[-2.5289186,53.5231042],[-2.515815,53.5292596],[-2.5155344,53.5358233],[-2.510165,53.5341053],[-2.5072989,53.5378086],[-2.4901637,53.535572],[-2.4510972,53.5286054],[-2.4446074,53.5309253],[-2.4356634,53.5419669],[-2.4102896,53.5385174],[-2.3936604,53.5365153],[-2.3853808,53.5315246],[-2.3543885,53.5262407],[-2.3507738,53.5296633],[-2.3536956,53.5350566],[-2.3459282,53.5374531],[-2.3381935,53.5336141],[-2.3442185,53.5456388],[-2.373589,53.5539141],[-2.3667147,53.5533467],[-2.362186,53.5561154],[-2.3582956,53.5532329],[-2.3573148,53.5632542],[-2.3609901,53.5682757],[-2.3739825,53.571469],[-2.3768838,53.5932914],[-2.3683916,53.5960571],[-2.3629944,53.6103066],[-2.3794364,53.6202982],[-2.3763591,53.6220796],[-2.3834555,53.6255454],[-2.3792933,53.629296],[-2.3791265,53.6308524],[-2.3978458,53.6322082],[-2.4012094,53.6245991],[-2.4053567,53.6251289],[-2.4199283,53.6236099],[-2.4258534,53.6258594]]],"type":"Polygon"},"id":"E08000001","properties":{"code":"E08000001","geography":"LAD","name":"Bolton"},"type":"Feature"},{"geometry":{"coordinates":[[[-2.3253026,53.655413],[-2.3533385,53.6584829],[-2.3555698,53.6645073],[-2.3712362,53.6670807],[-2.3626495,53.6559199],[-2.3670092,53.6450116],[-2.3724375,53.6423432],[-2.3686608,53.6369511],[-2.3704424,53.6315894],[-2.3791265,53.6308524],[-2.3792933,53.629296],[-2.3834555,53.6255454],[-2.3763591,53.6220796],[-2.3794364,53.6202982],[-2.3629944,53.6103066],[-2.3683916,53.5960571],[-2.3768838,53.5932914],[-2.3739825,53.571469],[-2.3609901,53.5682757],[-2.3573148,53.5632542],[-2.3582956,53.5532329],[-2.362186,53.5561154],[-2.3667147,53.5533467],[-2.373589,53.5539141],[-2.3442185,53.5456388],[-2.3381935,53.5336141],[-2.3267892,53.5284975],[-2.3104725,53.5271872],[-2.3022597,53.5170875],[-2.2907963,53.5120212],[-2.2793429,53.515888],[-2.2569658,53.5179458],[-2.2517851,53.5257606],[-2.2485668,53.5251157],[-2.2466449,53.5292364],[-2.2641143,53.5246905],[-2.2660226,53.530233],[-2.2684603,53.537102],[-2.2587592,53.5431546],[-2.2480208,53.5441597],[-2.2372298,53.5388605],[-2.2341646,53.5433643],[-2.2417206,53.5571518],[-2.2365424,53.5592285],[-2.2426243,53.5615452],[-2.2426824,53.5615588],[-2.2480945,53.5631869],[-2.2433045,53.5717042],[-2.2506786,53.5784347],[-2.25924,53.58527],[-2.2654956,53.5856032],[-2.2721825,53.579423],[-2.2814389,53.5827434],[-2.2824382,53.5867229],[-2.2780568,53.5873282],[-2.27664,53.5915155],[-2.2701331,53.5891611],[-2.2699772,53.5919622],[-2.2592217,53.592182],[-2.2555502,53.5971272],[-2.2455668,53.5991309],[-2.2510031,53.6072127],[-2.2594051,53.6060711],[-2.2666182,53.6091535],[-2.2717656,53.614478],[-2.2725505,53.6185123],[-2.2828532,53.6202633],[-2.2899463,53.635235],[-2.295767,53.6414505],[-2.2977014,53.6517683],[-2.2937919,53.6579299],[-2.2990061,53.6667095],[-2.3155826,53.6550552],[-2.3253026,53.655413]]],"type":"Polygon"},"id":"E08000002","properties":{"code":"E08000002","geography":"LAD","name":"Bury"},"type":"Feature"},{"geometry":{"coordinates":[[[-2.2480208,53.5441597],[-2.2587592,53.5431546],[-2.2684603,53.537102],[-2.2660226,53.530233],[-2.2641143,53.5246905],[-2.2466449,53.5292364],[-2.2485668,53.5251157],[-2.2517851,53.5257606],[-2.2569658,53.5179458],[-2.2452275,53.5121567],[-2.2503271,53.5080492],[-2.2453363,53.5049109],[-2.2470765,53.5023905],[-2.2515328,53.5039003],[-2.2554225,53.4991191],[-2.2504879,53.4900854],[-2.2486445,53.4882413],[-2.2456381,53.4851402],[-2.2530435,53.4818046],[-2.2633212,53.4756851],[-2.2653201,53.472729],[-2.2681607,53.4697071],[-2.2598108,53.4653327],[-2.2536873,53.4599456],[-2.2581868,53.458825],[-2.2714659,53.450732],[-2.2730234,53.4505667],[-2.2862124,53.4491213],[-2.2931289,53.44445],[-2.2898706,53.4412886],[-2.2954386,53.4387994],[-2.2943043,53.4360616],[-2.2996989,53.4373254],[-2.2998658,53.4334339],[-2.2867464,53.430231],[-2.2859949,53.4293346],[-2.2836519,53.4250079],[-2.2736207,53.4225008],[-2.2778425,53.4154746],[-2.293943,53.4135818],[-2.2977156,53.4083617],[-2.3043211,53.4098686],[-2.319919,53.4116236],[-2.3085904,53.3989482],[-2.3001518,53.3921545],[-2.2996193,53.3876642],[-2.2998738,53.3843306],[-2.2863428,53.3758471],[-2.2985945,53.3608249],[-2.3140125,53.3574304],[-2.2970125,53.3486475],[-2.3016616,53.3402242],[-2.2879328,53.3430886],[-2.2806401,53.3459689],[-2.2670767,53.3505735],[-2.2564473,53.3606768],[-2.2407901,53.3595743],[-2.2386757,53.3707991],[-2.2426248,53.3876905],[-2.2462222,53.3878296],[-2.246828,53.39606],[-2.2424235,53.3990056],[-2.2381427,53.4008217],[-2.2226677,53.4011763],[-2.2184282,53.4054339],[-2.2125949,53.406968],[-2.2134277,53.4189147],[-2.2096704,53.4179435],[-2.2076931,53.42008],[-2.1990647,53.427044],[-2.193141,53.4276532],[-2.1913521,53.4351283],[-2.1874317,53.436668],[-2.1767547,53.433016],[-2.1747265,53.4379753],[-2.1714317,53.4485102],[-2.1660435,53.4536484],[-2.1612824,53.4518204],[-2.1584513,53.4549369],[-2.1492134,53.4603249],[-2.1527831,53.4632469],[-2.1468634,53.4674977],[-2.1498942,53.4709132],[-2.1506613,53.4728665],[-2.1615647,53.4748501],[-2.1675374,53.481096],[-2.1659689,53.4915733],[-2.1630302,53.4928492],[-2.1618649,53.4983256],[-2.175513,53.5026504],[-2.1782665,53.5067682],[-2.1714222,53.5131674],[-2.1611662,53.5128752],[-2.15624,53.5157985],[-2.1591877,53.5221269],[-2.1647909,53.5201661],[-2.1705011,53.5239566],[-2.1702192,53.5277456],[-2.1860142,53.5290594],[-2.1938773,53.5316401],[-2.2067712,53.5342134],[-2.2071242,53.5381947],[-2.2187252,53.5439068],[-2.2372298,53.5388605],[-2.2480208,53.5441597]]],"type":"Polygon"},"id":"E08000003","properties":{"code":"E08000003","geography":"LAD","name":"Manchester"},"type":"Feature"},{"geometry":{"coordinates":[[[-2.0268157,53.6241671],[-2.0358271,53.6029324],[-2.0568807,53.5974005],[-2.0550957,53.5946087],[-2.067318,53.5924085],[-2.0698816,53.5949929],[-2.0980231,53.5963547],[-2.1106377,53.5997088],[-2.1119964,53.5961812],[-2.1127133,53.5927724],[-2.1240547,53.5890529],[-2.1258447,53.586498],[-2.1367174,53.5830839],[-2.1565864,53.5822875],[-2.1524773,53.5760323],[-2.1509297,53.5671242],[-2.1552084,53.565366],[-2.1719929,53.5582323],[-2.1717568,53.5513619],[-2.1694402,53.5461593],[-2.1731778,53.5415546],[-2.1860142,53.5290594],[-2.1702192,53.5277456],[-2.1705011,53.5239566],[-2.1647909,53.5201661],[-2.1591877,53.5221269],[-2.15624,53.5157985],[-2.1611662,53.5128752],[-2.1714222,53.5131674],[-2.1782665,53.5067682],[-2.175513,53.5026504],[-2.1618649,53.4983256],[-2.1630302,53.4928492],[-2.1561716,53.4938923],[-2.1409388,53.4911283],[-2.1260201,53.4990225],[-2.1196848,53.5057272],[-2.1163287,53.5063067],[-2.1033115,53.5096713],[-2.0921225,53.5206149],[-2.0772052,53.5202742],[-2.0706966,53.5217363],[-2.0618663,53.5223111],[-2.0541481,53.5222692],[-2.0569362,53.5306765],[-2.0486505,53.5303084],[-2.0267992,53.5294265],[-2.0180928,53.5248306],[-2.0187761,53.5214338],[-2.0091333,53.5191266],[-1.9969273,53.5220653],[-1.985786,53.5164485],[-1.963386,53.5098273],[-1.9513327,53.5041988],[-1.9219728,53.5099547],[-1.9167664,53.5144958],[-1.9267807,53.5209487],[-1.9224447,53.5308151],[-1.9096208,53.538391],[-1.9128846,53.5516436],[-1.925666,53.5531893],[-1.9275216,53.5546375],[-1.9427259,53.5616413],[-1.9481094,53.5728482],[-1.9816462,53.5893378],[-2.0094708,53.6167795],[-2.023036,53.6158395],[-2.0268157,53.6241671]]],"type":"Polygon"},"id":"E08000004","properties":{"code":"E08000004","geography":"LAD","name":"Oldham"},"type":"Feature"},{"geometry":{"coordinates":[[[-2.1341273,53.685734],[-2.1422576,53.6780058],[-2.1463281,53.6822315],[-2.1639387,53.6547656],[-2.1611359,53.6422484],[-2.1853958,53.6382241],[-2.1804678,53.6405496],[-2.1823663,53.6482631],[-2.1896289,53.64799],[-2.2052469,53.6543615],[-2.2071076,53.6607668],[-2.2177289,53.6689807],[-2.2201293,53.6688745],[-2.2258239,53.6707679],[-2.236575,53.6670072],[-2.236632,53.6669241],[-2.2613576,53.6541681],[-2.2699252,53.6460573],[-2.2629269,53.6249611],[-2.2567906,53.6204421],[-2.2579949,53.6164535],[-2.2717656,53.614478],[-2.2666182,53.6091535],[-2.2594051,53.6060711],[-2.2510031,53.6072127],[-2.2455668,53.5991309],[-2.2555502,53.5971272],[-2.2592217,53.592182],[-2.2699772,53.5919622],[-2.2701331,53.5891611],[-2.27664,53.5915155],[-2.2780568,53.5873282],[-2.2824382,53.5867229],[-2.2814389,53.5827434],[-2.2721825,53.579423],[-2.2654956,53.5856032],[-2.25924,53.58527],[-2.2506786,53.5784347],[-2.2433045,53.5717042],[-2.2480945,53.5631869],[-2.2426824,53.5615588],[-2.2426243,53.5615452],[-2.2365424,53.5592285],[-2.2417206,53.5571518],[-2.2341646,53.5433643],[-2.2372298,53.5388605],[-2.2187252,53.5439068],[-2.2071242,53.5381947],[-2.2067712,53.5342134],[-2.1938773,53.5316401],[-2.1860142,53.5290594],[-2.1731778,53.5415546],[-2.1694402,53.5461593],[-2.1717568,53.5513619],[-2.1719929,53.5582323],[-2.1552084,53.565366],[-2.1509297,53.5671242],[-2.1524773,53.5760323],[-2.1565864,53.5822875],[-2.1367174,53.5830839],[-2.1258447,53.586498],[-2.1240547,53.5890529],[-2.1127133,53.5927724],[-2.1119964,53.5961812],[-2.1106377,53.5997088],[-2.0980231,53.5963547],[-2.0698816,53.5949929],[-2.067318,53.5924085],[-2.0550957,53.5946087],[-2.0568807,53.5974005],[-2.0358271,53.6029324],[-2.0268157,53.6241671],[-2.0308867,53.62924],[-2.0299966,53.6361693],[-2.0415801,53.6424873],[-2.0357094,53.6593277],[-2.0529177,53.6703167],[-2.0548576,53.6756629],[-2.0507343,53.6795161],[-2.0512422,53.6836918],[-2.0567136,53.6830521],[-2.0733457,53.6775118],[-2.0830775,53.6781043],[-2.0872645,53.6707514],[-2.1141046,53.6711191],[-2.1253868,53.6748383],[-2.1341273,53.685734]]],"type":"Polygon"},"id":"E08000005","properties":{"code":"E08000005","geography":"LAD","name":"Rochdale"},"type":"Feature"},{"geometry":{"coordinates":[[[-2.3853808,53.5315246],[-2.3936604,53.5365153],[-2.4102896,53.5385174],[-2.4356634,53.5419669],[-2.4446074,53.5309253],[-2.4510972,53.5286054],[-2.4541131,53.526222],[-2.4216369,53.5199279],[-2.4153485,53.5120449],[-2.4194557,53.5121573],[-2.4205065,53.5067902],[-2.4304308,53.5046963],[-2.438507,53.4924022],[-2.4361259,53.4718976],[-2.4356262,53.4698922],[-2.4344694,53.4650444],[-2.4897138,53.4602823],[-2.4759865,53.4482377],[-2.4781533,53.4434175],[-2.4676996,53.4374429],[-2.4617239,53.4363687],[-2.4515436,53.4267091],[-2.4493782,53.4158914],[-2.4223868,53.4273387],[-2.4135192,53.4375321],[-2.4095653,53.4457351],[-2.4074572,53.4488022],[-2.3932529,53.4601565],[-2.3690747,53.4692655],[-2.3621208,53.4716992],[-2.3521773,53.4747252],[-2.3294669,53.4799946],[-2.3192031,53.4796514],[-2.3044036,53.4730954],[-2.2812594,53.464862],[-2.2653201,53.472729],[-2.2633212,53.4756851],[-2.2530435,53.4818046],[-2.2456381,53.4851402],[-2.2486445,53.4882413],[-2.2504879,53.4900854],[-2.2554225,53.4991191],[-2.2515328,53.5039003],[-2.2470765,53.5023905],[-2.2453363,53.5049109],[-2.2503271,53.5080492],[-2.2452275,53.5121567],[-2.2569658,53.5179458],[-2.2793429,53.515888],[-2.2907963,53.5120212],[-2.3022597,53.5170875],[-2.3104725,53.5271872],[-2.3267892,53.5284975],[-2.3381935,53.5336141],[-2.3459282,53.5374531],[-2.3536956,53.5350566],[-2.3507738,53.5296633],[-2.3543885,53.5262407],[-2.3853808,53.5315246]]],"type":"Polygon"},"id":"E08000006","properties":{"code":"E08000006","geography":"LAD","name":"Salford"},"type":"Feature"},{"geometry":{"coordinates":[[[-2.1584513,53.4549369],[-2.1612824,53.4518204],[-2.1660435,53.4536484],[-2.1714317,53.4485102],[-2.1747265,53.4379753],[-2.1767547,53.433016],[-2.1874317,53.436668],[-2.1913521,53.4351283],[-2.193141,53.4276532],[-2.1990647,53.427044],[-2.2076931,53.42008],[-2.2096704,53.4179435],[-2.2134277,53.4189147],[-2.2125949,53.406968],[-2.2184282,53.4054339],[-2.2226677,53.4011763],[-2.2381427,53.4008217],[-2.2424235,53.3990056],[-2.246828,53.39606],[-2.2462222,53.3878296],[-2.2426248,53.3876905],[-2.2386757,53.3707991],[-2.2407901,53.3595743],[-2.2329816,53.3587952],[-2.2222242,53.3597813],[-2.2074095,53.3567986],[-2.2084645,53.3550044],[-2.200418,53.355245],[-2.1854383,53.3526516],[-2.1880152,53.3487366],[-2.1809773,53.3440438],[-2.1941629,53.3386504],[-2.1848768,53.3326914],[-2.1595546,53.3281896],[-2.1525354,53.3285533],[-2.1500084,53.3382975],[-2.1440993,53.342871],[-2.1511906,53.3481331],[-2.1425328,53.3541896],[-2.1381967,53.3568913],[-2.1390253,53.367317],[-2.124295,53.3619671],[-2.1144092,53.3646205],[-2.1039384,53.3660407],[-2.095092,53.3660679],[-2.0786178,53.358173],[-2.0608333,53.3584355],[-2.0553205,53.3668911],[-2.0405636,53.3740878],[-2.0310585,53.3702624],[-2.0337754,53.3755416],[-2.026209,53.3736181],[-2.0219956,53.3759578],[-2.0170841,53.3778328],[-2.0197145,53.3805955],[-2.0046429,53.3863273],[-2.0050523,53.3905394],[-1.9923295,53.4151931],[-2.0136972,53.4158901],[-2.0237096,53.4205517],[-2.0197243,53.4251187],[-2.0262554,53.4298652],[-2.0390684,53.4271822],[-2.0557897,53.4317713],[-2.0694237,53.4277372],[-2.082914,53.4268189],[-2.0840361,53.4340971],[-2.0928098,53.4375386],[-2.1028614,53.4326442],[-2.1160848,53.4407461],[-2.1202619,53.4364022],[-2.1232697,53.4410607],[-2.1229219,53.4377622],[-2.130723,53.4394349],[-2.1416902,53.4382511],[-2.143424,53.4448628],[-2.1584513,53.4549369]]],"type":"Polygon"},"id":"E08000007","properties":{"code":"E08000007","geography":"LAD","name":"Stockport"},"type":"Feature"},{"geometry":{"coordinates":[[[-2.0180928,53.5248306],[-2.0267992,53.5294265],[-2.0486505,53.5303084],[-2.0569362,53.5306765],[-2.0541481,53.5222692],[-2.0618663,53.5223111],[-2.0706966,53.5217363],[-2.0772052,53.5202742],[-2.0921225,53.5206149],[-2.1033115,53.5096713],[-2.1163287,53.5063067],[-2.1196848,53.5057272],[-2.1260201,53.4990225],[-2.1409388,53.4911283],[-2.1561716,53.4938923],[-2.1630302,53.4928492],[-2.1659689,53.4915733],[-2.1675374,53.481096],[-2.1615647,53.4748501],[-2.1506613,53.4728665],[-2.1498942,53.4709132],[-2.1468634,53.4674977],[-2.1527831,53.4632469],[-2.1492134,53.4603249],[-2.1584513,53.4549369],[-2.143424,53.4448628],[-2.1416902,53.4382511],[-2.130723,53.4394349],[-2.1229219,53.4377622],[-2.1232697,53.4410607],[-2.1202619,53.4364022],[-2.1160848,53.4407461],[-2.1028614,53.4326442],[-2.0928098,53.4375386],[-2.0840361,53.4340971],[-2.082914,53.4268189],[-2.0694237,53.4277372],[-2.0557897,53.4317713],[-2.0390684,53.4271822],[-2.0262554,53.4298652],[-2.0273226,53.4324006],[-2.0136555,53.4398832],[-2.0042161,53.4359218],[-2.0083056,53.4414522],[-1.9982142,53.4457725],[-1.9869011,53.4543163],[-1.9874298,53.4589033],[-1.9815325,53.4645051],[-1.988682,53.4746834],[-1.987399,53.481576],[-1.9742778,53.4883844],[-1.9727197,53.5024861],[-1.963386,53.5098273],[-1.985786,53.5164485],[-1.9969273,53.5220653],[-2.0091333,53.5191266],[-2.0187761,53.5214338],[-2.0180928,53.5248306]]],"type":"Polygon"},"id":"E08000008","properties":{"code":"E08000008","geography":"LAD","name":"Tameside"},"type":"Feature"},{"geometry":{"coordinates":[[[-2.3044036,53.4730954],[-2.3192031,53.4796514],[-2.3294669,53.4799946],[-2.3521773,53.4747252],[-2.3621208,53.4716992],[-2.3690747,53.4692655],[-2.3932529,53.4601565],[-2.4074572,53.4488022],[-2.4095653,53.4457351],[-2.4135192,53.4375321],[-2.4223868,53.4273387],[-2.4493782,53.4158914],[-2.4536814,53.4132128],[-2.4659767,53.4007479],[-2.4784396,53.3962132],[-2.4710264,53.3923311],[-2.465898,53.3947765],[-2.4585613,53.3929885],[-2.448394,53.3948083],[-2.4265899,53.3874615],[-2.4080367,53.3828157],[-2.4007025,53.3752459],[-2.3847295,53.3700524],[-2.3649575,53.3631006],[-2.3539582,53.3682285],[-2.3488925,53.36591],[-2.3400902,53.3674438],[-2.3286872,53.3606403],[-2.3245251,53.3614558],[-2.3234755,53.3582771],[-2.3140125,53.3574304],[-2.2985945,53.3608249],[-2.2863428,53.3758471],[-2.2998738,53.3843306],[-2.2996193,53.3876642],[-2.3001518,53.3921545],[-2.3085904,53.3989482],[-2.319919,53.4116236],[-2.3043211,53.4098686],[-2.2977156,53.4083617],[-2.293943,53.4135818],[-2.2778425,53.4154746],[-2.2736207,53.4225008],[-2.2836519,53.4250079],[-2.2859949,53.4293346],[-2.2867464,53.430231],[-2.2998658,53.4334339],[-2.2996989,53.4373254],[-2.2943043,53.4360616],[-2.2954386,53.4387994],[-2.2898706,53.4412886],[-2.2931289,53.44445],[-2.2862124,53.4491213],[-2.2730234,53.4505667],[-2.2714659,53.450732],[-2.2581868,53.458825],[-2.2536873,53.4599456],[-2.2598108,53.4653327],[-2.2681607,53.4697071],[-2.2653201,53.472729],[-2.2812594,53.464862],[-2.3044036,53.4730954]]],"type":"Polygon"},"id":"E08000009","properties":{"code":"E08000009","geography":"LAD","name":"Trafford"},"type":"Feature"},{"geometry":{"coordinates":[[[-2.6312834,53.605218],[-2.6360771,53.608365],[-2.6593704,53.6036478],[-2.6894557,53.6042795],[-2.6904851,53.6023559],[-2.693309,53.5894747],[-2.7000696,53.5912134],[-2.7103436,53.585117],[-2.7192226,53.5761142],[-2.7163882,53.571306],[-2.7047381,53.5618605],[-2.7185504,53.5435501],[-2.7145275,53.5383271],[-2.7178352,53.5273092],[-2.7304176,53.5205814],[-2.7229704,53.5099973],[-2.7100143,53.5145796],[-2.705478,53.504786],[-2.6802304,53.4995161],[-2.6662578,53.4997406],[-2.6629372,53.4927968],[-2.6559154,53.4903392],[-2.645537,53.4802712],[-2.6172774,53.4817789],[-2.6121383,53.4811381],[-2.6078634,53.4708277],[-2.6145486,53.4703612],[-2.6167605,53.4662386],[-2.6131111,53.4617748],[-2.599719,53.4610684],[-2.5969291,53.4568367],[-2.5842007,53.4541158],[-2.5833283,53.4489715],[-2.5766648,53.4460853],[-2.5703201,53.4585337],[-2.5490896,53.4615116],[-2.5526385,53.4678134],[-2.5364459,53.4715041],[-2.4963345,53.4809294],[-2.4891455,53.4758482],[-2.4897138,53.4602823],[-2.4344694,53.4650444],[-2.4356262,53.4698922],[-2.4361259,53.4718976],[-2.438507,53.4924022],[-2.4304308,53.5046963],[-2.4205065,53.5067902],[-2.4194557,53.5121573],[-2.4153485,53.5120449],[-2.4216369,53.5199279],[-2.4541131,53.526222],[-2.4510972,53.5286054],[-2.4901637,53.535572],[-2.5072989,53.5378086],[-2.510165,53.5341053],[-2.5155344,53.5358233],[-2.515815,53.5292596],[-2.5289186,53.5231042],[-2.5337472,53.5230144],[-2.536538,53.5278099],[-2.5537011,53.5361879],[-2.5618302,53.5389003],[-2.5581313,53.5444574],[-2.5692281,53.5475312],[-2.5598235,53.5555657],[-2.5633513,53.5595398],[-2.5601367,53.5621095],[-2.5685353,53.5647114],[-2.5678299,53.5714496],[-2.585075,53.5850796],[-2.6180081,53.5911024],[-2.6275105,53.5894421],[-2.6259362,53.5936956],[-2.6312834,53.605218]]],"type":"Polygon"},"id":"E08000010","properties":{"code":"E08000010","geography":"LAD","name":"Wigan"},"type":"Feature"},{"geometry":{"coordinates":[[[-2.8710673,53.494997],[-2.8733324,53.5000393],[-2.8879634,53.5038459],[-2.8984196,53.5008151],[-2.8995829,53.4928136],[-2.9052492,53.4919762],[-2.9142677,53.4825341],[-2.9195592,53.4820729],[-2.9168433,53.4792614],[-2.9226151,53.4749832],[-2.9143776,53.4650052],[-2.9049244,53.4652452],[-2.9059288,53.4701787],[-2.891818,53.4632377],[-2.8914403,53.4631156],[-2.8809403,53.4571201],[-2.8678553,53.4492946],[-2.8705915,53.4425277],[-2.8701228,53.4416952],[-2.873416,53.4365187],[-2.8668316,53.4283652],[-2.8679385,53.4205657],[-2.8686947,53.4155885],[-2.8711629,53.4123849],[-2.8840967,53.416876],[-2.8924124,53.4109185],[-2.8905423,53.4069261],[-2.8816796,53.4080408],[-2.8719159,53.4004351],[-2.8562198,53.3949601],[-2.8373451,53.399868],[-2.8336499,53.388941],[-2.8219548,53.380667],[-2.8444316,53.3820571],[-2.8538038,53.3798152],[-2.8520843,53.3612324],[-2.8463387,53.3539814],[-2.8404056,53.3473311],[-2.8188069,53.3480007],[-2.8090643,53.3550814],[-2.7873017,53.3562904],[-2.784823,53.360723],[-2.7847592,53.3607919],[-2.7812829,53.3716916],[-2.7720782,53.3829645],[-2.7576541,53.3807379],[-2.7602707,53.3843357],[-2.7481417,53.3885014],[-2.7506479,53.3937881],[-2.7433955,53.3952852],[-2.7451746,53.4020956],[-2.786776,53.4011876],[-2.7856905,53.4150293],[-2.7782046,53.4163027],[-2.7816733,53.4208517],[-2.7762014,53.426687],[-2.782017,53.428597],[-2.7879451,53.4303783],[-2.8050295,53.43866],[-2.8046388,53.4411615],[-2.7967672,53.4406309],[-2.7950695,53.4432301],[-2.8070037,53.4558312],[-2.8044078,53.4672364],[-2.8187118,53.4668911],[-2.8167516,53.4778517],[-2.8249645,53.4852092],[-2.8255744,53.4827817],[-2.8444211,53.4841304],[-2.8439376,53.4902112],[-2.8498364,53.4931392],[-2.8614778,53.4910792],[-2.8710673,53.494997]]],"type":"Polygon"},"id":"E08000011","properties":{"code":"E08000011","geography":"LAD","name":"Knowsley"},"type":"Feature"},{"geometry":{"coordinates":[[[-2.9226151,53.4749832],[-2.9281227,53.4734234],[-2.9554467,53.4724035],[-2.959302,53.4676652],[-2.960179,53.4680015],[-2.9697796,53.4660246],[-2.9726541,53.4585996],[-2.9725654,53.4584019],[-2.9733937,53.4474487],[-2.9753072,53.443247],[-2.9810593,53.4423469],[-2.9851948,53.4415776],[-2.9910536,53.4402125],[-3.0085803,53.4376981],[-3.0019446,53.4117592],[-3.0018753,53.4114882],[-3.0017631,53.411049],[-2.9959783,53.4023119],[-2.9950609,53.4009261],[-2.9849726,53.3865034],[-2.9837977,53.3857016],[-2.9692999,53.3758043],[-2.9679989,53.3753289],[-2.945736,53.3671902],[-2.9447696,53.3667782],[-2.9439394,53.3664253],[-2.9238225,53.3578679],[-2.9224108,53.3572671],[-2.916131,53.353398],[-2.9103377,53.3498277],[-2.9098693,53.3495402],[-2.9027195,53.3460829],[-2.8830736,53.336578],[-2.8781584,53.3341988],[-2.8549727,53.3274717],[-2.8364103,53.327018],[-2.8266611,53.3316568],[-2.8257569,53.3318139],[-2.8256538,53.3318319],[-2.8323393,53.3372863],[-2.8187317,53.3398033],[-2.8188069,53.3480007],[-2.8404056,53.3473311],[-2.8463387,53.3539814],[-2.8520843,53.3612324],[-2.8538038,53.3798152],[-2.8444316,53.3820571],[-2.8219548,53.380667],[-2.8336499,53.388941],[-2.8373451,53.399868],[-2.8562198,53.3949601],[-2.8719159,53.4004351],[-2.8816796,53.4080408],[-2.8905423,53.4069261],[-2.8924124,53.4109185],[-2.8840967,53.416876],[-2.8711629,53.4123849],[-2.8686947,53.4155885],[-2.8679385,53.4205657],[-2.8668316,53.4283652],[-2.873416,53.4365187],[-2.8701228,53.4416952],[-2.8705915,53.4425277],[-2.8678553,53.4492946],[-2.8809403,53.4571201],[-2.8914403,53.4631156],[-2.891818,53.4632377],[-2.9059288,53.4701787],[-2.9049244,53.4652452],[-2.9143776,53.4650052],[-2.9226151,53.4749832]]],"type":"Polygon"},"id":"E08000012","properties":{"code":"E08000012","geography":"LAD","name":"Liverpool"},"type":"Feature"},{"geometry":{"coordinates":[[[-2.7688725,53.5135715],[-2.7824184,53.5313725],[-2.7946869,53.5212427],[-2.8166156,53.5122823],[-2.8225199,53.5051275],[-2.8198941,53.4965071],[-2.8249645,53.4852092],[-2.8167516,53.4778517],[-2.8187118,53.4668911],[-2.8044078,53.4672364],[-2.8070037,53.4558312],[-2.7950695,53.4432301],[-2.7967672,53.4406309],[-2.8046388,53.4411615],[-2.8050295,53.43866],[-2.7879451,53.4303783],[-2.782017,53.428597],[-2.7762014,53.426687],[-2.7816733,53.4208517],[-2.7782046,53.4163027],[-2.7856905,53.4150293],[-2.786776,53.4011876],[-2.7451746,53.4020956],[-2.734448,53.4005469],[-2.7309444,53.3999931],[-2.7152268,53.3990349],[-2.7128034,53.390626],[-2.7050421,53.3867458],[-2.6906328,53.3853882],[-2.6763172,53.3876194],[-2.6759967,53.3950099],[-2.671377,53.400174],[-2.6721363,53.4118074],[-2.6718766,53.4152866],[-2.6668562,53.4162639],[-2.6723198,53.4220247],[-2.6638524,53.4296666],[-2.6752677,53.4329653],[-2.6687717,53.4410441],[-2.6821682,53.4392344],[-2.6771857,53.4527529],[-2.6734082,53.4525821],[-2.6706607,53.449926],[-2.63954,53.4444221],[-2.6324076,53.4416601],[-2.6274624,53.4344126],[-2.6114228,53.4422747],[-2.5962305,53.4426663],[-2.5986849,53.4504138],[-2.5845966,53.4403931],[-2.5766648,53.4460853],[-2.5833283,53.4489715],[-2.5842007,53.4541158],[-2.5969291,53.4568367],[-2.599719,53.4610684],[-2.6131111,53.4617748],[-2.6167605,53.4662386],[-2.6145486,53.4703612],[-2.6078634,53.4708277],[-2.6121383,53.4811381],[-2.6172774,53.4817789],[-2.645537,53.4802712],[-2.6559154,53.4903392],[-2.6629372,53.4927968],[-2.6662578,53.4997406],[-2.6802304,53.4995161],[-2.705478,53.504786],[-2.7100143,53.5145796],[-2.7229704,53.5099973],[-2.7304176,53.5205814],[-2.7598315,53.5125371],[-2.7688725,53.5135715]]],"type":"Polygon"},"id":"E08000013","properties":{"code":"E08000013","geography":"LAD","name":"St. Helens"},"type":"Feature"},{"geometry":{"coordinates":[[[-2.9645926,53.693479],[-2.9652762,53.6982022],[-2.9771458,53.696535],[-2.9800703,53.6897465],[-2.9801554,53.689022],[-2.9804479,53.6867117],[-2.9846857,53.6897357],[-2.9884602,53.6873774],[-2.9829734,53.6825365],[-2.9879042,53.6846531],[-3.0023676,53.6769573],[-3.0140916,53.679129],[-3.0156067,53.67295],[-3.0150064,53.6721798],[-3.0109513,53.6669762],[-3.0064163,53.6713361],[-3.0031979,53.6701093],[-3.0176596,53.6543292],[-3.0178,53.6541759],[-3.0311511,53.6476501],[-3.0427233,53.6363294],[-3.061986,53.6103445],[-3.0621153,53.61017],[-3.0861238,53.5873529],[-3.1005194,53.5693936],[-3.1054697,53.5515151],[-3.1014799,53.5408077],[-3.0854029,53.5337458],[-3.0791202,53.5261449],[-3.0709287,53.5215401],[-3.063366,53.5264736],[-3.0640893,53.530608],[-3.0626926,53.5273674],[-3.0627385,53.5267896],[-3.0639681,53.5113194],[-3.0640336,53.5104953],[-3.0650618,53.5047972],[-3.0548098,53.4920616],[-3.0434152,53.4778959],[-3.0375828,53.4684664],[-3.0414561,53.4656287],[-3.0404229,53.4647458],[-3.0365348,53.4615503],[-3.0363948,53.4614353],[-3.0346327,53.4600734],[-3.027738,53.4551332],[-3.0235545,53.4562313],[-3.0087553,53.4383815],[-3.0086206,53.4378555],[-3.0085803,53.4376981],[-2.9910536,53.4402125],[-2.9851948,53.4415776],[-2.9810593,53.4423469],[-2.9753072,53.443247],[-2.9733937,53.4474487],[-2.9725654,53.4584019],[-2.9726541,53.4585996],[-2.9697796,53.4660246],[-2.960179,53.4680015],[-2.959302,53.4676652],[-2.9554467,53.4724035],[-2.9281227,53.4734234],[-2.9226151,53.4749832],[-2.9168433,53.4792614],[-2.9195592,53.4820729],[-2.9142677,53.4825341],[-2.9052492,53.4919762],[-2.8995829,53.4928136],[-2.8984196,53.5008151],[-2.8879634,53.5038459],[-2.8922108,53.5111658],[-2.8816877,53.5205229],[-2.9167431,53.5232584],[-2.9230094,53.52522],[-2.9419792,53.5409977],[-2.9658174,53.5478158],[-2.9772781,53.5462272],[-2.9784349,53.5427748],[-2.9629974,53.5229029],[-2.9641428,53.5186061],[-2.9729433,53.5154462],[-2.9825316,53.5195459],[-2.9915228,53.5229916],[-3.0249687,53.5390352],[-3.0386923,53.5383197],[-3.0466986,53.5429583],[-3.0388092,53.5519053],[-3.0405888,53.5650025],[-3.02262,53.5695979],[-3.0207685,53.5828145],[-3.0333425,53.58512],[-3.0321482,53.5985296],[-3.0140985,53.611277],[-2.9973335,53.6268857],[-2.9937206,53.6282712],[-2.9818231,53.6222051],[-2.9677687,53.6310638],[-2.9603517,53.6387368],[-2.9499669,53.6523347],[-2.9401434,53.6586105],[-2.9474379,53.6673491],[-2.9443079,53.6791297],[-2.9524937,53.6822791],[-2.9467857,53.6880176],[-2.9552303,53.696496],[-2.9622836,53.6938319],[-2.9573272,53.691051],[-2.954053,53.6913773],[-2.9583025,53.6875845],[-2.962948,53.692881],[-2.9714881,53.6921632],[-2.9645926,53.693479]]],"type":"Polygon"},"id":"E08000014","properties":{"code":"E08000014","geography":"LAD","name":"Sefton"},"type":"Feature"},{"geometry":{"coordinates":[[[-2.9581292,53.3325313],[-2.9582637,53.3326418],[-2.9731818,53.353025],[-2.9953485,53.3680057],[-2.9956039,53.3684024],[-3.0065403,53.385384],[-3.0067456,53.3859128],[-3.006779,53.3859988],[-3.0127721,53.4014315],[-3.0127932,53.4014858],[-3.024119,53.4190914],[-3.0242566,53.419305],[-3.0291984,53.4259223],[-3.0300957,53.4271236],[-3.0403203,53.4428974],[-3.0567138,53.440093],[-3.0603539,53.4386504],[-3.0604053,53.43863],[-3.0898958,53.4269358],[-3.118314,53.4166185],[-3.1183509,53.4166051],[-3.1188767,53.4164141],[-3.1405833,53.4119388],[-3.1409575,53.4118616],[-3.1776059,53.3997273],[-3.2003679,53.3875153],[-3.1985189,53.3757472],[-3.1908566,53.368513],[-3.1905712,53.3682434],[-3.1387835,53.3343216],[-3.1378848,53.3337323],[-3.1223402,53.3225417],[-3.120347,53.3116838],[-3.1200146,53.3098726],[-3.1158355,53.3048446],[-3.1069759,53.3021405],[-3.1164005,53.3032591],[-3.1107229,53.2962983],[-3.1094523,53.2970206],[-3.1090229,53.2972636],[-3.1065626,53.2981098],[-3.0830811,53.3107858],[-3.0726496,53.3158543],[-3.0596592,53.3090038],[-3.0483907,53.3109606],[-3.02976,53.2989921],[-3.012837,53.2989708],[-2.9927378,53.3071088],[-2.9801638,53.304659],[-2.9680333,53.3012551],[-2.9466105,53.3055106],[-2.9396085,53.3103882],[-2.9317024,53.3060361],[-2.9287938,53.3084314],[-2.9346971,53.3132839],[-2.9581292,53.3325313]]],"type":"Polygon"},"id":"E08000015","properties":{"code":"E08000015","geography":"LAD","name":"Wirral"},"type":"Feature"},{"geometry":{"coordinates":[[[-0.9904595,53.6612233],[-1.0293621,53.6549697],[-1.0486626,53.6560575],[-1.0532775,53.6515369],[-1.0661388,53.6488549],[-1.0847972,53.6517244],[-1.1216181,53.6467499],[-1.1289405,53.6430168],[-1.1290327,53.6346686],[-1.1349122,53.6326981],[-1.1550903,53.6431985],[-1.1892465,53.635917],[-1.2098272,53.6431641],[-1.2108924,53.6409563],[-1.2156472,53.6419827],[-1.2193872,53.6366875],[-1.2174685,53.6242243],[-1.2328443,53.6211122],[-1.2278921,53.6173429],[-1.2312983,53.6169091],[-1.2482499,53.6163533],[-1.2448647,53.6081632],[-1.2521999,53.6071126],[-1.24721,53.6007052],[-1.2576381,53.5998525],[-1.2529113,53.5971168],[-1.2580281,53.5919974],[-1.2766939,53.5899795],[-1.2822854,53.5830203],[-1.2986438,53.5774555],[-1.3078197,53.575367],[-1.3487334,53.5833476],[-1.3321494,53.5628649],[-1.326807,53.5581853],[-1.2974568,53.5513818],[-1.286982,53.5376701],[-1.2938088,53.5358104],[-1.2757265,53.5298373],[-1.2860409,53.5269466],[-1.2765045,53.5206333],[-1.2812834,53.5164923],[-1.3124428,53.5137945],[-1.3120197,53.5079737],[-1.3132293,53.5019888],[-1.3059361,53.4960242],[-1.2906246,53.4911361],[-1.2931896,53.4857548],[-1.3013819,53.4833678],[-1.2960151,53.4805742],[-1.2970116,53.4751671],[-1.2808774,53.4784106],[-1.2698168,53.4858463],[-1.2542422,53.4809926],[-1.2500073,53.4763271],[-1.259321,53.464148],[-1.2521252,53.4546381],[-1.2582129,53.4554689],[-1.2531152,53.4460152],[-1.2507592,53.4407717],[-1.237521,53.4411581],[-1.2402028,53.4345235],[-1.2380986,53.4327545],[-1.2165132,53.4350356],[-1.2068542,53.4316999],[-1.19734,53.4315555],[-1.1951291,53.4371353],[-1.1858059,53.433775],[-1.1700031,53.4352295],[-1.1604932,53.4243522],[-1.1458531,53.4263411],[-1.1360197,53.4244826],[-1.1459457,53.4123246],[-1.1333977,53.408743],[-1.1180456,53.4109417],[-1.116041,53.4073494],[-1.1082269,53.4058818],[-1.0987374,53.4187348],[-1.0870461,53.425544],[-1.079123,53.4228091],[-1.0804394,53.4268679],[-1.0732679,53.4280574],[-1.0570508,53.4253599],[-1.0309498,53.4309795],[-1.0305153,53.4251953],[-1.0231689,53.4245144],[-1.0143581,53.4262974],[-1.0124581,53.4327959],[-0.9956698,53.4369267],[-0.9975182,53.443655],[-0.9855476,53.461354],[-0.9859781,53.4716734],[-0.9532592,53.4844235],[-0.9355646,53.5025165],[-0.9320942,53.5106718],[-0.9500091,53.5136574],[-0.9484735,53.5203729],[-0.9437158,53.530643],[-0.8980745,53.532759],[-0.8922679,53.5375943],[-0.8998334,53.5444777],[-0.9003029,53.5556588],[-0.8909952,53.566559],[-0.9011178,53.5687242],[-0.8962379,53.5829167],[-0.8979265,53.5832774],[-0.8868971,53.6010269],[-0.8873926,53.6099581],[-0.8653387,53.6377082],[-0.9468446,53.6591418],[-0.9902346,53.6589833],[-0.9904595,53.6612233]]],"type":"Polygon"},"id":"E08000017","properties":{"code":"E08000017","geography":"LAD","name":"Doncaster"},"type":"Feature"},{"geometry":{"coordinates":[[[-1.368882,53.5152231],[-1.3790501,53.5145265],[-1.389648,53.5094042],[-1.4086295,53.5033235],[-1.4151783,53.4925118],[-1.4279651,53.4858537],[-1.4409332,53.4911076],[-1.4522067,53.4849289],[-1.4504446,53.4773937],[-1.4552192,53.4717509],[-1.4477371,53.4619496],[-1.4429294,53.4472784],[-1.4333372,53.4382842],[-1.4256486,53.4339138],[-1.4085041,53.4203494],[-1.3983203,53.424625],[-1.3817192,53.4254456],[-1.3823306,53.4210388],[-1.3935298,53.420003],[-1.3893833,53.4186147],[-1.3906693,53.4131595],[-1.377607,53.3978193],[-1.3762468,53.3928262],[-1.3911803,53.3833186],[-1.3798653,53.3810773],[-1.3625387,53.3684983],[-1.351962,53.3665125],[-1.3377515,53.3535196],[-1.3320764,53.3524148],[-1.3255677,53.3369563],[-1.3246692,53.32881],[-1.3216587,53.3256874],[-1.3105373,53.3293538],[-1.3122993,53.3341648],[-1.2990722,53.3325326],[-1.288589,53.3262281],[-1.2951588,53.3217915],[-1.2956782,53.315037],[-1.2820114,53.3094626],[-1.2735976,53.3104401],[-1.2542941,53.3017548],[-1.2433298,53.3016491],[-1.2360643,53.3066068],[-1.2304404,53.3085581],[-1.219878,53.304078],[-1.203239,53.3042232],[-1.1997428,53.3114402],[-1.1903234,53.319932],[-1.1744818,53.3213909],[-1.1751109,53.3256774],[-1.1593848,53.333509],[-1.1486205,53.3385066],[-1.1387181,53.3413828],[-1.1402864,53.3465276],[-1.1568434,53.3449695],[-1.1619542,53.3542127],[-1.1619493,53.3579088],[-1.1516934,53.3544854],[-1.1385397,53.3559075],[-1.1405543,53.3640597],[-1.1451782,53.3633828],[-1.1464402,53.3657335],[-1.1449156,53.3712507],[-1.138219,53.3722524],[-1.1299959,53.3775656],[-1.1334926,53.3914806],[-1.1332781,53.3913783],[-1.122811,53.3983124],[-1.1155794,53.3971857],[-1.116041,53.4073494],[-1.1180456,53.4109417],[-1.1333977,53.408743],[-1.1459457,53.4123246],[-1.1360197,53.4244826],[-1.1458531,53.4263411],[-1.1604932,53.4243522],[-1.1700031,53.4352295],[-1.1858059,53.433775],[-1.1951291,53.4371353],[-1.19734,53.4315555],[-1.2068542,53.4316999],[-1.2165132,53.4350356],[-1.2380986,53.4327545],[-1.2402028,53.4345235],[-1.237521,53.4411581],[-1.2507592,53.4407717],[-1.2531152,53.4460152],[-1.2582129,53.4554689],[-1.2521252,53.4546381],[-1.259321,53.464148],[-1.2500073,53.4763271],[-1.2542422,53.4809926],[-1.2698168,53.4858463],[-1.2808774,53.4784106],[-1.2970116,53.4751671],[-1.2960151,53.4805742],[-1.3013819,53.4833678],[-1.2931896,53.4857548],[-1.2906246,53.4911361],[-1.3059361,53.4960242],[-1.3132293,53.5019888],[-1.3120197,53.5079737],[-1.3124428,53.5137945],[-1.3436268,53.5143339],[-1.362059,53.513474],[-1.368882,53.5152231]]],"type":"Polygon"},"id":"E08000018","properties":{"code":"E08000018","geography":"LAD","name":"Rotherham"},"type":"Feature"},{"geometry":{"coordinates":[[[[-1.5938073,54.9698127],[-1.5940895,54.969928],[-1.5944496,54.9697974],[-1.5938073,54.9698127]]],[[[-1.7003835,54.9699533],[-1.7014709,54.9702908],[-1.702874,54.9695984],[-1.7003835,54.9699533]]],[[[-1.6476813,55.0793887],[-1.69104,55.0727188],[-1.691296,55.0696996],[-1.7045799,55.0709286],[-1.7040679,55.0658474],[-1.7137741,55.0654631],[-1.7105739,55.0527882],[-1.6980282,55.0523951],[-1.6950258,55.0429087],[-1.708654,55.0422609],[-1.7169438,55.0386258],[-1.714448,55.0340236],[-1.7269289,55.0331655],[-1.7393213,55.0295953],[-1.7400327,55.0245808],[-1.7502453,55.0240208],[-1.7510575,55.0156143],[-1.7563442,55.015944],[-1.7565633,55.0032633],[-1.7738424,55.0041395],[-1.7756851,54.9896304],[-1.7698028,54.98139],[-1.7524562,54.9834426],[-1.7391114,54.9797299],[-1.738182,54.9794169],[-1.7381232,54.9793971],[-1.7261101,54.9753498],[-1.7202366,54.9682022],[-1.7149718,54.9678736],[-1.7081944,54.96884],[-1.702576,54.9712641],[-1.7120023,54.9743125],[-1.6976923,54.9710433],[-1.6976508,54.9710279],[-1.6891484,54.9678621],[-1.6867074,54.9669531],[-1.6831237,54.9658726],[-1.6677133,54.9648218],[-1.6674085,54.9647736],[-1.6394538,54.9603502],[-1.6204865,54.9624333],[-1.6001777,54.9701699],[-1.5887257,54.9705737],[-1.5884344,54.9705838],[-1.5928334,54.9762939],[-1.5806599,54.9660778],[-1.5656061,54.96459],[-1.5655621,54.9645856],[-1.5551544,54.9604546],[-1.5503069,54.9608463],[-1.5407519,54.9630027],[-1.5351667,54.9771772],[-1.535032,54.977519],[-1.5308443,54.9840153],[-1.5306121,54.9840924],[-1.5336996,54.9857497],[-1.5399858,54.9833186],[-1.5404426,54.9898911],[-1.5457816,54.989025],[-1.547917,54.9926211],[-1.5522897,54.9897024],[-1.5563581,54.993371],[-1.5625708,54.9922406],[-1.5605902,54.9958791],[-1.558504,55.0055436],[-1.5771365,55.0053248],[-1.5792143,55.0097919],[-1.6002664,55.0098384],[-1.5941631,55.0237983],[-1.5873825,55.0257778],[-1.5939621,55.03935],[-1.6165886,55.0412939],[-1.6223958,55.0389558],[-1.629708,55.0414656],[-1.6385079,55.0415513],[-1.6397135,55.0440818],[-1.6322092,55.048229],[-1.6378936,55.0647686],[-1.6476813,55.0793887]]]],"type":"MultiPolygon"},"id":"E08000021","properties":{"code":"E08000021","geography":"LAD","name":"Newcastle upon Tyne"},"type":"Feature"},{"geometry":{"coordinates":[[[-1.4561458,55.0720129],[-1.461772,55.074321],[-1.4620193,55.0746127],[-1.4707172,55.0744861],[-1.4796445,55.067209],[-1.4912579,55.0659065],[-1.4877669,55.0535869],[-1.4929802,55.0543999],[-1.5073228,55.0483856],[-1.510274,55.0550525],[-1.5323935,55.0541256],[-1.539881,55.0615822],[-1.5475484,55.0566707],[-1.5597544,55.0544776],[-1.5750801,55.0556199],[-1.579051,55.0629905],[-1.5842751,55.0624351],[-1.592115,55.0642255],[-1.6329018,55.0659019],[-1.6378936,55.0647686],[-1.6322092,55.048229],[-1.6397135,55.0440818],[-1.6385079,55.0415513],[-1.629708,55.0414656],[-1.6223958,55.0389558],[-1.6165886,55.0412939],[-1.5939621,55.03935],[-1.5873825,55.0257778],[-1.5941631,55.0237983],[-1.6002664,55.0098384],[-1.5792143,55.0097919],[-1.5771365,55.0053248],[-1.558504,55.0055436],[-1.5605902,54.9958791],[-1.5625708,54.9922406],[-1.5563581,54.993371],[-1.5522897,54.9897024],[-1.547917,54.9926211],[-1.5457816,54.989025],[-1.5404426,54.9898911],[-1.5399858,54.9833186],[-1.5336996,54.9857497],[-1.5306121,54.9840924],[-1.519513,54.9877772],[-1.5027405,54.9884831],[-1.5026307,54.9884877],[-1.5029852,54.9891966],[-1.5017814,54.988527],[-1.4839169,54.9882541],[-1.4819769,54.9882243],[-1.4702738,54.9910406],[-1.4718145,54.989162],[-1.4565055,54.9885662],[-1.4487157,54.9930693],[-1.4510332,54.9963104],[-1.4507993,54.9965576],[-1.4410536,55.0068569],[-1.4325279,55.0089215],[-1.4308838,55.0115562],[-1.4298401,55.0132285],[-1.4169045,55.0143919],[-1.4168705,55.0150249],[-1.4172645,55.0166771],[-1.416149,55.0165093],[-1.4161153,55.0166172],[-1.4051816,55.0148989],[-1.4035248,55.0146696],[-1.4142608,55.0165903],[-1.4146077,55.0168659],[-1.4157706,55.017822],[-1.4197169,55.018832],[-1.4296747,55.0302549],[-1.4297147,55.0303008],[-1.4298892,55.0305009],[-1.4302887,55.0339967],[-1.4305834,55.0340721],[-1.4303226,55.0342938],[-1.4304619,55.0355128],[-1.4306818,55.035622],[-1.430493,55.0357841],[-1.430582,55.0365634],[-1.4306504,55.0371614],[-1.4362792,55.0412954],[-1.4458345,55.0483107],[-1.4503389,55.0535395],[-1.4503994,55.0536097],[-1.4504374,55.0536538],[-1.4550976,55.0641398],[-1.4513873,55.0700603],[-1.4541428,55.071191],[-1.4559167,55.0708337],[-1.4558639,55.0710776],[-1.4561853,55.070871],[-1.4561458,55.0720129]]],"type":"Polygon"},"id":"E08000022","properties":{"code":"E08000022","geography":"LAD","name":"North Tyneside"},"type":"Feature"},{"geometry":{"coordinates":[[[-1.423836,55.0081573],[-1.4290639,55.007321],[-1.4398042,55.0039174],[-1.4435691,54.9931646],[-1.443677,54.9930125],[-1.4490947,54.9853769],[-1.4515882,54.9851581],[-1.4643141,54.9840403],[-1.4718198,54.986139],[-1.4710125,54.9837749],[-1.4723046,54.9862229],[-1.4807686,54.9858714],[-1.4813653,54.9858466],[-1.5060887,54.9861001],[-1.506412,54.9861034],[-1.5283883,54.9821124],[-1.5341728,54.9650985],[-1.5343693,54.9648831],[-1.5293466,54.9633546],[-1.5306994,54.9579779],[-1.518983,54.9592649],[-1.5162938,54.9549759],[-1.5180626,54.947048],[-1.5112175,54.9316659],[-1.4835875,54.9283689],[-1.4664474,54.9301389],[-1.4573871,54.9326842],[-1.4500847,54.9339572],[-1.4193708,54.929924],[-1.4124717,54.9358067],[-1.4047922,54.9378579],[-1.3933932,54.9396385],[-1.3756833,54.93691],[-1.3743489,54.9435361],[-1.3638683,54.9442116],[-1.3538058,54.956826],[-1.3536757,54.958604],[-1.3566301,54.9651988],[-1.3607405,54.971332],[-1.376589,54.9783597],[-1.3809124,54.9802761],[-1.3809066,54.9803996],[-1.3807474,54.9837935],[-1.3811326,54.9857736],[-1.3934212,54.9881778],[-1.4108942,54.9988835],[-1.4111003,54.9992897],[-1.4141567,55.005275],[-1.4186579,55.003263],[-1.423836,55.0081573]]],"type":"Polygon"},"id":"E08000023","properties":{"code":"E08000023","geography":"LAD","name":"South Tyneside"},"type":"Feature"},{"geometry":{"coordinates":[[[-1.3639741,54.9440789],[-1.3638683,54.9442116],[-1.3743489,54.9435361],[-1.3756833,54.93691],[-1.3933932,54.9396385],[-1.4047922,54.9378579],[-1.4124717,54.9358067],[-1.4193708,54.929924],[-1.4500847,54.9339572],[-1.4573871,54.9326842],[-1.4664474,54.9301389],[-1.4835875,54.9283689],[-1.5112175,54.9316659],[-1.5273469,54.9330641],[-1.5430531,54.9313834],[-1.5532655,54.9276902],[-1.5567046,54.9299781],[-1.5688913,54.9246248],[-1.5586725,54.9065185],[-1.562785,54.9050892],[-1.5581953,54.9026598],[-1.5594108,54.8820371],[-1.5619144,54.8756928],[-1.5415684,54.8734594],[-1.532942,54.8770578],[-1.5195614,54.8759417],[-1.5065307,54.8710801],[-1.5102618,54.860107],[-1.5033184,54.8366303],[-1.5042797,54.8312298],[-1.4975087,54.822628],[-1.4937396,54.8234724],[-1.49029,54.8201815],[-1.4943058,54.8160124],[-1.4818556,54.8096514],[-1.4935311,54.8000518],[-1.4546015,54.8000219],[-1.4440216,54.8024704],[-1.4375307,54.8005273],[-1.422543,54.8031754],[-1.4216393,54.813164],[-1.4130594,54.8233292],[-1.413122,54.824559],[-1.4216312,54.8384708],[-1.4120133,54.8418957],[-1.4135469,54.8448777],[-1.3816635,54.8471597],[-1.3689605,54.857655],[-1.347427,54.8605995],[-1.3580023,54.8857231],[-1.3580126,54.8857589],[-1.3616402,54.8982975],[-1.3514762,54.905311],[-1.3548503,54.9076106],[-1.350772,54.9059956],[-1.3534781,54.9083991],[-1.3587189,54.9129654],[-1.3586735,54.9130127],[-1.3587102,54.9130452],[-1.3572898,54.9144527],[-1.3571779,54.9145691],[-1.3534419,54.9183998],[-1.3541071,54.9177757],[-1.3573146,54.9144796],[-1.3574547,54.9146319],[-1.3584083,54.9137133],[-1.3611852,54.9172973],[-1.372072,54.9096226],[-1.377652,54.9095576],[-1.3828328,54.9095013],[-1.3798871,54.9100515],[-1.3776379,54.910468],[-1.3709931,54.9116984],[-1.3674987,54.9197817],[-1.365891,54.9173443],[-1.3607738,54.918571],[-1.3615396,54.9206472],[-1.3634112,54.9227431],[-1.3622575,54.9225932],[-1.3623383,54.9228122],[-1.3632955,54.9229564],[-1.3653934,54.931093],[-1.3651988,54.9330269],[-1.3639741,54.9440789]]],"type":"Polygon"},"id":"E08000024","properties":{"code":"E08000024","geography":"LAD","name":"Sunderland"},"type":"Feature"},{"geometry":{"coordinates":[[[-1.7867997,52.5830723],[-1.7880023,52.5878979],[-1.7965281,52.5991229],[-1.8084698,52.6030903],[-1.8323703,52.6078066],[-1.8527962,52.6024927],[-1.8724215,52.5850059],[-1.8725645,52.5849447],[-1.8785192,52.5696356],[-1.8916328,52.5624545],[-1.8932745,52.5613224],[-1.899793,52.5549993],[-1.9181575,52.5473065],[-1.918506,52.5470326],[-1.9331499,52.5458128],[-1.9294452,52.5313067],[-1.9428496,52.533828],[-1.9512719,52.5297918],[-1.9602381,52.5313512],[-1.9580387,52.5199791],[-1.9626434,52.5136615],[-1.9595688,52.5096671],[-1.9619761,52.5098756],[-1.9630249,52.5048973],[-1.9572942,52.5032582],[-1.9510381,52.501518],[-1.9381322,52.4984248],[-1.9443103,52.4957354],[-1.9430284,52.4915121],[-1.9515668,52.4828262],[-1.9646891,52.4815139],[-1.9690243,52.4767936],[-1.9657453,52.473362],[-1.9683164,52.47224],[-1.981714,52.4662914],[-2.0132435,52.4621908],[-2.0132435,52.4621476],[-2.0130382,52.4503734],[-2.0169903,52.4326829],[-2.0097406,52.4265219],[-2.0046863,52.4284102],[-1.9970611,52.4174262],[-1.9860371,52.4167262],[-1.9977977,52.4097378],[-2.0092342,52.4103626],[-2.0175488,52.4055824],[-2.0275344,52.4081049],[-2.0322082,52.401548],[-2.0216701,52.4000987],[-2.0207239,52.3993416],[-2.0113525,52.3861805],[-2.0012791,52.3835651],[-1.994511,52.3811812],[-1.9836245,52.3873342],[-1.9663617,52.3894652],[-1.964927,52.3921879],[-1.9604345,52.3890929],[-1.9525425,52.3933207],[-1.9454494,52.3906961],[-1.9343147,52.3872364],[-1.9185779,52.3981928],[-1.913675,52.4074643],[-1.9045879,52.4031456],[-1.8871149,52.4046855],[-1.8866885,52.4047021],[-1.8826973,52.399813],[-1.8687675,52.4047119],[-1.8647694,52.4109974],[-1.8578107,52.4084191],[-1.8494339,52.4107893],[-1.8436088,52.4105238],[-1.8328979,52.4194832],[-1.8328919,52.4195138],[-1.8307253,52.4227957],[-1.8252633,52.4293056],[-1.8173147,52.4323674],[-1.8092633,52.4453938],[-1.8082757,52.446532],[-1.8059651,52.4540942],[-1.7987435,52.4574696],[-1.7824553,52.4511011],[-1.7613922,52.450923],[-1.7549778,52.4562841],[-1.7633786,52.4638465],[-1.7593235,52.4689536],[-1.7558035,52.4719023],[-1.7634241,52.4873248],[-1.7589629,52.4952119],[-1.7558372,52.4994955],[-1.7878375,52.5023995],[-1.7992946,52.5036996],[-1.7916518,52.5091704],[-1.7684839,52.5142437],[-1.7535188,52.5129615],[-1.7570769,52.5178271],[-1.7538102,52.5212132],[-1.7458229,52.52007],[-1.7288504,52.5244674],[-1.739755,52.5291198],[-1.7394215,52.5319114],[-1.749086,52.5314224],[-1.7509145,52.5362781],[-1.7464278,52.5417131],[-1.7535768,52.5453024],[-1.7563998,52.5558796],[-1.7653397,52.5566769],[-1.770152,52.5635771],[-1.7739077,52.5656358],[-1.7635771,52.5708529],[-1.7696882,52.5749827],[-1.7747101,52.5746003],[-1.7867997,52.5830723]]],"type":"Polygon"},"id":"E08000025","properties":{"code":"E08000025","geography":"LAD","name":"Birmingham"},"type":"Feature"},{"geometry":{"coordinates":[[[-1.5176329,52.4568171],[-1.5296771,52.4570877],[-1.5399388,52.4648025],[-1.5514209,52.4570443],[-1.5611917,52.4552226],[-1.5898631,52.4619121],[-1.5949212,52.4606897],[-1.5954873,52.4559198],[-1.5952286,52.4399264],[-1.6082708,52.438841],[-1.6065458,52.4310004],[-1.6113968,52.4321339],[-1.61445,52.427968],[-1.6064531,52.4253868],[-1.611095,52.422341],[-1.6021755,52.416057],[-1.6033951,52.4077596],[-1.6010674,52.3892995],[-1.5757887,52.3845756],[-1.5767078,52.382788],[-1.5677985,52.3847778],[-1.5626352,52.3768915],[-1.5549931,52.374424],[-1.5555554,52.3650403],[-1.5418929,52.3666335],[-1.5456771,52.3692705],[-1.5354793,52.3776089],[-1.5246513,52.3794009],[-1.5137218,52.3690163],[-1.5044989,52.3778071],[-1.482278,52.3771188],[-1.4804099,52.3743183],[-1.4666088,52.3772041],[-1.4640136,52.3732672],[-1.4611829,52.375217],[-1.462924,52.3764025],[-1.4631312,52.3796697],[-1.4449643,52.3863773],[-1.4322478,52.3958774],[-1.4310318,52.4002751],[-1.437997,52.4097577],[-1.4323982,52.4156925],[-1.4241457,52.4340002],[-1.4464588,52.443083],[-1.4436472,52.447422],[-1.4521651,52.4496579],[-1.4590532,52.455158],[-1.463867,52.4583003],[-1.4708408,52.4570038],[-1.4827596,52.4580171],[-1.4927887,52.4584501],[-1.4917068,52.4550117],[-1.5000271,52.4510325],[-1.5197691,52.4533999],[-1.5176329,52.4568171]]],"type":"Polygon"},"id":"E08000026","properties":{"code":"E08000026","geography":"LAD","name":"Coventry"},"type":"Feature"},{"geometry":{"coordinates":[[[-2.1215271,52.5568153],[-2.1275977,52.5582068],[-2.1283815,52.5538369],[-2.1334867,52.5540667],[-2.1391403,52.548081],[-2.1355638,52.5345086],[-2.1519823,52.5261821],[-2.1445829,52.5213842],[-2.1487812,52.514695],[-2.1780933,52.5116786],[-2.1879824,52.508363],[-2.1866191,52.5047871],[-2.1918143,52.5033867],[-2.1847838,52.5003472],[-2.1886596,52.4945073],[-2.1851759,52.4948131],[-2.1785785,52.4826978],[-2.1675121,52.4712172],[-2.1749235,52.4585784],[-2.1648513,52.4302041],[-2.1435749,52.4260547],[-2.1360268,52.4262682],[-2.129697,52.4322105],[-2.1175185,52.433944],[-2.1087772,52.4412226],[-2.1052493,52.4442079],[-2.0932803,52.4452825],[-2.0860613,52.4328746],[-2.0798919,52.432272],[-2.0680519,52.4351951],[-2.0675462,52.4325585],[-2.0623495,52.4324553],[-2.0657877,52.4280869],[-2.060713,52.4275376],[-2.0592636,52.4399826],[-2.037881,52.4415576],[-2.0369878,52.4275457],[-2.0297063,52.4273015],[-2.0247664,52.4348823],[-2.0169903,52.4326829],[-2.0130382,52.4503734],[-2.0132435,52.4621476],[-2.0132435,52.4621908],[-2.0184648,52.4744237],[-2.0229022,52.4803239],[-2.0417488,52.4735602],[-2.047497,52.4675149],[-2.0480196,52.4675111],[-2.0590167,52.4619753],[-2.0720859,52.4607328],[-2.0761189,52.4643326],[-2.0792237,52.4630242],[-2.0970742,52.4683957],[-2.0942503,52.4736015],[-2.07552,52.4771914],[-2.070533,52.4815998],[-2.0643229,52.487169],[-2.0702785,52.4918583],[-2.0627448,52.4998959],[-2.0624423,52.5077218],[-2.0572576,52.5122715],[-2.0632201,52.5137203],[-2.0714378,52.521847],[-2.0795904,52.5240894],[-2.07856,52.5304647],[-2.0792693,52.5354455],[-2.075916,52.5341047],[-2.0729952,52.5418378],[-2.0739421,52.5498797],[-2.0784901,52.5570819],[-2.0819865,52.552636],[-2.089017,52.5514892],[-2.0920993,52.5479691],[-2.1077597,52.5441216],[-2.1215271,52.5568153]]],"type":"Polygon"},"id":"E08000027","properties":{"code":"E08000027","geography":"LAD","name":"Dudley"},"type":"Feature"},{"geometry":{"coordinates":[[[-1.9997992,52.5652227],[-2.0109785,52.5690653],[-2.0270487,52.5646065],[-2.0253685,52.5622802],[-2.0484623,52.5517422],[-2.0509825,52.5527291],[-2.0614691,52.5469229],[-2.0739421,52.5498797],[-2.0729952,52.5418378],[-2.075916,52.5341047],[-2.0792693,52.5354455],[-2.07856,52.5304647],[-2.0795904,52.5240894],[-2.0714378,52.521847],[-2.0632201,52.5137203],[-2.0572576,52.5122715],[-2.0624423,52.5077218],[-2.0627448,52.4998959],[-2.0702785,52.4918583],[-2.0643229,52.487169],[-2.070533,52.4815998],[-2.07552,52.4771914],[-2.0942503,52.4736015],[-2.0970742,52.4683957],[-2.0792237,52.4630242],[-2.0761189,52.4643326],[-2.0720859,52.4607328],[-2.0590167,52.4619753],[-2.0480196,52.4675111],[-2.047497,52.4675149],[-2.0417488,52.4735602],[-2.0229022,52.4803239],[-2.0184648,52.4744237],[-2.0132435,52.4621908],[-1.981714,52.4662914],[-1.9683164,52.47224],[-1.9657453,52.473362],[-1.9690243,52.4767936],[-1.9646891,52.4815139],[-1.9515668,52.4828262],[-1.9430284,52.4915121],[-1.9443103,52.4957354],[-1.9381322,52.4984248],[-1.9510381,52.501518],[-1.9572942,52.5032582],[-1.9630249,52.5048973],[-1.9619761,52.5098756],[-1.9595688,52.5096671],[-1.9626434,52.5136615],[-1.9580387,52.5199791],[-1.9602381,52.5313512],[-1.9512719,52.5297918],[-1.9428496,52.533828],[-1.9294452,52.5313067],[-1.9331499,52.5458128],[-1.918506,52.5470326],[-1.9181575,52.5473065],[-1.9330666,52.5538407],[-1.9326023,52.5593295],[-1.9423093,52.5607614],[-1.9510686,52.5568331],[-1.9540689,52.562212],[-1.966845,52.5625731],[-1.9752412,52.5558948],[-1.9997992,52.5652227]]],"type":"Polygon"},"id":"E08000028","properties":{"code":"E08000028","geography":"LAD","name":"Sandwell"},"type":"Feature"},{"geometry":{"coordinates":[[[-1.7085163,52.465759],[-1.7152728,52.4784172],[-1.7330802,52.4919616],[-1.733213,52.4921489],[-1.743079,52.5065017],[-1.7535188,52.5129615],[-1.7684839,52.5142437],[-1.7916518,52.5091704],[-1.7992946,52.5036996],[-1.7878375,52.5023995],[-1.7558372,52.4994955],[-1.7589629,52.4952119],[-1.7634241,52.4873248],[-1.7558035,52.4719023],[-1.7593235,52.4689536],[-1.7633786,52.4638465],[-1.7549778,52.4562841],[-1.7613922,52.450923],[-1.7824553,52.4511011],[-1.7987435,52.4574696],[-1.8059651,52.4540942],[-1.8082757,52.446532],[-1.8092633,52.4453938],[-1.8173147,52.4323674],[-1.8252633,52.4293056],[-1.8307253,52.4227957],[-1.8328919,52.4195138],[-1.8328979,52.4194832],[-1.8436088,52.4105238],[-1.8494339,52.4107893],[-1.8578107,52.4084191],[-1.8647694,52.4109974],[-1.8687675,52.4047119],[-1.8455979,52.3994272],[-1.861355,52.3838483],[-1.866766,52.3727091],[-1.8720202,52.367609],[-1.8428818,52.3651405],[-1.8350663,52.3673437],[-1.8079101,52.3666235],[-1.8041993,52.3628236],[-1.7857715,52.3538464],[-1.7845224,52.3501124],[-1.7757904,52.3479653],[-1.7717998,52.3558562],[-1.7781849,52.3564452],[-1.7796137,52.3642762],[-1.7626998,52.3642105],[-1.759515,52.358403],[-1.7486753,52.3547417],[-1.7414368,52.3572349],[-1.7383229,52.3649719],[-1.7340311,52.3707178],[-1.7202582,52.372574],[-1.7185354,52.3558179],[-1.7183368,52.3586923],[-1.7102699,52.3550211],[-1.6980915,52.3557323],[-1.693885,52.3510134],[-1.6849305,52.3560109],[-1.6840268,52.3632523],[-1.6608881,52.3656701],[-1.648418,52.3567434],[-1.6364585,52.3651688],[-1.622507,52.3661644],[-1.6209663,52.3678838],[-1.6266158,52.3691945],[-1.6236755,52.3717789],[-1.6190151,52.3705584],[-1.618145,52.3762562],[-1.615371,52.3744555],[-1.6078285,52.3763099],[-1.6102826,52.3825066],[-1.6010674,52.3892995],[-1.6033951,52.4077596],[-1.6021755,52.416057],[-1.611095,52.422341],[-1.6064531,52.4253868],[-1.61445,52.427968],[-1.6113968,52.4321339],[-1.6065458,52.4310004],[-1.6082708,52.438841],[-1.5952286,52.4399264],[-1.5954873,52.4559198],[-1.5985465,52.4543317],[-1.6107142,52.4586029],[-1.6142125,52.4629997],[-1.6244522,52.4635387],[-1.624662,52.4570296],[-1.6415901,52.4432714],[-1.6548682,52.4407548],[-1.6622867,52.4442993],[-1.6665859,52.4354716],[-1.6771542,52.4363566],[-1.7085163,52.465759]]],"type":"Polygon"},"id":"E08000029","properties":{"code":"E08000029","geography":"LAD","name":"Solihull"},"type":"Feature"},{"geometry":{"coordinates":[[[-1.9546126,52.6626834],[-1.960066,52.6620651],[-1.9550739,52.654137],[-1.9605572,52.653711],[-1.9602806,52.6441629],[-1.9640361,52.6418422],[-1.9865503,52.6404093],[-1.990917,52.6366678],[-1.995472,52.6383587],[-2.0100178,52.6346167],[-2.0355348,52.6217562],[-2.0301732,52.6169537],[-2.0507179,52.6205227],[-2.0527495,52.6173115],[-2.0480217,52.6160352],[-2.0523966,52.6049039],[-2.0569949,52.5982753],[-2.0629113,52.5976772],[-2.077793,52.5861279],[-2.0659671,52.5816077],[-2.0562871,52.5768664],[-2.0570962,52.5737617],[-2.0508591,52.5724395],[-2.0579498,52.5642168],[-2.0553509,52.5609915],[-2.0619526,52.5582491],[-2.0509825,52.5527291],[-2.0484623,52.5517422],[-2.0253685,52.5622802],[-2.0270487,52.5646065],[-2.0109785,52.5690653],[-1.9997992,52.5652227],[-1.9752412,52.5558948],[-1.966845,52.5625731],[-1.9540689,52.562212],[-1.9510686,52.5568331],[-1.9423093,52.5607614],[-1.9326023,52.5593295],[-1.9330666,52.5538407],[-1.9181575,52.5473065],[-1.899793,52.5549993],[-1.8932745,52.5613224],[-1.8916328,52.5624545],[-1.8785192,52.5696356],[-1.8725645,52.5849447],[-1.8905633,52.598124],[-1.8851662,52.6133778],[-1.8943423,52.6226719],[-1.9159853,52.6352858],[-1.9050838,52.6432076],[-1.9181207,52.649951],[-1.9086598,52.654],[-1.9128422,52.6582337],[-1.9236835,52.6555279],[-1.9336509,52.6615623],[-1.9454461,52.6563257],[-1.9546126,52.6626834]]],"type":"Polygon"},"id":"E08000030","properties":{"code":"E08000030","geography":"LAD","name":"Walsall"},"type":"Feature"},{"geometry":{"coordinates":[[[-2.0971907,52.6233683],[-2.0992485,52.6327618],[-2.1182457,52.6377084],[-2.1316441,52.6376231],[-2.1337542,52.6336218],[-2.1371123,52.629815],[-2.1530479,52.6297357],[-2.151565,52.6245895],[-2.1628487,52.6211569],[-2.1617315,52.6191297],[-2.1684625,52.6198933],[-2.1650169,52.6165126],[-2.1709637,52.614334],[-2.1691573,52.6093384],[-2.1724541,52.6102748],[-2.1803136,52.6049015],[-2.18728,52.6090307],[-2.1952436,52.6070874],[-2.1898725,52.5992886],[-2.1885525,52.592097],[-2.1893094,52.5886086],[-2.1981761,52.5891768],[-2.206877,52.5865833],[-2.1999006,52.5838454],[-2.2039624,52.5838627],[-2.201832,52.5788183],[-2.1894314,52.5772704],[-2.1882774,52.5741752],[-2.1829635,52.5769299],[-2.1769746,52.5669585],[-2.1809587,52.566396],[-2.1796313,52.5639896],[-2.1755263,52.5644866],[-2.1757731,52.5550136],[-2.1730488,52.5546409],[-2.1530544,52.5536752],[-2.1409567,52.5585395],[-2.1334867,52.5540667],[-2.1283815,52.5538369],[-2.1275977,52.5582068],[-2.1215271,52.5568153],[-2.1077597,52.5441216],[-2.0920993,52.5479691],[-2.089017,52.5514892],[-2.0819865,52.552636],[-2.0784901,52.5570819],[-2.0739421,52.5498797],[-2.0614691,52.5469229],[-2.0509825,52.5527291],[-2.0619526,52.5582491],[-2.0553509,52.5609915],[-2.0579498,52.5642168],[-2.0508591,52.5724395],[-2.0570962,52.5737617],[-2.0562871,52.5768664],[-2.0659671,52.5816077],[-2.077793,52.5861279],[-2.0629113,52.5976772],[-2.0569949,52.5982753],[-2.0523966,52.6049039],[-2.0480217,52.6160352],[-2.0527495,52.6173115],[-2.0507179,52.6205227],[-2.0640002,52.6207463],[-2.0687067,52.6181167],[-2.0673254,52.6120764],[-2.0810017,52.611905],[-2.0971907,52.6233683]]],"type":"Polygon"},"id":"E08000031","properties":{"code":"E08000031","geography":"LAD","name":"Wolverhampton"},"type":"Feature"},{"geometry":{"coordinates":[[[-1.8787234,53.962392],[-1.882242,53.963137],[-1.8931382,53.9553835],[-1.9062736,53.9583783],[-1.9227698,53.9556344],[-1.9279798,53.9504588],[-1.950658,53.9566696],[-1.949362,53.9530123],[-1.9661753,53.9515613],[-1.9650489,53.9482354],[-1.9622895,53.9432078],[-1.9705267,53.9433331],[-1.9630765,53.9334042],[-1.9680186,53.9318247],[-1.9658895,53.9278874],[-1.9719218,53.9299804],[-1.9768672,53.9264178],[-1.9532293,53.9117115],[-1.9524171,53.9035275],[-1.9696798,53.9034596],[-1.9793494,53.9011796],[-1.9811699,53.8969932],[-1.9769799,53.8756007],[-1.9770241,53.8755351],[-1.9876533,53.867737],[-1.9994554,53.8720652],[-2.0134846,53.8697375],[-2.0216307,53.8714971],[-2.0317085,53.8585936],[-2.0461303,53.8501412],[-2.0469246,53.8295103],[-2.0612223,53.8256202],[-2.0369324,53.8145562],[-2.031617,53.8091031],[-2.009658,53.8071016],[-1.9867652,53.7961506],[-1.9808488,53.786353],[-1.959716,53.7842707],[-1.9507203,53.7860119],[-1.9269788,53.7874891],[-1.9146282,53.7815876],[-1.8955554,53.780894],[-1.8733514,53.7785951],[-1.8693915,53.7597342],[-1.8726534,53.7549409],[-1.8657076,53.7524338],[-1.8555554,53.7508202],[-1.8554563,53.748308],[-1.8526056,53.7526574],[-1.8402376,53.7556292],[-1.8278364,53.7637327],[-1.8087845,53.7638881],[-1.8010813,53.7549398],[-1.794563,53.7530512],[-1.7925374,53.7449405],[-1.786571,53.7422336],[-1.7793385,53.7370849],[-1.7795304,53.7296485],[-1.7737111,53.7243564],[-1.7700862,53.7262523],[-1.7609089,53.7346454],[-1.7459009,53.7344898],[-1.7473516,53.7466914],[-1.7362689,53.7471691],[-1.729537,53.7513283],[-1.7222176,53.7588336],[-1.7048797,53.7648484],[-1.6816209,53.7564689],[-1.6629168,53.7667504],[-1.6516143,53.7673581],[-1.640722,53.7737543],[-1.6406235,53.7799765],[-1.6742334,53.7800048],[-1.6822706,53.7864149],[-1.7119957,53.7830698],[-1.7072176,53.7879666],[-1.7110965,53.7916287],[-1.7099404,53.7928707],[-1.7099128,53.7928967],[-1.7012821,53.8022609],[-1.7066155,53.8040806],[-1.7080123,53.8097949],[-1.7062962,53.8292272],[-1.7031434,53.8363541],[-1.7036799,53.8423476],[-1.6940064,53.8513102],[-1.695092,53.857538],[-1.7021105,53.8578441],[-1.7103403,53.863495],[-1.715286,53.8662446],[-1.7463548,53.8633787],[-1.7444207,53.8655892],[-1.7535577,53.8674733],[-1.7609948,53.8638473],[-1.7783354,53.8718626],[-1.7787381,53.878572],[-1.7947809,53.8804824],[-1.8004242,53.8859646],[-1.7949629,53.8946278],[-1.7874648,53.8969005],[-1.7766796,53.8938521],[-1.779527,53.8911915],[-1.7672947,53.890229],[-1.7563449,53.884704],[-1.7254289,53.8856944],[-1.7267601,53.8882071],[-1.7172696,53.8923459],[-1.7320521,53.89597],[-1.7272173,53.9101672],[-1.7421635,53.9145803],[-1.745626,53.9230038],[-1.7555061,53.9210415],[-1.7654253,53.9247229],[-1.7722802,53.9208874],[-1.7775362,53.9229212],[-1.7823553,53.9294432],[-1.798028,53.9297153],[-1.7975126,53.9364948],[-1.8028628,53.9359569],[-1.8050892,53.9390227],[-1.8302,53.9380172],[-1.830125,53.9403835],[-1.8477311,53.9408007],[-1.8487805,53.9360227],[-1.836167,53.9314114],[-1.8595024,53.932475],[-1.8621012,53.9405486],[-1.8744047,53.9452956],[-1.8788481,53.9542479],[-1.8787234,53.962392]]],"type":"Polygon"},"id":"E08000032","properties":{"code":"E08000032","geography":"LAD","name":"Bradford"},"type":"Feature"},{"geometry":{"coordinates":[[[-1.9808488,53.786353],[-1.9867652,53.7961506],[-2.009658,53.8071016],[-2.031617,53.8091031],[-2.0369324,53.8145562],[-2.0612223,53.8256202],[-2.0849792,53.8185206],[-2.112279,53.8057084],[-2.1283585,53.7990313],[-2.1295201,53.7922728],[-2.1248155,53.7880553],[-2.1363627,53.7801045],[-2.1302317,53.7703288],[-2.1295216,53.7545905],[-2.1334357,53.7496751],[-2.1417235,53.7457368],[-2.1453061,53.7360581],[-2.1490928,53.7338711],[-2.1559976,53.7353254],[-2.1732913,53.7230096],[-2.1622874,53.705955],[-2.1626048,53.6992002],[-2.1452547,53.6922949],[-2.1463281,53.6822315],[-2.1422576,53.6780058],[-2.1341273,53.685734],[-2.1253868,53.6748383],[-2.1141046,53.6711191],[-2.0872645,53.6707514],[-2.0830775,53.6781043],[-2.0733457,53.6775118],[-2.0567136,53.6830521],[-2.0512422,53.6836918],[-2.0507343,53.6795161],[-2.0548576,53.6756629],[-2.0529177,53.6703167],[-2.0357094,53.6593277],[-2.0415801,53.6424873],[-2.0299966,53.6361693],[-2.0308867,53.62924],[-2.0268157,53.6241671],[-2.023036,53.6158395],[-2.0094708,53.6167795],[-2.0045419,53.6224099],[-1.9795082,53.6230596],[-1.9727437,53.6257735],[-1.9632154,53.6327313],[-1.941327,53.640777],[-1.9341523,53.6483396],[-1.8977983,53.6446515],[-1.8750238,53.6580693],[-1.8634447,53.6610687],[-1.8435663,53.6661219],[-1.8536298,53.6725477],[-1.8355341,53.6689748],[-1.8187762,53.6729118],[-1.8121529,53.6776016],[-1.7953433,53.6813646],[-1.78003,53.6835909],[-1.7598509,53.6926771],[-1.7462954,53.6944685],[-1.7314056,53.6803624],[-1.7272249,53.6828112],[-1.7321842,53.6845813],[-1.7332388,53.6948051],[-1.7395392,53.6994549],[-1.7368246,53.714132],[-1.744481,53.7158339],[-1.7554092,53.7207362],[-1.7536368,53.7258603],[-1.7700862,53.7262523],[-1.7737111,53.7243564],[-1.7795304,53.7296485],[-1.7793385,53.7370849],[-1.786571,53.7422336],[-1.7925374,53.7449405],[-1.794563,53.7530512],[-1.8010813,53.7549398],[-1.8087845,53.7638881],[-1.8278364,53.7637327],[-1.8402376,53.7556292],[-1.8526056,53.7526574],[-1.8554563,53.748308],[-1.8555554,53.7508202],[-1.8657076,53.7524338],[-1.8726534,53.7549409],[-1.8693915,53.7597342],[-1.8733514,53.7785951],[-1.8955554,53.780894],[-1.9146282,53.7815876],[-1.9269788,53.7874891],[-1.9507203,53.7860119],[-1.959716,53.7842707],[-1.9808488,53.786353]]],"type":"Polygon"},"id":"E08000033","properties":{"code":"E08000033","geography":"LAD","name":"Calderdale"},"type":"Feature"},{"geometry":{"coordinates":[[[-1.6816209,53.7564689],[-1.7048797,53.7648484],[-1.7222176,53.7588336],[-1.729537,53.7513283],[-1.7362689,53.7471691],[-1.7473516,53.7466914],[-1.7459009,53.7344898],[-1.7609089,53.7346454],[-1.7700862,53.7262523],[-1.7536368,53.7258603],[-1.7554092,53.7207362],[-1.744481,53.7158339],[-1.7368246,53.714132],[-1.7395392,53.6994549],[-1.7332388,53.6948051],[-1.7321842,53.6845813],[-1.7272249,53.6828112],[-1.7314056,53.6803624],[-1.7462954,53.6944685],[-1.7598509,53.6926771],[-1.78003,53.6835909],[-1.7953433,53.6813646],[-1.8121529,53.6776016],[-1.8187762,53.6729118],[-1.8355341,53.6689748],[-1.8536298,53.6725477],[-1.8435663,53.6661219],[-1.8634447,53.6610687],[-1.8750238,53.6580693],[-1.8977983,53.6446515],[-1.9341523,53.6483396],[-1.941327,53.640777],[-1.9632154,53.6327313],[-1.9727437,53.6257735],[-1.9795082,53.6230596],[-2.0045419,53.6224099],[-2.0094708,53.6167795],[-1.9816462,53.5893378],[-1.9481094,53.5728482],[-1.9427259,53.5616413],[-1.9275216,53.5546375],[-1.925666,53.5531893],[-1.9128846,53.5516436],[-1.9096208,53.538391],[-1.899322,53.5381121],[-1.8941095,53.5336118],[-1.8734926,53.5404296],[-1.8418208,53.5199088],[-1.8271511,53.5235079],[-1.8222288,53.5210909],[-1.804283,53.5370134],[-1.7974312,53.5338876],[-1.755819,53.5366811],[-1.7300827,53.5467917],[-1.7231775,53.5599267],[-1.7041269,53.5602498],[-1.6990367,53.5538105],[-1.6694658,53.5532275],[-1.6619105,53.5536928],[-1.6639304,53.5575014],[-1.6565603,53.5605581],[-1.619404,53.563123],[-1.6156319,53.5630283],[-1.6096583,53.5720295],[-1.5961987,53.5769869],[-1.6002657,53.5773394],[-1.6017521,53.587759],[-1.5879784,53.5934866],[-1.5851914,53.6005319],[-1.5911513,53.6067812],[-1.5864533,53.6071741],[-1.5919111,53.6146691],[-1.6075138,53.6195729],[-1.614572,53.625926],[-1.6102757,53.6279795],[-1.6156926,53.6302377],[-1.6121391,53.6327079],[-1.6171916,53.6377161],[-1.6231651,53.6381079],[-1.6191998,53.6463214],[-1.624097,53.6541007],[-1.590882,53.6604928],[-1.6140935,53.6737666],[-1.6152169,53.6775811],[-1.6050495,53.6793927],[-1.59192,53.6893347],[-1.5923029,53.6915642],[-1.6024994,53.6921716],[-1.598376,53.6997808],[-1.5842056,53.7030898],[-1.5711223,53.7064046],[-1.5820931,53.7138835],[-1.6054554,53.7211833],[-1.6233716,53.7185469],[-1.6322537,53.7308138],[-1.6386446,53.7461556],[-1.658444,53.7454578],[-1.6816209,53.7564689]]],"type":"Polygon"},"id":"E08000034","properties":{"code":"E08000034","geography":"LAD","name":"Kirklees"},"type":"Feature"},{"geometry":{"coordinates":[[[-1.3404052,53.9458882],[-1.3619532,53.9414835],[-1.3971825,53.9425352],[-1.400658,53.9375004],[-1.4091971,53.9354656],[-1.4106291,53.9301554],[-1.4067096,53.9278497],[-1.4301689,53.9287216],[-1.4335529,53.9263549],[-1.4324348,53.9112025],[-1.4405008,53.9138646],[-1.4511918,53.9070529],[-1.4633871,53.9059213],[-1.467414,53.9107574],[-1.4860267,53.9109121],[-1.4946717,53.9153375],[-1.5285963,53.9086991],[-1.5494169,53.9106996],[-1.5525768,53.9030079],[-1.5628831,53.9039301],[-1.5686892,53.9109122],[-1.5842957,53.9090219],[-1.5866662,53.9013034],[-1.5992617,53.903955],[-1.5998394,53.9097218],[-1.6206592,53.903387],[-1.6421222,53.907432],[-1.6520631,53.9056999],[-1.655083,53.9124843],[-1.6846272,53.9105881],[-1.6891711,53.9126456],[-1.6870196,53.9163889],[-1.7070831,53.9191313],[-1.7061125,53.9170707],[-1.7164442,53.9176128],[-1.7179699,53.908531],[-1.7221353,53.9118585],[-1.7272173,53.9101672],[-1.7320521,53.89597],[-1.7172696,53.8923459],[-1.7267601,53.8882071],[-1.7254289,53.8856944],[-1.7563449,53.884704],[-1.7672947,53.890229],[-1.779527,53.8911915],[-1.7766796,53.8938521],[-1.7874648,53.8969005],[-1.7949629,53.8946278],[-1.8004242,53.8859646],[-1.7947809,53.8804824],[-1.7787381,53.878572],[-1.7783354,53.8718626],[-1.7609948,53.8638473],[-1.7535577,53.8674733],[-1.7444207,53.8655892],[-1.7463548,53.8633787],[-1.715286,53.8662446],[-1.7103403,53.863495],[-1.7021105,53.8578441],[-1.695092,53.857538],[-1.6940064,53.8513102],[-1.7036799,53.8423476],[-1.7031434,53.8363541],[-1.7062962,53.8292272],[-1.7080123,53.8097949],[-1.7066155,53.8040806],[-1.7012821,53.8022609],[-1.7099128,53.7928967],[-1.7099404,53.7928707],[-1.7110965,53.7916287],[-1.7072176,53.7879666],[-1.7119957,53.7830698],[-1.6822706,53.7864149],[-1.6742334,53.7800048],[-1.6406235,53.7799765],[-1.640722,53.7737543],[-1.6516143,53.7673581],[-1.6629168,53.7667504],[-1.6816209,53.7564689],[-1.658444,53.7454578],[-1.6386446,53.7461556],[-1.6322537,53.7308138],[-1.6233716,53.7185469],[-1.6054554,53.7211833],[-1.5820931,53.7138835],[-1.5711223,53.7064046],[-1.5593229,53.6989837],[-1.5544992,53.7028299],[-1.5471423,53.7101368],[-1.5132217,53.7275337],[-1.5056334,53.7291492],[-1.5043771,53.7250014],[-1.4914211,53.722167],[-1.4882982,53.727757],[-1.4809952,53.7278056],[-1.4431494,53.7282266],[-1.4346245,53.7256828],[-1.4282705,53.7213524],[-1.4121728,53.7230674],[-1.3989508,53.7193883],[-1.3944872,53.7237772],[-1.3719983,53.7295792],[-1.3400831,53.7363573],[-1.3230993,53.7348232],[-1.3136316,53.7409574],[-1.3082056,53.7391091],[-1.3019672,53.7416722],[-1.3153568,53.7436807],[-1.3122388,53.7558885],[-1.294942,53.7554628],[-1.2967492,53.7589536],[-1.2904154,53.7630787],[-1.2963622,53.7718627],[-1.3067875,53.7730441],[-1.3038019,53.7751229],[-1.3138105,53.7815557],[-1.3148721,53.8095574],[-1.3124349,53.8143756],[-1.3036235,53.816536],[-1.3103984,53.8199178],[-1.3096735,53.822895],[-1.3360967,53.8335898],[-1.3252087,53.8353464],[-1.3265571,53.8404234],[-1.3421379,53.8451728],[-1.3384291,53.8517443],[-1.3529699,53.8567508],[-1.3126028,53.865317],[-1.3196931,53.8789579],[-1.315607,53.8816823],[-1.3208044,53.883788],[-1.3177309,53.8963492],[-1.3222515,53.9004265],[-1.321142,53.9034569],[-1.313719,53.9047124],[-1.3004531,53.9075195],[-1.2972029,53.9216378],[-1.3073558,53.9211502],[-1.3038318,53.9251007],[-1.2941151,53.9270315],[-1.3003829,53.929377],[-1.3088946,53.9240398],[-1.3069267,53.934422],[-1.339501,53.9407835],[-1.344706,53.939499],[-1.3404052,53.9458882]]],"type":"Polygon"},"id":"E08000035","properties":{"code":"E08000035","geography":"LAD","name":"Leeds"},"type":"Feature"},{"geometry":{"coordinates":[[[-1.3019672,53.7416722],[-1.3082056,53.7391091],[-1.3136316,53.7409574],[-1.3230993,53.7348232],[-1.3400831,53.7363573],[-1.3719983,53.7295792],[-1.3944872,53.7237772],[-1.3989508,53.7193883],[-1.4121728,53.7230674],[-1.4282705,53.7213524],[-1.4346245,53.7256828],[-1.4431494,53.7282266],[-1.4809952,53.7278056],[-1.4882982,53.727757],[-1.4914211,53.722167],[-1.5043771,53.7250014],[-1.5056334,53.7291492],[-1.5132217,53.7275337],[-1.5471423,53.7101368],[-1.5544992,53.7028299],[-1.5593229,53.6989837],[-1.5711223,53.7064046],[-1.5842056,53.7030898],[-1.598376,53.6997808],[-1.6024994,53.6921716],[-1.5923029,53.6915642],[-1.59192,53.6893347],[-1.6050495,53.6793927],[-1.6152169,53.6775811],[-1.6140935,53.6737666],[-1.590882,53.6604928],[-1.624097,53.6541007],[-1.6191998,53.6463214],[-1.6231651,53.6381079],[-1.6171916,53.6377161],[-1.6121391,53.6327079],[-1.6156926,53.6302377],[-1.6102757,53.6279795],[-1.614572,53.625926],[-1.6075138,53.6195729],[-1.5919111,53.6146691],[-1.5864533,53.6071741],[-1.5820076,53.6057277],[-1.5719844,53.6086092],[-1.5575998,53.6059145],[-1.5473268,53.6031654],[-1.5354039,53.593879],[-1.5307814,53.5931294],[-1.528381,53.5970334],[-1.5186711,53.5997193],[-1.5103642,53.5968608],[-1.5013885,53.5998334],[-1.4965625,53.5973737],[-1.4951196,53.6031902],[-1.4915808,53.602769],[-1.4921337,53.5969928],[-1.4839185,53.5948805],[-1.4476306,53.6127388],[-1.4391931,53.6070621],[-1.4329246,53.6089424],[-1.4248963,53.6044837],[-1.4001846,53.5986683],[-1.376703,53.6064784],[-1.3561196,53.5953662],[-1.3539,53.5834044],[-1.3514341,53.581081],[-1.3487334,53.5833476],[-1.3078197,53.575367],[-1.2986438,53.5774555],[-1.2822854,53.5830203],[-1.2766939,53.5899795],[-1.2580281,53.5919974],[-1.2529113,53.5971168],[-1.2576381,53.5998525],[-1.24721,53.6007052],[-1.2521999,53.6071126],[-1.2448647,53.6081632],[-1.2482499,53.6163533],[-1.2312983,53.6169091],[-1.2278921,53.6173429],[-1.2328443,53.6211122],[-1.2428879,53.6346157],[-1.253662,53.6411994],[-1.2552165,53.6489626],[-1.2487765,53.6496307],[-1.2469604,53.6556145],[-1.2523193,53.666656],[-1.2439576,53.6732504],[-1.244428,53.692469],[-1.1990607,53.6948947],[-1.1987665,53.7007146],[-1.2184429,53.7070956],[-1.2198119,53.714419],[-1.2263288,53.7098678],[-1.2294081,53.71489],[-1.247988,53.7117253],[-1.2685171,53.7149092],[-1.2719614,53.7249242],[-1.2837641,53.7320122],[-1.3019672,53.7416722]]],"type":"Polygon"},"id":"E08000036","properties":{"code":"E08000036","geography":"LAD","name":"Wakefield"},"type":"Feature"},{"geometry":{"coordinates":[[[[-1.5503069,54.9608463],[-1.5551544,54.9604546],[-1.5540308,54.9600056],[-1.5503069,54.9608463]]],[[[-1.6867074,54.9669531],[-1.6839592,54.9659295],[-1.6831237,54.9658726],[-1.6867074,54.9669531]]],[[[-1.7081944,54.96884],[-1.7149718,54.9678736],[-1.7110076,54.9676261],[-1.7081944,54.96884]]],[[[-1.7784034,54.9824098],[-1.788515,54.9842674],[-1.8026695,54.9787619],[-1.8128074,54.9762856],[-1.8154478,54.9673019],[-1.822518,54.9648205],[-1.822923,54.9557466],[-1.8336553,54.9532972],[-1.8310172,54.9443092],[-1.8244768,54.9393922],[-1.8269565,54.9307003],[-1.8411493,54.9297255],[-1.8527213,54.9174135],[-1.8266368,54.9100931],[-1.8206371,54.9057711],[-1.807406,54.9072499],[-1.7945223,54.9035741],[-1.7911829,54.9086975],[-1.781637,54.9115566],[-1.7687449,54.9067261],[-1.7672669,54.9096294],[-1.7607177,54.9085662],[-1.750783,54.9173437],[-1.7376067,54.918689],[-1.7249228,54.9088446],[-1.6996393,54.90919],[-1.6975877,54.9062433],[-1.6905728,54.9026657],[-1.687655,54.907917],[-1.6748376,54.9093024],[-1.6762778,54.9053407],[-1.6781337,54.8998451],[-1.6630359,54.8959394],[-1.6599509,54.8906648],[-1.6500117,54.8936264],[-1.6463459,54.8813953],[-1.650982,54.8796671],[-1.6436895,54.878804],[-1.6274106,54.8864473],[-1.6187435,54.8870587],[-1.6119327,54.8952479],[-1.5975173,54.9015847],[-1.5875621,54.894341],[-1.5807122,54.8810583],[-1.5799095,54.8777701],[-1.5594108,54.8820371],[-1.5581953,54.9026598],[-1.562785,54.9050892],[-1.5586725,54.9065185],[-1.5688913,54.9246248],[-1.5567046,54.9299781],[-1.5532655,54.9276902],[-1.5430531,54.9313834],[-1.5273469,54.9330641],[-1.5112175,54.9316659],[-1.5180626,54.947048],[-1.5162938,54.9549759],[-1.518983,54.9592649],[-1.5306994,54.9579779],[-1.5293466,54.9633546],[-1.5343693,54.9648831],[-1.5382269,54.9606558],[-1.5524333,54.9580372],[-1.5578883,54.9594732],[-1.5585208,54.9596396],[-1.5682553,54.9638742],[-1.5788364,54.9637763],[-1.5789354,54.9637754],[-1.5938073,54.9698127],[-1.5944496,54.9697974],[-1.6152031,54.9622667],[-1.6158537,54.9621157],[-1.6377249,54.9570401],[-1.637393,54.9578334],[-1.6785214,54.9632326],[-1.6796495,54.963526],[-1.6798869,54.9635878],[-1.6891591,54.966468],[-1.7003835,54.9699533],[-1.702874,54.9695984],[-1.7097635,54.9661979],[-1.7188419,54.9667876],[-1.7195027,54.9670239],[-1.7268747,54.9696596],[-1.7284934,54.9749858],[-1.7467429,54.981054],[-1.7725413,54.9805227],[-1.7784034,54.9824098]]]],"type":"MultiPolygon"},"id":"E08000037","properties":{"code":"E08000037","geography":"LAD","name":"Gateshead"},"type":"Feature"},{"geometry":{"coordinates":[[[-1.4476306,53.6127388],[-1.4839185,53.5948805],[-1.4921337,53.5969928],[-1.4915808,53.602769],[-1.4951196,53.6031902],[-1.4965625,53.5973737],[-1.5013885,53.5998334],[-1.5103642,53.5968608],[-1.5186711,53.5997193],[-1.528381,53.5970334],[-1.5307814,53.5931294],[-1.5354039,53.593879],[-1.5473268,53.6031654],[-1.5575998,53.6059145],[-1.5719844,53.6086092],[-1.5820076,53.6057277],[-1.5864533,53.6071741],[-1.5911513,53.6067812],[-1.5851914,53.6005319],[-1.5879784,53.5934866],[-1.6017521,53.587759],[-1.6002657,53.5773394],[-1.5961987,53.5769869],[-1.6096583,53.5720295],[-1.6156319,53.5630283],[-1.619404,53.563123],[-1.6565603,53.5605581],[-1.6639304,53.5575014],[-1.6619105,53.5536928],[-1.6694658,53.5532275],[-1.6990367,53.5538105],[-1.7041269,53.5602498],[-1.7231775,53.5599267],[-1.7300827,53.5467917],[-1.755819,53.5366811],[-1.7974312,53.5338876],[-1.804283,53.5370134],[-1.8222288,53.5210909],[-1.8195238,53.5134281],[-1.8007787,53.5113785],[-1.8103989,53.5063401],[-1.7962882,53.503153],[-1.7950009,53.4959187],[-1.800263,53.4933552],[-1.8014682,53.48099],[-1.8014301,53.4809625],[-1.7836348,53.4847792],[-1.7385031,53.477139],[-1.7319829,53.4908966],[-1.720038,53.4923481],[-1.7110094,53.5012595],[-1.7010888,53.503121],[-1.6887963,53.4991205],[-1.6690529,53.5006703],[-1.6244468,53.4921251],[-1.6149472,53.4905677],[-1.614458,53.493154],[-1.6065908,53.4929072],[-1.5592684,53.4835697],[-1.5436286,53.4726676],[-1.5481205,53.4713318],[-1.5390469,53.4617155],[-1.5402609,53.456159],[-1.5513841,53.4554549],[-1.5473833,53.449886],[-1.5512128,53.4461458],[-1.5329269,53.4383153],[-1.526364,53.4390742],[-1.5209242,53.4443542],[-1.5131707,53.451423],[-1.5181824,53.4572418],[-1.5148138,53.4636668],[-1.4952393,53.4803568],[-1.4947487,53.4862693],[-1.4668951,53.4780596],[-1.4559237,53.4717919],[-1.4552192,53.4717509],[-1.4504446,53.4773937],[-1.4522067,53.4849289],[-1.4409332,53.4911076],[-1.4279651,53.4858537],[-1.4151783,53.4925118],[-1.4086295,53.5033235],[-1.389648,53.5094042],[-1.3790501,53.5145265],[-1.368882,53.5152231],[-1.362059,53.513474],[-1.3436268,53.5143339],[-1.3124428,53.5137945],[-1.2812834,53.5164923],[-1.2765045,53.5206333],[-1.2860409,53.5269466],[-1.2757265,53.5298373],[-1.2938088,53.5358104],[-1.286982,53.5376701],[-1.2974568,53.5513818],[-1.326807,53.5581853],[-1.3321494,53.5628649],[-1.3487334,53.5833476],[-1.3514341,53.581081],[-1.3539,53.5834044],[-1.3561196,53.5953662],[-1.376703,53.6064784],[-1.4001846,53.5986683],[-1.4248963,53.6044837],[-1.4329246,53.6089424],[-1.4391931,53.6070621],[-1.4476306,53.6127388]]],"type":"Polygon"},"id":"E08000038","properties":{"code":"E08000038","geography":"LAD","name":"Barnsley"},"type":"Feature"},{"geometry":{"coordinates":[[[-1.7010888,53.503121],[-1.7110094,53.5012595],[-1.720038,53.4923481],[-1.7319829,53.4908966],[-1.7385031,53.477139],[-1.7836348,53.4847792],[-1.8014301,53.4809625],[-1.7911066,53.4757816],[-1.7790632,53.4742212],[-1.7762,53.4683258],[-1.7684373,53.4647669],[-1.7468247,53.46341],[-1.7436744,53.4450137],[-1.7497282,53.4391193],[-1.744273,53.4312967],[-1.7467191,53.4261649],[-1.7299511,53.4159856],[-1.716778,53.419298],[-1.703945,53.4149086],[-1.7049653,53.405056],[-1.6945212,53.4011612],[-1.6818287,53.4017807],[-1.6680892,53.3930712],[-1.6538178,53.3919108],[-1.6535305,53.3848521],[-1.6632915,53.3742482],[-1.6639505,53.3668929],[-1.630592,53.356161],[-1.6256038,53.3520619],[-1.590548,53.345921],[-1.6015756,53.342609],[-1.6123031,53.3432187],[-1.632727,53.3208392],[-1.6275944,53.3162406],[-1.6092016,53.322664],[-1.601525,53.3182054],[-1.5990933,53.3113182],[-1.584902,53.321588],[-1.5789243,53.3166951],[-1.5830046,53.3157225],[-1.5805339,53.3117381],[-1.5613649,53.3158212],[-1.5557519,53.3115488],[-1.5618269,53.3066023],[-1.5584576,53.3053225],[-1.549076,53.3069827],[-1.5367689,53.3047487],[-1.5312149,53.3106515],[-1.5261853,53.3104034],[-1.5104881,53.3160462],[-1.4961267,53.3163866],[-1.4743866,53.3184907],[-1.4678658,53.3171585],[-1.4552236,53.3218691],[-1.4617013,53.3284486],[-1.4421357,53.3373845],[-1.4208665,53.334568],[-1.4087468,53.3419651],[-1.388823,53.3364466],[-1.3865733,53.3348845],[-1.392004,53.3226487],[-1.3850764,53.3177809],[-1.3626227,53.3150356],[-1.3617774,53.3184856],[-1.3472381,53.3188689],[-1.3402595,53.3155347],[-1.3283002,53.3289742],[-1.3246692,53.32881],[-1.3255677,53.3369563],[-1.3320764,53.3524148],[-1.3377515,53.3535196],[-1.351962,53.3665125],[-1.3625387,53.3684983],[-1.3798653,53.3810773],[-1.3911803,53.3833186],[-1.3762468,53.3928262],[-1.377607,53.3978193],[-1.3906693,53.4131595],[-1.3893833,53.4186147],[-1.3935298,53.420003],[-1.3823306,53.4210388],[-1.3817192,53.4254456],[-1.3983203,53.424625],[-1.4085041,53.4203494],[-1.4256486,53.4339138],[-1.4333372,53.4382842],[-1.4429294,53.4472784],[-1.4477371,53.4619496],[-1.4552192,53.4717509],[-1.4559237,53.4717919],[-1.4668951,53.4780596],[-1.4947487,53.4862693],[-1.4952393,53.4803568],[-1.5148138,53.4636668],[-1.5181824,53.4572418],[-1.5131707,53.451423],[-1.5209242,53.4443542],[-1.526364,53.4390742],[-1.5329269,53.4383153],[-1.5512128,53.4461458],[-1.5473833,53.449886],[-1.5513841,53.4554549],[-1.5402609,53.456159],[-1.5390469,53.4617155],[-1.5481205,53.4713318],[-1.5436286,53.4726676],[-1.5592684,53.4835697],[-1.6065908,53.4929072],[-1.614458,53.493154],[-1.6149472,53.4905677],[-1.6244468,53.4921251],[-1.6690529,53.5006703],[-1.6887963,53.4991205],[-1.7010888,53.503121]]],"type":"Polygon"},"id":"E08000039","properties":{"code":"E08000039","geography":"LAD","name":"Sheffield"},"type":"Feature"},{"geometry":{"coordinates":[[[-0.0785291,51.5215119],[-0.0852326,51.5203484],[-0.0861997,51.5188121],[-0.0923602,51.5210356],[-0.097385,51.5215921],[-0.0975725,51.5211748],[-0.1002522,51.520129],[-0.1017495,51.5196829],[-0.1052903,51.5185549],[-0.1138037,51.5182579],[-0.1115678,51.515335],[-0.1114754,51.5107578],[-0.1085275,51.5108102],[-0.1084466,51.5108117],[-0.108221,51.5108101],[-0.0998771,51.5107527],[-0.09933,51.5106782],[-0.096333,51.51027],[-0.095234,51.5101203],[-0.0922962,51.5094773],[-0.0919625,51.5094042],[-0.0885584,51.5089221],[-0.085455,51.5085976],[-0.0851464,51.508563],[-0.0811555,51.5081149],[-0.080376,51.5080273],[-0.0793533,51.5078442],[-0.0787063,51.5076795],[-0.0745446,51.5099542],[-0.0730521,51.5118083],[-0.0740033,51.5144785],[-0.076872,51.5166251],[-0.0785291,51.5215119]]],"type":"Polygon"},"id":"E09000001","properties":{"code":"E09000001","geography":"LAD","name":"City of London"},"type":"Feature"},{"geometry":{"coordinates":[[[0.1543638,51.5661132],[0.1467036,51.5687966],[0.1489881,51.5731491],[0.1485638,51.580775],[0.1498799,51.5970117],[0.1482059,51.5989685],[0.1419354,51.5965592],[0.1263866,51.5867252],[0.127759,51.5816364],[0.1335673,51.5799537],[0.129191,51.5763123],[0.1300261,51.5707301],[0.1296592,51.5681112],[0.1293243,51.5665254],[0.1250286,51.564341],[0.1190511,51.5630518],[0.1204916,51.5585735],[0.1132729,51.5572668],[0.1083187,51.5521568],[0.107456,51.5520023],[0.1061315,51.5509449],[0.0935198,51.5458579],[0.0926083,51.5496497],[0.0885002,51.5477416],[0.0800639,51.5447724],[0.0683617,51.5443904],[0.0683037,51.5442534],[0.0687714,51.536207],[0.0717562,51.5328974],[0.072577,51.5307512],[0.0804615,51.5276484],[0.0804919,51.5276302],[0.0926345,51.5256749],[0.0969274,51.5163295],[0.0975901,51.5160038],[0.0977883,51.5159064],[0.1005094,51.5145693],[0.1090749,51.51425],[0.126346,51.5194463],[0.1418196,51.5156638],[0.1418645,51.5156528],[0.1432068,51.5153246],[0.1587217,51.5121868],[0.1590495,51.5120715],[0.1622824,51.5213711],[0.165963,51.5287934],[0.1686964,51.5311908],[0.1738828,51.5373884],[0.1860136,51.5475359],[0.190169,51.5527209],[0.1826658,51.5612427],[0.1851805,51.5655131],[0.1618937,51.5616169],[0.1543638,51.5661132]]],"type":"Polygon"},"id":"E09000002","properties":{"code":"E09000002","geography":"LAD","name":"Barking and Dagenham"},"type":"Feature"},{"geometry":{"coordinates":[[[-0.1998717,51.6701703],[-0.2111339,51.6669549],[-0.2078637,51.6628612],[-0.2264627,51.6571619],[-0.2289193,51.6599758],[-0.249348,51.6560578],[-0.251557,51.6479526],[-0.2573677,51.6418225],[-0.2632722,51.6448335],[-0.273122,51.641194],[-0.2737135,51.638674],[-0.302621,51.6362077],[-0.30445,51.6363487],[-0.3044608,51.6320337],[-0.2926433,51.6217429],[-0.2810302,51.6122724],[-0.2783489,51.6097854],[-0.2671131,51.600372],[-0.2623337,51.5963478],[-0.259777,51.5941939],[-0.2495049,51.5855661],[-0.2517287,51.5833759],[-0.2530528,51.5723953],[-0.2470016,51.5686189],[-0.2441992,51.5725845],[-0.2322491,51.5709594],[-0.2206604,51.5616641],[-0.2134867,51.5551909],[-0.2059675,51.5564303],[-0.1993716,51.55619],[-0.1967749,51.5591546],[-0.1903464,51.5628715],[-0.1821122,51.568726],[-0.1733762,51.5710873],[-0.1712318,51.5724183],[-0.1630703,51.5843697],[-0.1613397,51.5852841],[-0.157131,51.5861914],[-0.1617611,51.5974789],[-0.1563408,51.6053689],[-0.1513307,51.5974711],[-0.1444701,51.6001218],[-0.1434253,51.6088311],[-0.138706,51.6101858],[-0.1444951,51.615509],[-0.1420334,51.6162803],[-0.1323827,51.6271929],[-0.1290939,51.6322654],[-0.1383903,51.6365264],[-0.1422872,51.6393104],[-0.1521217,51.6458007],[-0.1498679,51.6488103],[-0.1547318,51.6555451],[-0.175562,51.6605996],[-0.1854184,51.6635363],[-0.1819608,51.6686832],[-0.1910667,51.6638967],[-0.1998717,51.6701703]]],"type":"Polygon"},"id":"E09000003","properties":{"code":"E09000003","geography":"LAD","name":"Barnet"},"type":"Feature"},{"geometry":{"coordinates":[[[0.1865373,51.4804649],[0.1864996,51.4804808],[0.1751978,51.4852556],[0.1723071,51.4941275],[0.1721472,51.4946182],[0.1721012,51.4947595],[0.16938,51.498862],[0.1661909,51.5036686],[0.1520135,51.5061567],[0.1512964,51.5062825],[0.1286209,51.5132942],[0.120239,51.5114451],[0.1187845,51.5113195],[0.1209754,51.5008003],[0.1212968,51.4911032],[0.1220447,51.4829947],[0.1241911,51.476849],[0.1184713,51.4789031],[0.1155097,51.4761682],[0.112477,51.473421],[0.10819,51.4761168],[0.0982443,51.4754524],[0.0870533,51.4699702],[0.0823131,51.4666413],[0.0829421,51.4598295],[0.0788814,51.4591287],[0.085732,51.4564506],[0.0874268,51.4432843],[0.0830185,51.44342],[0.0784573,51.4371129],[0.0753602,51.4319867],[0.0832131,51.4298686],[0.0951283,51.4200834],[0.1044829,51.4152247],[0.1131243,51.4129061],[0.1265142,51.4146755],[0.1488694,51.4084291],[0.1489898,51.4086234],[0.1529324,51.4087085],[0.1537701,51.4112651],[0.1491599,51.4124352],[0.1546366,51.4184699],[0.1511589,51.4204304],[0.1537635,51.4275232],[0.155875,51.4308766],[0.164217,51.4285465],[0.1668511,51.432072],[0.1708989,51.4412024],[0.1910122,51.4487877],[0.1920835,51.450842],[0.2002378,51.4525577],[0.2026081,51.4562301],[0.2028802,51.4582655],[0.2106129,51.4624813],[0.2115688,51.4750927],[0.2192024,51.4796096],[0.2176442,51.4804486],[0.2116838,51.4827286],[0.2008446,51.4786571],[0.1865373,51.4804649]]],"type":"Polygon"},"id":"E09000004","properties":{"code":"E09000004","geography":"LAD","name":"Bexley"},"type":"Feature"},{"geometry":{"coordinates":[[[-0.2495049,51.5855661],[-0.259777,51.5941939],[-0.2623337,51.5963478],[-0.2671131,51.600372],[-0.2870518,51.5945628],[-0.2904059,51.5935438],[-0.2841974,51.5904955],[-0.282458,51.5850517],[-0.3067846,51.5865154],[-0.3170251,51.5820751],[-0.3266342,51.5786007],[-0.3265875,51.57829],[-0.3221482,51.5696771],[-0.3298493,51.5671282],[-0.3312648,51.5614143],[-0.3355555,51.5565569],[-0.3125263,51.5490281],[-0.3085177,51.5431987],[-0.304718,51.5398589],[-0.3074536,51.5330871],[-0.302705,51.5319865],[-0.2818174,51.5381067],[-0.2789641,51.5332275],[-0.2893826,51.5316828],[-0.2829575,51.5288459],[-0.255645,51.533979],[-0.2462816,51.5327375],[-0.2338212,51.5323311],[-0.2284408,51.5303192],[-0.2160207,51.5279204],[-0.2152666,51.5313606],[-0.2030619,51.532895],[-0.203013,51.5328956],[-0.1973397,51.5278926],[-0.1914676,51.5362924],[-0.2019186,51.5452842],[-0.2034324,51.5467093],[-0.2035029,51.546776],[-0.2037009,51.5469624],[-0.2134867,51.5551909],[-0.2206604,51.5616641],[-0.2322491,51.5709594],[-0.2441992,51.5725845],[-0.2470016,51.5686189],[-0.2530528,51.5723953],[-0.2517287,51.5833759],[-0.2495049,51.5855661]]],"type":"Polygon"},"id":"E09000005","properties":{"code":"E09000005","geography":"LAD","name":"Brent"},"type":"Feature"},{"geometry":{"coordinates":[[[0.0397549,51.4409809],[0.0305495,51.4443279],[0.0293788,51.4417054],[0.0254358,51.4356667],[0.028687,51.4364097],[0.0311592,51.4320942],[0.0377088,51.433341],[0.0390556,51.4246879],[0.0346045,51.4234046],[0.025459,51.4289732],[0.0204048,51.4268748],[0.008106,51.4230395],[0.0035338,51.4174274],[-0.0007289,51.4159071],[-0.0076638,51.4144768],[-0.0209993,51.4160242],[-0.0209978,51.4209758],[-0.0333491,51.4246347],[-0.0398933,51.4242587],[-0.0517478,51.4225166],[-0.0718419,51.4262949],[-0.0739073,51.4262129],[-0.0782877,51.4206047],[-0.0785574,51.4198742],[-0.0807602,51.4160442],[-0.0727427,51.4126894],[-0.072835,51.4084857],[-0.0685709,51.4038406],[-0.0637583,51.4015689],[-0.0605297,51.3991385],[-0.0529307,51.4014365],[-0.0504188,51.3980131],[-0.053473,51.3949151],[-0.0365235,51.3884315],[-0.0367788,51.3769964],[-0.0267667,51.3793759],[-0.0235677,51.3652909],[-0.0197803,51.3636335],[-0.0182889,51.3612364],[-0.0053087,51.3525752],[-0.0029601,51.3455193],[0.0033133,51.332155],[0.0022553,51.3291348],[0.0065976,51.3156848],[0.0103538,51.3161463],[0.012143,51.2996162],[0.0150094,51.2917861],[0.0191012,51.2916841],[0.0248391,51.3021549],[0.0329094,51.3075209],[0.0426202,51.3013289],[0.0423965,51.292673],[0.0507899,51.2939869],[0.0585102,51.2893537],[0.0815803,51.2918353],[0.0911848,51.2968274],[0.0828162,51.3056337],[0.0850293,51.3160232],[0.104902,51.3274129],[0.1179003,51.3296471],[0.1216845,51.3336364],[0.1166812,51.341303],[0.1191849,51.3442569],[0.1369581,51.3441746],[0.1412873,51.3497791],[0.1472802,51.3670144],[0.1516198,51.3683789],[0.1496004,51.3735826],[0.1532363,51.3780365],[0.1477254,51.3926115],[0.1613132,51.3923697],[0.1488694,51.4084291],[0.1265142,51.4146755],[0.1131243,51.4129061],[0.1044829,51.4152247],[0.0951283,51.4200834],[0.0832131,51.4298686],[0.0753602,51.4319867],[0.0631382,51.424135],[0.0582074,51.4248715],[0.0397549,51.4409809]]],"type":"Polygon"},"id":"E09000006","properties":{"code":"E09000006","geography":"LAD","name":"Bromley"},"type":"Feature"},{"geometry":{"coordinates":[[[-0.1384192,51.5568682],[-0.139427,51.5582422],[-0.1423956,51.569106],[-0.1712318,51.5724183],[-0.1733762,51.5710873],[-0.1821122,51.568726],[-0.1903464,51.5628715],[-0.1967749,51.5591546],[-0.1993716,51.55619],[-0.2059675,51.5564303],[-0.2134867,51.5551909],[-0.2037009,51.5469624],[-0.2035029,51.546776],[-0.2034324,51.5467093],[-0.2019186,51.5452842],[-0.1914676,51.5362924],[-0.1887226,51.5345305],[-0.178343,51.5398081],[-0.1757655,51.5396167],[-0.173477,51.5376464],[-0.1648989,51.5357846],[-0.1527018,51.5375095],[-0.1452056,51.523989],[-0.1435448,51.523966],[-0.1303265,51.5164196],[-0.1289491,51.5134148],[-0.1115678,51.515335],[-0.1138037,51.5182579],[-0.1052903,51.5185549],[-0.114229,51.5254826],[-0.1198389,51.5309472],[-0.1250642,51.541143],[-0.1263574,51.5450586],[-0.1291028,51.5488366],[-0.1307206,51.5506725],[-0.1384192,51.5568682]]],"type":"Polygon"},"id":"E09000007","properties":{"code":"E09000007","geography":"LAD","name":"Camden"},"type":"Feature"},{"geometry":{"coordinates":[[[-0.1126328,51.4232424],[-0.1268325,51.4126989],[-0.1277249,51.4123163],[-0.1314565,51.4049348],[-0.1253984,51.3988263],[-0.1342576,51.3909192],[-0.134322,51.3908471],[-0.1326129,51.3901249],[-0.1267329,51.3770681],[-0.1214027,51.3623438],[-0.124555,51.3583633],[-0.1172848,51.3456666],[-0.1268549,51.3448644],[-0.1283474,51.3474506],[-0.1442804,51.3402189],[-0.1474839,51.338798],[-0.1440714,51.3306908],[-0.149188,51.3288459],[-0.1444114,51.3264648],[-0.1455767,51.323493],[-0.1565236,51.3214853],[-0.1618798,51.3196257],[-0.1583305,51.3109854],[-0.1543153,51.3103179],[-0.157735,51.3044275],[-0.1510232,51.3007219],[-0.143578,51.3012446],[-0.1372132,51.3007416],[-0.1243019,51.2867904],[-0.1177874,51.287182],[-0.1158054,51.2906449],[-0.0942762,51.2994386],[-0.0973964,51.3003849],[-0.0886976,51.3051465],[-0.0819317,51.3106473],[-0.0822366,51.3169465],[-0.0710198,51.3212238],[-0.0639861,51.31864],[-0.0562065,51.3216822],[-0.0478687,51.3252451],[-0.0502771,51.3326378],[-0.0419865,51.3338602],[-0.0379201,51.3387247],[-0.0221502,51.3381309],[-0.0143165,51.3297721],[-0.0109466,51.3336759],[0.0022553,51.3291348],[0.0033133,51.332155],[-0.0029601,51.3455193],[-0.0053087,51.3525752],[-0.0182889,51.3612364],[-0.0197803,51.3636335],[-0.0235677,51.3652909],[-0.0267667,51.3793759],[-0.0367788,51.3769964],[-0.0365235,51.3884315],[-0.053473,51.3949151],[-0.0504188,51.3980131],[-0.0529307,51.4014365],[-0.0605297,51.3991385],[-0.0637583,51.4015689],[-0.0685709,51.4038406],[-0.072835,51.4084857],[-0.0727427,51.4126894],[-0.0807602,51.4160442],[-0.0785574,51.4198742],[-0.0968831,51.4226701],[-0.1059622,51.4225943],[-0.1126328,51.4232424]]],"type":"Polygon"},"id":"E09000008","properties":{"code":"E09000008","geography":"LAD","name":"Croydon"},"type":"Feature"},{"geometry":{"coordinates":[[[-0.3355555,51.5565569],[-0.347549,51.5596574],[-0.3623003,51.5572484],[-0.3758815,51.5530846],[-0.3778434,51.5549771],[-0.394986,51.5480387],[-0.3987062,51.5478974],[-0.3952855,51.5425516],[-0.4167561,51.5401593],[-0.4194093,51.5382914],[-0.4118454,51.5340728],[-0.3809967,51.5294117],[-0.3763717,51.5288849],[-0.38343,51.5174886],[-0.3904221,51.5132046],[-0.3935135,51.5070117],[-0.4038266,51.5029266],[-0.4069184,51.4996664],[-0.3845469,51.4946831],[-0.3778767,51.4966066],[-0.3750126,51.493996],[-0.371851,51.4904762],[-0.366987,51.4928034],[-0.3506191,51.4991067],[-0.3352646,51.4961579],[-0.3312312,51.4955096],[-0.3273412,51.4960024],[-0.3157943,51.4959073],[-0.3119112,51.4919715],[-0.3054312,51.4945374],[-0.2975372,51.4948847],[-0.3006694,51.4993292],[-0.2807724,51.5028475],[-0.2741763,51.4972928],[-0.269061,51.4940263],[-0.2554221,51.4949783],[-0.2530409,51.5014223],[-0.2550642,51.5043292],[-0.2456738,51.5046286],[-0.2464667,51.5067431],[-0.2451347,51.5067696],[-0.2489714,51.5138906],[-0.251768,51.5221171],[-0.2462816,51.5327375],[-0.255645,51.533979],[-0.2829575,51.5288459],[-0.2893826,51.5316828],[-0.2789641,51.5332275],[-0.2818174,51.5381067],[-0.302705,51.5319865],[-0.3074536,51.5330871],[-0.304718,51.5398589],[-0.3085177,51.5431987],[-0.3125263,51.5490281],[-0.3355555,51.5565569]]],"type":"Polygon"},"id":"E09000009","properties":{"code":"E09000009","geography":"LAD","name":"Ealing"},"type":"Feature"},{"geometry":{"coordinates":[[[-0.0838891,51.6899134],[-0.1057791,51.6918756],[-0.1182046,51.6890661],[-0.1494314,51.6855094],[-0.1634933,51.6881151],[-0.1635038,51.6859229],[-0.1724732,51.6730914],[-0.1763859,51.672645],[-0.1819608,51.6686832],[-0.1854184,51.6635363],[-0.175562,51.6605996],[-0.1547318,51.6555451],[-0.1498679,51.6488103],[-0.1521217,51.6458007],[-0.1422872,51.6393104],[-0.1383903,51.6365264],[-0.1290939,51.6322654],[-0.1323827,51.6271929],[-0.1420334,51.6162803],[-0.1444951,51.615509],[-0.138706,51.6101858],[-0.1156239,51.6084221],[-0.1144513,51.6084025],[-0.0974662,51.6085175],[-0.0855999,51.6084733],[-0.0674769,51.6086399],[-0.0413907,51.6056468],[-0.0339467,51.6095039],[-0.0353225,51.6129842],[-0.0259378,51.6217428],[-0.0240246,51.624644],[-0.0233926,51.6252784],[-0.0168091,51.6335289],[-0.0147801,51.6367388],[-0.0122597,51.6462287],[-0.0118373,51.6488475],[-0.0098314,51.6617705],[-0.0103284,51.6766647],[-0.0119187,51.6808778],[-0.0333921,51.6824945],[-0.0489358,51.684017],[-0.062089,51.6829767],[-0.0838891,51.6899134]]],"type":"Polygon"},"id":"E09000010","properties":{"code":"E09000010","geography":"LAD","name":"Enfield"},"type":"Feature"},{"geometry":{"coordinates":[[[[-0.0177986,51.4808747],[-0.0187614,51.4789149],[-0.0173252,51.4801997],[-0.0170903,51.4804098],[-0.0177986,51.4808747]]],[[[-0.0177986,51.4808747],[-0.0243028,51.4852025],[-0.0263653,51.4815068],[-0.0177986,51.4808747]]],[[[0.1209754,51.5008003],[0.1187845,51.5113195],[0.0920521,51.5090081],[0.0880219,51.5047584],[0.0839007,51.5004118],[0.0827214,51.499168],[0.0824311,51.4988617],[0.0762345,51.4958916],[0.0759244,51.4958787],[0.0750474,51.4958422],[0.061104,51.4952604],[0.0457984,51.4946199],[0.029744,51.4939459],[0.0295964,51.4939397],[0.0290454,51.4939165],[0.0157264,51.4958945],[0.0154158,51.4960747],[0.0055869,51.5017779],[0.0008524,51.5045243],[-0.0010055,51.5018905],[-0.0022402,51.5001399],[0.0011858,51.4927306],[0.0024734,51.4899452],[-0.0046186,51.4847312],[-0.0047002,51.4846712],[-0.0109252,51.4839842],[-0.0178585,51.4832187],[-0.0149993,51.4817666],[-0.0168341,51.4802456],[-0.0189803,51.4784687],[-0.0191623,51.4780974],[-0.022792,51.4744663],[-0.0171613,51.4693277],[-0.013106,51.4689394],[-0.0140454,51.4726709],[0.0121135,51.4731692],[0.017963,51.47383],[0.0165436,51.469129],[0.0126102,51.4698085],[0.0132655,51.4668391],[0.0090948,51.465873],[0.0104387,51.4584822],[0.0115105,51.4566852],[0.0175487,51.4550319],[0.0198853,51.4507297],[0.0151002,51.4500068],[0.0224183,51.4481238],[0.0215058,51.4427283],[0.0293788,51.4417054],[0.0305495,51.4443279],[0.0397549,51.4409809],[0.0582074,51.4248715],[0.0631382,51.424135],[0.0753602,51.4319867],[0.0784573,51.4371129],[0.0830185,51.44342],[0.0874268,51.4432843],[0.085732,51.4564506],[0.0788814,51.4591287],[0.0829421,51.4598295],[0.0823131,51.4666413],[0.0870533,51.4699702],[0.0982443,51.4754524],[0.10819,51.4761168],[0.112477,51.473421],[0.1155097,51.4761682],[0.1184713,51.4789031],[0.1241911,51.476849],[0.1220447,51.4829947],[0.1212968,51.4911032],[0.1209754,51.5008003]]]],"type":"MultiPolygon"},"id":"E09000011","properties":{"code":"E09000011","geography":"LAD","name":"Greenwich"},"type":"Feature"},{"geometry":{"coordinates":[[[-0.0171743,51.5515773],[-0.0171741,51.5516759],[-0.0300396,51.5613589],[-0.0451297,51.5617899],[-0.051146,51.5677298],[-0.0611586,51.577786],[-0.0723921,51.5756335],[-0.0762427,51.5749352],[-0.0856588,51.5750401],[-0.097635,51.5736456],[-0.0980758,51.5691117],[-0.1040322,51.5649662],[-0.1043739,51.5647667],[-0.0995655,51.5615628],[-0.0985858,51.5608139],[-0.0917169,51.5602015],[-0.0903969,51.5575742],[-0.0903561,51.5541514],[-0.079399,51.5516727],[-0.0776774,51.549483],[-0.0766853,51.5460866],[-0.0837895,51.5465852],[-0.0865615,51.5373672],[-0.0865634,51.5373023],[-0.089689,51.5360432],[-0.0931473,51.5343988],[-0.0970323,51.5330033],[-0.0914813,51.5282085],[-0.0850098,51.5262376],[-0.0852326,51.5203484],[-0.0785291,51.5215119],[-0.07612,51.522369],[-0.0757153,51.5283582],[-0.0662534,51.5312201],[-0.0624344,51.5355325],[-0.0573019,51.5344144],[-0.0528565,51.5349387],[-0.0407379,51.5381187],[-0.0374213,51.5412815],[-0.0331911,51.5446857],[-0.0289911,51.542273],[-0.0165497,51.5433299],[-0.0171743,51.5515773]]],"type":"Polygon"},"id":"E09000012","properties":{"code":"E09000012","geography":"LAD","name":"Hackney"},"type":"Feature"},{"geometry":{"coordinates":[[[[-0.2153864,51.4684313],[-0.2126539,51.4667526],[-0.209857,51.4662988],[-0.2153864,51.4684313]]],[[[-0.2251348,51.4766319],[-0.2258456,51.4787272],[-0.2253566,51.4764344],[-0.2248875,51.4759028],[-0.2251348,51.4766319]]],[[[-0.2150289,51.5021853],[-0.2169767,51.5044661],[-0.217002,51.5045042],[-0.2155417,51.508392],[-0.220236,51.5117328],[-0.2224644,51.515407],[-0.2265433,51.5195771],[-0.2284408,51.5303192],[-0.2338212,51.5323311],[-0.2462816,51.5327375],[-0.251768,51.5221171],[-0.2489714,51.5138906],[-0.2451347,51.5067696],[-0.2464667,51.5067431],[-0.2456738,51.5046286],[-0.2550642,51.5043292],[-0.2530409,51.5014223],[-0.2492032,51.4969499],[-0.2459292,51.4981413],[-0.2436091,51.4888609],[-0.2434709,51.4888844],[-0.234394,51.4904255],[-0.2275596,51.4873939],[-0.2265402,51.4859511],[-0.2240646,51.482447],[-0.2237474,51.4818954],[-0.2222162,51.4792315],[-0.2166641,51.4695697],[-0.1980269,51.4653567],[-0.1973749,51.4652092],[-0.1888113,51.4668275],[-0.1859087,51.4673758],[-0.1823451,51.471816],[-0.1794413,51.4775136],[-0.1828399,51.4774596],[-0.1838566,51.4774196],[-0.1837756,51.4774447],[-0.1838763,51.4774431],[-0.186521,51.4798688],[-0.1882624,51.4809667],[-0.1907708,51.4831657],[-0.1959061,51.4873707],[-0.1964052,51.4871869],[-0.2023646,51.4916615],[-0.201833,51.4918453],[-0.2030855,51.4933715],[-0.2079514,51.4960316],[-0.2150289,51.5021853]]]],"type":"MultiPolygon"},"id":"E09000013","properties":{"code":"E09000013","geography":"LAD","name":"Hammersmith and Fulham"},"type":"Feature"},{"geometry":{"coordinates":[[[-0.1156239,51.6084221],[-0.138706,51.6101858],[-0.1434253,51.6088311],[-0.1444701,51.6001218],[-0.1513307,51.5974711],[-0.1563408,51.6053689],[-0.1617611,51.5974789],[-0.157131,51.5861914],[-0.1613397,51.5852841],[-0.1630703,51.5843697],[-0.1712318,51.5724183],[-0.1423956,51.569106],[-0.1383086,51.570594],[-0.1333851,51.5728752],[-0.1188768,51.5747308],[-0.1157013,51.5720165],[-0.1106905,51.5686129],[-0.1043739,51.5647667],[-0.1040322,51.5649662],[-0.0980758,51.5691117],[-0.097635,51.5736456],[-0.0856588,51.5750401],[-0.0762427,51.5749352],[-0.0723921,51.5756335],[-0.0611586,51.577786],[-0.0532006,51.5869327],[-0.0522889,51.593541],[-0.0413907,51.6056468],[-0.0674769,51.6086399],[-0.0855999,51.6084733],[-0.0974662,51.6085175],[-0.1144513,51.6084025],[-0.1156239,51.6084221]]],"type":"Polygon"},"id":"E09000014","properties":{"code":"E09000014","geography":"LAD","name":"Haringey"},"type":"Feature"},{"geometry":{"coordinates":[[[-0.2841974,51.5904955],[-0.2904059,51.5935438],[-0.2870518,51.5945628],[-0.2671131,51.600372],[-0.2783489,51.6097854],[-0.2810302,51.6122724],[-0.2926433,51.6217429],[-0.3044608,51.6320337],[-0.30445,51.6363487],[-0.3166722,51.6405356],[-0.3175494,51.6402163],[-0.3398896,51.6307237],[-0.3626213,51.6235048],[-0.3681745,51.6206524],[-0.3845716,51.6161698],[-0.3858719,51.61582],[-0.4039961,51.613184],[-0.3976962,51.5968808],[-0.3955736,51.5905936],[-0.3858831,51.5708975],[-0.3818923,51.5630767],[-0.3800887,51.5595858],[-0.3778434,51.5549771],[-0.3758815,51.5530846],[-0.3623003,51.5572484],[-0.347549,51.5596574],[-0.3355555,51.5565569],[-0.3312648,51.5614143],[-0.3298493,51.5671282],[-0.3221482,51.5696771],[-0.3265875,51.57829],[-0.3266342,51.5786007],[-0.3170251,51.5820751],[-0.3067846,51.5865154],[-0.282458,51.5850517],[-0.2841974,51.5904955]]],"type":"Polygon"},"id":"E09000015","properties":{"code":"E09000015","geography":"LAD","name":"Harrow"},"type":"Feature"},{"geometry":{"coordinates":[[[0.2240877,51.6317378],[0.2084967,51.6266877],[0.2003116,51.6249358],[0.181238,51.6258266],[0.1689013,51.6214202],[0.1510734,51.623247],[0.1381842,51.6235454],[0.1475406,51.6122234],[0.1482059,51.5989685],[0.1498799,51.5970117],[0.1485638,51.580775],[0.1489881,51.5731491],[0.1467036,51.5687966],[0.1543638,51.5661132],[0.1618937,51.5616169],[0.1851805,51.5655131],[0.1826658,51.5612427],[0.190169,51.5527209],[0.1860136,51.5475359],[0.1738828,51.5373884],[0.1686964,51.5311908],[0.165963,51.5287934],[0.1622824,51.5213711],[0.1590495,51.5120715],[0.1592078,51.5120159],[0.178575,51.5052039],[0.1820352,51.4986273],[0.1876841,51.4878589],[0.210554,51.4902431],[0.2118701,51.489959],[0.2141569,51.4960396],[0.2299653,51.4993659],[0.2265973,51.5065632],[0.2419193,51.5079601],[0.237176,51.5193344],[0.2449058,51.5187595],[0.2407246,51.5212074],[0.242856,51.5243925],[0.2458375,51.5235162],[0.250852,51.5288186],[0.2538343,51.5178859],[0.2623079,51.5179305],[0.2666382,51.5229559],[0.2653473,51.5321503],[0.3224415,51.5405179],[0.3314294,51.5400455],[0.3339026,51.5424937],[0.3278161,51.5509946],[0.3152948,51.5578353],[0.3130351,51.5658181],[0.2902015,51.5644972],[0.2871239,51.57271],[0.2698791,51.5924669],[0.2698665,51.5995544],[0.26087,51.6003905],[0.2539164,51.6019201],[0.2632577,51.609192],[0.2240877,51.6317378]]],"type":"Polygon"},"id":"E09000016","properties":{"code":"E09000016","geography":"LAD","name":"Havering"},"type":"Feature"},{"geometry":{"coordinates":[[[-0.4597429,51.6131593],[-0.4971276,51.6316791],[-0.499965,51.6291733],[-0.5001487,51.6220719],[-0.4953219,51.6189375],[-0.4992149,51.6088811],[-0.4962576,51.602444],[-0.5005959,51.5996899],[-0.4996346,51.5967032],[-0.4948253,51.5847773],[-0.4840263,51.5751273],[-0.4827937,51.5628217],[-0.4769869,51.5596253],[-0.4773299,51.5552721],[-0.4910747,51.5445313],[-0.4954897,51.5384292],[-0.4889737,51.5290887],[-0.4916311,51.5188972],[-0.4897865,51.5115268],[-0.4855359,51.5100278],[-0.4832664,51.5066408],[-0.4900247,51.4947476],[-0.4901168,51.4945789],[-0.4991692,51.4885812],[-0.5098073,51.4692073],[-0.4938661,51.4627635],[-0.4587238,51.4563417],[-0.4439496,51.4532906],[-0.4414241,51.4567775],[-0.4349972,51.4568837],[-0.4335968,51.4617177],[-0.4111317,51.4698875],[-0.4169203,51.4824629],[-0.4118464,51.4924365],[-0.4069184,51.4996664],[-0.4038266,51.5029266],[-0.3935135,51.5070117],[-0.3904221,51.5132046],[-0.38343,51.5174886],[-0.3763717,51.5288849],[-0.3809967,51.5294117],[-0.4118454,51.5340728],[-0.4194093,51.5382914],[-0.4167561,51.5401593],[-0.3952855,51.5425516],[-0.3987062,51.5478974],[-0.394986,51.5480387],[-0.3778434,51.5549771],[-0.3800887,51.5595858],[-0.3818923,51.5630767],[-0.3858831,51.5708975],[-0.3955736,51.5905936],[-0.3976962,51.5968808],[-0.4039961,51.613184],[-0.4119852,51.6141827],[-0.4405753,51.6200732],[-0.4571308,51.6122939],[-0.4597429,51.6131593]]],"type":"Polygon"},"id":"E09000017","properties":{"code":"E09000017","geography":"LAD","name":"Hillingdon"},"type":"Feature"},{"geometry":{"coordinates":[[[[-0.2780955,51.4822022],[-0.2782265,51.4822638],[-0.2780386,51.4821304],[-0.2780955,51.4822022]]],[[[-0.2741763,51.4972928],[-0.2807724,51.5028475],[-0.3006694,51.4993292],[-0.2975372,51.4948847],[-0.3054312,51.4945374],[-0.3119112,51.4919715],[-0.3157943,51.4959073],[-0.3273412,51.4960024],[-0.3312312,51.4955096],[-0.3352646,51.4961579],[-0.3506191,51.4991067],[-0.366987,51.4928034],[-0.371851,51.4904762],[-0.3750126,51.493996],[-0.3778767,51.4966066],[-0.3845469,51.4946831],[-0.4069184,51.4996664],[-0.4118464,51.4924365],[-0.4169203,51.4824629],[-0.4111317,51.4698875],[-0.4335968,51.4617177],[-0.4349972,51.4568837],[-0.4414241,51.4567775],[-0.4439496,51.4532906],[-0.4587238,51.4563417],[-0.4613199,51.4523913],[-0.4564751,51.4382245],[-0.4462886,51.4399964],[-0.4477169,51.435003],[-0.4397523,51.4346196],[-0.4399833,51.4306265],[-0.4278314,51.4292524],[-0.4185837,51.43211],[-0.4077756,51.4235784],[-0.3913171,51.4223154],[-0.3849515,51.4212589],[-0.3883873,51.4279973],[-0.3761573,51.4354671],[-0.3760926,51.4355063],[-0.3670988,51.4417007],[-0.3782051,51.4424843],[-0.3877866,51.4493713],[-0.3695673,51.4569679],[-0.3427354,51.4580718],[-0.3417066,51.4590173],[-0.3369823,51.4546482],[-0.326934,51.4570109],[-0.3253439,51.4637204],[-0.3213831,51.4651665],[-0.3217123,51.4654066],[-0.3202199,51.4688804],[-0.3191297,51.4714767],[-0.3083688,51.4757031],[-0.3044303,51.4791014],[-0.304399,51.4791366],[-0.2990916,51.4851126],[-0.2989645,51.4852557],[-0.2982,51.4854171],[-0.2953515,51.4860184],[-0.2925076,51.4871639],[-0.2907925,51.4869806],[-0.2898862,51.4871719],[-0.2874475,51.4876843],[-0.2868718,51.4874518],[-0.2838743,51.4862412],[-0.283822,51.4862356],[-0.2837713,51.4861996],[-0.2770846,51.4834985],[-0.2749321,51.4808108],[-0.2733712,51.4788616],[-0.2691541,51.4735947],[-0.2557409,51.4726138],[-0.2550708,51.4729124],[-0.2497105,51.4856921],[-0.2445393,51.488703],[-0.2436091,51.4888609],[-0.2459292,51.4981413],[-0.2492032,51.4969499],[-0.2530409,51.5014223],[-0.2554221,51.4949783],[-0.269061,51.4940263],[-0.2741763,51.4972928]]]],"type":"MultiPolygon"},"id":"E09000018","properties":{"code":"E09000018","geography":"LAD","name":"Hounslow"},"type":"Feature"},{"geometry":{"coordinates":[[[-0.0776774,51.549483],[-0.079399,51.5516727],[-0.0903561,51.5541514],[-0.0903969,51.5575742],[-0.0917169,51.5602015],[-0.0985858,51.5608139],[-0.0995655,51.5615628],[-0.1043739,51.5647667],[-0.1106905,51.5686129],[-0.1157013,51.5720165],[-0.1188768,51.5747308],[-0.1333851,51.5728752],[-0.1383086,51.570594],[-0.1423956,51.569106],[-0.139427,51.5582422],[-0.1384192,51.5568682],[-0.1307206,51.5506725],[-0.1291028,51.5488366],[-0.1263574,51.5450586],[-0.1250642,51.541143],[-0.1198389,51.5309472],[-0.114229,51.5254826],[-0.1052903,51.5185549],[-0.1017495,51.5196829],[-0.1002522,51.520129],[-0.0975725,51.5211748],[-0.097385,51.5215921],[-0.0923602,51.5210356],[-0.0861997,51.5188121],[-0.0852326,51.5203484],[-0.0850098,51.5262376],[-0.0914813,51.5282085],[-0.0970323,51.5330033],[-0.0931473,51.5343988],[-0.089689,51.5360432],[-0.0865634,51.5373023],[-0.0865615,51.5373672],[-0.0837895,51.5465852],[-0.0766853,51.5460866],[-0.0776774,51.549483]]],"type":"Polygon"},"id":"E09000019","properties":{"code":"E09000019","geography":"LAD","name":"Islington"},"type":"Feature"},{"geometry":{"coordinates":[[[[-0.1794413,51.4775136],[-0.1793997,51.4775951],[-0.1828399,51.4774596],[-0.1794413,51.4775136]]],[[[-0.1999075,51.5168402],[-0.2037423,51.5206243],[-0.2016258,51.5227421],[-0.2072974,51.5262345],[-0.2154967,51.5267186],[-0.2160207,51.5279204],[-0.2284408,51.5303192],[-0.2265433,51.5195771],[-0.2224644,51.515407],[-0.220236,51.5117328],[-0.2155417,51.508392],[-0.217002,51.5045042],[-0.2169767,51.5044661],[-0.2150289,51.5021853],[-0.2079514,51.4960316],[-0.2030855,51.4933715],[-0.201833,51.4918453],[-0.2023646,51.4916615],[-0.1964052,51.4871869],[-0.1959061,51.4873707],[-0.1907708,51.4831657],[-0.1882624,51.4809667],[-0.186521,51.4798688],[-0.1838763,51.4774431],[-0.1837756,51.4774447],[-0.181664,51.478101],[-0.1731548,51.4807447],[-0.1725495,51.4811668],[-0.1707307,51.4814977],[-0.1643447,51.4834811],[-0.1638053,51.4836486],[-0.1505822,51.4854051],[-0.15033,51.4854386],[-0.155779,51.4947199],[-0.1584578,51.5022262],[-0.1654191,51.4986855],[-0.1795238,51.4977812],[-0.1803117,51.5014622],[-0.1842049,51.5017889],[-0.1890797,51.5101238],[-0.192123,51.5098777],[-0.195053,51.5150401],[-0.1991711,51.514541],[-0.1999075,51.5168402]]]],"type":"MultiPolygon"},"id":"E09000020","properties":{"code":"E09000020","geography":"LAD","name":"Kensington and Chelsea"},"type":"Feature"},{"geometry":{"coordinates":[[[-0.2542386,51.429302],[-0.2510851,51.4325578],[-0.2540664,51.4372879],[-0.2563189,51.4363452],[-0.2785796,51.4233514],[-0.28656,51.4201855],[-0.2877902,51.422734],[-0.2906164,51.4289902],[-0.2947925,51.4264439],[-0.301594,51.4314347],[-0.3106509,51.4322095],[-0.3144304,51.4282489],[-0.3083619,51.4250094],[-0.3084693,51.413525],[-0.3102895,51.3996098],[-0.3121084,51.3981387],[-0.3176979,51.3936671],[-0.3159932,51.3875714],[-0.3132307,51.3887225],[-0.3073654,51.3783835],[-0.308434,51.3758594],[-0.3126515,51.3747511],[-0.3178974,51.3697978],[-0.3184815,51.3657622],[-0.3279539,51.3522106],[-0.3306556,51.3290096],[-0.3239469,51.3267161],[-0.3061892,51.3350756],[-0.3050628,51.3378146],[-0.3040656,51.3431717],[-0.2870187,51.3593978],[-0.2883956,51.36216],[-0.2840711,51.36515],[-0.2740226,51.3706553],[-0.2724458,51.3722467],[-0.2690403,51.3735373],[-0.2609913,51.3795957],[-0.2450279,51.3800592],[-0.2449406,51.3806463],[-0.2396911,51.3892739],[-0.2468931,51.3971079],[-0.2447034,51.4038553],[-0.2471578,51.4096067],[-0.2495206,51.4147758],[-0.2542386,51.429302]]],"type":"Polygon"},"id":"E09000021","properties":{"code":"E09000021","geography":"LAD","name":"Kingston upon Thames"},"type":"Feature"},{"geometry":{"coordinates":[[[-0.0993647,51.4726432],[-0.1035733,51.4783578],[-0.1082092,51.4802862],[-0.1040336,51.4809014],[-0.1084606,51.4858488],[-0.1032724,51.4912528],[-0.1114666,51.4964589],[-0.1064742,51.5015708],[-0.1087109,51.5084504],[-0.1088051,51.5084463],[-0.1183249,51.5057269],[-0.1188231,51.5038401],[-0.1213528,51.4943174],[-0.1219833,51.4931997],[-0.1250706,51.4877256],[-0.1255251,51.4869197],[-0.1280882,51.4852701],[-0.1263085,51.484471],[-0.1306835,51.4801793],[-0.1338765,51.4756944],[-0.1397853,51.4713325],[-0.1506588,51.4662912],[-0.1496949,51.4612917],[-0.1481401,51.4564022],[-0.1477043,51.4523401],[-0.1422855,51.4509823],[-0.145576,51.4460179],[-0.1436106,51.441839],[-0.1359317,51.4420074],[-0.1374758,51.4401579],[-0.1397654,51.4357438],[-0.135256,51.4303226],[-0.1383683,51.4304849],[-0.1377917,51.4211084],[-0.1403588,51.4192637],[-0.1431898,51.4172811],[-0.1480645,51.4128701],[-0.1277249,51.4123163],[-0.1268325,51.4126989],[-0.1126328,51.4232424],[-0.1059622,51.4225943],[-0.0968831,51.4226701],[-0.0785574,51.4198742],[-0.0782877,51.4206047],[-0.0893452,51.4320172],[-0.0928955,51.4410816],[-0.1007625,51.4503361],[-0.0922441,51.4610584],[-0.0911508,51.467596],[-0.0930151,51.4720286],[-0.0959751,51.4698674],[-0.0993647,51.4726432]]],"type":"Polygon"},"id":"E09000022","properties":{"code":"E09000022","geography":"LAD","name":"Lambeth"},"type":"Feature"},{"geometry":{"coordinates":[[[-0.0187614,51.4789149],[-0.0177986,51.4808747],[-0.0263653,51.4815068],[-0.0243028,51.4852025],[-0.0248209,51.4855467],[-0.0323863,51.4930563],[-0.0324207,51.493358],[-0.0404918,51.492797],[-0.0460157,51.4902914],[-0.050487,51.4879204],[-0.0539695,51.487941],[-0.0542346,51.4785957],[-0.0526874,51.4780143],[-0.0522695,51.4692259],[-0.0474709,51.4651242],[-0.046134,51.4569461],[-0.0416476,51.4549968],[-0.0460801,51.449868],[-0.0575777,51.4503258],[-0.0637021,51.4442241],[-0.0634006,51.4375718],[-0.0728654,51.4320968],[-0.0739073,51.4262129],[-0.0718419,51.4262949],[-0.0517478,51.4225166],[-0.0398933,51.4242587],[-0.0333491,51.4246347],[-0.0209978,51.4209758],[-0.0209993,51.4160242],[-0.0076638,51.4144768],[-0.0007289,51.4159071],[0.0035338,51.4174274],[0.008106,51.4230395],[0.0204048,51.4268748],[0.025459,51.4289732],[0.0346045,51.4234046],[0.0390556,51.4246879],[0.0377088,51.433341],[0.0311592,51.4320942],[0.028687,51.4364097],[0.0254358,51.4356667],[0.0293788,51.4417054],[0.0215058,51.4427283],[0.0224183,51.4481238],[0.0151002,51.4500068],[0.0198853,51.4507297],[0.0175487,51.4550319],[0.0115105,51.4566852],[0.0104387,51.4584822],[0.0090948,51.465873],[0.0132655,51.4668391],[0.0126102,51.4698085],[0.0165436,51.469129],[0.017963,51.47383],[0.0121135,51.4731692],[-0.0140454,51.4726709],[-0.013106,51.4689394],[-0.0171613,51.4693277],[-0.022792,51.4744663],[-0.0191623,51.4780974],[-0.0189803,51.4784687],[-0.0227416,51.4753542],[-0.0187614,51.4789149]]],"type":"Polygon"},"id":"E09000023","properties":{"code":"E09000023","geography":"LAD","name":"Lewisham"},"type":"Feature"},{"geometry":{"coordinates":[[[-0.1898543,51.4402711],[-0.1900265,51.4414646],[-0.2045281,51.4389533],[-0.2091046,51.4383045],[-0.2244764,51.4386069],[-0.2510851,51.4325578],[-0.2542386,51.429302],[-0.2495206,51.4147758],[-0.2471578,51.4096067],[-0.2447034,51.4038553],[-0.2468931,51.3971079],[-0.2396911,51.3892739],[-0.2346412,51.3905578],[-0.2231863,51.3820559],[-0.2180801,51.3801824],[-0.2097839,51.3882998],[-0.2002825,51.3849415],[-0.193844,51.3879136],[-0.1896356,51.3860218],[-0.1826741,51.3880681],[-0.174813,51.3934129],[-0.1699459,51.3917253],[-0.1652993,51.3879991],[-0.1526473,51.3897741],[-0.134322,51.3908471],[-0.1342576,51.3909192],[-0.1253984,51.3988263],[-0.1314565,51.4049348],[-0.1277249,51.4123163],[-0.1480645,51.4128701],[-0.1431898,51.4172811],[-0.1403588,51.4192637],[-0.1444544,51.4177517],[-0.1598604,51.4226031],[-0.1616487,51.4198569],[-0.1787696,51.4243191],[-0.1840455,51.4263524],[-0.1842309,51.4312676],[-0.185726,51.4331664],[-0.1897745,51.4313513],[-0.1898543,51.4402711]]],"type":"Polygon"},"id":"E09000024","properties":{"code":"E09000024","geography":"LAD","name":"Merton"},"type":"Feature"},{"geometry":{"coordinates":[[[0.050345,51.5640218],[0.0420293,51.5614921],[0.0443396,51.5575911],[0.0462726,51.5548299],[0.0354304,51.5552585],[0.0204742,51.5561281],[0.0162808,51.5531927],[0.0146413,51.5549644],[0.0095688,51.551247],[-0.0001558,51.5517315],[-0.004161,51.5510339],[-0.0086863,51.5499229],[-0.0108424,51.5526237],[-0.0171743,51.5515773],[-0.0165497,51.5433299],[-0.0212678,51.5370074],[-0.0180112,51.5322224],[-0.0136823,51.5298465],[-0.0077627,51.5253941],[-0.0078194,51.5253227],[-0.0080903,51.5238353],[-0.0056638,51.5167641],[-0.0022163,51.5179991],[0.0041233,51.5146537],[0.0022356,51.5110055],[0.0070606,51.5143011],[0.0059846,51.5101575],[0.0098357,51.5084291],[0.0094262,51.507898],[0.013481,51.5048783],[0.015745,51.5035212],[0.019038,51.5015471],[0.0244415,51.4983072],[0.0391165,51.4985677],[0.0686613,51.4990866],[0.0709057,51.5006423],[0.0770639,51.5049102],[0.0773375,51.505176],[0.0790274,51.5068175],[0.0845805,51.5122105],[0.0967901,51.5151512],[0.09607,51.5167507],[0.0969274,51.5163295],[0.0926345,51.5256749],[0.0804919,51.5276302],[0.0804615,51.5276484],[0.072577,51.5307512],[0.0717562,51.5328974],[0.0687714,51.536207],[0.0683037,51.5442534],[0.0683617,51.5443904],[0.064945,51.5563953],[0.0636426,51.5572763],[0.0601507,51.5564071],[0.050345,51.5640218]]],"type":"Polygon"},"id":"E09000025","properties":{"code":"E09000025","geography":"LAD","name":"Newham"},"type":"Feature"},{"geometry":{"coordinates":[[[0.021819,51.6288328],[0.0200877,51.6264288],[0.0145381,51.6188931],[0.0086944,51.6190699],[0.0212504,51.6123075],[0.019579,51.6076109],[0.016419,51.6039306],[0.0125463,51.5953603],[0.0129671,51.586962],[0.0149355,51.5833577],[0.0164867,51.5728872],[0.0191311,51.5698549],[0.014309,51.5635079],[0.0204742,51.5561281],[0.0354304,51.5552585],[0.0462726,51.5548299],[0.0443396,51.5575911],[0.0420293,51.5614921],[0.050345,51.5640218],[0.0601507,51.5564071],[0.0636426,51.5572763],[0.064945,51.5563953],[0.0683617,51.5443904],[0.0800639,51.5447724],[0.0885002,51.5477416],[0.0926083,51.5496497],[0.0935198,51.5458579],[0.1061315,51.5509449],[0.107456,51.5520023],[0.1083187,51.5521568],[0.1132729,51.5572668],[0.1204916,51.5585735],[0.1190511,51.5630518],[0.1250286,51.564341],[0.1293243,51.5665254],[0.1296592,51.5681112],[0.1300261,51.5707301],[0.129191,51.5763123],[0.1335673,51.5799537],[0.127759,51.5816364],[0.1263866,51.5867252],[0.1419354,51.5965592],[0.1482059,51.5989685],[0.1475406,51.6122234],[0.1381842,51.6235454],[0.1193073,51.6153685],[0.1167102,51.6169216],[0.1038379,51.6125514],[0.0980684,51.6154216],[0.0922849,51.6135743],[0.0946532,51.6107908],[0.0888366,51.6048597],[0.0793691,51.6070385],[0.0728119,51.6046819],[0.0586553,51.6091017],[0.0479562,51.6133026],[0.0536728,51.6182791],[0.0407878,51.6157288],[0.021819,51.6288328]]],"type":"Polygon"},"id":"E09000026","properties":{"code":"E09000026","geography":"LAD","name":"Redbridge"},"type":"Feature"},{"geometry":{"coordinates":[[[[-0.2550708,51.4729124],[-0.2557409,51.4726138],[-0.2552117,51.4725764],[-0.2550708,51.4729124]]],[[[-0.3069588,51.4762536],[-0.3044303,51.4791014],[-0.3083688,51.4757031],[-0.3069588,51.4762536]]],[[[-0.283822,51.4862356],[-0.2838743,51.4862412],[-0.2837713,51.4861996],[-0.283822,51.4862356]]],[[[-0.2907925,51.4869806],[-0.2925076,51.4871639],[-0.2953515,51.4860184],[-0.2907925,51.4869806]]],[[[-0.2329584,51.4716814],[-0.2236391,51.4722221],[-0.2248875,51.4759028],[-0.2253566,51.4764344],[-0.2258456,51.4787272],[-0.2280113,51.4851101],[-0.2355054,51.4889505],[-0.2485209,51.4837347],[-0.2514052,51.4738938],[-0.2514807,51.473636],[-0.2515891,51.4735948],[-0.260215,51.4703144],[-0.27054,51.4726811],[-0.2734652,51.4763677],[-0.2780386,51.4821304],[-0.2782265,51.4822638],[-0.2872721,51.4865217],[-0.2953866,51.4847595],[-0.3098324,51.4737477],[-0.3101209,51.4735277],[-0.3192457,51.4683613],[-0.3138549,51.4607455],[-0.3136682,51.460655],[-0.305022,51.4564627],[-0.3048819,51.4562295],[-0.3025478,51.4523443],[-0.3058532,51.4485109],[-0.3299322,51.4417018],[-0.3269267,51.4334432],[-0.3259474,51.4329364],[-0.3184404,51.4295582],[-0.3190138,51.4294981],[-0.3199409,51.4294008],[-0.3201918,51.4295334],[-0.3284858,51.4339587],[-0.3313641,51.4415697],[-0.3309648,51.4418849],[-0.3305798,51.4421889],[-0.3250753,51.4465337],[-0.3157984,51.4466615],[-0.3057219,51.4509921],[-0.304279,51.4516121],[-0.3055154,51.4551006],[-0.3058924,51.4561641],[-0.313795,51.4596747],[-0.3138722,51.459709],[-0.3213831,51.4651665],[-0.3253439,51.4637204],[-0.326934,51.4570109],[-0.3369823,51.4546482],[-0.3417066,51.4590173],[-0.3427354,51.4580718],[-0.3695673,51.4569679],[-0.3877866,51.4493713],[-0.3782051,51.4424843],[-0.3670988,51.4417007],[-0.3760926,51.4355063],[-0.3761573,51.4354671],[-0.3883873,51.4279973],[-0.3849515,51.4212589],[-0.3913171,51.4223154],[-0.3866417,51.4200808],[-0.3896498,51.4106933],[-0.38335,51.4085383],[-0.3738602,51.4084933],[-0.3591393,51.4119032],[-0.3382379,51.4007633],[-0.3258603,51.3914396],[-0.3176979,51.3936671],[-0.3121084,51.3981387],[-0.3102895,51.3996098],[-0.3084693,51.413525],[-0.3083619,51.4250094],[-0.3144304,51.4282489],[-0.3106509,51.4322095],[-0.301594,51.4314347],[-0.2947925,51.4264439],[-0.2906164,51.4289902],[-0.2877902,51.422734],[-0.28656,51.4201855],[-0.2785796,51.4233514],[-0.2563189,51.4363452],[-0.2540664,51.4372879],[-0.2415987,51.443118],[-0.2591112,51.4549535],[-0.2529507,51.465224],[-0.2395345,51.4648554],[-0.2335682,51.4653489],[-0.2329584,51.4716814]]]],"type":"MultiPolygon"},"id":"E09000027","properties":{"code":"E09000027","geography":"LAD","name":"Richmond upon Thames"},"type":"Feature"},{"geometry":{"coordinates":[[[-0.0708325,51.5025173],[-0.0724307,51.503087],[-0.0761235,51.5044033],[-0.0880998,51.5068308],[-0.0885964,51.5068845],[-0.1046765,51.5086249],[-0.1087109,51.5084504],[-0.1064742,51.5015708],[-0.1114666,51.4964589],[-0.1032724,51.4912528],[-0.1084606,51.4858488],[-0.1040336,51.4809014],[-0.1082092,51.4802862],[-0.1035733,51.4783578],[-0.0993647,51.4726432],[-0.0959751,51.4698674],[-0.0930151,51.4720286],[-0.0911508,51.467596],[-0.0922441,51.4610584],[-0.1007625,51.4503361],[-0.0928955,51.4410816],[-0.0893452,51.4320172],[-0.0782877,51.4206047],[-0.0739073,51.4262129],[-0.0728654,51.4320968],[-0.0634006,51.4375718],[-0.0637021,51.4442241],[-0.0575777,51.4503258],[-0.0460801,51.449868],[-0.0416476,51.4549968],[-0.046134,51.4569461],[-0.0474709,51.4651242],[-0.0522695,51.4692259],[-0.0526874,51.4780143],[-0.0542346,51.4785957],[-0.0539695,51.487941],[-0.050487,51.4879204],[-0.0460157,51.4902914],[-0.0404918,51.492797],[-0.0324207,51.493358],[-0.0334546,51.5024392],[-0.0338696,51.506083],[-0.0429931,51.5072177],[-0.0478302,51.5042442],[-0.0479005,51.5042009],[-0.0520707,51.5027505],[-0.0572576,51.5008632],[-0.057756,51.500851],[-0.0735139,51.5004646],[-0.0708325,51.5025173]]],"type":"Polygon"},"id":"E09000028","properties":{"code":"E09000028","geography":"LAD","name":"Southwark"},"type":"Feature"},{"geometry":{"coordinates":[[[-0.1699459,51.3917253],[-0.174813,51.3934129],[-0.1826741,51.3880681],[-0.1896356,51.3860218],[-0.193844,51.3879136],[-0.2002825,51.3849415],[-0.2097839,51.3882998],[-0.2180801,51.3801824],[-0.2231863,51.3820559],[-0.2346412,51.3905578],[-0.2396911,51.3892739],[-0.2449406,51.3806463],[-0.2450279,51.3800592],[-0.2450412,51.3799603],[-0.2446794,51.3690612],[-0.2453824,51.3668893],[-0.2339494,51.3653848],[-0.2269448,51.3626256],[-0.2172644,51.3433871],[-0.2298227,51.3365228],[-0.2208416,51.329802],[-0.2142296,51.3302527],[-0.213054,51.3355536],[-0.2020507,51.3401414],[-0.1973193,51.3435952],[-0.1874591,51.3408123],[-0.1728546,51.3300134],[-0.1630767,51.3302642],[-0.164187,51.3260405],[-0.1565236,51.3214853],[-0.1455767,51.323493],[-0.1444114,51.3264648],[-0.149188,51.3288459],[-0.1440714,51.3306908],[-0.1474839,51.338798],[-0.1442804,51.3402189],[-0.1283474,51.3474506],[-0.1268549,51.3448644],[-0.1172848,51.3456666],[-0.124555,51.3583633],[-0.1214027,51.3623438],[-0.1267329,51.3770681],[-0.1326129,51.3901249],[-0.134322,51.3908471],[-0.1526473,51.3897741],[-0.1652993,51.3879991],[-0.1699459,51.3917253]]],"type":"Polygon"},"id":"E09000029","properties":{"code":"E09000029","geography":"LAD","name":"Sutton"},"type":"Feature"},{"geometry":{"coordinates":[[[-0.0331911,51.5446857],[-0.0374213,51.5412815],[-0.0407379,51.5381187],[-0.0528565,51.5349387],[-0.0573019,51.5344144],[-0.0624344,51.5355325],[-0.0662534,51.5312201],[-0.0757153,51.5283582],[-0.07612,51.522369],[-0.0785291,51.5215119],[-0.076872,51.5166251],[-0.0740033,51.5144785],[-0.0730521,51.5118083],[-0.0745446,51.5099542],[-0.0787063,51.5076795],[-0.059809,51.5028789],[-0.0597657,51.5028742],[-0.0420983,51.5097665],[-0.0418819,51.5097198],[-0.0303688,51.5071904],[-0.0288667,51.502362],[-0.0262118,51.493965],[-0.0261925,51.4939161],[-0.0244033,51.4893742],[-0.0163817,51.4861488],[-0.0065,51.4871242],[-0.0030245,51.4908753],[-0.0032367,51.4912712],[-0.0086411,51.5013484],[-0.0079153,51.5020081],[-0.0020459,51.5073427],[0.0075573,51.5073205],[0.0087839,51.5073176],[0.0083759,51.5086802],[0.0094262,51.507898],[0.0098357,51.5084291],[0.0059846,51.5101575],[0.0070606,51.5143011],[0.0022356,51.5110055],[0.0041233,51.5146537],[-0.0022163,51.5179991],[-0.0056638,51.5167641],[-0.0080903,51.5238353],[-0.0078194,51.5253227],[-0.0077627,51.5253941],[-0.0136823,51.5298465],[-0.0180112,51.5322224],[-0.0212678,51.5370074],[-0.0165497,51.5433299],[-0.0289911,51.542273],[-0.0331911,51.5446857]]],"type":"Polygon"},"id":"E09000030","properties":{"code":"E09000030","geography":"LAD","name":"Tower Hamlets"},"type":"Feature"},{"geometry":{"coordinates":[[[0.0200877,51.6264288],[0.021819,51.6288328],[0.0252244,51.6352496],[0.0251592,51.6372894],[0.0227195,51.6411155],[0.0010673,51.6417624],[-0.0122597,51.6462287],[-0.0147801,51.6367388],[-0.0168091,51.6335289],[-0.0233926,51.6252784],[-0.0240246,51.624644],[-0.0259378,51.6217428],[-0.0353225,51.6129842],[-0.0339467,51.6095039],[-0.0413907,51.6056468],[-0.0522889,51.593541],[-0.0532006,51.5869327],[-0.0611586,51.577786],[-0.051146,51.5677298],[-0.0451297,51.5617899],[-0.0300396,51.5613589],[-0.0171741,51.5516759],[-0.0171743,51.5515773],[-0.0108424,51.5526237],[-0.0086863,51.5499229],[-0.004161,51.5510339],[-0.0001558,51.5517315],[0.0095688,51.551247],[0.0146413,51.5549644],[0.0162808,51.5531927],[0.0204742,51.5561281],[0.014309,51.5635079],[0.0191311,51.5698549],[0.0164867,51.5728872],[0.0149355,51.5833577],[0.0129671,51.586962],[0.0125463,51.5953603],[0.016419,51.6039306],[0.019579,51.6076109],[0.0212504,51.6123075],[0.0086944,51.6190699],[0.0145381,51.6188931],[0.0200877,51.6264288]]],"type":"Polygon"},"id":"E09000031","properties":{"code":"E09000031","geography":"LAD","name":"Waltham Forest"},"type":"Feature"},{"geometry":{"coordinates":[[[[-0.184469,51.4676478],[-0.1823451,51.471816],[-0.1859087,51.4673758],[-0.184469,51.4676478]]],[[[-0.1723833,51.4809844],[-0.1707307,51.4814977],[-0.1725495,51.4811668],[-0.1731548,51.4807447],[-0.1723833,51.4809844]]],[[[-0.1365312,51.4853888],[-0.1417272,51.485019],[-0.1381511,51.4848168],[-0.1365312,51.4853888]]],[[[-0.1496949,51.4612917],[-0.1506588,51.4662912],[-0.1397853,51.4713325],[-0.1338765,51.4756944],[-0.1306835,51.4801793],[-0.1263085,51.484471],[-0.1280882,51.4852701],[-0.1284306,51.4850497],[-0.1361443,51.4842915],[-0.1381088,51.4840983],[-0.1398019,51.4839318],[-0.1474072,51.4831814],[-0.1662756,51.4813176],[-0.17129,51.4797851],[-0.1741558,51.4789092],[-0.1779497,51.4706114],[-0.1871146,51.4641792],[-0.1949016,51.4606648],[-0.1949931,51.4606327],[-0.1950988,51.4606161],[-0.2096917,51.4662351],[-0.209857,51.4662988],[-0.2126539,51.4667526],[-0.2153864,51.4684313],[-0.2234015,51.4715217],[-0.2236391,51.4722221],[-0.2329584,51.4716814],[-0.2335682,51.4653489],[-0.2395345,51.4648554],[-0.2529507,51.465224],[-0.2591112,51.4549535],[-0.2415987,51.443118],[-0.2540664,51.4372879],[-0.2510851,51.4325578],[-0.2244764,51.4386069],[-0.2091046,51.4383045],[-0.2045281,51.4389533],[-0.1900265,51.4414646],[-0.1898543,51.4402711],[-0.1897745,51.4313513],[-0.185726,51.4331664],[-0.1842309,51.4312676],[-0.1840455,51.4263524],[-0.1787696,51.4243191],[-0.1616487,51.4198569],[-0.1598604,51.4226031],[-0.1444544,51.4177517],[-0.1403588,51.4192637],[-0.1377917,51.4211084],[-0.1383683,51.4304849],[-0.135256,51.4303226],[-0.1397654,51.4357438],[-0.1374758,51.4401579],[-0.1359317,51.4420074],[-0.1436106,51.441839],[-0.145576,51.4460179],[-0.1422855,51.4509823],[-0.1477043,51.4523401],[-0.1481401,51.4564022],[-0.1496949,51.4612917]]]],"type":"MultiPolygon"},"id":"E09000032","properties":{"code":"E09000032","geography":"LAD","name":"Wandsworth"},"type":"Feature"},{"geometry":{"coordinates":[[[-0.173477,51.5376464],[-0.1757655,51.5396167],[-0.178343,51.5398081],[-0.1887226,51.5345305],[-0.1914676,51.5362924],[-0.1973397,51.5278926],[-0.203013,51.5328956],[-0.2030619,51.532895],[-0.2152666,51.5313606],[-0.2160207,51.5279204],[-0.2154967,51.5267186],[-0.2072974,51.5262345],[-0.2016258,51.5227421],[-0.2037423,51.5206243],[-0.1999075,51.5168402],[-0.1991711,51.514541],[-0.195053,51.5150401],[-0.192123,51.5098777],[-0.1890797,51.5101238],[-0.1842049,51.5017889],[-0.1803117,51.5014622],[-0.1795238,51.4977812],[-0.1654191,51.4986855],[-0.1584578,51.5022262],[-0.155779,51.4947199],[-0.15033,51.4854386],[-0.1499792,51.4854852],[-0.147481,51.4853441],[-0.1417272,51.485019],[-0.1365312,51.4853888],[-0.1284601,51.4882385],[-0.1248569,51.4943665],[-0.1246547,51.4947154],[-0.1222648,51.5038952],[-0.1213494,51.5074103],[-0.1114754,51.5107578],[-0.1115678,51.515335],[-0.1289491,51.5134148],[-0.1303265,51.5164196],[-0.1435448,51.523966],[-0.1452056,51.523989],[-0.1527018,51.5375095],[-0.1648989,51.5357846],[-0.173477,51.5376464]]],"type":"Polygon"},"id":"E09000033","properties":{"code":"E09000033","geography":"LAD","name":"Westminster"},"type":"Feature"}],"type":"FeatureCollection"}
