{
  "type": "FeatureCollection",
  "features": [
    {
      "type": "Feature",
      "id": 873,
      "geometry": {
        "type": "MultiPolygon",
        "coordinates": [
          [
            [
              [
                527223.2002,
                177478.8685
              ],
              [
                527047.4202,
                177385.877699999
              ],
              [
                527103.9808,
                177443.175799999
              ],
              [
                527223.2002,
                177478.8685
              ]
            ]
          ],
          [
            [
              [
                528707,
                177065.0528
              ],
              [
                528271.9474,
                176484.8039
              ],
              [
                527067.439,
                176896.174000001
              ],
              [
                526818.9222,
                176858.8474
              ],
              [
                526889.1998,
                177130.4
              ],
              [
                527429.679,
                177411.891100001
              ],
              [
                528331.2741,
                177577.885399999
              ],
              [
                528118.684,
                177373.456
              ],
              [
                528707,
                177065.0528
              ]
            ]
          ]
        ]
      },
      "properties": {
        "FID": 873,
        "MSOA21CD": "E02000923",
        "MSOA21NM": "Wandsworth 001",
        "MSOA21NMW": " ",
        "BNG_E": 527656,
        "BNG_N": 177088,
        "LAT": 51.47836,
        "LONG": -0.16313,
        "GlobalID": "ba9a96a1-f7f8-419b-ad0f-12328ca798f3"
      }
    },
    {
      "type": "Feature",
      "id": 874,
      "geometry": {
        "type": "Polygon",
        "coordinates": [
          [
            [
              528271.9474,
              176484.8039
            ],
            [
              528110.313,
              176198.047
            ],
            [
              528102.789,
              176194.477
            ],
            [
              527342.6786,
              176321.4518
            ],
            [
              527461.986,
              176557.870999999
            ],
            [
              527067.439,
              176896.174000001
            ],
            [
              528271.9474,
              176484.8039
            ]
          ]
        ]
      },
      "properties": {
        "FID": 874,
        "MSOA21CD": "E02000925",
        "MSOA21NM": "Wandsworth 003",
        "MSOA21NMW": " ",
        "BNG_E": 527683,
        "BNG_N": 176386,
        "LAT": 51.47204,
        "LONG": -0.163,
        "GlobalID": "7171a83b-3ccd-45f8-a5b6-1a2f7da1988b"
      }
    },
    {
      "type": "Feature",
      "id": 875,
      "geometry": {
        "type": "MultiPolygon",
        "coordinates": [
          [
            [
              [
                526204.1003,
                175860.300100001
              ],
              [
                526190.5828,
                175855.843900001
              ],
              [
                526225.416,
                175933.513
              ],
              [
                526204.1003,
                175860.300100001
              ]
            ]
          ],
          [
            [
              [
                527081.65,
                176152.255999999
              ],
              [
                526112.125,
                175326.983999999
              ],
              [
                526029.6861,
                175469.8782
              ],
              [
                526648.6981,
                176201.102299999
              ],
              [
                526818.9222,
                176858.8474
              ],
              [
                527067.439,
                176896.174000001
              ],
              [
                527461.986,
                176557.870999999
              ],
              [
                527342.6786,
                176321.4518
              ],
              [
                527081.65,
                176152.255999999
              ]
            ]
          ]
        ]
      },
      "properties": {
        "FID": 875,
        "MSOA21CD": "E02000926",
        "MSOA21NM": "Wandsworth 004",
        "MSOA21NMW": " ",
        "BNG_E": 526772,
        "BNG_N": 176431,
        "LAT": 51.47265,
        "LONG": -0.17609,
        "GlobalID": "f3145d51-66cb-47da-8588-08585ac24503"
      }
    },
    {
      "type": "Feature",
      "id": 876,
      "geometry": {
        "type": "Polygon",
        "coordinates": [
          [
            [
              528812,
              176079.011
            ],
            [
              528535.329,
              175582.918
            ],
            [
              528000.5795,
              175657.4
            ],
            [
              527838.396,
              175917.844000001
            ],
            [
              528102.789,
              176194.477
            ],
            [
              528110.313,
              176198.047
            ],
            [
              528624.027,
              176342.673
            ],
            [
              528812,
              176079.011
            ]
          ]
        ]
      },
      "properties": {
        "FID": 876,
        "MSOA21CD": "E02000927",
        "MSOA21NM": "Wandsworth 005",
        "MSOA21NMW": " ",
        "BNG_E": 528353,
        "BNG_N": 175919,
        "LAT": 51.46769,
        "LONG": -0.15353,
        "GlobalID": "a28d3510-fb93-45c3-9cda-493cbeb5cd28"
      }
    },
    {
      "type": "Feature",
      "id": 877,
      "geometry": {
        "type": "Polygon",
        "coordinates": [
          [
            [
              523835.4768,
              176022.712200001
            ],
            [
              524125.653,
              175639.867000001
            ],
            [
              523702.71,
              175144.800000001
            ],
            [
              522807.281,
              175516.687000001
            ],
            [
              522827.782,
              176226.672
            ],
            [
              523470.9587,
              176303.374700001
            ],
            [
              523489.6037,
              176224.796499999
            ],
            [
              523835.4768,
              176022.712200001
            ]
          ]
        ]
      },
      "properties": {
        "FID": 877,
        "MSOA21CD": "E02000928",
        "MSOA21NM": "Wandsworth 006",
        "MSOA21NMW": " ",
        "BNG_E": 523408,
        "BNG_N": 175751,
        "LAT": 51.46728,
        "LONG": -0.22474,
        "GlobalID": "898ab183-b791-44ab-8ed1-49fb32d4aafe"
      }
    },
    {
      "type": "Feature",
      "id": 878,
      "geometry": {
        "type": "Polygon",
        "coordinates": [
          [
            [
              527296.003,
              175664.163000001
            ],
            [
              526115.4362,
              175321.820599999
            ],
            [
              526112.125,
              175326.983999999
            ],
            [
              527081.65,
              176152.255999999
            ],
            [
              526931,
              175655
            ],
            [
              527296.003,
              175664.163000001
            ]
          ]
        ]
      },
      "properties": {
        "FID": 878,
        "MSOA21CD": "E02000929",
        "MSOA21NM": "Wandsworth 007",
        "MSOA21NMW": " ",
        "BNG_E": 526704,
        "BNG_N": 175693,
        "LAT": 51.46603,
        "LONG": -0.17734,
        "GlobalID": "0261bd83-8a66-4664-9ccd-f3c3fdf96c93"
      }
    },
    {
      "type": "Feature",
      "id": 879,
      "geometry": {
        "type": "Polygon",
        "coordinates": [
          [
            [
              528102.789,
              176194.477
            ],
            [
              527838.396,
              175917.844000001
            ],
            [
              528000.5795,
              175657.4
            ],
            [
              527557.768,
              174784.573999999
            ],
            [
              527354.964,
              175240.427999999
            ],
            [
              527582.7384,
              175497.0033
            ],
            [
              527296.003,
              175664.163000001
            ],
            [
              526931,
              175655
            ],
            [
              527081.65,
              176152.255999999
            ],
            [
              527342.6786,
              176321.4518
            ],
            [
              528102.789,
              176194.477
            ]
          ]
        ]
      },
      "properties": {
        "FID": 879,
        "MSOA21CD": "E02000930",
        "MSOA21NM": "Wandsworth 008",
        "MSOA21NMW": " ",
        "BNG_E": 527512,
        "BNG_N": 175874,
        "LAT": 51.46748,
        "LONG": -0.16564,
        "GlobalID": "417764b9-c258-47ae-80e9-eb90aa13e6c1"
      }
    },
    {
      "type": "Feature",
      "id": 880,
      "geometry": {
        "type": "Polygon",
        "coordinates": [
          [
            [
              528535.329,
              175582.918
            ],
            [
              528640.5802,
              175208.8476
            ],
            [
              528755.999,
              174672.99
            ],
            [
              528548.119,
              174586.318
            ],
            [
              528115,
              175018
            ],
            [
              527983.091,
              174624.169
            ],
            [
              527557.768,
              174784.573999999
            ],
            [
              528000.5795,
              175657.4
            ],
            [
              528535.329,
              175582.918
            ]
          ]
        ]
      },
      "properties": {
        "FID": 880,
        "MSOA21CD": "E02000931",
        "MSOA21NM": "Wandsworth 009",
        "MSOA21NMW": " ",
        "BNG_E": 528186,
        "BNG_N": 175126,
        "LAT": 51.4606,
        "LONG": -0.15622,
        "GlobalID": "20385d15-35af-4287-a008-bb1a5b297c17"
      }
    },
    {
      "type": "Feature",
      "id": 881,
      "geometry": {
        "type": "Polygon",
        "coordinates": [
          [
            [
              526029.6861,
              175469.8782
            ],
            [
              526112.125,
              175326.983999999
            ],
            [
              526115.4362,
              175321.820599999
            ],
            [
              525834.84,
              174641.619000001
            ],
            [
              525273.7978,
              174650.171599999
            ],
            [
              524801.68,
              174910.630999999
            ],
            [
              524305.3824,
              174933.3124
            ],
            [
              523702.71,
              175144.800000001
            ],
            [
              524125.653,
              175639.867000001
            ],
            [
              523835.4768,
              176022.712200001
            ],
            [
              524054.624,
              175894.670399999
            ],
            [
              524456.1029,
              175660.097100001
            ],
            [
              525485.0261,
              175060.5217
            ],
            [
              525498.64,
              175065.8824
            ],
            [
              526029.6861,
              175469.8782
            ]
          ]
        ]
      },
      "properties": {
        "FID": 881,
        "MSOA21CD": "E02000932",
        "MSOA21NM": "Wandsworth 010",
        "MSOA21NMW": " ",
        "BNG_E": 524587,
        "BNG_N": 175268,
        "LAT": 51.46268,
        "LONG": -0.20795,
        "GlobalID": "a5945d1e-9dc0-4067-892d-48e5d02bf18e"
      }
    },
    {
      "type": "Feature",
      "id": 882,
      "geometry": {
        "type": "Polygon",
        "coordinates": [
          [
            [
              523702.71,
              175144.800000001
            ],
            [
              524305.3824,
              174933.3124
            ],
            [
              524099.775,
              174652.141000001
            ],
            [
              523320.313,
              174885.155999999
            ],
            [
              523355.937,
              174521.013
            ],
            [
              522555.704,
              174651.74
            ],
            [
              522603.793,
              175182.848999999
            ],
            [
              522126.08,
              174944.548
            ],
            [
              522079.1,
              175490.703
            ],
            [
              522807.281,
              175516.687000001
            ],
            [
              523702.71,
              175144.800000001
            ]
          ]
        ]
      },
      "properties": {
        "FID": 882,
        "MSOA21CD": "E02000933",
        "MSOA21NM": "Wandsworth 011",
        "MSOA21NMW": " ",
        "BNG_E": 523391,
        "BNG_N": 175003,
        "LAT": 51.46056,
        "LONG": -0.22525,
        "GlobalID": "05a9b050-e5fc-4e10-b7ed-24ff55a31f7e"
      }
    },
    {
      "type": "Feature",
      "id": 883,
      "geometry": {
        "type": "Polygon",
        "coordinates": [
          [
            [
              527354.964,
              175240.427999999
            ],
            [
              526994.1492,
              174930.3354
            ],
            [
              525935.061,
              174545.622
            ],
            [
              525834.84,
              174641.619000001
            ],
            [
              526115.4362,
              175321.820599999
            ],
            [
              527296.003,
              175664.163000001
            ],
            [
              527582.7384,
              175497.0033
            ],
            [
              527354.964,
              175240.427999999
            ]
          ]
        ]
      },
      "properties": {
        "FID": 883,
        "MSOA21CD": "E02000934",
        "MSOA21NM": "Wandsworth 012",
        "MSOA21NMW": " ",
        "BNG_E": 526517,
        "BNG_N": 175099,
        "LAT": 51.46074,
        "LONG": -0.18024,
        "GlobalID": "5133aa4c-d330-4c03-899d-a621be046f16"
      }
    },
    {
      "type": "Feature",
      "id": 884,
      "geometry": {
        "type": "Polygon",
        "coordinates": [
          [
            [
              522126.08,
              174944.548
            ],
            [
              522122.289,
              174006.418
            ],
            [
              522195,
              173774
            ],
            [
              521806.225,
              174052.885
            ],
            [
              521731.4168,
              173815.6688
            ],
            [
              521096.909,
              174549.2304
            ],
            [
              521458.189,
              175474.390000001
            ],
            [
              522079.1,
              175490.703
            ],
            [
              522126.08,
              174944.548
            ]
          ]
        ]
      },
      "properties": {
        "FID": 884,
        "MSOA21CD": "E02000935",
        "MSOA21NM": "Wandsworth 013",
        "MSOA21NMW": " ",
        "BNG_E": 521629,
        "BNG_N": 174682,
        "LAT": 51.45806,
        "LONG": -0.25071,
        "GlobalID": "376aa6cf-aac5-42e8-91a0-44c9ec1a4bc2"
      }
    },
    {
      "type": "Feature",
      "id": 885,
      "geometry": {
        "type": "Polygon",
        "coordinates": [
          [
            [
              524801.68,
              174910.630999999
            ],
            [
              524488.497,
              174143.736
            ],
            [
              523589.211,
              173645.843499999
            ],
            [
              523809.059,
              174475.125
            ],
            [
              523355.937,
              174521.013
            ],
            [
              523320.313,
              174885.155999999
            ],
            [
              524099.775,
              174652.141000001
            ],
            [
              524305.3824,
              174933.3124
            ],
            [
              524801.68,
              174910.630999999
            ]
          ]
        ]
      },
      "properties": {
        "FID": 885,
        "MSOA21CD": "E02000936",
        "MSOA21NM": "Wandsworth 014",
        "MSOA21NMW": " ",
        "BNG_E": 524162,
        "BNG_N": 174315,
        "LAT": 51.45421,
        "LONG": -0.2144,
        "GlobalID": "2160a7ad-c363-4bf1-8a31-4f5cfbb2c7f9"
      }
    },
    {
      "type": "Feature",
      "id": 886,
      "geometry": {
        "type": "Polygon",
        "coordinates": [
          [
            [
              527557.768,
              174784.573999999
            ],
            [
              527983.091,
              174624.169
            ],
            [
              527719.0704,
              173751.3705
            ],
            [
              527630.249,
              173606.734999999
            ],
            [
              527415,
              173241
            ],
            [
              526894.0882,
              173435.4232
            ],
            [
              526923.892,
              173706.703
            ],
            [
              527169.37,
              173967.627
            ],
            [
              526815.609,
              174413.288000001
            ],
            [
              526994.1492,
              174930.3354
            ],
            [
              527354.964,
              175240.427999999
            ],
            [
              527557.768,
              174784.573999999
            ]
          ]
        ]
      },
      "properties": {
        "FID": 886,
        "MSOA21CD": "E02000937",
        "MSOA21NM": "Wandsworth 015",
        "MSOA21NMW": " ",
        "BNG_E": 527394,
        "BNG_N": 174183,
        "LAT": 51.45231,
        "LONG": -0.16795,
        "GlobalID": "4f5010d7-f4ba-41eb-8a09-996f128fe1b0"
      }
    },
    {
      "type": "Feature",
      "id": 887,
      "geometry": {
        "type": "Polygon",
        "coordinates": [
          [
            [
              523355.937,
              174521.013
            ],
            [
              523809.059,
              174475.125
            ],
            [
              523589.211,
              173645.843499999
            ],
            [
              522511,
              173070
            ],
            [
              522604.1183,
              174130.818
            ],
            [
              522122.289,
              174006.418
            ],
            [
              522126.08,
              174944.548
            ],
            [
              522603.793,
              175182.848999999
            ],
            [
              522555.704,
              174651.74
            ],
            [
              523355.937,
              174521.013
            ]
          ]
        ]
      },
      "properties": {
        "FID": 887,
        "MSOA21CD": "E02000938",
        "MSOA21NM": "Wandsworth 016",
        "MSOA21NMW": " ",
        "BNG_E": 522961,
        "BNG_N": 173907,
        "LAT": 51.45081,
        "LONG": -0.23181,
        "GlobalID": "2dea572e-a80e-4bb0-9ca5-972990650892"
      }
    },
    {
      "type": "Feature",
      "id": 888,
      "geometry": {
        "type": "Polygon",
        "coordinates": [
          [
            [
              528548.119,
              174586.318
            ],
            [
              528448.816,
              173541.362
            ],
            [
              527719.0704,
              173751.3705
            ],
            [
              527983.091,
              174624.169
            ],
            [
              528115,
              175018
            ],
            [
              528548.119,
              174586.318
            ]
          ]
        ]
      },
      "properties": {
        "FID": 888,
        "MSOA21CD": "E02000939",
        "MSOA21NM": "Wandsworth 017",
        "MSOA21NMW": " ",
        "BNG_E": 528153,
        "BNG_N": 174288,
        "LAT": 51.45308,
        "LONG": -0.157,
        "GlobalID": "f499eaca-a66f-4932-9557-27a2f711d4c0"
      }
    },
    {
      "type": "Feature",
      "id": 889,
      "geometry": {
        "type": "Polygon",
        "coordinates": [
          [
            [
              525834.84,
              174641.619000001
            ],
            [
              525935.061,
              174545.622
            ],
            [
              526059.756,
              173628.066
            ],
            [
              525715.623,
              173755.000700001
            ],
            [
              525034.179,
              173860.511
            ],
            [
              525273.7978,
              174650.171599999
            ],
            [
              525834.84,
              174641.619000001
            ]
          ]
        ]
      },
      "properties": {
        "FID": 889,
        "MSOA21CD": "E02000940",
        "MSOA21NM": "Wandsworth 018",
        "MSOA21NMW": " ",
        "BNG_E": 525610,
        "BNG_N": 174140,
        "LAT": 51.45232,
        "LONG": -0.19363,
        "GlobalID": "18b865af-0063-496e-a6ce-a9152f9dcc7d"
      }
    },
    {
      "type": "Feature",
      "id": 890,
      "geometry": {
        "type": "Polygon",
        "coordinates": [
          [
            [
              526815.609,
              174413.288000001
            ],
            [
              526739.357,
              173711.255999999
            ],
            [
              526128,
              173315
            ],
            [
              525640.759,
              173523.548
            ],
            [
              525715.623,
              173755.000700001
            ],
            [
              526059.756,
              173628.066
            ],
            [
              525935.061,
              174545.622
            ],
            [
              526994.1492,
              174930.3354
            ],
            [
              526815.609,
              174413.288000001
            ]
          ]
        ]
      },
      "properties": {
        "FID": 890,
        "MSOA21CD": "E02000941",
        "MSOA21NM": "Wandsworth 019",
        "MSOA21NMW": " ",
        "BNG_E": 526364,
        "BNG_N": 174117,
        "LAT": 51.45194,
        "LONG": -0.18279,
        "GlobalID": "5b064179-266c-4cd7-8f3f-80b85477c4e5"
      }
    },
    {
      "type": "Feature",
      "id": 891,
      "geometry": {
        "type": "Polygon",
        "coordinates": [
          [
            [
              525273.7978,
              174650.171599999
            ],
            [
              525034.179,
              173860.511
            ],
            [
              524858.86,
              173409.885
            ],
            [
              525136.631,
              173063.079
            ],
            [
              524782.5174,
              172930.692399999
            ],
            [
              524364.734,
              173257.108999999
            ],
            [
              524408,
              173662
            ],
            [
              524100.057,
              173775.274
            ],
            [
              524642.2397,
              173844.6371
            ],
            [
              524488.497,
              174143.736
            ],
            [
              524801.68,
              174910.630999999
            ],
            [
              525273.7978,
              174650.171599999
            ]
          ]
        ]
      },
      "properties": {
        "FID": 891,
        "MSOA21CD": "E02000942",
        "MSOA21NM": "Wandsworth 020",
        "MSOA21NMW": " ",
        "BNG_E": 524687,
        "BNG_N": 173938,
        "LAT": 51.45071,
        "LONG": -0.20698,
        "GlobalID": "b1ae5370-c309-4304-8f90-f5c94312ee2c"
      }
    },
    {
      "type": "Feature",
      "id": 892,
      "geometry": {
        "type": "Polygon",
        "coordinates": [
          [
            [
              528839.392,
              174202.106000001
            ],
            [
              528712.625,
              173117.953
            ],
            [
              527630.249,
              173606.734999999
            ],
            [
              527719.0704,
              173751.3705
            ],
            [
              528448.816,
              173541.362
            ],
            [
              528548.119,
              174586.318
            ],
            [
              528755.999,
              174672.99
            ],
            [
              528839.392,
              174202.106000001
            ]
          ]
        ]
      },
      "properties": {
        "FID": 892,
        "MSOA21CD": "E02000943",
        "MSOA21NM": "Wandsworth 021",
        "MSOA21NMW": " ",
        "BNG_E": 528660,
        "BNG_N": 173891,
        "LAT": 51.4494,
        "LONG": -0.14985,
        "GlobalID": "9a3029c3-b066-49c5-b404-1a566491f1ae"
      }
    },
    {
      "type": "Feature",
      "id": 893,
      "geometry": {
        "type": "Polygon",
        "coordinates": [
          [
            [
              524364.734,
              173257.108999999
            ],
            [
              523617.004,
              173300
            ],
            [
              523589.211,
              173645.843499999
            ],
            [
              524488.497,
              174143.736
            ],
            [
              524642.2397,
              173844.6371
            ],
            [
              524100.057,
              173775.274
            ],
            [
              524408,
              173662
            ],
            [
              524364.734,
              173257.108999999
            ]
          ]
        ]
      },
      "properties": {
        "FID": 893,
        "MSOA21CD": "E02000944",
        "MSOA21NM": "Wandsworth 022",
        "MSOA21NMW": " ",
        "BNG_E": 523921,
        "BNG_N": 173733,
        "LAT": 51.44903,
        "LONG": -0.21807,
        "GlobalID": "df8d8f52-fe49-4eb1-b246-dccd07fb12d3"
      }
    },
    {
      "type": "Feature",
      "id": 894,
      "geometry": {
        "type": "Polygon",
        "coordinates": [
          [
            [
              523589.211,
              173645.843499999
            ],
            [
              523617.004,
              173300
            ],
            [
              523503.1406,
              172560.104900001
            ],
            [
              521672.0108,
              171846.487600001
            ],
            [
              521454.5286,
              172361.5129
            ],
            [
              522299.8465,
              173031.861
            ],
            [
              521731.4168,
              173815.6688
            ],
            [
              521806.225,
              174052.885
            ],
            [
              522195,
              173774
            ],
            [
              522122.289,
              174006.418
            ],
            [
              522604.1183,
              174130.818
            ],
            [
              522511,
              173070
            ],
            [
              523589.211,
              173645.843499999
            ]
          ]
        ]
      },
      "properties": {
        "FID": 894,
        "MSOA21CD": "E02000945",
        "MSOA21NM": "Wandsworth 023",
        "MSOA21NMW": " ",
        "BNG_E": 522923,
        "BNG_N": 172989,
        "LAT": 51.44256,
        "LONG": -0.23268,
        "GlobalID": "80f63112-3815-4a85-9a29-b370629a08f1"
      }
    },
    {
      "type": "Feature",
      "id": 895,
      "geometry": {
        "type": "Polygon",
        "coordinates": [
          [
            [
              526923.892,
              173706.703
            ],
            [
              526651.317,
              173425.827
            ],
            [
              527022.631,
              172975.507999999
            ],
            [
              526761.249,
              172552.055
            ],
            [
              526422.821,
              172546.325999999
            ],
            [
              526340,
              172906
            ],
            [
              525883.01,
              172653.113
            ],
            [
              525887.8078,
              172936.9518
            ],
            [
              525640.759,
              173523.548
            ],
            [
              526128,
              173315
            ],
            [
              526739.357,
              173711.255999999
            ],
            [
              526815.609,
              174413.288000001
            ],
            [
              527169.37,
              173967.627
            ],
            [
              526923.892,
              173706.703
            ]
          ]
        ]
      },
      "properties": {
        "FID": 895,
        "MSOA21CD": "E02000946",
        "MSOA21NM": "Wandsworth 024",
        "MSOA21NMW": " ",
        "BNG_E": 526405,
        "BNG_N": 173157,
        "LAT": 51.44331,
        "LONG": -0.18254,
        "GlobalID": "e4d6ba92-b654-438f-a653-647dc32c18d7"
      }
    },
    {
      "type": "Feature",
      "id": 896,
      "geometry": {
        "type": "Polygon",
        "coordinates": [
          [
            [
              525715.623,
              173755.000700001
            ],
            [
              525640.759,
              173523.548
            ],
            [
              525887.8078,
              172936.9518
            ],
            [
              524891.6708,
              172629.8314
            ],
            [
              524782.5174,
              172930.692399999
            ],
            [
              525136.631,
              173063.079
            ],
            [
              524858.86,
              173409.885
            ],
            [
              525034.179,
              173860.511
            ],
            [
              525715.623,
              173755.000700001
            ]
          ]
        ]
      },
      "properties": {
        "FID": 896,
        "MSOA21CD": "E02000947",
        "MSOA21NM": "Wandsworth 025",
        "MSOA21NMW": " ",
        "BNG_E": 525335,
        "BNG_N": 173314,
        "LAT": 51.44496,
        "LONG": -0.19788,
        "GlobalID": "5bccf8ae-2776-46ee-8dd4-d423c6b2519a"
      }
    },
    {
      "type": "Feature",
      "id": 897,
      "geometry": {
        "type": "Polygon",
        "coordinates": [
          [
            [
              529179.6923,
              174078.8792
            ],
            [
              529113.9954,
              173054.064300001
            ],
            [
              529644.5648,
              173092.5228
            ],
            [
              529550.2156,
              172882.9614
            ],
            [
              529377.438,
              172480.703
            ],
            [
              529723.4369,
              171800.2774
            ],
            [
              529508.5424,
              171805.016799999
            ],
            [
              529280.077,
              171830.640000001
            ],
            [
              528765.851,
              171916.2963
            ],
            [
              528533.9511,
              171456.094599999
            ],
            [
              528292.6458,
              171808.2974
            ],
            [
              528883.526,
              172005.566
            ],
            [
              528731.327,
              173054.85
            ],
            [
              528712.625,
              173117.953
            ],
            [
              528839.392,
              174202.106000001
            ],
            [
              529179.6923,
              174078.8792
            ]
          ]
        ]
      },
      "properties": {
        "FID": 897,
        "MSOA21CD": "E02000948",
        "MSOA21NM": "Wandsworth 026",
        "MSOA21NMW": " ",
        "BNG_E": 529008,
        "BNG_N": 172598,
        "LAT": 51.4377,
        "LONG": -0.14531,
        "GlobalID": "31e759e1-85c0-4262-a939-4b07c952e360"
      }
    },
    {
      "type": "Feature",
      "id": 898,
      "geometry": {
        "type": "Polygon",
        "coordinates": [
          [
            [
              527630.249,
              173606.734999999
            ],
            [
              528712.625,
              173117.953
            ],
            [
              528731.327,
              173054.85
            ],
            [
              528321.174,
              172931.922
            ],
            [
              528179,
              173148
            ],
            [
              528224.49,
              172876.043
            ],
            [
              527836,
              172784
            ],
            [
              527809.145,
              173233.221999999
            ],
            [
              527536.3833,
              173045.5615
            ],
            [
              527910.79,
              172302.290999999
            ],
            [
              527692.8852,
              172591.460000001
            ],
            [
              527438.5388,
              172345.8292
            ],
            [
              527001.0446,
              172213.636
            ],
            [
              526761.249,
              172552.055
            ],
            [
              527022.631,
              172975.507999999
            ],
            [
              526651.317,
              173425.827
            ],
            [
              526923.892,
              173706.703
            ],
            [
              526894.0882,
              173435.4232
            ],
            [
              527415,
              173241
            ],
            [
              527630.249,
              173606.734999999
            ]
          ]
        ]
      },
      "properties": {
        "FID": 898,
        "MSOA21CD": "E02000949",
        "MSOA21NM": "Wandsworth 027",
        "MSOA21NMW": " ",
        "BNG_E": 527296,
        "BNG_N": 172907,
        "LAT": 51.44086,
        "LONG": -0.16982,
        "GlobalID": "0e063c01-9299-4d5f-b30e-5f85b454ee5f"
      }
    },
    {
      "type": "Feature",
      "id": 899,
      "geometry": {
        "type": "Polygon",
        "coordinates": [
          [
            [
              524364.734,
              173257.108999999
            ],
            [
              524782.5174,
              172930.692399999
            ],
            [
              524891.6708,
              172629.8314
            ],
            [
              524575.625,
              172552.280999999
            ],
            [
              523503.1406,
              172560.104900001
            ],
            [
              523617.004,
              173300
            ],
            [
              524364.734,
              173257.108999999
            ]
          ]
        ]
      },
      "properties": {
        "FID": 899,
        "MSOA21CD": "E02000950",
        "MSOA21NM": "Wandsworth 028",
        "MSOA21NMW": " ",
        "BNG_E": 524171,
        "BNG_N": 172925,
        "LAT": 51.44172,
        "LONG": -0.21475,
        "GlobalID": "ea0bd0c0-abdd-4df6-87c9-04536cfa28ca"
      }
    },
    {
      "type": "Feature",
      "id": 900,
      "geometry": {
        "type": "Polygon",
        "coordinates": [
          [
            [
              528321.174,
              172931.922
            ],
            [
              528217.938,
              172635.391000001
            ],
            [
              528661.061,
              172550.873
            ],
            [
              528187.054,
              172493.529999999
            ],
            [
              528123.525,
              171980.986
            ],
            [
              527910.79,
              172302.290999999
            ],
            [
              527536.3833,
              173045.5615
            ],
            [
              527809.145,
              173233.221999999
            ],
            [
              527836,
              172784
            ],
            [
              528224.49,
              172876.043
            ],
            [
              528179,
              173148
            ],
            [
              528321.174,
              172931.922
            ]
          ]
        ]
      },
      "properties": {
        "FID": 900,
        "MSOA21CD": "E02000951",
        "MSOA21NM": "Wandsworth 029",
        "MSOA21NMW": " ",
        "BNG_E": 528099,
        "BNG_N": 172435,
        "LAT": 51.43644,
        "LONG": -0.15844,
        "GlobalID": "c165b96c-8420-4d27-b2b7-849f7bf47459"
      }
    },
    {
      "type": "Feature",
      "id": 901,
      "geometry": {
        "type": "Polygon",
        "coordinates": [
          [
            [
              528292.6458,
              171808.2974
            ],
            [
              528123.525,
              171980.986
            ],
            [
              528187.054,
              172493.529999999
            ],
            [
              528661.061,
              172550.873
            ],
            [
              528217.938,
              172635.391000001
            ],
            [
              528321.174,
              172931.922
            ],
            [
              528731.327,
              173054.85
            ],
            [
              528883.526,
              172005.566
            ],
            [
              528292.6458,
              171808.2974
            ]
          ]
        ]
      },
      "properties": {
        "FID": 901,
        "MSOA21CD": "E02000952",
        "MSOA21NM": "Wandsworth 030",
        "MSOA21NMW": " ",
        "BNG_E": 528514,
        "BNG_N": 172091,
        "LAT": 51.43325,
        "LONG": -0.1526,
        "GlobalID": "a807456a-9415-4cee-bc16-c55cb728b8cd"
      }
    },
    {
      "type": "Feature",
      "id": 902,
      "geometry": {
        "type": "Polygon",
        "coordinates": [
          [
            [
              526761.249,
              172552.055
            ],
            [
              527001.0446,
              172213.636
            ],
            [
              526905.047,
              172183.585999999
            ],
            [
              526316.321,
              171811.163000001
            ],
            [
              525894.188,
              171869.578
            ],
            [
              525883.01,
              172653.113
            ],
            [
              526340,
              172906
            ],
            [
              526422.821,
              172546.325999999
            ],
            [
              526761.249,
              172552.055
            ]
          ]
        ]
      },
      "properties": {
        "FID": 902,
        "MSOA21CD": "E02000953",
        "MSOA21NM": "Wandsworth 031",
        "MSOA21NMW": " ",
        "BNG_E": 526411,
        "BNG_N": 172359,
        "LAT": 51.43613,
        "LONG": -0.18274,
        "GlobalID": "f1d97f1b-e3e0-4c76-a55f-ab0e1e91a91d"
      }
    },
    {
      "type": "Feature",
      "id": 903,
      "geometry": {
        "type": "Polygon",
        "coordinates": [
          [
            [
              527910.79,
              172302.290999999
            ],
            [
              528123.525,
              171980.986
            ],
            [
              528292.6458,
              171808.2974
            ],
            [
              528533.9511,
              171456.094599999
            ],
            [
              528532.414,
              171436.172
            ],
            [
              528348.707,
              171363.856000001
            ],
            [
              527792.91,
              172042.631999999
            ],
            [
              527376,
              171829
            ],
            [
              527438.5388,
              172345.8292
            ],
            [
              527692.8852,
              172591.460000001
            ],
            [
              527910.79,
              172302.290999999
            ]
          ]
        ]
      },
      "properties": {
        "FID": 903,
        "MSOA21CD": "E02000954",
        "MSOA21NM": "Wandsworth 032",
        "MSOA21NMW": " ",
        "BNG_E": 527581,
        "BNG_N": 171975,
        "LAT": 51.43242,
        "LONG": -0.16606,
        "GlobalID": "5caa0ad2-e576-4968-9afd-167292a44a38"
      }
    },
    {
      "type": "Feature",
      "id": 904,
      "geometry": {
        "type": "Polygon",
        "coordinates": [
          [
            [
              528348.707,
              171363.856000001
            ],
            [
              527458.743,
              171490.503
            ],
            [
              526915.866,
              171817.289999999
            ],
            [
              526905.047,
              172183.585999999
            ],
            [
              527001.0446,
              172213.636
            ],
            [
              527438.5388,
              172345.8292
            ],
            [
              527376,
              171829
            ],
            [
              527792.91,
              172042.631999999
            ],
            [
              528348.707,
              171363.856000001
            ]
          ]
        ]
      },
      "properties": {
        "FID": 904,
        "MSOA21CD": "E02000955",
        "MSOA21NM": "Wandsworth 033",
        "MSOA21NMW": " ",
        "BNG_E": 527213,
        "BNG_N": 171780,
        "LAT": 51.43075,
        "LONG": -0.17142,
        "GlobalID": "bc4d192b-7265-487d-92f2-0a6212e0e3a5"
      }
    },
    {
      "type": "Feature",
      "id": 905,
      "geometry": {
        "type": "Polygon",
        "coordinates": [
          [
            [
              527458.743,
              171490.503
            ],
            [
              527101.7716,
              170922.526000001
            ],
            [
              526495.814,
              171088.172
            ],
            [
              526316.321,
              171811.163000001
            ],
            [
              526905.047,
              172183.585999999
            ],
            [
              526915.866,
              171817.289999999
            ],
            [
              527458.743,
              171490.503
            ]
          ]
        ]
      },
      "properties": {
        "FID": 905,
        "MSOA21CD": "E02000956",
        "MSOA21NM": "Wandsworth 034",
        "MSOA21NMW": " ",
        "BNG_E": 526877,
        "BNG_N": 171550,
        "LAT": 51.42876,
        "LONG": -0.17633,
        "GlobalID": "6afab09f-6c2b-481b-a6f0-f5613ba264c8"
      }
    },
    {
      "type": "Feature",
      "id": 906,
      "geometry": {
        "type": "Polygon",
        "coordinates": [
          [
            [
              528348.707,
              171363.856000001
            ],
            [
              528532.414,
              171436.172
            ],
            [
              528059.5205,
              170890.354499999
            ],
            [
              527998.911,
              170795.410800001
            ],
            [
              527921.1808,
              170581.7256
            ],
            [
              527405.269,
              170718.972999999
            ],
            [
              527101.7716,
              170922.526000001
            ],
            [
              527458.743,
              171490.503
            ],
            [
              528348.707,
              171363.856000001
            ]
          ]
        ]
      },
      "properties": {
        "FID": 906,
        "MSOA21CD": "E02000957",
        "MSOA21NM": "Wandsworth 035",
        "MSOA21NMW": " ",
        "BNG_E": 527764,
        "BNG_N": 171128,
        "LAT": 51.42477,
        "LONG": -0.16373,
        "GlobalID": "a542f689-1de5-47ff-ab18-62d45752da9f"
      }
    },
    {
      "type": "Feature",
      "id": 907,
      "geometry": {
        "type": "Polygon",
        "coordinates": [
          [
            [
              529280.077,
              171830.640000001
            ],
            [
              529332.24,
              171321.358999999
            ],
            [
              529185.605,
              171477.313999999
            ],
            [
              528921.784,
              171131.75
            ],
            [
              529274.158,
              171068.737
            ],
            [
              528756.2942,
              170619.259400001
            ],
            [
              528059.5205,
              170890.354499999
            ],
            [
              528532.414,
              171436.172
            ],
            [
              528533.9511,
              171456.094599999
            ],
            [
              528765.851,
              171916.2963
            ],
            [
              529280.077,
              171830.640000001
            ]
          ]
        ]
      },
      "properties": {
        "FID": 907,
        "MSOA21CD": "E02000958",
        "MSOA21NM": "Wandsworth 036",
        "MSOA21NMW": " ",
        "BNG_E": 528700,
        "BNG_N": 171166,
        "LAT": 51.4249,
        "LONG": -0.15026,
        "GlobalID": "cfe10067-ea41-4b5e-b286-713a69651a01"
      }
    },
    {
      "type": "Feature",
      "id": 908,
      "geometry": {
        "type": "Polygon",
        "coordinates": [
          [
            [
              529508.5424,
              171805.016799999
            ],
            [
              529575.123,
              170766.184
            ],
            [
              529402.813,
              170555.203
            ],
            [
              529117.7554,
              170380.4432
            ],
            [
              528756.2942,
              170619.259400001
            ],
            [
              529274.158,
              171068.737
            ],
            [
              528921.784,
              171131.75
            ],
            [
              529185.605,
              171477.313999999
            ],
            [
              529332.24,
              171321.358999999
            ],
            [
              529280.077,
              171830.640000001
            ],
            [
              529508.5424,
              171805.016799999
            ]
          ]
        ]
      },
      "properties": {
        "FID": 908,
        "MSOA21CD": "E02000959",
        "MSOA21NM": "Wandsworth 037",
        "MSOA21NMW": " ",
        "BNG_E": 529108,
        "BNG_N": 170639,
        "LAT": 51.42007,
        "LONG": -0.14459,
        "GlobalID": "99c3a4a9-cda0-4790-92b2-6404cc7a685d"
      }
    },
    {
      "type": "Feature",
      "id": 2706,
      "geometry": {
        "type": "Polygon",
        "coordinates": [
          [
            [
              458180.102,
              309976.407
            ],
            [
              458421.148,
              309166.005000001
            ],
            [
              458399.406,
              308975.789999999
            ],
            [
              457581.906,
              308919.219000001
            ],
            [
              457501.5522,
              307841.8946
            ],
            [
              456404.557,
              307405.802999999
            ],
            [
              456635,
              307952
            ],
            [
              455966,
              308231
            ],
            [
              455963.942,
              308915.717
            ],
            [
              456225.393,
              308964.892000001
            ],
            [
              455916.058,
              309301.047
            ],
            [
              456155.998,
              309861.187999999
            ],
            [
              457057.188,
              310757.280999999
            ],
            [
              457390.81,
              310418.003
            ],
            [
              457716.193,
              310669.305
            ],
            [
              458180.102,
              309976.407
            ]
          ]
        ]
      },
      "properties": {
        "FID": 2706,
        "MSOA21CD": "E02002827",
        "MSOA21NM": "Leicester 001",
        "MSOA21NMW": " ",
        "BNG_E": 457175,
        "BNG_N": 309092,
        "LAT": 52.67654,
        "LONG": -1.1558,
        "GlobalID": "d83cd02f-c028-4132-bae2-b40ebc7c6bf0"
      }
    },
    {
      "type": "Feature",
      "id": 2707,
      "geometry": {
        "type": "Polygon",
        "coordinates": [
          [
            [
              459941.693,
              308707.403999999
            ],
            [
              461597.177,
              308255.622
            ],
            [
              462642.307,
              308389.719000001
            ],
            [
              463367.9989,
              307854.3062
            ],
            [
              462959.27,
              307891.540999999
            ],
            [
              461802.537,
              306798.308
            ],
            [
              461062.094,
              306862.494000001
            ],
            [
              461372.131,
              307710.628
            ],
            [
              461112.944,
              308084.318
            ],
            [
              460301.026,
              307859.521
            ],
            [
              459742.274,
              308027.023
            ],
            [
              459559.33,
              307375.255000001
            ],
            [
              459152.494,
              307603.713
            ],
            [
              458995.8502,
              307872.997199999
            ],
            [
              459676.5,
              308745.993000001
            ],
            [
              459941.693,
              308707.403999999
            ]
          ]
        ]
      },
      "properties": {
        "FID": 2707,
        "MSOA21CD": "E02002828",
        "MSOA21NM": "Leicester 002",
        "MSOA21NMW": " ",
        "BNG_E": 461974,
        "BNG_N": 307766,
        "LAT": 52.6641,
        "LONG": -1.08508,
        "GlobalID": "7cc56b44-7de5-417c-8763-dc33ee417833"
      }
    },
    {
      "type": "Feature",
      "id": 2708,
      "geometry": {
        "type": "Polygon",
        "coordinates": [
          [
            [
              458972.5,
              308291.096999999
            ],
            [
              458995.8502,
              307872.997199999
            ],
            [
              459152.494,
              307603.713
            ],
            [
              459285.094,
              306862.780999999
            ],
            [
              458952.095,
              306369.249
            ],
            [
              458534,
              306814
            ],
            [
              458344.929,
              306501.238
            ],
            [
              458290.495,
              306994.085000001
            ],
            [
              457891.6272,
              307185.6864
            ],
            [
              457501.5522,
              307841.8946
            ],
            [
              457581.906,
              308919.219000001
            ],
            [
              458399.406,
              308975.789999999
            ],
            [
              458972.5,
              308291.096999999
            ]
          ]
        ]
      },
      "properties": {
        "FID": 2708,
        "MSOA21CD": "E02002829",
        "MSOA21NM": "Leicester 003",
        "MSOA21NMW": " ",
        "BNG_E": 458316,
        "BNG_N": 307854,
        "LAT": 52.66529,
        "LONG": -1.13914,
        "GlobalID": "b02df1c2-e386-4ed0-af3a-3ab2d02dd53e"
      }
    },
    {
      "type": "Feature",
      "id": 2709,
      "geometry": {
        "type": "Polygon",
        "coordinates": [
          [
            [
              457501.5522,
              307841.8946
            ],
            [
              457891.6272,
              307185.6864
            ],
            [
              457325.188,
              306894.5
            ],
            [
              457635.274,
              306718.937000001
            ],
            [
              457464.31,
              306421.312999999
            ],
            [
              456968.219,
              306521.219000001
            ],
            [
              457150.188,
              306185.780999999
            ],
            [
              456901.688,
              305896.812000001
            ],
            [
              455782,
              306375.84
            ],
            [
              455370.999,
              306454
            ],
            [
              455206.591,
              307300.596000001
            ],
            [
              455780.498,
              307714.309
            ],
            [
              455532.189,
              308274.594000001
            ],
            [
              455600.689,
              309057.813999999
            ],
            [
              455916.058,
              309301.047
            ],
            [
              456225.393,
              308964.892000001
            ],
            [
              455963.942,
              308915.717
            ],
            [
              455966,
              308231
            ],
            [
              456635,
              307952
            ],
            [
              456404.557,
              307405.802999999
            ],
            [
              457501.5522,
              307841.8946
            ]
          ]
        ]
      },
      "properties": {
        "FID": 2709,
        "MSOA21CD": "E02002830",
        "MSOA21NM": "Leicester 004",
        "MSOA21NMW": " ",
        "BNG_E": 456549,
        "BNG_N": 306745,
        "LAT": 52.65551,
        "LONG": -1.16546,
        "GlobalID": "02433cb4-d7e0-4e3d-9f72-6924b6d3acd7"
      }
    },
    {
      "type": "Feature",
      "id": 2710,
      "geometry": {
        "type": "Polygon",
        "coordinates": [
          [
            [
              461802.537,
              306798.308
            ],
            [
              461458.594,
              306363.030999999
            ],
            [
              460924.69,
              306590.685000001
            ],
            [
              460500.6121,
              306731.0811
            ],
            [
              460318.919,
              307224.795
            ],
            [
              460525.321,
              307672.488
            ],
            [
              460301.026,
              307859.521
            ],
            [
              461112.944,
              308084.318
            ],
            [
              461372.131,
              307710.628
            ],
            [
              461062.094,
              306862.494000001
            ],
            [
              461802.537,
              306798.308
            ]
          ]
        ]
      },
      "properties": {
        "FID": 2710,
        "MSOA21CD": "E02002831",
        "MSOA21NM": "Leicester 005",
        "MSOA21NMW": " ",
        "BNG_E": 461045,
        "BNG_N": 307292,
        "LAT": 52.65994,
        "LONG": -1.0989,
        "GlobalID": "97aa6b99-5e2f-47e0-95e7-627938c40995"
      }
    },
    {
      "type": "Feature",
      "id": 2711,
      "geometry": {
        "type": "Polygon",
        "coordinates": [
          [
            [
              460301.026,
              307859.521
            ],
            [
              460525.321,
              307672.488
            ],
            [
              460318.919,
              307224.795
            ],
            [
              459764.563,
              307205.468
            ],
            [
              459670.813,
              306512.789000001
            ],
            [
              459426.001,
              306078.999
            ],
            [
              459198,
              306168
            ],
            [
              459388.9764,
              305921.9504
            ],
            [
              459171.832,
              305649.732999999
            ],
            [
              458952.095,
              306369.249
            ],
            [
              459285.094,
              306862.780999999
            ],
            [
              459152.494,
              307603.713
            ],
            [
              459559.33,
              307375.255000001
            ],
            [
              459742.274,
              308027.023
            ],
            [
              460301.026,
              307859.521
            ]
          ]
        ]
      },
      "properties": {
        "FID": 2711,
        "MSOA21CD": "E02002832",
        "MSOA21NM": "Leicester 006",
        "MSOA21NMW": " ",
        "BNG_E": 459731,
        "BNG_N": 307378,
        "LAT": 52.66086,
        "LONG": -1.11831,
        "GlobalID": "500d55a8-9716-493f-808e-74eb9eb916ce"
      }
    },
    {
      "type": "Feature",
      "id": 2712,
      "geometry": {
        "type": "Polygon",
        "coordinates": [
          [
            [
              460924.69,
              306590.685000001
            ],
            [
              460620.656,
              306045.125
            ],
            [
              459670.813,
              306512.789000001
            ],
            [
              459764.563,
              307205.468
            ],
            [
              460318.919,
              307224.795
            ],
            [
              460500.6121,
              306731.0811
            ],
            [
              460924.69,
              306590.685000001
            ]
          ]
        ]
      },
      "properties": {
        "FID": 2712,
        "MSOA21CD": "E02002833",
        "MSOA21NM": "Leicester 007",
        "MSOA21NMW": " ",
        "BNG_E": 460298,
        "BNG_N": 306731,
        "LAT": 52.65498,
        "LONG": -1.11004,
        "GlobalID": "ab6876dc-18ac-49ea-901e-951bce427835"
      }
    },
    {
      "type": "Feature",
      "id": 2713,
      "geometry": {
        "type": "Polygon",
        "coordinates": [
          [
            [
              458952.095,
              306369.249
            ],
            [
              459171.832,
              305649.732999999
            ],
            [
              459200.095,
              305572.093
            ],
            [
              458996.091,
              305190.595000001
            ],
            [
              458142.444,
              304339.845000001
            ],
            [
              457896.719,
              305162.312000001
            ],
            [
              458211,
              305638
            ],
            [
              457516.154,
              305500.663000001
            ],
            [
              456901.688,
              305896.812000001
            ],
            [
              457150.188,
              306185.780999999
            ],
            [
              456968.219,
              306521.219000001
            ],
            [
              457464.31,
              306421.312999999
            ],
            [
              457635.274,
              306718.937000001
            ],
            [
              457325.188,
              306894.5
            ],
            [
              457891.6272,
              307185.6864
            ],
            [
              458290.495,
              306994.085000001
            ],
            [
              458344.929,
              306501.238
            ],
            [
              458534,
              306814
            ],
            [
              458952.095,
              306369.249
            ]
          ]
        ]
      },
      "properties": {
        "FID": 2713,
        "MSOA21CD": "E02002834",
        "MSOA21NM": "Leicester 008",
        "MSOA21NMW": " ",
        "BNG_E": 458059,
        "BNG_N": 305763,
        "LAT": 52.64652,
        "LONG": -1.14331,
        "GlobalID": "22efadd8-2521-4866-9774-67c75e6b0a17"
      }
    },
    {
      "type": "Feature",
      "id": 2714,
      "geometry": {
        "type": "Polygon",
        "coordinates": [
          [
            [
              460620.656,
              306045.125
            ],
            [
              460370.739,
              305654.84
            ],
            [
              460017.304,
              305105.802999999
            ],
            [
              459200.095,
              305572.093
            ],
            [
              459171.832,
              305649.732999999
            ],
            [
              459388.9764,
              305921.9504
            ],
            [
              459198,
              306168
            ],
            [
              459426.001,
              306078.999
            ],
            [
              459670.813,
              306512.789000001
            ],
            [
              460620.656,
              306045.125
            ]
          ]
        ]
      },
      "properties": {
        "FID": 2714,
        "MSOA21CD": "E02002836",
        "MSOA21NM": "Leicester 010",
        "MSOA21NMW": " ",
        "BNG_E": 459884,
        "BNG_N": 305739,
        "LAT": 52.64611,
        "LONG": -1.11634,
        "GlobalID": "96ba4648-ddff-49d3-bba1-7ab23209b9eb"
      }
    },
    {
      "type": "Feature",
      "id": 2715,
      "geometry": {
        "type": "Polygon",
        "coordinates": [
          [
            [
              461458.594,
              306363.030999999
            ],
            [
              461386.875,
              305773.562000001
            ],
            [
              461987.281,
              305711.594000001
            ],
            [
              461877.906,
              305314.280999999
            ],
            [
              461132.035,
              305315.966
            ],
            [
              460370.739,
              305654.84
            ],
            [
              460620.656,
              306045.125
            ],
            [
              460924.69,
              306590.685000001
            ],
            [
              461458.594,
              306363.030999999
            ]
          ]
        ]
      },
      "properties": {
        "FID": 2715,
        "MSOA21CD": "E02002837",
        "MSOA21NM": "Leicester 011",
        "MSOA21NMW": " ",
        "BNG_E": 461179,
        "BNG_N": 305881,
        "LAT": 52.64724,
        "LONG": -1.09718,
        "GlobalID": "b2c03d41-fada-4536-8934-83f8ca580e16"
      }
    },
    {
      "type": "Feature",
      "id": 2716,
      "geometry": {
        "type": "Polygon",
        "coordinates": [
          [
            [
              456901.688,
              305896.812000001
            ],
            [
              457516.154,
              305500.663000001
            ],
            [
              457522.344,
              305179.312000001
            ],
            [
              456857.202,
              305336.1305
            ],
            [
              456882.4162,
              304981.2278
            ],
            [
              456861.438,
              304740.562000001
            ],
            [
              456197.597,
              305117.856000001
            ],
            [
              455878.781,
              304909.655999999
            ],
            [
              455367.984,
              305251.721999999
            ],
            [
              455401.606,
              305797.909
            ],
            [
              456046.307,
              305831.335999999
            ],
            [
              455782,
              306375.84
            ],
            [
              456901.688,
              305896.812000001
            ]
          ]
        ]
      },
      "properties": {
        "FID": 2716,
        "MSOA21CD": "E02002838",
        "MSOA21NM": "Leicester 012",
        "MSOA21NMW": " ",
        "BNG_E": 456284,
        "BNG_N": 305558,
        "LAT": 52.64487,
        "LONG": -1.16958,
        "GlobalID": "ec4d95f5-94cd-4632-807e-6e809223639d"
      }
    },
    {
      "type": "Feature",
      "id": 2717,
      "geometry": {
        "type": "Polygon",
        "coordinates": [
          [
            [
              463376.8662,
              304476.0118
            ],
            [
              462148.497,
              305228.967
            ],
            [
              462041.098,
              305307.402000001
            ],
            [
              463037.937,
              305576.517000001
            ],
            [
              463385.866,
              306583.622
            ],
            [
              463661.564,
              306613.563999999
            ],
            [
              464007.0605,
              306240.1105
            ],
            [
              463563.526,
              306101.011
            ],
            [
              463736,
              305500
            ],
            [
              463386,
              305476
            ],
            [
              463619.494,
              305066.254000001
            ],
            [
              463340.8946,
              304728.3442
            ],
            [
              463616,
              304619.001
            ],
            [
              463376.8662,
              304476.0118
            ]
          ]
        ]
      },
      "properties": {
        "FID": 2717,
        "MSOA21CD": "E02002839",
        "MSOA21NM": "Leicester 013",
        "MSOA21NMW": " ",
        "BNG_E": 463024,
        "BNG_N": 305154,
        "LAT": 52.6405,
        "LONG": -1.07005,
        "GlobalID": "e6a2a0b2-f7a9-4190-9840-17d75e59a006"
      }
    },
    {
      "type": "Feature",
      "id": 2718,
      "geometry": {
        "type": "Polygon",
        "coordinates": [
          [
            [
              458142.444,
              304339.845000001
            ],
            [
              457459.751,
              304365.812000001
            ],
            [
              457457.66,
              304654.961999999
            ],
            [
              456882.4162,
              304981.2278
            ],
            [
              456857.202,
              305336.1305
            ],
            [
              457522.344,
              305179.312000001
            ],
            [
              457516.154,
              305500.663000001
            ],
            [
              458211,
              305638
            ],
            [
              457896.719,
              305162.312000001
            ],
            [
              458142.444,
              304339.845000001
            ]
          ]
        ]
      },
      "properties": {
        "FID": 2718,
        "MSOA21CD": "E02002842",
        "MSOA21NM": "Leicester 016",
        "MSOA21NMW": " ",
        "BNG_E": 457384,
        "BNG_N": 304989,
        "LAT": 52.63964,
        "LONG": -1.15342,
        "GlobalID": "520187c5-6150-4433-88cd-059de7dcdb83"
      }
    },
    {
      "type": "Feature",
      "id": 2719,
      "geometry": {
        "type": "Polygon",
        "coordinates": [
          [
            [
              461132.035,
              305315.966
            ],
            [
              461068.119,
              304911.015000001
            ],
            [
              460726,
              304663
            ],
            [
              460997.064,
              304363.377
            ],
            [
              460633.584,
              304190.319
            ],
            [
              460076.331,
              304357.088
            ],
            [
              460343.7516,
              304402.088400001
            ],
            [
              460017.304,
              305105.802999999
            ],
            [
              460370.739,
              305654.84
            ],
            [
              461132.035,
              305315.966
            ]
          ]
        ]
      },
      "properties": {
        "FID": 2719,
        "MSOA21CD": "E02002843",
        "MSOA21NM": "Leicester 017",
        "MSOA21NMW": " ",
        "BNG_E": 460537,
        "BNG_N": 304841,
        "LAT": 52.63797,
        "LONG": -1.10686,
        "GlobalID": "69bab083-4e3d-4bef-89b9-ae190b8c40ee"
      }
    },
    {
      "type": "Feature",
      "id": 2720,
      "geometry": {
        "type": "Polygon",
        "coordinates": [
          [
            [
              460017.304,
              305105.802999999
            ],
            [
              460343.7516,
              304402.088400001
            ],
            [
              460076.331,
              304357.088
            ],
            [
              459767.969,
              303996.625
            ],
            [
              459448.745,
              304327.933
            ],
            [
              458996.091,
              305190.595000001
            ],
            [
              459200.095,
              305572.093
            ],
            [
              460017.304,
              305105.802999999
            ]
          ]
        ]
      },
      "properties": {
        "FID": 2720,
        "MSOA21CD": "E02002844",
        "MSOA21NM": "Leicester 018",
        "MSOA21NMW": " ",
        "BNG_E": 459670,
        "BNG_N": 304739,
        "LAT": 52.63715,
        "LONG": -1.11969,
        "GlobalID": "05cf180b-6572-4d66-8903-19e665372957"
      }
    },
    {
      "type": "Feature",
      "id": 2721,
      "geometry": {
        "type": "Polygon",
        "coordinates": [
          [
            [
              461877.906,
              305314.280999999
            ],
            [
              462041.098,
              305307.402000001
            ],
            [
              462148.497,
              305228.967
            ],
            [
              462994.329,
              304022.096000001
            ],
            [
              462561,
              303596.001
            ],
            [
              462603.37,
              302933.338
            ],
            [
              461681.917,
              303049.721000001
            ],
            [
              461812.13,
              303566.0913
            ],
            [
              461777,
              304549
            ],
            [
              461068.119,
              304911.015000001
            ],
            [
              461132.035,
              305315.966
            ],
            [
              461877.906,
              305314.280999999
            ]
          ]
        ]
      },
      "properties": {
        "FID": 2721,
        "MSOA21CD": "E02002845",
        "MSOA21NM": "Leicester 019",
        "MSOA21NMW": " ",
        "BNG_E": 461965,
        "BNG_N": 304229,
        "LAT": 52.6323,
        "LONG": -1.08587,
        "GlobalID": "12e78724-0ff5-4325-9389-26a98b415c1a"
      }
    },
    {
      "type": "Feature",
      "id": 2722,
      "geometry": {
        "type": "Polygon",
        "coordinates": [
          [
            [
              456882.4162,
              304981.2278
            ],
            [
              457457.66,
              304654.961999999
            ],
            [
              457037.529,
              304535.714
            ],
            [
              456916.5974,
              303570.569800001
            ],
            [
              455549.112,
              304187.76
            ],
            [
              453875.408,
              303751.403999999
            ],
            [
              453675.0225,
              303919.923
            ],
            [
              453767,
              304460
            ],
            [
              454927,
              304259
            ],
            [
              454733.5815,
              304619.0615
            ],
            [
              455367.984,
              305251.721999999
            ],
            [
              455878.781,
              304909.655999999
            ],
            [
              456197.597,
              305117.856000001
            ],
            [
              456861.438,
              304740.562000001
            ],
            [
              456882.4162,
              304981.2278
            ]
          ]
        ]
      },
      "properties": {
        "FID": 2722,
        "MSOA21CD": "E02002846",
        "MSOA21NM": "Leicester 020",
        "MSOA21NMW": " ",
        "BNG_E": 455988,
        "BNG_N": 304419,
        "LAT": 52.63466,
        "LONG": -1.17414,
        "GlobalID": "b1db4a99-0765-4b63-b39e-0ae875c582c0"
      }
    },
    {
      "type": "Feature",
      "id": 2723,
      "geometry": {
        "type": "Polygon",
        "coordinates": [
          [
            [
              461812.13,
              303566.0913
            ],
            [
              460965.7253,
              303668.9307
            ],
            [
              460606.258,
              303160.226
            ],
            [
              460539.577,
              303572.073000001
            ],
            [
              460633.584,
              304190.319
            ],
            [
              460997.064,
              304363.377
            ],
            [
              460726,
              304663
            ],
            [
              461068.119,
              304911.015000001
            ],
            [
              461777,
              304549
            ],
            [
              461812.13,
              303566.0913
            ]
          ]
        ]
      },
      "properties": {
        "FID": 2723,
        "MSOA21CD": "E02002847",
        "MSOA21NM": "Leicester 021",
        "MSOA21NMW": " ",
        "BNG_E": 461134,
        "BNG_N": 304255,
        "LAT": 52.63263,
        "LONG": -1.09814,
        "GlobalID": "ce2ee85f-e30b-4691-919e-99184fe0649d"
      }
    },
    {
      "type": "Feature",
      "id": 2724,
      "geometry": {
        "type": "Polygon",
        "coordinates": [
          [
            [
              460633.584,
              304190.319
            ],
            [
              460539.577,
              303572.073000001
            ],
            [
              459732.973,
              303590.575999999
            ],
            [
              459546.547,
              303772.829
            ],
            [
              459767.969,
              303996.625
            ],
            [
              460076.331,
              304357.088
            ],
            [
              460633.584,
              304190.319
            ]
          ]
        ]
      },
      "properties": {
        "FID": 2724,
        "MSOA21CD": "E02002848",
        "MSOA21NM": "Leicester 022",
        "MSOA21NMW": " ",
        "BNG_E": 460162,
        "BNG_N": 303912,
        "LAT": 52.62966,
        "LONG": -1.11257,
        "GlobalID": "7097ed16-d648-48ad-b2a8-348b69c50219"
      }
    },
    {
      "type": "Feature",
      "id": 2725,
      "geometry": {
        "type": "Polygon",
        "coordinates": [
          [
            [
              458142.444,
              304339.845000001
            ],
            [
              458152.127,
              304047.560000001
            ],
            [
              458104.95,
              303439.004000001
            ],
            [
              457377.4584,
              303191.5042
            ],
            [
              456916.5974,
              303570.569800001
            ],
            [
              457037.529,
              304535.714
            ],
            [
              457457.66,
              304654.961999999
            ],
            [
              457459.751,
              304365.812000001
            ],
            [
              458142.444,
              304339.845000001
            ]
          ]
        ]
      },
      "properties": {
        "FID": 2725,
        "MSOA21CD": "E02002849",
        "MSOA21NM": "Leicester 023",
        "MSOA21NMW": " ",
        "BNG_E": 457513,
        "BNG_N": 303923,
        "LAT": 52.63004,
        "LONG": -1.1517,
        "GlobalID": "291b8f5a-dc35-45ea-b2d2-7db7b11929bf"
      }
    },
    {
      "type": "Feature",
      "id": 2726,
      "geometry": {
        "type": "Polygon",
        "coordinates": [
          [
            [
              463376.8662,
              304476.0118
            ],
            [
              463974.5,
              304242.5
            ],
            [
              464044.903,
              303433.5
            ],
            [
              463026.501,
              302658.595000001
            ],
            [
              462770.689,
              302139.003
            ],
            [
              461489.406,
              302427.595000001
            ],
            [
              461681.917,
              303049.721000001
            ],
            [
              462603.37,
              302933.338
            ],
            [
              462561,
              303596.001
            ],
            [
              462994.329,
              304022.096000001
            ],
            [
              462148.497,
              305228.967
            ],
            [
              463376.8662,
              304476.0118
            ]
          ]
        ]
      },
      "properties": {
        "FID": 2726,
        "MSOA21CD": "E02002851",
        "MSOA21NM": "Leicester 025",
        "MSOA21NMW": " ",
        "BNG_E": 462834,
        "BNG_N": 303014,
        "LAT": 52.62128,
        "LONG": -1.07327,
        "GlobalID": "775f02e4-d5ee-4663-84f2-10903a2e150d"
      }
    },
    {
      "type": "Feature",
      "id": 2727,
      "geometry": {
        "type": "Polygon",
        "coordinates": [
          [
            [
              455965.225,
              302560.858999999
            ],
            [
              455875.094,
              302571.125
            ],
            [
              454163,
              303583.186000001
            ],
            [
              453880.185,
              303745.191
            ],
            [
              453875.408,
              303751.403999999
            ],
            [
              455549.112,
              304187.76
            ],
            [
              455690,
              303726
            ],
            [
              456760,
              302921
            ],
            [
              456603.113,
              302599.551000001
            ],
            [
              456378.852,
              302857.505000001
            ],
            [
              456404.292,
              302568.789999999
            ],
            [
              455965.225,
              302560.858999999
            ]
          ]
        ]
      },
      "properties": {
        "FID": 2727,
        "MSOA21CD": "E02002852",
        "MSOA21NM": "Leicester 026",
        "MSOA21NMW": " ",
        "BNG_E": 455411,
        "BNG_N": 303361,
        "LAT": 52.62521,
        "LONG": -1.18285,
        "GlobalID": "aea0fe60-c319-49be-a5ad-efc45c2110db"
      }
    },
    {
      "type": "Feature",
      "id": 2728,
      "geometry": {
        "type": "Polygon",
        "coordinates": [
          [
            [
              461812.13,
              303566.0913
            ],
            [
              461681.917,
              303049.721000001
            ],
            [
              461489.406,
              302427.595000001
            ],
            [
              461258.904,
              302448.405999999
            ],
            [
              461078.844,
              302512.844000001
            ],
            [
              460733.313,
              302927.655999999
            ],
            [
              460269.506,
              302802.086999999
            ],
            [
              459754.655,
              303566.062000001
            ],
            [
              459732.973,
              303590.575999999
            ],
            [
              460539.577,
              303572.073000001
            ],
            [
              460606.258,
              303160.226
            ],
            [
              460965.7253,
              303668.9307
            ],
            [
              461812.13,
              303566.0913
            ]
          ]
        ]
      },
      "properties": {
        "FID": 2728,
        "MSOA21CD": "E02002853",
        "MSOA21NM": "Leicester 027",
        "MSOA21NMW": " ",
        "BNG_E": 460911,
        "BNG_N": 303091,
        "LAT": 52.62219,
        "LONG": -1.10165,
        "GlobalID": "174de50e-eea2-4768-be7f-42534152e654"
      }
    },
    {
      "type": "Feature",
      "id": 2729,
      "geometry": {
        "type": "Polygon",
        "coordinates": [
          [
            [
              456916.5974,
              303570.569800001
            ],
            [
              457377.4584,
              303191.5042
            ],
            [
              456866,
              302833
            ],
            [
              456577.594,
              302042.631999999
            ],
            [
              455965.225,
              302560.858999999
            ],
            [
              456404.292,
              302568.789999999
            ],
            [
              456378.852,
              302857.505000001
            ],
            [
              456603.113,
              302599.551000001
            ],
            [
              456760,
              302921
            ],
            [
              455690,
              303726
            ],
            [
              455549.112,
              304187.76
            ],
            [
              456916.5974,
              303570.569800001
            ]
          ]
        ]
      },
      "properties": {
        "FID": 2729,
        "MSOA21CD": "E02002854",
        "MSOA21NM": "Leicester 028",
        "MSOA21NMW": " ",
        "BNG_E": 456884,
        "BNG_N": 303116,
        "LAT": 52.62285,
        "LONG": -1.16113,
        "GlobalID": "841ec18c-e564-44f0-a4ec-85143d65b52e"
      }
    },
    {
      "type": "Feature",
      "id": 2730,
      "geometry": {
        "type": "Polygon",
        "coordinates": [
          [
            [
              458083.3942,
              303209.437000001
            ],
            [
              457719.095,
              302446.596000001
            ],
            [
              457381.188,
              301784.405999999
            ],
            [
              456799.904,
              301438.002
            ],
            [
              456703.689,
              301622.997
            ],
            [
              456577.594,
              302042.631999999
            ],
            [
              456866,
              302833
            ],
            [
              457377.4584,
              303191.5042
            ],
            [
              458104.95,
              303439.004000001
            ],
            [
              458083.3942,
              303209.437000001
            ]
          ]
        ]
      },
      "properties": {
        "FID": 2730,
        "MSOA21CD": "E02002855",
        "MSOA21NM": "Leicester 029",
        "MSOA21NMW": " ",
        "BNG_E": 457340,
        "BNG_N": 302454,
        "LAT": 52.61686,
        "LONG": -1.15451,
        "GlobalID": "702d49c3-0fc0-4a52-a519-3b8ebf03fae9"
      }
    },
    {
      "type": "Feature",
      "id": 2731,
      "geometry": {
        "type": "Polygon",
        "coordinates": [
          [
            [
              459754.655,
              303566.062000001
            ],
            [
              460269.506,
              302802.086999999
            ],
            [
              460733.313,
              302927.655999999
            ],
            [
              461078.844,
              302512.844000001
            ],
            [
              459976.846,
              301629.285
            ],
            [
              459723,
              301827.978399999
            ],
            [
              459577.51,
              301493.903000001
            ],
            [
              459226.25,
              302537.905999999
            ],
            [
              458756.0675,
              302677.184900001
            ],
            [
              458510.866,
              302797.112
            ],
            [
              458779.074,
              303604.995999999
            ],
            [
              459276,
              303276
            ],
            [
              459754.655,
              303566.062000001
            ]
          ]
        ]
      },
      "properties": {
        "FID": 2731,
        "MSOA21CD": "E02002856",
        "MSOA21NM": "Leicester 030",
        "MSOA21NMW": " ",
        "BNG_E": 460035,
        "BNG_N": 302584,
        "LAT": 52.61773,
        "LONG": -1.11468,
        "GlobalID": "42c2b600-3433-4334-8a26-906536516752"
      }
    },
    {
      "type": "Feature",
      "id": 2732,
      "geometry": {
        "type": "Polygon",
        "coordinates": [
          [
            [
              458510.866,
              302797.112
            ],
            [
              458756.0675,
              302677.184900001
            ],
            [
              458957.129,
              301915.941
            ],
            [
              458537.611,
              301867.856000001
            ],
            [
              458515.691,
              301447.971999999
            ],
            [
              458246.325,
              300605.074999999
            ],
            [
              457796.668,
              301038.297
            ],
            [
              458160.125,
              301842.594000001
            ],
            [
              457719.095,
              302446.596000001
            ],
            [
              458083.3942,
              303209.437000001
            ],
            [
              458510.866,
              302797.112
            ]
          ]
        ]
      },
      "properties": {
        "FID": 2732,
        "MSOA21CD": "E02002857",
        "MSOA21NM": "Leicester 031",
        "MSOA21NMW": " ",
        "BNG_E": 458341,
        "BNG_N": 301854,
        "LAT": 52.61136,
        "LONG": -1.13983,
        "GlobalID": "c7fdb87b-e3ee-465b-a2fe-d2c09788ed74"
      }
    },
    {
      "type": "Feature",
      "id": 2733,
      "geometry": {
        "type": "Polygon",
        "coordinates": [
          [
            [
              461258.904,
              302448.405999999
            ],
            [
              461357.1254,
              301449.786800001
            ],
            [
              460812.091,
              300165.812000001
            ],
            [
              460499.896,
              300185.216
            ],
            [
              460494.914,
              300686.882999999
            ],
            [
              460157.168,
              300470.023
            ],
            [
              459792.2858,
              300695.8368
            ],
            [
              459976.846,
              301629.285
            ],
            [
              461078.844,
              302512.844000001
            ],
            [
              461258.904,
              302448.405999999
            ]
          ]
        ]
      },
      "properties": {
        "FID": 2733,
        "MSOA21CD": "E02002858",
        "MSOA21NM": "Leicester 032",
        "MSOA21NMW": " ",
        "BNG_E": 460614,
        "BNG_N": 301091,
        "LAT": 52.60425,
        "LONG": -1.10641,
        "GlobalID": "98d65288-e89c-47b2-b662-9ffe02a2be4e"
      }
    },
    {
      "type": "Feature",
      "id": 2734,
      "geometry": {
        "type": "Polygon",
        "coordinates": [
          [
            [
              458246.325,
              300605.074999999
            ],
            [
              457972.038,
              300121.905999999
            ],
            [
              457189.3565,
              300108.301999999
            ],
            [
              457046.313,
              299599.189999999
            ],
            [
              456040.188,
              299768
            ],
            [
              456447.404,
              300727
            ],
            [
              456622.6456,
              300908.668
            ],
            [
              456234.504,
              301213.193
            ],
            [
              456703.689,
              301622.997
            ],
            [
              456799.904,
              301438.002
            ],
            [
              457381.188,
              301784.405999999
            ],
            [
              457719.095,
              302446.596000001
            ],
            [
              458160.125,
              301842.594000001
            ],
            [
              457796.668,
              301038.297
            ],
            [
              458246.325,
              300605.074999999
            ]
          ]
        ]
      },
      "properties": {
        "FID": 2734,
        "MSOA21CD": "E02002860",
        "MSOA21NM": "Leicester 034",
        "MSOA21NMW": " ",
        "BNG_E": 457141,
        "BNG_N": 300694,
        "LAT": 52.60106,
        "LONG": -1.15775,
        "GlobalID": "45a4bd4d-0c99-47bb-9e34-066aa007d933"
      }
    },
    {
      "type": "Feature",
      "id": 2735,
      "geometry": {
        "type": "Polygon",
        "coordinates": [
          [
            [
              459266.311,
              300121
            ],
            [
              459272.406,
              299814.499
            ],
            [
              458115.29,
              299255.686000001
            ],
            [
              457954.5838,
              299266.0316
            ],
            [
              458285,
              299929
            ],
            [
              457972.038,
              300121.905999999
            ],
            [
              458246.325,
              300605.074999999
            ],
            [
              458515.691,
              301447.971999999
            ],
            [
              458542.167,
              301073.84
            ],
            [
              459092.888,
              301026.811000001
            ],
            [
              459266.311,
              300121
            ]
          ]
        ]
      },
      "properties": {
        "FID": 2735,
        "MSOA21CD": "E02002861",
        "MSOA21NM": "Leicester 035",
        "MSOA21NMW": " ",
        "BNG_E": 458589,
        "BNG_N": 300257,
        "LAT": 52.59698,
        "LONG": -1.13645,
        "GlobalID": "561a5725-843e-4ad2-8ee0-14b839b4e118"
      }
    },
    {
      "type": "Feature",
      "id": 2736,
      "geometry": {
        "type": "Polygon",
        "coordinates": [
          [
            [
              457954.5838,
              299266.0316
            ],
            [
              457726.313,
              298472.187000001
            ],
            [
              456943.261,
              298710.791999999
            ],
            [
              457297.906,
              299060.312000001
            ],
            [
              457046.313,
              299599.189999999
            ],
            [
              457189.3565,
              300108.301999999
            ],
            [
              457972.038,
              300121.905999999
            ],
            [
              458285,
              299929
            ],
            [
              457954.5838,
              299266.0316
            ]
          ]
        ]
      },
      "properties": {
        "FID": 2736,
        "MSOA21CD": "E02002862",
        "MSOA21NM": "Leicester 036",
        "MSOA21NMW": " ",
        "BNG_E": 457614,
        "BNG_N": 299261,
        "LAT": 52.58813,
        "LONG": -1.15102,
        "GlobalID": "e6dea40e-a7e5-44d2-9b35-4bbdf6601c06"
      }
    },
    {
      "type": "Feature",
      "id": 3800,
      "geometry": {
        "type": "MultiPolygon",
        "coordinates": [
          [
            [
              [
                320000.0025,
                558090.626599999
              ],
              [
                320515.4999,
                557590.799799999
              ],
              [
                320296.0995,
                558005.0012
              ],
              [
                321065.7012,
                557847.398600001
              ],
              [
                321764.5033,
                557024.8028
              ],
              [
                321796.4675,
                557033.450200001
              ],
              [
                321800.9309,
                557035.2848
              ],
              [
                322529.399,
                557244.899599999
              ],
              [
                322425.5027,
                557305.071599999
              ],
              [
                322357.7651,
                557344.302100001
              ],
              [
                323660.594,
                558067.312000001
              ],
              [
                324009,
                557808.625
              ],
              [
                323567.906,
                557734
              ],
              [
                323818.406,
                557437.875
              ],
              [
                323662.75,
                556840.312999999
              ],
              [
                323876,
                556983.187000001
              ],
              [
                324099.906,
                556637.125
              ],
              [
                323786.812,
                556643.187000001
              ],
              [
                324074.499,
                556392.189999999
              ],
              [
                323774.2,
                555975.699999999
              ],
              [
                324309.094,
                555739.875
              ],
              [
                323658.187,
                554686.375
              ],
              [
                325313.403,
                552621.194
              ],
              [
                326472.781,
                551937.687000001
              ],
              [
                327426.406,
                550307.875
              ],
              [
                328303.676,
                549469.026000001
              ],
              [
                328832,
                550354.625
              ],
              [
                329696.781,
                549555.312000001
              ],
              [
                329448.915,
                548652.325999999
              ],
              [
                328904.312,
                548244.625
              ],
              [
                328274.657,
                548432.148
              ],
              [
                327469.2145,
                548154.0635
              ],
              [
                326985.108,
                547172.853
              ],
              [
                326044.75,
                546976.312000001
              ],
              [
                323650.594,
                544918.625
              ],
              [
                322661.312,
                544757.623
              ],
              [
                322693.7785,
                544411.413000001
              ],
              [
                322268.5,
                544128.312000001
              ],
              [
                321369.594,
                543948.117000001
              ],
              [
                320611.5,
                544623.375
              ],
              [
                320937,
                545351.501
              ],
              [
                319978.095,
                546306.5
              ],
              [
                321160.585,
                546693.879000001
              ],
              [
                320715.312,
                547156.625
              ],
              [
                321289.594,
                548204.187000001
              ],
              [
                320594.31,
                548575.187000001
              ],
              [
                319750.187,
                548402.187000001
              ],
              [
                318940.5625,
                548888.804
              ],
              [
                316935.283,
                548145.687999999
              ],
              [
                317606.282,
                550113.187000001
              ],
              [
                318506.312,
                550138
              ],
              [
                318726.312,
                550856.812000001
              ],
              [
                318245.187,
                551643.5
              ],
              [
                318419.312,
                551848.125
              ],
              [
                317715.906,
                551665.687000001
              ],
              [
                316897.906,
                551971.812000001
              ],
              [
                317269.687,
                552837.5
              ],
              [
                317175.594,
                553619.375
              ],
              [
                316587.594,
                554177.687000001
              ],
              [
                316225.906,
                554305.113
              ],
              [
                316189.69,
                554049.499
              ],
              [
                316704.812,
                552623.687000001
              ],
              [
                316393.594,
                552116.312000001
              ],
              [
                312312.812,
                549665.875
              ],
              [
                311005.312,
                549272.875
              ],
              [
                309756.187,
                550277.501
              ],
              [
                309527.2604,
                550360.8201
              ],
              [
                310322.309,
                553532.797800001
              ],
              [
                310586.0309,
                553486.850099999
              ],
              [
                310614.5508,
                553480.0999
              ],
              [
                310612.0134,
                553482.3232
              ],
              [
                310624.2,
                553480.199999999
              ],
              [
                310582.8266,
                553507.898
              ],
              [
                310438.7004,
                553651.6993
              ],
              [
                310503.2675,
                553729.8486
              ],
              [
                311126.464,
                554304.037
              ],
              [
                311602.9457,
                555060.853700001
              ],
              [
                312418.1989,
                556047.602499999
              ],
              [
                314241.8992,
                556987.9033
              ],
              [
                314441.3485,
                556835.1061
              ],
              [
                314476.6001,
                556808.1
              ],
              [
                314359.1677,
                556749.23
              ],
              [
                313020.6189,
                556078.202
              ],
              [
                313335.614,
                555516.999500001
              ],
              [
                313306.0013,
                555846.4001
              ],
              [
                313610.8963,
                555633.000800001
              ],
              [
                313200.6964,
                555978.6022
              ],
              [
                313526.7968,
                556261.001399999
              ],
              [
                313585.5001,
                555754.4
              ],
              [
                314029.8517,
                555515.601500001
              ],
              [
                314033.7,
                555743.300100001
              ],
              [
                313589.2002,
                555807.0001
              ],
              [
                313680.3033,
                556015.3017
              ],
              [
                313782.8988,
                556008.299900001
              ],
              [
                313847.6039,
                556355.5043
              ],
              [
                313863.8961,
                556357.2039
              ],
              [
                314174.9,
                556547.9002
              ],
              [
                314566.4003,
                555771.5002
              ],
              [
                314734.6999,
                555907.3992
              ],
              [
                314616.7025,
                555697.1033
              ],
              [
                314886.8971,
                555526.9037
              ],
              [
                314821.5256,
                555958.173699999
              ],
              [
                314813.1998,
                556013.101199999
              ],
              [
                314952.2579,
                555944.470000001
              ],
              [
                315269.7038,
                555787.796800001
              ],
              [
                315004.6003,
                555450.0035
              ],
              [
                315365.0999,
                555790.6997
              ],
              [
                315452.9004,
                555469.699100001
              ],
              [
                315969.0993,
                555623.104
              ],
              [
                316113.6997,
                555268.5009
              ],
              [
                316143.1031,
                555527.8013
              ],
              [
                316202.4999,
                555091.5002
              ],
              [
                316560.2002,
                555263.000299999
              ],
              [
                317408.3992,
                553822.100199999
              ],
              [
                317042.697,
                554544.7027
              ],
              [
                317591.6979,
                554152.704399999
              ],
              [
                317358.599,
                554700.8991
              ],
              [
                317734.521,
                554300.0624
              ],
              [
                317841.4,
                554186.0999
              ],
              [
                317590.3864,
                553520.2819
              ],
              [
                317493.5039,
                553263.2995
              ],
              [
                317812.2992,
                552611.3961
              ],
              [
                317717.0272,
                552995.4431
              ],
              [
                317674.1349,
                553168.3444
              ],
              [
                317654.2991,
                553248.3038
              ],
              [
                317994.8038,
                553549.6973
              ],
              [
                317723.9039,
                553484.995999999
              ],
              [
                318111.0002,
                554417.4999
              ],
              [
                317741.5978,
                554708.695699999
              ],
              [
                317906.9996,
                555023.7992
              ],
              [
                317566.5964,
                555610.397600001
              ],
              [
                317983.7978,
                555112.799900001
              ],
              [
                317483.6016,
                556078.003799999
              ],
              [
                318310.1002,
                555966.5001
              ],
              [
                318144.2913,
                555895.0516
              ],
              [
                318118.8005,
                555365.898800001
              ],
              [
                318294.6023,
                555838.4024
              ],
              [
                318167.0006,
                555284.2007
              ],
              [
                318480.3999,
                555890.1998
              ],
              [
                318413.7013,
                555466.499299999
              ],
              [
                318869.4992,
                555951.8005
              ],
              [
                318759.6992,
                555560.4016
              ],
              [
                319082.0003,
                555589.0001
              ],
              [
                318873.0999,
                555280.6009
              ],
              [
                319279.8999,
                555813.6
              ],
              [
                318865.8,
                555769.4002
              ],
              [
                319341.4002,
                556003.4999
              ],
              [
                318989.8,
                555985.4002
              ],
              [
                319232.5003,
                556364.1998
              ],
              [
                319430.3002,
                556244.100199999
              ],
              [
                319461.3002,
                556611.799900001
              ],
              [
                319711.0974,
                556353.907199999
              ],
              [
                319592.3007,
                556985.0042
              ],
              [
                319839.9999,
                557184.8002
              ],
              [
                319766.3997,
                556583.299699999
              ],
              [
                320000.0025,
                557023.4078
              ],
              [
                320034.2846,
                557087.995300001
              ],
              [
                320000.0025,
                557119.7786
              ],
              [
                319640.7992,
                557452.8002
              ],
              [
                319614,
                557986.5
              ],
              [
                319920.1002,
                558168.0999
              ],
              [
                320000.0025,
                558090.626599999
              ]
            ]
          ],
          [
            [
              [
                320000.0025,
                558321.160800001
              ],
              [
                319219.8816,
                557798.8203
              ],
              [
                319285,
                557973.5
              ],
              [
                320031.312,
                558360.125
              ],
              [
                320050.0862,
                558354.6951
              ],
              [
                320000.0025,
                558321.160800001
              ]
            ]
          ]
        ]
      },
      "properties": {
        "FID": 3800,
        "MSOA21CD": "E02003965",
        "MSOA21NM": "Allerdale 001",
        "MSOA21NMW": " ",
        "BNG_E": 323279,
        "BNG_N": 551274,
        "LAT": 54.85037,
        "LONG": -3.19644,
        "GlobalID": "3476b2df-929b-44f2-8903-71a09c4a416c"
      }
    },
    {
      "type": "Feature",
      "id": 3801,
      "geometry": {
        "type": "MultiPolygon",
        "coordinates": [
          [
            [
              [
                328442.001,
                559732.687999999
              ],
              [
                328424.9116,
                559697.6526
              ],
              [
                328432.8451,
                559737.2466
              ],
              [
                328442.001,
                559732.687999999
              ]
            ]
          ],
          [
            [
              [
                324720.1021,
                561427.9024
              ],
              [
                325969.0998,
                560963
              ],
              [
                326079.8027,
                560352.601399999
              ],
              [
                326764.421,
                559999.988
              ],
              [
                327172.499,
                559789.8068
              ],
              [
                328150.4221,
                559877.8627
              ],
              [
                328241.1994,
                559832.6654
              ],
              [
                328339.1494,
                559639.6468
              ],
              [
                328349.1663,
                559619.9077
              ],
              [
                328368.452,
                559581.9038
              ],
              [
                328167.687,
                559170.312000001
              ],
              [
                328388.687,
                557858.375
              ],
              [
                327876.6684,
                557334.8006
              ],
              [
                328606.594,
                557161.187000001
              ],
              [
                329221.687,
                557676.187000001
              ],
              [
                329599.907,
                557148.193
              ],
              [
                330953.219,
                557188.625
              ],
              [
                331407.187,
                555521.187000001
              ],
              [
                332012.187,
                555499.875
              ],
              [
                332281.481,
                555176.806
              ],
              [
                331288.531,
                554003.028999999
              ],
              [
                332420.687,
                553096.5
              ],
              [
                332184.312,
                552477.687000001
              ],
              [
                331399.3065,
                552366.112
              ],
              [
                331796.219,
                552187.125
              ],
              [
                331647.9314,
                551648.713
              ],
              [
                334076.687,
                551157.125
              ],
              [
                334400.406,
                551341.499
              ],
              [
                334540.906,
                550746.187000001
              ],
              [
                334010.594,
                549922.812000001
              ],
              [
                332815.9592,
                549243.014
              ],
              [
                333879.187,
                548479.812000001
              ],
              [
                333897.812,
                547119.187000001
              ],
              [
                334270.999,
                546671.384
              ],
              [
                334092.094,
                545630.125
              ],
              [
                334456.406,
                545363.375
              ],
              [
                335046.001,
                545852.875
              ],
              [
                335698.187,
                545499.876
              ],
              [
                335197.594,
                544486.380000001
              ],
              [
                336576.687,
                544761.5
              ],
              [
                336877.684,
                543898.884
              ],
              [
                336347,
                543397.812000001
              ],
              [
                336774.3174,
                542804.1578
              ],
              [
                336496.593,
                542128
              ],
              [
                336675.591,
                541678.310000001
              ],
              [
                336200.906,
                541038.625
              ],
              [
                335894.312,
                541248.312000001
              ],
              [
                335683.406,
                540498.375
              ],
              [
                334045.906,
                539702.876
              ],
              [
                334331.187,
                538830.625
              ],
              [
                334936,
                538222.875
              ],
              [
                335923.781,
                538083.5
              ],
              [
                336365.39,
                537424.3248
              ],
              [
                336778.312,
                536485.187000001
              ],
              [
                336237.8085,
                535765.344000001
              ],
              [
                335916.5,
                533731.375
              ],
              [
                333471.406,
                533743.624
              ],
              [
                331541.187,
                534413.687000001
              ],
              [
                330365.094,
                533894.312000001
              ],
              [
                330009.601,
                532880.123
              ],
              [
                331088.187,
                532734.687000001
              ],
              [
                332099.6935,
                532143.1665
              ],
              [
                330898.406,
                530726.687000001
              ],
              [
                330015.219,
                530349.5
              ],
              [
                329646.9935,
                529692.658
              ],
              [
                329554.313,
                525223.812000001
              ],
              [
                329898.5904,
                524707.524
              ],
              [
                328863.312,
                524707.187000001
              ],
              [
                328875.094,
                524340.687000001
              ],
              [
                328420.094,
                524007.405999999
              ],
              [
                327362.312,
                523761.905999999
              ],
              [
                326106.094,
                524426.625
              ],
              [
                324943.4504,
                524191.779200001
              ],
              [
                324612.094,
                525385.125
              ],
              [
                323424,
                525831.125
              ],
              [
                323584.593,
                526159.187999999
              ],
              [
                322681.187,
                526894.312000001
              ],
              [
                322666.312,
                527505.125
              ],
              [
                321846.1896,
                528750.167400001
              ],
              [
                320963.688,
                531044.312000001
              ],
              [
                320507.5,
                531306.687000001
              ],
              [
                320442.812,
                531938.687000001
              ],
              [
                320038.288,
                532092.688200001
              ],
              [
                321189.594,
                533143
              ],
              [
                320546.6,
                534237.495999999
              ],
              [
                320724.406,
                534687.375
              ],
              [
                319026.2728,
                535694.397
              ],
              [
                319817.501,
                536776.387
              ],
              [
                319630.5,
                537537.123
              ],
              [
                321639.6487,
                538068.67
              ],
              [
                321807.758,
                539132.882300001
              ],
              [
                322219.808,
                539495.867000001
              ],
              [
                322094.594,
                539842
              ],
              [
                320952.187,
                540225
              ],
              [
                319803.812,
                541180.875
              ],
              [
                320344.5,
                541319.875
              ],
              [
                320333.687,
                541701.125
              ],
              [
                321146.094,
                542667.812000001
              ],
              [
                321369.594,
                543948.117000001
              ],
              [
                322268.5,
                544128.312000001
              ],
              [
                322693.7785,
                544411.413000001
              ],
              [
                322661.312,
                544757.623
              ],
              [
                323650.594,
                544918.625
              ],
              [
                326044.75,
                546976.312000001
              ],
              [
                326985.108,
                547172.853
              ],
              [
                327469.2145,
                548154.0635
              ],
              [
                328274.657,
                548432.148
              ],
              [
                328904.312,
                548244.625
              ],
              [
                329448.915,
                548652.325999999
              ],
              [
                329696.781,
                549555.312000001
              ],
              [
                328832,
                550354.625
              ],
              [
                328303.676,
                549469.026000001
              ],
              [
                327426.406,
                550307.875
              ],
              [
                326472.781,
                551937.687000001
              ],
              [
                325313.403,
                552621.194
              ],
              [
                323658.187,
                554686.375
              ],
              [
                324309.094,
                555739.875
              ],
              [
                323774.2,
                555975.699999999
              ],
              [
                324074.499,
                556392.189999999
              ],
              [
                323786.812,
                556643.187000001
              ],
              [
                324099.906,
                556637.125
              ],
              [
                323876,
                556983.187000001
              ],
              [
                323662.75,
                556840.312999999
              ],
              [
                323818.406,
                557437.875
              ],
              [
                323567.906,
                557734
              ],
              [
                324009,
                557808.625
              ],
              [
                323660.594,
                558067.312000001
              ],
              [
                322357.7651,
                557344.302100001
              ],
              [
                322224.2988,
                557421.5997
              ],
              [
                321787.8002,
                557089.000299999
              ],
              [
                321007.8323,
                558103.068600001
              ],
              [
                320117.8994,
                558400.100299999
              ],
              [
                320059.6458,
                558361.095899999
              ],
              [
                320050.0862,
                558354.6951
              ],
              [
                320031.312,
                558360.125
              ],
              [
                319285,
                557973.5
              ],
              [
                319219.8816,
                557798.8203
              ],
              [
                319170.1799,
                557765.5418
              ],
              [
                318368.7001,
                557228.9002
              ],
              [
                316549.8992,
                557937.801000001
              ],
              [
                315885.1976,
                558588.6951
              ],
              [
                315907.5996,
                559033.299000001
              ],
              [
                316658.8954,
                559999.961100001
              ],
              [
                317888.6987,
                561582.299699999
              ],
              [
                319041.5992,
                561662.6998
              ],
              [
                318798.9032,
                561003.603800001
              ],
              [
                319067.9973,
                561674.2019
              ],
              [
                320000.0098,
                561777.577199999
              ],
              [
                320163.4,
                561795.6998
              ],
              [
                321184.1004,
                562758.2005
              ],
              [
                322966.3,
                562800.0999
              ],
              [
                324136.5997,
                562341.4003
              ],
              [
                324720.1021,
                561427.9024
              ]
            ]
          ]
        ]
      },
      "properties": {
        "FID": 3801,
        "MSOA21CD": "E02003966",
        "MSOA21NM": "Allerdale 002",
        "MSOA21NMW": " ",
        "BNG_E": 326337,
        "BNG_N": 535662,
        "LAT": 54.71056,
        "LONG": -3.14485,
        "GlobalID": "434465ed-c3ae-4ca0-a6b0-df6a580a70c3"
      }
    },
    {
      "type": "Feature",
      "id": 3802,
      "geometry": {
        "type": "Polygon",
        "coordinates": [
          [
            [
              321369.594,
              543948.117000001
            ],
            [
              321146.094,
              542667.812000001
            ],
            [
              320333.687,
              541701.125
            ],
            [
              320344.5,
              541319.875
            ],
            [
              319803.812,
              541180.875
            ],
            [
              320952.187,
              540225
            ],
            [
              322094.594,
              539842
            ],
            [
              322219.808,
              539495.867000001
            ],
            [
              321807.758,
              539132.882300001
            ],
            [
              321639.6487,
              538068.67
            ],
            [
              319630.5,
              537537.123
            ],
            [
              319817.501,
              536776.387
            ],
            [
              319026.2728,
              535694.397
            ],
            [
              318753.594,
              535799.812000001
            ],
            [
              318519.595,
              536757.312000001
            ],
            [
              317862.407,
              536719.875
            ],
            [
              317551.187,
              536251.624
            ],
            [
              316972.5,
              536157.812000001
            ],
            [
              316260.312,
              537102.125
            ],
            [
              315648.5805,
              536597.706499999
            ],
            [
              315083.192,
              537708.1105
            ],
            [
              314027.482,
              537055.66
            ],
            [
              313743,
              536471.687000001
            ],
            [
              313181.187,
              536945.875
            ],
            [
              312649.1028,
              536446.304400001
            ],
            [
              311676.406,
              537228.312000001
            ],
            [
              309781.5,
              536765.125
            ],
            [
              309539.4492,
              537022.778000001
            ],
            [
              308472.311,
              537895.499
            ],
            [
              308818.906,
              538297.687000001
            ],
            [
              309585.5,
              538337.312000001
            ],
            [
              309626.187,
              538842.625
            ],
            [
              307623.594,
              539682.625
            ],
            [
              307003.918,
              540585.7478
            ],
            [
              307068.5971,
              540648.9003
            ],
            [
              307878.9959,
              542197.097100001
            ],
            [
              308026.9,
              543850.0999
            ],
            [
              307667.7995,
              546141.999
            ],
            [
              309523.597,
              550346.204500001
            ],
            [
              309527.2604,
              550360.8201
            ],
            [
              309756.187,
              550277.501
            ],
            [
              311005.312,
              549272.875
            ],
            [
              312312.812,
              549665.875
            ],
            [
              316393.594,
              552116.312000001
            ],
            [
              316704.812,
              552623.687000001
            ],
            [
              316189.69,
              554049.499
            ],
            [
              316225.906,
              554305.113
            ],
            [
              316587.594,
              554177.687000001
            ],
            [
              317175.594,
              553619.375
            ],
            [
              317269.687,
              552837.5
            ],
            [
              316897.906,
              551971.812000001
            ],
            [
              317715.906,
              551665.687000001
            ],
            [
              318419.312,
              551848.125
            ],
            [
              318245.187,
              551643.5
            ],
            [
              318726.312,
              550856.812000001
            ],
            [
              318506.312,
              550138
            ],
            [
              317606.282,
              550113.187000001
            ],
            [
              316935.283,
              548145.687999999
            ],
            [
              318940.5625,
              548888.804
            ],
            [
              319750.187,
              548402.187000001
            ],
            [
              320594.31,
              548575.187000001
            ],
            [
              321289.594,
              548204.187000001
            ],
            [
              320715.312,
              547156.625
            ],
            [
              321160.585,
              546693.879000001
            ],
            [
              319978.095,
              546306.5
            ],
            [
              320937,
              545351.501
            ],
            [
              320611.5,
              544623.375
            ],
            [
              321369.594,
              543948.117000001
            ]
          ]
        ]
      },
      "properties": {
        "FID": 3802,
        "MSOA21CD": "E02003967",
        "MSOA21NM": "Allerdale 003",
        "MSOA21NMW": " ",
        "BNG_E": 314644,
        "BNG_N": 544298,
        "LAT": 54.7863,
        "LONG": -3.32882,
        "GlobalID": "624408cf-31ad-4109-8c70-43b250a4c935"
      }
    },
    {
      "type": "Feature",
      "id": 3803,
      "geometry": {
        "type": "Polygon",
        "coordinates": [
          [
            [
              309539.4492,
              537022.778000001
            ],
            [
              308635.806,
              536258
            ],
            [
              308024,
              536143.187000001
            ],
            [
              307825.5564,
              534715.691400001
            ],
            [
              306290.5,
              534322.125
            ],
            [
              305541.311,
              535016.625
            ],
            [
              305707.901,
              535613.614
            ],
            [
              304399.603,
              536196.727
            ],
            [
              304277.142,
              535830.787
            ],
            [
              303583.4645,
              536026.7105
            ],
            [
              303218.8025,
              535634.352
            ],
            [
              303300.274,
              535285.812000001
            ],
            [
              302643.3775,
              535538.341800001
            ],
            [
              302675.8676,
              535637.1997
            ],
            [
              302789.9367,
              536527.027799999
            ],
            [
              302936.7541,
              536845.004699999
            ],
            [
              303399.1991,
              536624.801100001
            ],
            [
              303014.0965,
              536888.5967
            ],
            [
              303399.1986,
              536828.104
            ],
            [
              303906.6994,
              537780.2008
            ],
            [
              304770.4996,
              538425.832900001
            ],
            [
              304861.301,
              538493.7008
            ],
            [
              306404.0378,
              540000.025900001
            ],
            [
              307003.918,
              540585.7478
            ],
            [
              307623.594,
              539682.625
            ],
            [
              309626.187,
              538842.625
            ],
            [
              309585.5,
              538337.312000001
            ],
            [
              308818.906,
              538297.687000001
            ],
            [
              308472.311,
              537895.499
            ],
            [
              309539.4492,
              537022.778000001
            ]
          ]
        ]
      },
      "properties": {
        "FID": 3803,
        "MSOA21CD": "E02003968",
        "MSOA21NM": "Allerdale 004",
        "MSOA21NMW": " ",
        "BNG_E": 306359,
        "BNG_N": 537486,
        "LAT": 54.72362,
        "LONG": -3.45541,
        "GlobalID": "89c02259-b24e-419b-ac10-fa120d4179df"
      }
    },
    {
      "type": "Feature",
      "id": 3804,
      "geometry": {
        "type": "Polygon",
        "coordinates": [
          [
            [
              307825.5564,
              534715.691400001
            ],
            [
              307870.906,
              533355.5
            ],
            [
              306978.812,
              532140
            ],
            [
              305941.381,
              531796.813999999
            ],
            [
              304976.406,
              532370.312000001
            ],
            [
              304787.9488,
              533021.620999999
            ],
            [
              302351.594,
              532171.812000001
            ],
            [
              301249.9109,
              532975.184699999
            ],
            [
              302191.3001,
              534162.799799999
            ],
            [
              302643.3775,
              535538.341800001
            ],
            [
              303300.274,
              535285.812000001
            ],
            [
              303218.8025,
              535634.352
            ],
            [
              303583.4645,
              536026.7105
            ],
            [
              304277.142,
              535830.787
            ],
            [
              304399.603,
              536196.727
            ],
            [
              305707.901,
              535613.614
            ],
            [
              305541.311,
              535016.625
            ],
            [
              306290.5,
              534322.125
            ],
            [
              307825.5564,
              534715.691400001
            ]
          ]
        ]
      },
      "properties": {
        "FID": 3804,
        "MSOA21CD": "E02003969",
        "MSOA21NM": "Allerdale 005",
        "MSOA21NMW": " ",
        "BNG_E": 305018,
        "BNG_N": 533997,
        "LAT": 54.69203,
        "LONG": -3.47509,
        "GlobalID": "dc652340-40b1-4cce-810d-067671298266"
      }
    },
    {
      "type": "Feature",
      "id": 3805,
      "geometry": {
        "type": "Polygon",
        "coordinates": [
          [
            [
              312649.1028,
              536446.304400001
            ],
            [
              312995.3805,
              535913.369999999
            ],
            [
              311767.687,
              534724
            ],
            [
              312788.187,
              533232.5
            ],
            [
              313293.9524,
              533040.308
            ],
            [
              312324.687,
              531997.812000001
            ],
            [
              312164.812,
              530091.625
            ],
            [
              311994.366,
              530420.183
            ],
            [
              311356,
              530403
            ],
            [
              311316.102,
              530681.800000001
            ],
            [
              310992.406,
              529796.375
            ],
            [
              311075.685,
              529132.695
            ],
            [
              311961.9876,
              529237.836999999
            ],
            [
              312072.5,
              528796.687000001
            ],
            [
              313083.594,
              528326.125
            ],
            [
              311567.094,
              528282.312000001
            ],
            [
              311563.594,
              527841.875499999
            ],
            [
              310866.9845,
              527915.5975
            ],
            [
              310267.406,
              526610.812000001
            ],
            [
              311243.594,
              525814.625
            ],
            [
              310596.471,
              524924.982999999
            ],
            [
              308488.716,
              523966.434
            ],
            [
              308142.0265,
              523009.7795
            ],
            [
              308407.6056,
              522601.893200001
            ],
            [
              307451.953,
              523421.596000001
            ],
            [
              306625.687,
              521666
            ],
            [
              305610.781,
              521927.187000001
            ],
            [
              304368.687,
              521672.905999999
            ],
            [
              304103.6438,
              521994.488
            ],
            [
              303890.094,
              523494.094000001
            ],
            [
              303070.5074,
              523823.1578
            ],
            [
              303478.187,
              524470.125
            ],
            [
              304032.094,
              524531.499
            ],
            [
              303716.128,
              524862.296499999
            ],
            [
              304043,
              525635.875
            ],
            [
              304592,
              525684.812000001
            ],
            [
              305236.687,
              526843.312000001
            ],
            [
              305825.906,
              527068
            ],
            [
              305745.812,
              527510.875
            ],
            [
              306277.312,
              528314.312000001
            ],
            [
              305719,
              528883.375
            ],
            [
              305749.811,
              530335.004000001
            ],
            [
              306148.907,
              530983
            ],
            [
              305941.381,
              531796.813999999
            ],
            [
              306978.812,
              532140
            ],
            [
              307870.906,
              533355.5
            ],
            [
              307825.5564,
              534715.691400001
            ],
            [
              308024,
              536143.187000001
            ],
            [
              308635.806,
              536258
            ],
            [
              309539.4492,
              537022.778000001
            ],
            [
              309781.5,
              536765.125
            ],
            [
              311676.406,
              537228.312000001
            ],
            [
              312649.1028,
              536446.304400001
            ]
          ]
        ]
      },
      "properties": {
        "FID": 3805,
        "MSOA21CD": "E02003970",
        "MSOA21NM": "Allerdale 006",
        "MSOA21NMW": " ",
        "BNG_E": 308182,
        "BNG_N": 529620,
        "LAT": 54.65329,
        "LONG": -3.42464,
        "GlobalID": "61007e88-f1f5-4fa9-b96d-5e5de1607e21"
      }
    },
    {
      "type": "Feature",
      "id": 3806,
      "geometry": {
        "type": "Polygon",
        "coordinates": [
          [
            [
              319026.2728,
              535694.397
            ],
            [
              320724.406,
              534687.375
            ],
            [
              320546.6,
              534237.495999999
            ],
            [
              321189.594,
              533143
            ],
            [
              320038.288,
              532092.688200001
            ],
            [
              320442.812,
              531938.687000001
            ],
            [
              320507.5,
              531306.687000001
            ],
            [
              320963.688,
              531044.312000001
            ],
            [
              321846.1896,
              528750.167400001
            ],
            [
              321171.187,
              528223
            ],
            [
              321187.906,
              527423
            ],
            [
              320425.501,
              526560.308
            ],
            [
              320943.5,
              526015.125
            ],
            [
              320362.499,
              524862.375
            ],
            [
              320621.906,
              523924.5
            ],
            [
              319599.5,
              522216.780999999
            ],
            [
              318703.782,
              521870.187000001
            ],
            [
              319159.812,
              520437.905999999
            ],
            [
              320618.5,
              519727.312000001
            ],
            [
              319857.187,
              519067
            ],
            [
              318694.812,
              516899.405999999
            ],
            [
              320224.305,
              516661.494000001
            ],
            [
              320349.187,
              516323.5
            ],
            [
              321372.806,
              515991.593
            ],
            [
              322363.813,
              515150.405999999
            ],
            [
              322424.687,
              513281.812000001
            ],
            [
              321494.864,
              511928.6084
            ],
            [
              320787.692,
              512580.209000001
            ],
            [
              320237.312,
              512371.5
            ],
            [
              319811.195,
              513025.445
            ],
            [
              318655.5,
              513332.187000001
            ],
            [
              315595.594,
              515767.501
            ],
            [
              314900,
              515522.405999999
            ],
            [
              313389.687,
              516376.687000001
            ],
            [
              312399.782,
              516423
            ],
            [
              312028.906,
              517351.594000001
            ],
            [
              311720.517,
              517456.182
            ],
            [
              311848.906,
              518131.594000001
            ],
            [
              311066.999,
              519698.905999999
            ],
            [
              311004.312,
              520955.405999999
            ],
            [
              310505.5,
              521028.344000001
            ],
            [
              310049.8435,
              522092.432499999
            ],
            [
              309093.687,
              522153.812000001
            ],
            [
              308407.6056,
              522601.893200001
            ],
            [
              308142.0265,
              523009.7795
            ],
            [
              308488.716,
              523966.434
            ],
            [
              310596.471,
              524924.982999999
            ],
            [
              311243.594,
              525814.625
            ],
            [
              310267.406,
              526610.812000001
            ],
            [
              310866.9845,
              527915.5975
            ],
            [
              311563.594,
              527841.875499999
            ],
            [
              311567.094,
              528282.312000001
            ],
            [
              313083.594,
              528326.125
            ],
            [
              312072.5,
              528796.687000001
            ],
            [
              311961.9876,
              529237.836999999
            ],
            [
              311075.685,
              529132.695
            ],
            [
              310992.406,
              529796.375
            ],
            [
              311316.102,
              530681.800000001
            ],
            [
              311356,
              530403
            ],
            [
              311994.366,
              530420.183
            ],
            [
              312164.812,
              530091.625
            ],
            [
              312324.687,
              531997.812000001
            ],
            [
              313293.9524,
              533040.308
            ],
            [
              312788.187,
              533232.5
            ],
            [
              311767.687,
              534724
            ],
            [
              312995.3805,
              535913.369999999
            ],
            [
              312649.1028,
              536446.304400001
            ],
            [
              313181.187,
              536945.875
            ],
            [
              313743,
              536471.687000001
            ],
            [
              314027.482,
              537055.66
            ],
            [
              315083.192,
              537708.1105
            ],
            [
              315648.5805,
              536597.706499999
            ],
            [
              316260.312,
              537102.125
            ],
            [
              316972.5,
              536157.812000001
            ],
            [
              317551.187,
              536251.624
            ],
            [
              317862.407,
              536719.875
            ],
            [
              318519.595,
              536757.312000001
            ],
            [
              318753.594,
              535799.812000001
            ],
            [
              319026.2728,
              535694.397
            ]
          ]
        ]
      },
      "properties": {
        "FID": 3806,
        "MSOA21CD": "E02003971",
        "MSOA21NM": "Allerdale 007",
        "MSOA21NMW": " ",
        "BNG_E": 315343,
        "BNG_N": 526346,
        "LAT": 54.62513,
        "LONG": -3.31274,
        "GlobalID": "221f1f49-63d5-4b98-a0f1-5198d9eb96ba"
      }
    },
    {
      "type": "Feature",
      "id": 3807,
      "geometry": {
        "type": "Polygon",
        "coordinates": [
          [
            [
              305941.381,
              531796.813999999
            ],
            [
              306148.907,
              530983
            ],
            [
              305749.811,
              530335.004000001
            ],
            [
              304679,
              530207.875
            ],
            [
              304154.094,
              530922.375
            ],
            [
              303434.594,
              530235.187000001
            ],
            [
              303872.312,
              530000.125
            ],
            [
              303254.918,
              529844.9608
            ],
            [
              302586,
              530425.126
            ],
            [
              302276.905,
              529684.625
            ],
            [
              300702.015,
              528329.616
            ],
            [
              300938.442,
              528334.1658
            ],
            [
              299836.23,
              528072.67
            ],
            [
              300331.687,
              528790.812000001
            ],
            [
              299761,
              529016
            ],
            [
              299081.519,
              528826.159
            ],
            [
              298283.616,
              529435.3785
            ],
            [
              298279.3546,
              529654.9597
            ],
            [
              299270.0997,
              529042.101500001
            ],
            [
              299611.7968,
              529018.4001
            ],
            [
              299146.7999,
              529218.801200001
            ],
            [
              299183.3857,
              529228.881899999
            ],
            [
              299216.6529,
              529238.0482
            ],
            [
              298685.7999,
              529550.200300001
            ],
            [
              299999.9944,
              531481.5447
            ],
            [
              300083.9997,
              531604.9991
            ],
            [
              301228.6038,
              532948.3046
            ],
            [
              301246.8426,
              532971.313899999
            ],
            [
              301249.9109,
              532975.184699999
            ],
            [
              302351.594,
              532171.812000001
            ],
            [
              304787.9488,
              533021.620999999
            ],
            [
              304976.406,
              532370.312000001
            ],
            [
              305941.381,
              531796.813999999
            ]
          ]
        ]
      },
      "properties": {
        "FID": 3807,
        "MSOA21CD": "E02003972",
        "MSOA21NM": "Allerdale 008",
        "MSOA21NMW": " ",
        "BNG_E": 301583,
        "BNG_N": 530529,
        "LAT": 54.66021,
        "LONG": -3.52719,
        "GlobalID": "fd621734-1e88-483c-a482-ad796a16128e"
      }
    },
    {
      "type": "Feature",
      "id": 3808,
      "geometry": {
        "type": "Polygon",
        "coordinates": [
          [
            [
              299836.23,
              528072.67
            ],
            [
              299635.505,
              527868.810000001
            ],
            [
              300037.711,
              527827.308
            ],
            [
              299728.3605,
              527130.4123
            ],
            [
              299179.312,
              526965
            ],
            [
              299419.882,
              526570.107000001
            ],
            [
              300035.288,
              526456.502
            ],
            [
              299094,
              525584.125
            ],
            [
              298796.1247,
              525630.433
            ],
            [
              298772.598,
              525683.404100001
            ],
            [
              298610.3407,
              527086.933700001
            ],
            [
              298479.2139,
              528221.1841
            ],
            [
              298473.0962,
              528274.102600001
            ],
            [
              298289.633,
              529125.329299999
            ],
            [
              298283.616,
              529435.3785
            ],
            [
              299081.519,
              528826.159
            ],
            [
              299761,
              529016
            ],
            [
              300331.687,
              528790.812000001
            ],
            [
              299836.23,
              528072.67
            ]
          ]
        ]
      },
      "properties": {
        "FID": 3808,
        "MSOA21CD": "E02003973",
        "MSOA21NM": "Allerdale 009",
        "MSOA21NMW": " ",
        "BNG_E": 299329,
        "BNG_N": 527883,
        "LAT": 54.636,
        "LONG": -3.5612,
        "GlobalID": "487f64c8-c512-4477-8cad-eab8e23c8c49"
      }
    },
    {
      "type": "Feature",
      "id": 3809,
      "geometry": {
        "type": "Polygon",
        "coordinates": [
          [
            [
              300035.288,
              526456.502
            ],
            [
              299419.882,
              526570.107000001
            ],
            [
              299179.312,
              526965
            ],
            [
              299728.3605,
              527130.4123
            ],
            [
              300037.711,
              527827.308
            ],
            [
              299635.505,
              527868.810000001
            ],
            [
              299836.23,
              528072.67
            ],
            [
              300938.442,
              528334.1658
            ],
            [
              301270.312,
              528064.812000001
            ],
            [
              301523,
              528298.5
            ],
            [
              302621.685,
              527370.623
            ],
            [
              301694.406,
              526952.125
            ],
            [
              301142.094,
              527222
            ],
            [
              300035.288,
              526456.502
            ]
          ]
        ]
      },
      "properties": {
        "FID": 3809,
        "MSOA21CD": "E02003974",
        "MSOA21NM": "Allerdale 010",
        "MSOA21NMW": " ",
        "BNG_E": 301153,
        "BNG_N": 527395,
        "LAT": 54.63198,
        "LONG": -3.53279,
        "GlobalID": "a82c21df-7f01-4dd6-b113-f1f62ae2c162"
      }
    },
    {
      "type": "Feature",
      "id": 3810,
      "geometry": {
        "type": "Polygon",
        "coordinates": [
          [
            [
              305749.811,
              530335.004000001
            ],
            [
              305719,
              528883.375
            ],
            [
              306277.312,
              528314.312000001
            ],
            [
              305745.812,
              527510.875
            ],
            [
              305825.906,
              527068
            ],
            [
              305236.687,
              526843.312000001
            ],
            [
              304592,
              525684.812000001
            ],
            [
              304043,
              525635.875
            ],
            [
              303716.128,
              524862.296499999
            ],
            [
              304032.094,
              524531.499
            ],
            [
              303478.187,
              524470.125
            ],
            [
              303070.5074,
              523823.1578
            ],
            [
              302381.187,
              524367.5
            ],
            [
              300812.812,
              524162.687000001
            ],
            [
              300344.687,
              524671.875
            ],
            [
              299681.9725,
              523472.024
            ],
            [
              298506.8387,
              523981.9341
            ],
            [
              298617.2999,
              525299.399900001
            ],
            [
              298967.4002,
              525244.8002
            ],
            [
              298796.1247,
              525630.433
            ],
            [
              299094,
              525584.125
            ],
            [
              300035.288,
              526456.502
            ],
            [
              301142.094,
              527222
            ],
            [
              301694.406,
              526952.125
            ],
            [
              302621.685,
              527370.623
            ],
            [
              301523,
              528298.5
            ],
            [
              301270.312,
              528064.812000001
            ],
            [
              300938.442,
              528334.1658
            ],
            [
              300702.015,
              528329.616
            ],
            [
              302276.905,
              529684.625
            ],
            [
              302586,
              530425.126
            ],
            [
              303254.918,
              529844.9608
            ],
            [
              303872.312,
              530000.125
            ],
            [
              303434.594,
              530235.187000001
            ],
            [
              304154.094,
              530922.375
            ],
            [
              304679,
              530207.875
            ],
            [
              305749.811,
              530335.004000001
            ]
          ]
        ]
      },
      "properties": {
        "FID": 3810,
        "MSOA21CD": "E02003975",
        "MSOA21NM": "Allerdale 011",
        "MSOA21NMW": " ",
        "BNG_E": 304085,
        "BNG_N": 527198,
        "LAT": 54.63077,
        "LONG": -3.48732,
        "GlobalID": "5b25b597-2023-4f48-8f22-76dda5bad9b6"
      }
    },
    {
      "type": "Feature",
      "id": 3811,
      "geometry": {
        "type": "Polygon",
        "coordinates": [
          [
            [
              329898.5904,
              524707.524
            ],
            [
              330486.312,
              524467.187000001
            ],
            [
              331144,
              524859
            ],
            [
              332629.406,
              524849.812000001
            ],
            [
              332987.312,
              524627.312000001
            ],
            [
              333279.906,
              523558.312999999
            ],
            [
              334019.687,
              523545.5
            ],
            [
              335002.4895,
              522706.382999999
            ],
            [
              333068.2005,
              521136.262499999
            ],
            [
              333710.594,
              520410.5
            ],
            [
              334272.501,
              520451.806
            ],
            [
              333579.906,
              519564
            ],
            [
              334348.189,
              518958.812999999
            ],
            [
              334112.094,
              518665.5
            ],
            [
              334338.999,
              517442
            ],
            [
              333779.687,
              516680.5
            ],
            [
              333716.187,
              515463
            ],
            [
              334385,
              514952.280999999
            ],
            [
              334259.813,
              513767.905999999
            ],
            [
              334609.906,
              512922.280999999
            ],
            [
              334374.6522,
              512086.5952
            ],
            [
              332201.309,
              511721.677999999
            ],
            [
              332031.212,
              511166.311000001
            ],
            [
              331308.907,
              511317.094000001
            ],
            [
              330381.905,
              510979.812999999
            ],
            [
              329592,
              510390.812999999
            ],
            [
              328956.3635,
              509058.4135
            ],
            [
              328200.188,
              509304
            ],
            [
              327783.686,
              508484.687000001
            ],
            [
              327977.687,
              507914.905999999
            ],
            [
              327531.312,
              507782.5
            ],
            [
              326710.095,
              508274.904999999
            ],
            [
              326447,
              508969.405999999
            ],
            [
              325852.187,
              508722.812000001
            ],
            [
              325301.281,
              507809.187000001
            ],
            [
              324427.102,
              507150.966
            ],
            [
              323924.906,
              507214.187000001
            ],
            [
              323326.188,
              508098.403999999
            ],
            [
              322760.188,
              508206.5
            ],
            [
              322331.095,
              509358.312000001
            ],
            [
              321097.906,
              510314.096000001
            ],
            [
              321633.406,
              510990.187000001
            ],
            [
              321494.864,
              511928.6084
            ],
            [
              322424.687,
              513281.812000001
            ],
            [
              322363.813,
              515150.405999999
            ],
            [
              321372.806,
              515991.593
            ],
            [
              320349.187,
              516323.5
            ],
            [
              320224.305,
              516661.494000001
            ],
            [
              318694.812,
              516899.405999999
            ],
            [
              319857.187,
              519067
            ],
            [
              320618.5,
              519727.312000001
            ],
            [
              319159.812,
              520437.905999999
            ],
            [
              318703.782,
              521870.187000001
            ],
            [
              319599.5,
              522216.780999999
            ],
            [
              320621.906,
              523924.5
            ],
            [
              320362.499,
              524862.375
            ],
            [
              320943.5,
              526015.125
            ],
            [
              320425.501,
              526560.308
            ],
            [
              321187.906,
              527423
            ],
            [
              321171.187,
              528223
            ],
            [
              321846.1896,
              528750.167400001
            ],
            [
              322666.312,
              527505.125
            ],
            [
              322681.187,
              526894.312000001
            ],
            [
              323584.593,
              526159.187999999
            ],
            [
              323424,
              525831.125
            ],
            [
              324612.094,
              525385.125
            ],
            [
              324943.4504,
              524191.779200001
            ],
            [
              326106.094,
              524426.625
            ],
            [
              327362.312,
              523761.905999999
            ],
            [
              328420.094,
              524007.405999999
            ],
            [
              328875.094,
              524340.687000001
            ],
            [
              328863.312,
              524707.187000001
            ],
            [
              329898.5904,
              524707.524
            ]
          ]
        ]
      },
      "properties": {
        "FID": 3811,
        "MSOA21CD": "E02003976",
        "MSOA21NM": "Allerdale 012",
        "MSOA21NMW": " ",
        "BNG_E": 326849,
        "BNG_N": 516131,
        "LAT": 54.53515,
        "LONG": -3.13202,
        "GlobalID": "f93a1deb-5451-4bfc-944d-eda79233e4e0"
      }
    },
    {
      "type": "Feature",
      "id": 3822,
      "geometry": {
        "type": "MultiPolygon",
        "coordinates": [
          [
            [
              [
                334515.551,
                561737.099099999
              ],
              [
                333566.094,
                561637
              ],
              [
                333360.3951,
                561725.323100001
              ],
              [
                333377.2838,
                561725.495300001
              ],
              [
                333431.8384,
                561726.0514
              ],
              [
                334445.0207,
                561736.380100001
              ],
              [
                334515.551,
                561737.099099999
              ]
            ]
          ],
          [
            [
              [
                328611.4933,
                565071.595100001
              ],
              [
                328512.991,
                565010.7075
              ],
              [
                328550.6288,
                565058.5096
              ],
              [
                328630.158,
                565083.1324
              ],
              [
                328611.4933,
                565071.595100001
              ]
            ]
          ],
          [
            [
              [
                329539.1249,
                565364.554500001
              ],
              [
                329709.1154,
                565253.4779
              ],
              [
                329451.3821,
                565337.388699999
              ],
              [
                329539.1249,
                565364.554500001
              ]
            ]
          ],
          [
            [
              [
                330515.3998,
                565384.685000001
              ],
              [
                330434.2587,
                565347.225299999
              ],
              [
                330449.8671,
                565379.5447
              ],
              [
                330521.6268,
                565387.559800001
              ],
              [
                330515.3998,
                565384.685000001
              ]
            ]
          ],
          [
            [
              [
                331818.0498,
                566028.690400001
              ],
              [
                331806.4912,
                566022.5777
              ],
              [
                331906.0585,
                566128.2752
              ],
              [
                332033.0691,
                566142.401699999
              ],
              [
                331854.9443,
                566048.2018
              ],
              [
                331818.0498,
                566028.690400001
              ]
            ]
          ],
          [
            [
              [
                357928.594,
                583757.187000001
              ],
              [
                358216.5,
                582615.625
              ],
              [
                359757.312,
                581669.312000001
              ],
              [
                360483.471,
                581825.182
              ],
              [
                361905.4988,
                581296.2796
              ],
              [
                361798.406,
                580472.125
              ],
              [
                362243,
                579986.5
              ],
              [
                362227.906,
                579128.312000001
              ],
              [
                362740.594,
                578897.125
              ],
              [
                362875.095,
                578444.501
              ],
              [
                361629.812,
                578676.687999999
              ],
              [
                361481.812,
                578295.875
              ],
              [
                360578.406,
                578043.5
              ],
              [
                358862.687,
                576187.687000001
              ],
              [
                358100.187,
                574810.187000001
              ],
              [
                356448,
                574416.5
              ],
              [
                354893.094,
                574504.375
              ],
              [
                354422.187,
                574290.375
              ],
              [
                353908.313,
                573360.625
              ],
              [
                353224,
                573639.125
              ],
              [
                352804.187,
                573341.625
              ],
              [
                352571.5,
                572565.312000001
              ],
              [
                352007.812,
                572435.375
              ],
              [
                352087.5115,
                571127.3495
              ],
              [
                353743.905,
                570139.188999999
              ],
              [
                352590.094,
                569365.187000001
              ],
              [
                353306.0485,
                568896.509
              ],
              [
                352347.812,
                568454.186000001
              ],
              [
                350825.906,
                568526.687000001
              ],
              [
                350352,
                568265.625
              ],
              [
                350313.595,
                567182.812000001
              ],
              [
                349353.4608,
                567006.989600001
              ],
              [
                348266.095,
                567147.375
              ],
              [
                348285.219,
                566495
              ],
              [
                347683.406,
                565938.625
              ],
              [
                347720.094,
                565399.625
              ],
              [
                346608.096,
                564936.001
              ],
              [
                345682.683,
                565575.119999999
              ],
              [
                344409.094,
                564436.187000001
              ],
              [
                341613.31,
                563042.694
              ],
              [
                341184.096,
                562172.186000001
              ],
              [
                340467.812,
                561671.187000001
              ],
              [
                339681.094,
                561612.616
              ],
              [
                339775.187,
                560538.693
              ],
              [
                336843.255,
                561032.469000001
              ],
              [
                336732.312,
                560628.687000001
              ],
              [
                336041.1563,
                560742.8983
              ],
              [
                335978.2961,
                560780.5977
              ],
              [
                335530.1003,
                561840.799799999
              ],
              [
                333479.1026,
                561764.796
              ],
              [
                333325.3001,
                562135.199999999
              ],
              [
                333212.7,
                561924.0001
              ],
              [
                332477.3,
                562259.5001
              ],
              [
                332848.5002,
                562480.799799999
              ],
              [
                332431.3038,
                562320.2969
              ],
              [
                332533.6998,
                562619.100199999
              ],
              [
                331787.4964,
                562075.7969
              ],
              [
                331124.6998,
                562472.4001
              ],
              [
                331655.7996,
                562107.0987
              ],
              [
                331265.3068,
                562086.503799999
              ],
              [
                331451.403,
                561832.4966
              ],
              [
                330726.3002,
                561126.0997
              ],
              [
                329585.6033,
                561068.895
              ],
              [
                329960.8031,
                560910.600500001
              ],
              [
                328967.2,
                560420.899900001
              ],
              [
                327709.1002,
                560553.800000001
              ],
              [
                328621.2003,
                560894.700200001
              ],
              [
                328076.1,
                560795.9001
              ],
              [
                328306.8013,
                561226.799699999
              ],
              [
                327788.4001,
                560956.3003
              ],
              [
                327961.4998,
                561188.300000001
              ],
              [
                327647.4003,
                562024.600099999
              ],
              [
                328306.9998,
                562494.4002
              ],
              [
                328675.1008,
                561947.703500001
              ],
              [
                328626.3977,
                562538.704399999
              ],
              [
                329083.9997,
                562169.100299999
              ],
              [
                328771.7993,
                562643.6044
              ],
              [
                329440.0003,
                562773.5998
              ],
              [
                328634.7002,
                563045.699899999
              ],
              [
                328621.699,
                563461.700200001
              ],
              [
                329117.3993,
                564039.8047
              ],
              [
                329993.6999,
                564058.399700001
              ],
              [
                329131.1011,
                564233.5998
              ],
              [
                329424.6001,
                564641.199999999
              ],
              [
                331232.1991,
                564192.699999999
              ],
              [
                331631.5002,
                564604.600099999
              ],
              [
                331458.9967,
                564999.9999
              ],
              [
                331996.4999,
                565594.600099999
              ],
              [
                332079.8008,
                565287.298900001
              ],
              [
                332363.6036,
                565897.1031
              ],
              [
                332192.4999,
                565257.700099999
              ],
              [
                332479.6033,
                565868.701199999
              ],
              [
                332943.5034,
                565235.502499999
              ],
              [
                332651.2001,
                565108.9001
              ],
              [
                333376.5011,
                564948.3047
              ],
              [
                333502.623,
                564429.3232
              ],
              [
                333663.5002,
                564875.0001
              ],
              [
                332838.9973,
                566099.595100001
              ],
              [
                333424.2977,
                565498.597200001
              ],
              [
                333103.9998,
                566067.200099999
              ],
              [
                332500.3974,
                566284.702099999
              ],
              [
                332433.2996,
                566859.3989
              ],
              [
                332697.6973,
                566976.002
              ],
              [
                332411.1098,
                566859.545299999
              ],
              [
                332389.5747,
                566850.794399999
              ],
              [
                332389.0663,
                566855.638499999
              ],
              [
                333309.239,
                567625.576400001
              ],
              [
                333258.7356,
                568640.8697
              ],
              [
                333032.3867,
                568519.9647
              ],
              [
                332980.0429,
                568834.8084
              ],
              [
                333638.9492,
                569589.769300001
              ],
              [
                333603.7148,
                570292.5623
              ],
              [
                334237.1913,
                570494.3104
              ],
              [
                333983.185,
                571086.591
              ],
              [
                334533.1276,
                571811.3387
              ],
              [
                333623.8,
                572346
              ],
              [
                333424.4768,
                573043.022399999
              ],
              [
                332776.7421,
                573051.468599999
              ],
              [
                332970.9218,
                573662.3572
              ],
              [
                333459.8,
                573960.6
              ],
              [
                334426.8203,
                573906.575999999
              ],
              [
                338851.2074,
                573174.269099999
              ],
              [
                339064.147,
                573778.454
              ],
              [
                340278.4484,
                574297.694800001
              ],
              [
                339858.9492,
                574882.513499999
              ],
              [
                340090.3359,
                575421.283
              ],
              [
                340954.903,
                575513.903000001
              ],
              [
                341668.4804,
                576435.0233
              ],
              [
                342820.4568,
                576299.6974
              ],
              [
                343069.3593,
                577400.931500001
              ],
              [
                343655.552,
                577329.342
              ],
              [
                343790.78,
                577948.125
              ],
              [
                343528.9882,
                578171.771299999
              ],
              [
                344145.187,
                578220.812000001
              ],
              [
                344541.7812,
                579454.681500001
              ],
              [
                346209.6913,
                580023.8267
              ],
              [
                346176.8788,
                580462.367000001
              ],
              [
                346650.329,
                580642.654899999
              ],
              [
                346440.5312,
                581222.825999999
              ],
              [
                347000.9989,
                581108.232799999
              ],
              [
                347329.5457,
                581491.1544
              ],
              [
                346989.1054,
                582357.2498
              ],
              [
                347473,
                582972.5
              ],
              [
                348274.1988,
                582726.1567
              ],
              [
                350064.5,
                583327.875
              ],
              [
                350699.0468,
                584147.8553
              ],
              [
                352548.6,
                585131.300000001
              ],
              [
                353431.781,
                586130.687000001
              ],
              [
                355289.187,
                586766
              ],
              [
                356180.3,
                588517.4
              ],
              [
                357136.187,
                587050.875
              ],
              [
                356572.094,
                586025.687000001
              ],
              [
                356937.812,
                584782
              ],
              [
                357486.403,
                583866.693
              ],
              [
                357928.594,
                583757.187000001
              ]
            ]
          ]
        ]
      },
      "properties": {
        "FID": 3822,
        "MSOA21CD": "E02003987",
        "MSOA21NM": "Carlisle 001",
        "MSOA21NMW": " ",
        "BNG_E": 347500,
        "BNG_N": 574393,
        "LAT": 55.06123,
        "LONG": -2.82349,
        "GlobalID": "c63a2235-7ae1-4559-b12c-0141159075c9"
      }
    },
    {
      "type": "Feature",
      "id": 3823,
      "geometry": {
        "type": "Polygon",
        "coordinates": [
          [
            [
              362875.095,
              578444.501
            ],
            [
              363039.9,
              578060.189999999
            ],
            [
              363823.406,
              578129.125
            ],
            [
              363929.312,
              577650.187000001
            ],
            [
              364463.305,
              577294.692
            ],
            [
              364172.187,
              576803.5
            ],
            [
              364542.406,
              576429.187000001
            ],
            [
              367026.001,
              576846.125
            ],
            [
              367133.312,
              577308.125
            ],
            [
              367949.094,
              577484.125
            ],
            [
              369051.502,
              576618.810000001
            ],
            [
              369031,
              576402.687000001
            ],
            [
              368519.906,
              576491
            ],
            [
              368094.5,
              575755.187000001
            ],
            [
              368665.812,
              574964.187000001
            ],
            [
              367908.5895,
              574332.763
            ],
            [
              368165.406,
              574287
            ],
            [
              368115.187,
              573679.375
            ],
            [
              368493.907,
              573293.5
            ],
            [
              368747.594,
              573447
            ],
            [
              368515.312,
              573024.5
            ],
            [
              369237.313,
              572238.875
            ],
            [
              369228.4838,
              571829.173
            ],
            [
              367806.78,
              571488.812000001
            ],
            [
              367853.5015,
              571078.976
            ],
            [
              367544,
              571432.312999999
            ],
            [
              367354.312,
              571154.812999999
            ],
            [
              366419.4785,
              571061.668
            ],
            [
              366370.906,
              570634.687000001
            ],
            [
              365606.812,
              570615.687000001
            ],
            [
              364765.906,
              569750.312000001
            ],
            [
              363468.094,
              569244
            ],
            [
              363408,
              568168.124
            ],
            [
              363625.999,
              568141.812000001
            ],
            [
              363371.5,
              567831.625
            ],
            [
              363784.312,
              567722.187000001
            ],
            [
              363412.5,
              566043.687000001
            ],
            [
              363028.906,
              565518.812999999
            ],
            [
              362555,
              565427.187000001
            ],
            [
              362230,
              564552.625
            ],
            [
              361669.187,
              564503
            ],
            [
              361965.313,
              563367.375
            ],
            [
              363694.406,
              562783.312000001
            ],
            [
              363506.407,
              561672.876
            ],
            [
              363732.486,
              560834.798800001
            ],
            [
              364762.094,
              559553.812000001
            ],
            [
              365155.906,
              559523.187000001
            ],
            [
              363804.501,
              558428.375
            ],
            [
              363709.094,
              557290.126
            ],
            [
              363130.5,
              555927.624
            ],
            [
              361257.655,
              554570.7128
            ],
            [
              360573.594,
              555635.312000001
            ],
            [
              359512.906,
              555494.187000001
            ],
            [
              358946.094,
              556058
            ],
            [
              358067.998,
              556247.131999999
            ],
            [
              358190.307,
              557462.684
            ],
            [
              357056.5,
              557438.687000001
            ],
            [
              355512.2885,
              558250.6515
            ],
            [
              354062.5,
              557699.687000001
            ],
            [
              352221.594,
              559094.687000001
            ],
            [
              351211.095,
              559427.626
            ],
            [
              349753.1,
              559408.187999999
            ],
            [
              349257.093,
              558888.696
            ],
            [
              348997.5,
              559691.5
            ],
            [
              349624.094,
              559919.625
            ],
            [
              349262.1985,
              560339.1395
            ],
            [
              350556.906,
              560987
            ],
            [
              350760.094,
              562120.687000001
            ],
            [
              351112.596,
              562441.385
            ],
            [
              350895.0965,
              563058.340500001
            ],
            [
              351211.585,
              563573.429
            ],
            [
              351272.998,
              564919.7545
            ],
            [
              351106.781,
              565864.811000001
            ],
            [
              349974,
              566902.812000001
            ],
            [
              349353.4608,
              567006.989600001
            ],
            [
              350313.595,
              567182.812000001
            ],
            [
              350352,
              568265.625
            ],
            [
              350825.906,
              568526.687000001
            ],
            [
              352347.812,
              568454.186000001
            ],
            [
              353306.0485,
              568896.509
            ],
            [
              352590.094,
              569365.187000001
            ],
            [
              353743.905,
              570139.188999999
            ],
            [
              352087.5115,
              571127.3495
            ],
            [
              352007.812,
              572435.375
            ],
            [
              352571.5,
              572565.312000001
            ],
            [
              352804.187,
              573341.625
            ],
            [
              353224,
              573639.125
            ],
            [
              353908.313,
              573360.625
            ],
            [
              354422.187,
              574290.375
            ],
            [
              354893.094,
              574504.375
            ],
            [
              356448,
              574416.5
            ],
            [
              358100.187,
              574810.187000001
            ],
            [
              358862.687,
              576187.687000001
            ],
            [
              360578.406,
              578043.5
            ],
            [
              361481.812,
              578295.875
            ],
            [
              361629.812,
              578676.687999999
            ],
            [
              362875.095,
              578444.501
            ]
          ]
        ]
      },
      "properties": {
        "FID": 3823,
        "MSOA21CD": "E02003988",
        "MSOA21NM": "Carlisle 002",
        "MSOA21NMW": " ",
        "BNG_E": 359134,
        "BNG_N": 566120,
        "LAT": 54.98799,
        "LONG": -2.64018,
        "GlobalID": "65f5a7a2-fc8f-4de3-bc7b-159daca68a6f"
      }
    },
    {
      "type": "Feature",
      "id": 3824,
      "geometry": {
        "type": "Polygon",
        "coordinates": [
          [
            [
              340044.5,
              557299.833000001
            ],
            [
              339595.49,
              557399.307
            ],
            [
              339503.095,
              557766.999
            ],
            [
              338326.901,
              556504.689999999
            ],
            [
              338218,
              557834.625
            ],
            [
              338581,
              559827.994000001
            ],
            [
              338756.1825,
              559560.404999999
            ],
            [
              339515.5,
              559819.5
            ],
            [
              339850.307,
              559553.811000001
            ],
            [
              340207,
              557751
            ],
            [
              340044.5,
              557299.833000001
            ]
          ]
        ]
      },
      "properties": {
        "FID": 3824,
        "MSOA21CD": "E02003989",
        "MSOA21NM": "Carlisle 003",
        "MSOA21NMW": " ",
        "BNG_E": 339212,
        "BNG_N": 558487,
        "LAT": 54.91737,
        "LONG": -2.94985,
        "GlobalID": "051fe8ce-91b2-4029-8c04-7f7798b033d7"
      }
    },
    {
      "type": "Feature",
      "id": 3825,
      "geometry": {
        "type": "Polygon",
        "coordinates": [
          [
            [
              343627.014,
              554043.751
            ],
            [
              343048.304,
              554234.8802
            ],
            [
              343323.589,
              554900.875
            ],
            [
              342602.687,
              555060
            ],
            [
              343077.2645,
              555580.0064
            ],
            [
              342827.4087,
              555998.0287
            ],
            [
              342574.491,
              555737.562000001
            ],
            [
              342956,
              555585
            ],
            [
              342423,
              555212
            ],
            [
              342308.861,
              555624.177999999
            ],
            [
              341583.898,
              555615.546
            ],
            [
              341782.719,
              556138.125
            ],
            [
              340850.312,
              556374
            ],
            [
              340608.094,
              556951.812000001
            ],
            [
              339726.094,
              556593.376
            ],
            [
              339605.313,
              557022.623
            ],
            [
              340016,
              556804
            ],
            [
              340044.5,
              557299.833000001
            ],
            [
              340207,
              557751
            ],
            [
              339850.307,
              559553.811000001
            ],
            [
              339515.5,
              559819.5
            ],
            [
              338756.1825,
              559560.404999999
            ],
            [
              338581,
              559827.994000001
            ],
            [
              338218,
              557834.625
            ],
            [
              338326.901,
              556504.689999999
            ],
            [
              338315.3084,
              556503.615
            ],
            [
              338024.451,
              556515.612
            ],
            [
              337110.687,
              557273.187000001
            ],
            [
              337019.187,
              557982
            ],
            [
              337718.812,
              558063.812000001
            ],
            [
              337299.187,
              558567.125
            ],
            [
              335396.781,
              558781.187000001
            ],
            [
              335136.312,
              559175.812000001
            ],
            [
              335703.7619,
              560325.7908
            ],
            [
              335609.7006,
              560041.599199999
            ],
            [
              336292.0951,
              560592.401900001
            ],
            [
              336041.1563,
              560742.8983
            ],
            [
              336732.312,
              560628.687000001
            ],
            [
              336843.255,
              561032.469000001
            ],
            [
              339775.187,
              560538.693
            ],
            [
              339681.094,
              561612.616
            ],
            [
              340467.812,
              561671.187000001
            ],
            [
              341184.096,
              562172.186000001
            ],
            [
              342403.311,
              561863.624
            ],
            [
              342613,
              561228.812000001
            ],
            [
              343467.9021,
              561300.918099999
            ],
            [
              342998.466,
              559905.464
            ],
            [
              343604,
              559471
            ],
            [
              344624.685,
              559771.308
            ],
            [
              344639.922,
              559502.328
            ],
            [
              344153.223,
              559522.828
            ],
            [
              344187.273,
              559137.9178
            ],
            [
              343584.312,
              558909.625
            ],
            [
              344276.547,
              556766.460999999
            ],
            [
              344812.993,
              556682.392999999
            ],
            [
              344250.782,
              557694.885
            ],
            [
              344956.153,
              557402.028000001
            ],
            [
              345371,
              557888
            ],
            [
              346267.999,
              557459
            ],
            [
              346388.481,
              556838.037
            ],
            [
              345486.26,
              557190.695
            ],
            [
              344649,
              556335
            ],
            [
              343945.216,
              556216.602
            ],
            [
              345264.957,
              555490.778000001
            ],
            [
              345207,
              555123
            ],
            [
              344269.964,
              555237.402000001
            ],
            [
              344172.698,
              555016.876
            ],
            [
              344798.42,
              554683.936000001
            ],
            [
              344724.333,
              554252.183
            ],
            [
              343944.741,
              554938.426999999
            ],
            [
              343627.014,
              554043.751
            ]
          ]
        ]
      },
      "properties": {
        "FID": 3825,
        "MSOA21CD": "E02003990",
        "MSOA21NM": "Carlisle 004",
        "MSOA21NMW": " ",
        "BNG_E": 340739,
        "BNG_N": 559239,
        "LAT": 54.92431,
        "LONG": -2.92619,
        "GlobalID": "19d9ac6e-183a-4f74-ac34-9f8609c62950"
      }
    },
    {
      "type": "Feature",
      "id": 3826,
      "geometry": {
        "type": "MultiPolygon",
        "coordinates": [
          [
            [
              [
                328215.2989,
                559883.704399999
              ],
              [
                328241.1994,
                559832.6654
              ],
              [
                328150.4221,
                559877.8627
              ],
              [
                328215.2989,
                559883.704399999
              ]
            ]
          ],
          [
            [
              [
                332827.9999,
                561764.5001
              ],
              [
                332696.0032,
                561423.9035
              ],
              [
                333034.3998,
                561721.9998
              ],
              [
                333360.3951,
                561725.323100001
              ],
              [
                333566.094,
                561637
              ],
              [
                334515.551,
                561737.099099999
              ],
              [
                334712.4488,
                561739.1064
              ],
              [
                335427.9001,
                561746.399900001
              ],
              [
                335862.8992,
                560806.600099999
              ],
              [
                335732.9649,
                560414.0233
              ],
              [
                335703.7619,
                560325.7908
              ],
              [
                335136.312,
                559175.812000001
              ],
              [
                335396.781,
                558781.187000001
              ],
              [
                337299.187,
                558567.125
              ],
              [
                337718.812,
                558063.812000001
              ],
              [
                337019.187,
                557982
              ],
              [
                337110.687,
                557273.187000001
              ],
              [
                338024.451,
                556515.612
              ],
              [
                338027.597,
                555912.323000001
              ],
              [
                337426.913,
                555840.856000001
              ],
              [
                337643.102,
                555259.615
              ],
              [
                337222.248,
                555102.956
              ],
              [
                336607.78,
                554507.5175
              ],
              [
                336044.6942,
                554814.1164
              ],
              [
                335601.094,
                554049
              ],
              [
                336026.906,
                553274.687000001
              ],
              [
                336613.302,
                553017.384199999
              ],
              [
                334400.406,
                551341.499
              ],
              [
                334076.687,
                551157.125
              ],
              [
                331647.9314,
                551648.713
              ],
              [
                331796.219,
                552187.125
              ],
              [
                331399.3065,
                552366.112
              ],
              [
                332184.312,
                552477.687000001
              ],
              [
                332420.687,
                553096.5
              ],
              [
                331288.531,
                554003.028999999
              ],
              [
                332281.481,
                555176.806
              ],
              [
                332012.187,
                555499.875
              ],
              [
                331407.187,
                555521.187000001
              ],
              [
                330953.219,
                557188.625
              ],
              [
                329599.907,
                557148.193
              ],
              [
                329221.687,
                557676.187000001
              ],
              [
                328606.594,
                557161.187000001
              ],
              [
                327876.6684,
                557334.8006
              ],
              [
                328388.687,
                557858.375
              ],
              [
                328167.687,
                559170.312000001
              ],
              [
                328368.452,
                559581.9038
              ],
              [
                328392.3017,
                559534.905999999
              ],
              [
                328424.9116,
                559697.6526
              ],
              [
                328442.001,
                559732.687999999
              ],
              [
                328432.8451,
                559737.2466
              ],
              [
                328445.7998,
                559801.899900001
              ],
              [
                329593.9968,
                559853.0032
              ],
              [
                329331.7997,
                559871.799900001
              ],
              [
                329488.3508,
                560000.0262
              ],
              [
                329792.2,
                560248.9001
              ],
              [
                331359.1992,
                560802.1008
              ],
              [
                332012.6998,
                561696.200300001
              ],
              [
                332827.9999,
                561764.5001
              ]
            ]
          ]
        ]
      },
      "properties": {
        "FID": 3826,
        "MSOA21CD": "E02003991",
        "MSOA21NM": "Carlisle 005",
        "MSOA21NMW": " ",
        "BNG_E": 332983,
        "BNG_N": 556581,
        "LAT": 54.89945,
        "LONG": -3.04656,
        "GlobalID": "24d6190e-0e09-416e-8a44-03068310e13f"
      }
    },
    {
      "type": "Feature",
      "id": 3827,
      "geometry": {
        "type": "Polygon",
        "coordinates": [
          [
            [
              340044.5,
              557299.833000001
            ],
            [
              340016,
              556804
            ],
            [
              339605.313,
              557022.623
            ],
            [
              339726.094,
              556593.376
            ],
            [
              340608.094,
              556951.812000001
            ],
            [
              340850.312,
              556374
            ],
            [
              341782.719,
              556138.125
            ],
            [
              341583.898,
              555615.546
            ],
            [
              341474.966,
              555398.015000001
            ],
            [
              340682.755,
              555265.593
            ],
            [
              339727.036,
              555740.066
            ],
            [
              339485.001,
              555999.613
            ],
            [
              339387.9645,
              555514.533500001
            ],
            [
              338938,
              556243
            ],
            [
              338261.668,
              556304
            ],
            [
              338315.3084,
              556503.615
            ],
            [
              338326.901,
              556504.689999999
            ],
            [
              339503.095,
              557766.999
            ],
            [
              339595.49,
              557399.307
            ],
            [
              340044.5,
              557299.833000001
            ]
          ]
        ]
      },
      "properties": {
        "FID": 3827,
        "MSOA21CD": "E02003992",
        "MSOA21NM": "Carlisle 006",
        "MSOA21NMW": " ",
        "BNG_E": 339543,
        "BNG_N": 556503,
        "LAT": 54.89958,
        "LONG": -2.94427,
        "GlobalID": "fbe81f61-482e-4471-85dc-4b4307b7ab0f"
      }
    },
    {
      "type": "Feature",
      "id": 3828,
      "geometry": {
        "type": "Polygon",
        "coordinates": [
          [
            [
              349353.4608,
              567006.989600001
            ],
            [
              349974,
              566902.812000001
            ],
            [
              351106.781,
              565864.811000001
            ],
            [
              351272.998,
              564919.7545
            ],
            [
              351211.585,
              563573.429
            ],
            [
              350895.0965,
              563058.340500001
            ],
            [
              351112.596,
              562441.385
            ],
            [
              350760.094,
              562120.687000001
            ],
            [
              350556.906,
              560987
            ],
            [
              349262.1985,
              560339.1395
            ],
            [
              349624.094,
              559919.625
            ],
            [
              348997.5,
              559691.5
            ],
            [
              349257.093,
              558888.696
            ],
            [
              349753.1,
              559408.187999999
            ],
            [
              351211.095,
              559427.626
            ],
            [
              352221.594,
              559094.687000001
            ],
            [
              354062.5,
              557699.687000001
            ],
            [
              355512.2885,
              558250.6515
            ],
            [
              357056.5,
              557438.687000001
            ],
            [
              358190.307,
              557462.684
            ],
            [
              358067.998,
              556247.131999999
            ],
            [
              358946.094,
              556058
            ],
            [
              359512.906,
              555494.187000001
            ],
            [
              360573.594,
              555635.312000001
            ],
            [
              361257.655,
              554570.7128
            ],
            [
              362221.812,
              553383
            ],
            [
              363287.5,
              551122
            ],
            [
              362682.103,
              550272.412599999
            ],
            [
              361334.5,
              551115.875
            ],
            [
              358025.593,
              551304.182
            ],
            [
              357863.406,
              550714.125
            ],
            [
              357139.5,
              550230.125
            ],
            [
              356412,
              549154.876
            ],
            [
              356017.682,
              549451.4805
            ],
            [
              355055.597,
              548977.688999999
            ],
            [
              355774.094,
              547366.501
            ],
            [
              354751.217,
              547061.8895
            ],
            [
              354184.812,
              547465.875
            ],
            [
              353240.906,
              547332.625
            ],
            [
              351944.406,
              548511.625
            ],
            [
              351496.792,
              547818.6976
            ],
            [
              350817.5,
              547875.875
            ],
            [
              350416.407,
              547570.686000001
            ],
            [
              349785.5,
              547773.812000001
            ],
            [
              348732,
              547388.687000001
            ],
            [
              347570.965,
              548387.592
            ],
            [
              346805,
              548174.812000001
            ],
            [
              346253.312,
              549137.312000001
            ],
            [
              345583.6384,
              549028.3706
            ],
            [
              345434.094,
              550911.375
            ],
            [
              344456,
              552140.125
            ],
            [
              343627.014,
              554043.751
            ],
            [
              343944.741,
              554938.426999999
            ],
            [
              344724.333,
              554252.183
            ],
            [
              344798.42,
              554683.936000001
            ],
            [
              344172.698,
              555016.876
            ],
            [
              344269.964,
              555237.402000001
            ],
            [
              345207,
              555123
            ],
            [
              345264.957,
              555490.778000001
            ],
            [
              343945.216,
              556216.602
            ],
            [
              344649,
              556335
            ],
            [
              345486.26,
              557190.695
            ],
            [
              346388.481,
              556838.037
            ],
            [
              346267.999,
              557459
            ],
            [
              345371,
              557888
            ],
            [
              344956.153,
              557402.028000001
            ],
            [
              344250.782,
              557694.885
            ],
            [
              344812.993,
              556682.392999999
            ],
            [
              344276.547,
              556766.460999999
            ],
            [
              343584.312,
              558909.625
            ],
            [
              344187.273,
              559137.9178
            ],
            [
              344153.223,
              559522.828
            ],
            [
              344639.922,
              559502.328
            ],
            [
              344624.685,
              559771.308
            ],
            [
              343604,
              559471
            ],
            [
              342998.466,
              559905.464
            ],
            [
              343467.9021,
              561300.918099999
            ],
            [
              342613,
              561228.812000001
            ],
            [
              342403.311,
              561863.624
            ],
            [
              341184.096,
              562172.186000001
            ],
            [
              341613.31,
              563042.694
            ],
            [
              344409.094,
              564436.187000001
            ],
            [
              345682.683,
              565575.119999999
            ],
            [
              346608.096,
              564936.001
            ],
            [
              347720.094,
              565399.625
            ],
            [
              347683.406,
              565938.625
            ],
            [
              348285.219,
              566495
            ],
            [
              348266.095,
              567147.375
            ],
            [
              349353.4608,
              567006.989600001
            ]
          ]
        ]
      },
      "properties": {
        "FID": 3828,
        "MSOA21CD": "E02003993",
        "MSOA21NM": "Carlisle 007",
        "MSOA21NMW": " ",
        "BNG_E": 352248,
        "BNG_N": 557143,
        "LAT": 54.90671,
        "LONG": -2.74628,
        "GlobalID": "db658813-eef6-456d-8e7b-be6193f888b5"
      }
    },
    {
      "type": "Feature",
      "id": 3829,
      "geometry": {
        "type": "Polygon",
        "coordinates": [
          [
            [
              339727.036,
              555740.066
            ],
            [
              339411.18,
              554912.196
            ],
            [
              339685,
              554631
            ],
            [
              339022,
              554498
            ],
            [
              339341.654,
              553439.640000001
            ],
            [
              338422.02,
              553620.219799999
            ],
            [
              338787.226,
              554304.032
            ],
            [
              338199,
              554769
            ],
            [
              338520.866,
              554722.778000001
            ],
            [
              338937.237,
              555199.237
            ],
            [
              339009.95,
              554838.387499999
            ],
            [
              339232.091,
              555219.378
            ],
            [
              338649.663,
              555783.601
            ],
            [
              338311.219,
              555739.625
            ],
            [
              338261.668,
              556304
            ],
            [
              338938,
              556243
            ],
            [
              339387.9645,
              555514.533500001
            ],
            [
              339485.001,
              555999.613
            ],
            [
              339727.036,
              555740.066
            ]
          ]
        ]
      },
      "properties": {
        "FID": 3829,
        "MSOA21CD": "E02003994",
        "MSOA21NM": "Carlisle 008",
        "MSOA21NMW": " ",
        "BNG_E": 338989,
        "BNG_N": 554837,
        "LAT": 54.88455,
        "LONG": -2.95255,
        "GlobalID": "2fca6d7a-04d4-41d5-a08c-e14f4f58d3a6"
      }
    },
    {
      "type": "Feature",
      "id": 3830,
      "geometry": {
        "type": "Polygon",
        "coordinates": [
          [
            [
              338315.3084,
              556503.615
            ],
            [
              338261.668,
              556304
            ],
            [
              338311.219,
              555739.625
            ],
            [
              338649.663,
              555783.601
            ],
            [
              339232.091,
              555219.378
            ],
            [
              339009.95,
              554838.387499999
            ],
            [
              338937.237,
              555199.237
            ],
            [
              338520.866,
              554722.778000001
            ],
            [
              338199,
              554769
            ],
            [
              338787.226,
              554304.032
            ],
            [
              338422.02,
              553620.219799999
            ],
            [
              337621.661,
              554082.014799999
            ],
            [
              338152.644,
              554967.685000001
            ],
            [
              337955.966,
              555242.077
            ],
            [
              337410,
              554885
            ],
            [
              337222.248,
              555102.956
            ],
            [
              337643.102,
              555259.615
            ],
            [
              337426.913,
              555840.856000001
            ],
            [
              338027.597,
              555912.323000001
            ],
            [
              338024.451,
              556515.612
            ],
            [
              338315.3084,
              556503.615
            ]
          ]
        ]
      },
      "properties": {
        "FID": 3830,
        "MSOA21CD": "E02003995",
        "MSOA21NM": "Carlisle 009",
        "MSOA21NMW": " ",
        "BNG_E": 338204,
        "BNG_N": 555636,
        "LAT": 54.89163,
        "LONG": -2.96496,
        "GlobalID": "5690275b-476a-4a7d-a23b-d869b6765b4d"
      }
    },
    {
      "type": "Feature",
      "id": 3831,
      "geometry": {
        "type": "Polygon",
        "coordinates": [
          [
            [
              341474.966,
              555398.015000001
            ],
            [
              341375.097,
              554956
            ],
            [
              342013.969,
              554966.426000001
            ],
            [
              341606.2468,
              553722.402000001
            ],
            [
              341368.844,
              553632.593499999
            ],
            [
              341029.402,
              554375.309
            ],
            [
              340485.093,
              554076.183499999
            ],
            [
              340014.27,
              554637.1
            ],
            [
              339894.812,
              553982.884
            ],
            [
              339563.192,
              554043.687999999
            ],
            [
              339341.654,
              553439.640000001
            ],
            [
              339022,
              554498
            ],
            [
              339685,
              554631
            ],
            [
              339411.18,
              554912.196
            ],
            [
              339727.036,
              555740.066
            ],
            [
              340682.755,
              555265.593
            ],
            [
              341474.966,
              555398.015000001
            ]
          ]
        ]
      },
      "properties": {
        "FID": 3831,
        "MSOA21CD": "E02003996",
        "MSOA21NM": "Carlisle 010",
        "MSOA21NMW": " ",
        "BNG_E": 340965,
        "BNG_N": 554590,
        "LAT": 54.88257,
        "LONG": -2.92171,
        "GlobalID": "84a05ddf-c7b6-4534-98a5-b7a0964805b3"
      }
    },
    {
      "type": "Feature",
      "id": 3832,
      "geometry": {
        "type": "Polygon",
        "coordinates": [
          [
            [
              343048.304,
              554234.8802
            ],
            [
              342583.771,
              553748.001
            ],
            [
              342073.222,
              553869.033
            ],
            [
              342203.423,
              553576.505000001
            ],
            [
              341983.38,
              553787.672
            ],
            [
              342216.091,
              553508.620999999
            ],
            [
              341906.1162,
              553193.2574
            ],
            [
              341662.638,
              553513.540999999
            ],
            [
              341888.4435,
              553755.846999999
            ],
            [
              341606.2468,
              553722.402000001
            ],
            [
              342013.969,
              554966.426000001
            ],
            [
              341375.097,
              554956
            ],
            [
              341474.966,
              555398.015000001
            ],
            [
              341583.898,
              555615.546
            ],
            [
              342308.861,
              555624.177999999
            ],
            [
              342423,
              555212
            ],
            [
              342956,
              555585
            ],
            [
              342574.491,
              555737.562000001
            ],
            [
              342827.4087,
              555998.0287
            ],
            [
              343077.2645,
              555580.0064
            ],
            [
              342602.687,
              555060
            ],
            [
              343323.589,
              554900.875
            ],
            [
              343048.304,
              554234.8802
            ]
          ]
        ]
      },
      "properties": {
        "FID": 3832,
        "MSOA21CD": "E02003997",
        "MSOA21NM": "Carlisle 011",
        "MSOA21NMW": " ",
        "BNG_E": 342554,
        "BNG_N": 554577,
        "LAT": 54.88264,
        "LONG": -2.89694,
        "GlobalID": "12b9e03e-cc5f-4ab7-8152-10b27a0aff26"
      }
    },
    {
      "type": "Feature",
      "id": 3833,
      "geometry": {
        "type": "Polygon",
        "coordinates": [
          [
            [
              341606.2468,
              553722.402000001
            ],
            [
              341888.4435,
              553755.846999999
            ],
            [
              341662.638,
              553513.540999999
            ],
            [
              341906.1162,
              553193.2574
            ],
            [
              340777.598,
              552954.125
            ],
            [
              340800.031,
              553255.1765
            ],
            [
              340125.462,
              553482.352
            ],
            [
              339894.812,
              553982.884
            ],
            [
              340014.27,
              554637.1
            ],
            [
              340485.093,
              554076.183499999
            ],
            [
              341029.402,
              554375.309
            ],
            [
              341368.844,
              553632.593499999
            ],
            [
              341606.2468,
              553722.402000001
            ]
          ]
        ]
      },
      "properties": {
        "FID": 3833,
        "MSOA21CD": "E02003998",
        "MSOA21NM": "Carlisle 012",
        "MSOA21NMW": " ",
        "BNG_E": 340921,
        "BNG_N": 553636,
        "LAT": 54.87399,
        "LONG": -2.9222,
        "GlobalID": "be93c29e-e971-48c5-b861-39dfaad29e58"
      }
    },
    {
      "type": "Feature",
      "id": 3834,
      "geometry": {
        "type": "Polygon",
        "coordinates": [
          [
            [
              338422.02,
              553620.219799999
            ],
            [
              339341.654,
              553439.640000001
            ],
            [
              339563.192,
              554043.687999999
            ],
            [
              339894.812,
              553982.884
            ],
            [
              340125.462,
              553482.352
            ],
            [
              340800.031,
              553255.1765
            ],
            [
              340777.598,
              552954.125
            ],
            [
              341906.1162,
              553193.2574
            ],
            [
              342216.091,
              553508.620999999
            ],
            [
              341983.38,
              553787.672
            ],
            [
              342203.423,
              553576.505000001
            ],
            [
              342073.222,
              553869.033
            ],
            [
              342583.771,
              553748.001
            ],
            [
              343048.304,
              554234.8802
            ],
            [
              343627.014,
              554043.751
            ],
            [
              344456,
              552140.125
            ],
            [
              345434.094,
              550911.375
            ],
            [
              345583.6384,
              549028.3706
            ],
            [
              344665.407,
              549499.812000001
            ],
            [
              344150.312,
              549230
            ],
            [
              344079.812,
              548543.187000001
            ],
            [
              343463.686,
              547983.812000001
            ],
            [
              341795.002,
              547833.807
            ],
            [
              341974.597,
              546836.616
            ],
            [
              340897.9065,
              546426.34
            ],
            [
              340980.998,
              546066.692
            ],
            [
              339989.815,
              544629.881999999
            ],
            [
              340224.184,
              544537.810000001
            ],
            [
              339336.812,
              543646.625
            ],
            [
              338216.4805,
              543058.523
            ],
            [
              337864.812,
              543205
            ],
            [
              337746.5,
              542900.374
            ],
            [
              336774.3174,
              542804.1578
            ],
            [
              336347,
              543397.812000001
            ],
            [
              336877.684,
              543898.884
            ],
            [
              336576.687,
              544761.5
            ],
            [
              335197.594,
              544486.380000001
            ],
            [
              335698.187,
              545499.876
            ],
            [
              335046.001,
              545852.875
            ],
            [
              334456.406,
              545363.375
            ],
            [
              334092.094,
              545630.125
            ],
            [
              334270.999,
              546671.384
            ],
            [
              333897.812,
              547119.187000001
            ],
            [
              333879.187,
              548479.812000001
            ],
            [
              332815.9592,
              549243.014
            ],
            [
              334010.594,
              549922.812000001
            ],
            [
              334540.906,
              550746.187000001
            ],
            [
              334400.406,
              551341.499
            ],
            [
              336613.302,
              553017.384199999
            ],
            [
              336026.906,
              553274.687000001
            ],
            [
              335601.094,
              554049
            ],
            [
              336044.6942,
              554814.1164
            ],
            [
              336607.78,
              554507.5175
            ],
            [
              337222.248,
              555102.956
            ],
            [
              337410,
              554885
            ],
            [
              337955.966,
              555242.077
            ],
            [
              338152.644,
              554967.685000001
            ],
            [
              337621.661,
              554082.014799999
            ],
            [
              338422.02,
              553620.219799999
            ]
          ]
        ]
      },
      "properties": {
        "FID": 3834,
        "MSOA21CD": "E02003999",
        "MSOA21NM": "Carlisle 013",
        "MSOA21NMW": " ",
        "BNG_E": 338677,
        "BNG_N": 549023,
        "LAT": 54.83227,
        "LONG": -2.95618,
        "GlobalID": "e4dba942-f9ab-4c41-83f4-3a60f7bdfa08"
      }
    },
    {
      "type": "Feature",
      "id": 3835,
      "geometry": {
        "type": "Polygon",
        "coordinates": [
          [
            [
              303070.5074,
              523823.1578
            ],
            [
              303890.094,
              523494.094000001
            ],
            [
              304103.6438,
              521994.488
            ],
            [
              302237.281,
              521261
            ],
            [
              301170.812,
              518763.594000001
            ],
            [
              300563.687,
              518552
            ],
            [
              300250.219,
              517950
            ],
            [
              300441.709,
              517726.308
            ],
            [
              300094.312,
              517741.093
            ],
            [
              300165.906,
              518480.094000001
            ],
            [
              299660.5994,
              519510.1072
            ],
            [
              297818.411,
              519843.598999999
            ],
            [
              297650.7946,
              519937.124
            ],
            [
              297660.386,
              519966.0307
            ],
            [
              297671.6697,
              520000.037699999
            ],
            [
              297930.2999,
              520779.499
            ],
            [
              297821.3983,
              522892.703
            ],
            [
              298505.9893,
              523971.8037
            ],
            [
              298506.8387,
              523981.9341
            ],
            [
              299681.9725,
              523472.024
            ],
            [
              300344.687,
              524671.875
            ],
            [
              300812.812,
              524162.687000001
            ],
            [
              302381.187,
              524367.5
            ],
            [
              303070.5074,
              523823.1578
            ]
          ]
        ]
      },
      "properties": {
        "FID": 3835,
        "MSOA21CD": "E02004000",
        "MSOA21NM": "Copeland 001",
        "MSOA21NMW": " ",
        "BNG_E": 300878,
        "BNG_N": 521450,
        "LAT": 54.57851,
        "LONG": -3.53504,
        "GlobalID": "e34530da-2387-4510-81df-328392fb5399"
      }
    },
    {
      "type": "Feature",
      "id": 3836,
      "geometry": {
        "type": "Polygon",
        "coordinates": [
          [
            [
              297818.411,
              519843.598999999
            ],
            [
              298040.281,
              519239.73
            ],
            [
              297812.453,
              518939.5
            ],
            [
              297389.886,
              518998.068
            ],
            [
              298193.169,
              518804.478
            ],
            [
              297859.906,
              518322.905999999
            ],
            [
              298389.362,
              516830.8192
            ],
            [
              297840.287,
              516875.408
            ],
            [
              297186.806,
              517905.806
            ],
            [
              296600.0763,
              518135.051899999
            ],
            [
              296602.5969,
              518144.6021
            ],
            [
              296638.5592,
              518380.9465
            ],
            [
              296732.7724,
              518550.029999999
            ],
            [
              296769.1201,
              518565.2049
            ],
            [
              297024.0001,
              518161.699999999
            ],
            [
              297187.6137,
              518434.0766
            ],
            [
              297268.6001,
              518568.8993
            ],
            [
              297115.8024,
              518588.494999999
            ],
            [
              296976.1557,
              518642.983200001
            ],
            [
              296992.6969,
              518649.1973
            ],
            [
              297156.599,
              518603.300799999
            ],
            [
              297647.4028,
              519926.901900001
            ],
            [
              297650.7946,
              519937.124
            ],
            [
              297818.411,
              519843.598999999
            ]
          ]
        ]
      },
      "properties": {
        "FID": 3836,
        "MSOA21CD": "E02004001",
        "MSOA21NM": "Copeland 002",
        "MSOA21NMW": " ",
        "BNG_E": 297503,
        "BNG_N": 518148,
        "LAT": 54.54818,
        "LONG": -3.58608,
        "GlobalID": "caa60112-d03c-4c8a-a820-073951558618"
      }
    },
    {
      "type": "Feature",
      "id": 3837,
      "geometry": {
        "type": "Polygon",
        "coordinates": [
          [
            [
              300094.312,
              517741.093
            ],
            [
              299105.097,
              515998.289000001
            ],
            [
              298801.7774,
              515507.6876
            ],
            [
              298389.362,
              516830.8192
            ],
            [
              297859.906,
              518322.905999999
            ],
            [
              298193.169,
              518804.478
            ],
            [
              297389.886,
              518998.068
            ],
            [
              297812.453,
              518939.5
            ],
            [
              298040.281,
              519239.73
            ],
            [
              297818.411,
              519843.598999999
            ],
            [
              299660.5994,
              519510.1072
            ],
            [
              300165.906,
              518480.094000001
            ],
            [
              300094.312,
              517741.093
            ]
          ]
        ]
      },
      "properties": {
        "FID": 3837,
        "MSOA21CD": "E02004002",
        "MSOA21NM": "Copeland 003",
        "MSOA21NMW": " ",
        "BNG_E": 298791,
        "BNG_N": 517553,
        "LAT": 54.54309,
        "LONG": -3.56597,
        "GlobalID": "90b15f38-c63d-4077-ad92-84a3e7ce426d"
      }
    },
    {
      "type": "Feature",
      "id": 3838,
      "geometry": {
        "type": "Polygon",
        "coordinates": [
          [
            [
              308407.6056,
              522601.893200001
            ],
            [
              309093.687,
              522153.812000001
            ],
            [
              310049.8435,
              522092.432499999
            ],
            [
              310505.5,
              521028.344000001
            ],
            [
              311004.312,
              520955.405999999
            ],
            [
              311066.999,
              519698.905999999
            ],
            [
              311848.906,
              518131.594000001
            ],
            [
              311720.517,
              517456.182
            ],
            [
              312028.906,
              517351.594000001
            ],
            [
              312399.782,
              516423
            ],
            [
              313389.687,
              516376.687000001
            ],
            [
              314900,
              515522.405999999
            ],
            [
              315595.594,
              515767.501
            ],
            [
              318655.5,
              513332.187000001
            ],
            [
              319811.195,
              513025.445
            ],
            [
              320237.312,
              512371.5
            ],
            [
              320787.692,
              512580.209000001
            ],
            [
              321494.864,
              511928.6084
            ],
            [
              321633.406,
              510990.187000001
            ],
            [
              321097.906,
              510314.096000001
            ],
            [
              320801.312,
              510723.280999999
            ],
            [
              319496.69,
              510485.408
            ],
            [
              318991.406,
              511656.094000001
            ],
            [
              317111.094,
              512096.594000001
            ],
            [
              316662.813,
              511629.687000001
            ],
            [
              314488.506,
              510716.642999999
            ],
            [
              313459.594,
              511027.312000001
            ],
            [
              311505.906,
              508902.593
            ],
            [
              311469.808,
              508134.809
            ],
            [
              309817.3605,
              507250.103499999
            ],
            [
              309039.999,
              507319.691
            ],
            [
              308852.9545,
              509123.2985
            ],
            [
              307086.906,
              509373.312000001
            ],
            [
              306523.094,
              509014.780999999
            ],
            [
              306487.906,
              510000.094000001
            ],
            [
              305524.3008,
              510103.730599999
            ],
            [
              306111.799,
              512043.055500001
            ],
            [
              305646.715,
              512495.091
            ],
            [
              304368.906,
              512183.812000001
            ],
            [
              304213.094,
              512453
            ],
            [
              303048.31,
              512559.498
            ],
            [
              301801.312,
              512133.001
            ],
            [
              301452.4244,
              511699.158600001
            ],
            [
              301118.999,
              512346.905999999
            ],
            [
              301290.312,
              513174.094000001
            ],
            [
              300597.5,
              513914
            ],
            [
              300861.687,
              514293.905999999
            ],
            [
              300708.719,
              515200.094000001
            ],
            [
              299105.097,
              515998.289000001
            ],
            [
              300094.312,
              517741.093
            ],
            [
              300441.709,
              517726.308
            ],
            [
              300250.219,
              517950
            ],
            [
              300563.687,
              518552
            ],
            [
              301170.812,
              518763.594000001
            ],
            [
              302237.281,
              521261
            ],
            [
              304103.6438,
              521994.488
            ],
            [
              304368.687,
              521672.905999999
            ],
            [
              305610.781,
              521927.187000001
            ],
            [
              306625.687,
              521666
            ],
            [
              307451.953,
              523421.596000001
            ],
            [
              308407.6056,
              522601.893200001
            ]
          ]
        ]
      },
      "properties": {
        "FID": 3838,
        "MSOA21CD": "E02004003",
        "MSOA21NM": "Copeland 004",
        "MSOA21NMW": " ",
        "BNG_E": 308044,
        "BNG_N": 515336,
        "LAT": 54.52494,
        "LONG": -3.4223,
        "GlobalID": "558d4c58-98eb-41c8-ad55-7384b305fecc"
      }
    },
    {
      "type": "Feature",
      "id": 3839,
      "geometry": {
        "type": "Polygon",
        "coordinates": [
          [
            [
              298389.362,
              516830.8192
            ],
            [
              298801.7774,
              515507.6876
            ],
            [
              298695.7114,
              515157.835000001
            ],
            [
              298478.406,
              514326.093
            ],
            [
              297077.596,
              514309.687000001
            ],
            [
              296964.3055,
              512516.566
            ],
            [
              295335.812,
              512688.503
            ],
            [
              295125.687,
              513760.905999999
            ],
            [
              295499.312,
              514707.780999999
            ],
            [
              294722.9834,
              515096.3596
            ],
            [
              294833.1985,
              515142.001599999
            ],
            [
              295583.6595,
              515568.1612
            ],
            [
              295663.4999,
              515613.499700001
            ],
            [
              295980.038,
              516156.466
            ],
            [
              296039.6,
              516238.9
            ],
            [
              296048.1633,
              516273.3233
            ],
            [
              296158.7923,
              516463.088199999
            ],
            [
              296600.0763,
              518135.051899999
            ],
            [
              297186.806,
              517905.806
            ],
            [
              297840.287,
              516875.408
            ],
            [
              298389.362,
              516830.8192
            ]
          ]
        ]
      },
      "properties": {
        "FID": 3839,
        "MSOA21CD": "E02004004",
        "MSOA21NM": "Copeland 005",
        "MSOA21NMW": " ",
        "BNG_E": 296818,
        "BNG_N": 515338,
        "LAT": 54.5228,
        "LONG": -3.59568,
        "GlobalID": "eda6e1da-75bd-41f3-af9d-0a1e8ecfc4cf"
      }
    },
    {
      "type": "Feature",
      "id": 3840,
      "geometry": {
        "type": "Polygon",
        "coordinates": [
          [
            [
              301452.4244,
              511699.158600001
            ],
            [
              301263.5,
              511190.312000001
            ],
            [
              301598.1445,
              510049.185000001
            ],
            [
              300680.0655,
              510191.265000001
            ],
            [
              300385.847,
              509186.226
            ],
            [
              300071.812,
              509264.405999999
            ],
            [
              299683.606,
              507821.8265
            ],
            [
              299378.906,
              509244.5
            ],
            [
              298429.594,
              510274
            ],
            [
              298783.313,
              510885.687000001
            ],
            [
              298788.594,
              511951.719000001
            ],
            [
              299499.999,
              512304.904999999
            ],
            [
              299657.781,
              512890.594000001
            ],
            [
              299131.503,
              513651.809
            ],
            [
              299424.281,
              513881.812000001
            ],
            [
              299229.594,
              514118.905999999
            ],
            [
              299523.5708,
              514166.9904
            ],
            [
              298695.7114,
              515157.835000001
            ],
            [
              298801.7774,
              515507.6876
            ],
            [
              299105.097,
              515998.289000001
            ],
            [
              300708.719,
              515200.094000001
            ],
            [
              300861.687,
              514293.905999999
            ],
            [
              300597.5,
              513914
            ],
            [
              301290.312,
              513174.094000001
            ],
            [
              301118.999,
              512346.905999999
            ],
            [
              301452.4244,
              511699.158600001
            ]
          ]
        ]
      },
      "properties": {
        "FID": 3840,
        "MSOA21CD": "E02004005",
        "MSOA21NM": "Copeland 006",
        "MSOA21NMW": " ",
        "BNG_E": 300014,
        "BNG_N": 512293,
        "LAT": 54.49608,
        "LONG": -3.54529,
        "GlobalID": "1f471656-c3cc-4fe5-a0c1-d5f3e6bcde05"
      }
    },
    {
      "type": "Feature",
      "id": 3841,
      "geometry": {
        "type": "Polygon",
        "coordinates": [
          [
            [
              301452.4244,
              511699.158600001
            ],
            [
              301801.312,
              512133.001
            ],
            [
              303048.31,
              512559.498
            ],
            [
              304213.094,
              512453
            ],
            [
              304368.906,
              512183.812000001
            ],
            [
              305646.715,
              512495.091
            ],
            [
              306111.799,
              512043.055500001
            ],
            [
              305524.3008,
              510103.730599999
            ],
            [
              306487.906,
              510000.094000001
            ],
            [
              306523.094,
              509014.780999999
            ],
            [
              307086.906,
              509373.312000001
            ],
            [
              308852.9545,
              509123.2985
            ],
            [
              309039.999,
              507319.691
            ],
            [
              309817.3605,
              507250.103499999
            ],
            [
              311469.808,
              508134.809
            ],
            [
              311505.906,
              508902.593
            ],
            [
              313459.594,
              511027.312000001
            ],
            [
              314488.506,
              510716.642999999
            ],
            [
              316662.813,
              511629.687000001
            ],
            [
              317111.094,
              512096.594000001
            ],
            [
              318991.406,
              511656.094000001
            ],
            [
              319496.69,
              510485.408
            ],
            [
              320801.312,
              510723.280999999
            ],
            [
              321097.906,
              510314.096000001
            ],
            [
              322331.095,
              509358.312000001
            ],
            [
              322760.188,
              508206.5
            ],
            [
              323326.188,
              508098.403999999
            ],
            [
              323924.906,
              507214.187000001
            ],
            [
              324427.102,
              507150.966
            ],
            [
              324471.187,
              506444.187000001
            ],
            [
              324804.594,
              506357.5
            ],
            [
              324959.406,
              505814.094000001
            ],
            [
              324981.4744,
              504603.7984
            ],
            [
              323395,
              503980.187000001
            ],
            [
              323441.187,
              502620.094000001
            ],
            [
              322921.5,
              501817.094000001
            ],
            [
              323113.594,
              501493.186000001
            ],
            [
              322060.594,
              500095.594000001
            ],
            [
              320033.594,
              498535.999
            ],
            [
              319305.501,
              497108
            ],
            [
              317462,
              496593.187000001
            ],
            [
              316095.594,
              496937
            ],
            [
              315410.689,
              496724.311000001
            ],
            [
              314838,
              497734.5
            ],
            [
              313932.697,
              498309.809
            ],
            [
              314511.406,
              498758.594000001
            ],
            [
              314436.187,
              499431.187000001
            ],
            [
              313440.6694,
              500219.454
            ],
            [
              312641.312,
              499503.312000001
            ],
            [
              311307.5,
              499588.905999999
            ],
            [
              310682.593,
              498550.187000001
            ],
            [
              309692.594,
              498151.219000001
            ],
            [
              308849,
              497131.187000001
            ],
            [
              308798.4598,
              497140.659700001
            ],
            [
              308801.1304,
              497142.678099999
            ],
            [
              308852.1003,
              497181.1998
            ],
            [
              308832.7233,
              497185.961999999
            ],
            [
              308126.6033,
              497359.501800001
            ],
            [
              308335.4013,
              496717.795399999
            ],
            [
              307649.9991,
              496947.5995
            ],
            [
              307172.3,
              496521.8013
            ],
            [
              307969.5019,
              496228.6954
            ],
            [
              307968.4991,
              495745.600199999
            ],
            [
              307342.0033,
              495106.196799999
            ],
            [
              306791.7998,
              495152.6998
            ],
            [
              304390.5023,
              498776.1962
            ],
            [
              304212.6424,
              499994.946599999
            ],
            [
              304209.284,
              499999.9932
            ],
            [
              302766.7035,
              502167.6954
            ],
            [
              302668.3741,
              502280.4648
            ],
            [
              302641.4001,
              502311.4
            ],
            [
              300000.0041,
              505903.671800001
            ],
            [
              298995.5923,
              507269.661699999
            ],
            [
              297827.1005,
              508858.798699999
            ],
            [
              296889.7999,
              510808.0002
            ],
            [
              295939.3001,
              511813.6
            ],
            [
              295189.8963,
              511825.200999999
            ],
            [
              294738.1,
              513068.495100001
            ],
            [
              294232.5063,
              513596.3686
            ],
            [
              294159.2744,
              513740.986500001
            ],
            [
              294007.1001,
              514799.899599999
            ],
            [
              294722.9834,
              515096.3596
            ],
            [
              295499.312,
              514707.780999999
            ],
            [
              295125.687,
              513760.905999999
            ],
            [
              295335.812,
              512688.503
            ],
            [
              296964.3055,
              512516.566
            ],
            [
              297077.596,
              514309.687000001
            ],
            [
              298478.406,
              514326.093
            ],
            [
              298695.7114,
              515157.835000001
            ],
            [
              299523.5708,
              514166.9904
            ],
            [
              299229.594,
              514118.905999999
            ],
            [
              299424.281,
              513881.812000001
            ],
            [
              299131.503,
              513651.809
            ],
            [
              299657.781,
              512890.594000001
            ],
            [
              299499.999,
              512304.904999999
            ],
            [
              298788.594,
              511951.719000001
            ],
            [
              298783.313,
              510885.687000001
            ],
            [
              298429.594,
              510274
            ],
            [
              299378.906,
              509244.5
            ],
            [
              299683.606,
              507821.8265
            ],
            [
              300071.812,
              509264.405999999
            ],
            [
              300385.847,
              509186.226
            ],
            [
              300680.0655,
              510191.265000001
            ],
            [
              301598.1445,
              510049.185000001
            ],
            [
              301263.5,
              511190.312000001
            ],
            [
              301452.4244,
              511699.158600001
            ]
          ]
        ]
      },
      "properties": {
        "FID": 3841,
        "MSOA21CD": "E02004006",
        "MSOA21NM": "Copeland 007",
        "MSOA21NMW": " ",
        "BNG_E": 312835,
        "BNG_N": 505074,
        "LAT": 54.43359,
        "LONG": -3.34527,
        "GlobalID": "ffa4fd91-01be-48d0-a9c4-d8eedffa7532"
      }
    },
    {
      "type": "Feature",
      "id": 3842,
      "geometry": {
        "type": "MultiPolygon",
        "coordinates": [
          [
            [
              [
                320073.5397,
                485638.0406
              ],
              [
                320056.1216,
                485606.306
              ],
              [
                320037,
                485611.5002
              ],
              [
                320073.5397,
                485638.0406
              ]
            ]
          ],
          [
            [
              [
                320356.406,
                486153.405999999
              ],
              [
                320127.1154,
                485735.6524
              ],
              [
                320235.9484,
                486405.331
              ],
              [
                320356.406,
                486153.405999999
              ]
            ]
          ],
          [
            [
              [
                326389.5,
                503532.219000001
              ],
              [
                326858.784,
                503485.597999999
              ],
              [
                327176.904,
                504145.402000001
              ],
              [
                327755.094,
                503522.312000001
              ],
              [
                327721.5633,
                502747.1439
              ],
              [
                324847.687,
                501919.594000001
              ],
              [
                324113.906,
                501128.187000001
              ],
              [
                323952.501,
                499911.312000001
              ],
              [
                323364.906,
                499460.594000001
              ],
              [
                323383.807,
                498404.081
              ],
              [
                322839.687,
                497624.5
              ],
              [
                322458.5,
                496081.312000001
              ],
              [
                321644.405,
                495940.094000001
              ],
              [
                320883,
                495067.094000001
              ],
              [
                320876,
                494068.812000001
              ],
              [
                319325.9595,
                492704.685000001
              ],
              [
                319467.312,
                491999.279999999
              ],
              [
                320020.781,
                491708
              ],
              [
                319509.187,
                489417.280999999
              ],
              [
                320298.5449,
                487538.235400001
              ],
              [
                320151.8023,
                487587.299000001
              ],
              [
                320359.8005,
                487350.2969
              ],
              [
                320312.195,
                487110.112500001
              ],
              [
                320161.187,
                486561.687000001
              ],
              [
                320191.0967,
                486499.1339
              ],
              [
                320106.1002,
                486070.3002
              ],
              [
                320000.01,
                485899.0101
              ],
              [
                319834.2011,
                485631.300100001
              ],
              [
                319793.4527,
                485820.763
              ],
              [
                319733.7035,
                485640.7962
              ],
              [
                320000.0047,
                485268.4475
              ],
              [
                320420.4998,
                484680.5013
              ],
              [
                320000.0025,
                484486.899800001
              ],
              [
                320345.9992,
                484193.200200001
              ],
              [
                320219.8002,
                483372.9999
              ],
              [
                320000.0171,
                483116.232000001
              ],
              [
                319930.4003,
                483034.9002
              ],
              [
                319935.5008,
                483503.599400001
              ],
              [
                319634.9002,
                482547.6998
              ],
              [
                319489.3034,
                482985.896199999
              ],
              [
                319381.4002,
                482698.6993
              ],
              [
                319562.7998,
                482447.399900001
              ],
              [
                319048.3001,
                482751.5999
              ],
              [
                319710.4999,
                482152.299799999
              ],
              [
                319408.9965,
                481799.595699999
              ],
              [
                319497.2,
                482056.3002
              ],
              [
                318892.6002,
                482506.702199999
              ],
              [
                319414.8011,
                482044.695599999
              ],
              [
                319040.8001,
                481775.900699999
              ],
              [
                318971.4656,
                481880.841
              ],
              [
                318841.3989,
                481568.8002
              ],
              [
                318767.1026,
                481968.498199999
              ],
              [
                318527.9998,
                481181.4999
              ],
              [
                318512.4985,
                482105.388699999
              ],
              [
                318333.5559,
                481105.5375
              ],
              [
                318260.6,
                480875.399700001
              ],
              [
                318170.7,
                480618.9999
              ],
              [
                318489.2013,
                480733.600500001
              ],
              [
                318586.0997,
                480033.301000001
              ],
              [
                318616.9965,
                479999.970699999
              ],
              [
                319260.2999,
                479305.9998
              ],
              [
                318277.4031,
                478044.8005
              ],
              [
                317314.3999,
                477893.5999
              ],
              [
                316731.8152,
                478330.091499999
              ],
              [
                316084.8023,
                478684.497400001
              ],
              [
                315887.2006,
                477985.0989
              ],
              [
                314335.1007,
                477774.098999999
              ],
              [
                313324.899,
                478658.6042
              ],
              [
                312584.7796,
                479999.998199999
              ],
              [
                311127.1,
                482641.9002
              ],
              [
                309265.8976,
                485203.4014
              ],
              [
                307825.5019,
                488196.004799999
              ],
              [
                307494.4998,
                489514.600199999
              ],
              [
                307973.2998,
                490699.499700001
              ],
              [
                307434.8998,
                493506.200300001
              ],
              [
                307612.598,
                494734.403200001
              ],
              [
                308448.4994,
                495895.2004
              ],
              [
                308303.3032,
                494527.5024
              ],
              [
                308787.9986,
                494506.4991
              ],
              [
                308368.9001,
                496667.999700001
              ],
              [
                308575.2998,
                496972.001399999
              ],
              [
                308798.4598,
                497140.659700001
              ],
              [
                308849,
                497131.187000001
              ],
              [
                309692.594,
                498151.219000001
              ],
              [
                310682.593,
                498550.187000001
              ],
              [
                311307.5,
                499588.905999999
              ],
              [
                312641.312,
                499503.312000001
              ],
              [
                313440.6694,
                500219.454
              ],
              [
                314436.187,
                499431.187000001
              ],
              [
                314511.406,
                498758.594000001
              ],
              [
                313932.697,
                498309.809
              ],
              [
                314838,
                497734.5
              ],
              [
                315410.689,
                496724.311000001
              ],
              [
                316095.594,
                496937
              ],
              [
                317462,
                496593.187000001
              ],
              [
                319305.501,
                497108
              ],
              [
                320033.594,
                498535.999
              ],
              [
                322060.594,
                500095.594000001
              ],
              [
                323113.594,
                501493.186000001
              ],
              [
                322921.5,
                501817.094000001
              ],
              [
                323441.187,
                502620.094000001
              ],
              [
                323395,
                503980.187000001
              ],
              [
                324981.4744,
                504603.7984
              ],
              [
                326389.5,
                503532.219000001
              ]
            ]
          ]
        ]
      },
      "properties": {
        "FID": 3842,
        "MSOA21CD": "E02004007",
        "MSOA21NM": "Copeland 008",
        "MSOA21NMW": " ",
        "BNG_E": 317615,
        "BNG_N": 488556,
        "LAT": 54.28598,
        "LONG": -3.26702,
        "GlobalID": "57028f42-86ac-4ed3-af1e-98651de959f1"
      }
    },
    {
      "type": "Feature",
      "id": 4976,
      "geometry": {
        "type": "Polygon",
        "coordinates": [
          [
            [
              386504.336,
              435144.526000001
            ],
            [
              387253.452,
              435464.661
            ],
            [
              386562.137,
              434500.227
            ],
            [
              385846.3526,
              434497.980599999
            ],
            [
              385826.1072,
              433746.6132
            ],
            [
              385322.052,
              433891.949999999
            ],
            [
              385153,
              434454
            ],
            [
              385376.3705,
              434738.589
            ],
            [
              384597.693,
              435302.688999999
            ],
            [
              385352.094,
              435751.905999999
            ],
            [
              386504.336,
              435144.526000001
            ]
          ]
        ]
      },
      "properties": {
        "FID": 4976,
        "MSOA21CD": "E02005176",
        "MSOA21NM": "Burnley 001",
        "MSOA21NMW": " ",
        "BNG_E": 386016,
        "BNG_N": 434728,
        "LAT": 53.80867,
        "LONG": -2.21384,
        "GlobalID": "7f131f3d-7990-40d5-8acc-ce8eb53904e9"
      }
    },
    {
      "type": "Feature",
      "id": 4977,
      "geometry": {
        "type": "Polygon",
        "coordinates": [
          [
            [
              385826.1072,
              433746.6132
            ],
            [
              385748.5354,
              433387.1764
            ],
            [
              385546.901,
              433384.335999999
            ],
            [
              385058.122,
              433804.744000001
            ],
            [
              385024.79,
              434345.117000001
            ],
            [
              384539,
              434307
            ],
            [
              384634,
              434628
            ],
            [
              383799.531,
              434516.999
            ],
            [
              383534.281,
              434830.687000001
            ],
            [
              383708.315,
              435096.492000001
            ],
            [
              384597.693,
              435302.688999999
            ],
            [
              385376.3705,
              434738.589
            ],
            [
              385153,
              434454
            ],
            [
              385322.052,
              433891.949999999
            ],
            [
              385826.1072,
              433746.6132
            ]
          ]
        ]
      },
      "properties": {
        "FID": 4977,
        "MSOA21CD": "E02005177",
        "MSOA21NM": "Burnley 002",
        "MSOA21NMW": " ",
        "BNG_E": 384678,
        "BNG_N": 434767,
        "LAT": 53.80898,
        "LONG": -2.23416,
        "GlobalID": "6c4614ac-d443-47ba-9b88-62820c57e675"
      }
    },
    {
      "type": "Feature",
      "id": 4978,
      "geometry": {
        "type": "Polygon",
        "coordinates": [
          [
            [
              385058.122,
              433804.744000001
            ],
            [
              384633.942,
              433755.127
            ],
            [
              384592.625,
              434050.187000001
            ],
            [
              384230.438,
              432273.780999999
            ],
            [
              383914.906,
              432169.812000001
            ],
            [
              383419.969,
              433380.844000001
            ],
            [
              382847.438,
              434012.437000001
            ],
            [
              382905.404,
              434638.404999999
            ],
            [
              383708.315,
              435096.492000001
            ],
            [
              383534.281,
              434830.687000001
            ],
            [
              383799.531,
              434516.999
            ],
            [
              384634,
              434628
            ],
            [
              384539,
              434307
            ],
            [
              385024.79,
              434345.117000001
            ],
            [
              385058.122,
              433804.744000001
            ]
          ]
        ]
      },
      "properties": {
        "FID": 4978,
        "MSOA21CD": "E02005178",
        "MSOA21NM": "Burnley 003",
        "MSOA21NMW": " ",
        "BNG_E": 383924,
        "BNG_N": 433394,
        "LAT": 53.79662,
        "LONG": -2.24554,
        "GlobalID": "7ee598e5-042b-4df5-a6eb-89fb44422744"
      }
    },
    {
      "type": "Feature",
      "id": 4979,
      "geometry": {
        "type": "Polygon",
        "coordinates": [
          [
            [
              380596.656,
              433013.875
            ],
            [
              378836.813,
              432831.905999999
            ],
            [
              378210.906,
              433291.094000001
            ],
            [
              377787.505,
              432924.289000001
            ],
            [
              377548.821,
              433221.524
            ],
            [
              377949.938,
              433288.5
            ],
            [
              378377.313,
              434533.280999999
            ],
            [
              379476.174,
              435163.521400001
            ],
            [
              379550.025,
              435187.488
            ],
            [
              380282.094,
              434521.594000001
            ],
            [
              379956.375,
              433897.655999999
            ],
            [
              380596.656,
              433013.875
            ]
          ]
        ]
      },
      "properties": {
        "FID": 4979,
        "MSOA21CD": "E02005179",
        "MSOA21NM": "Burnley 004",
        "MSOA21NMW": " ",
        "BNG_E": 379077,
        "BNG_N": 433939,
        "LAT": 53.80134,
        "LONG": -2.31916,
        "GlobalID": "b0030c35-0d88-4e7d-8a0a-0c6c46d37c58"
      }
    },
    {
      "type": "Feature",
      "id": 4980,
      "geometry": {
        "type": "Polygon",
        "coordinates": [
          [
            [
              382327.594,
              435451.312000001
            ],
            [
              382905.404,
              434638.404999999
            ],
            [
              382847.438,
              434012.437000001
            ],
            [
              383419.969,
              433380.844000001
            ],
            [
              383376.973,
              433279.321
            ],
            [
              382891.992,
              433707.842
            ],
            [
              382537.246,
              433216.953
            ],
            [
              382241.001,
              433595
            ],
            [
              381882.4,
              432873.4
            ],
            [
              381282.858,
              433010.176999999
            ],
            [
              380596.656,
              433013.875
            ],
            [
              379956.375,
              433897.655999999
            ],
            [
              380282.094,
              434521.594000001
            ],
            [
              379550.025,
              435187.488
            ],
            [
              380219.439,
              436138.51
            ],
            [
              380153.188,
              435401.312000001
            ],
            [
              380540.813,
              435379.375
            ],
            [
              380697.306,
              434725.596000001
            ],
            [
              381479.219,
              434590.030999999
            ],
            [
              382327.594,
              435451.312000001
            ]
          ]
        ]
      },
      "properties": {
        "FID": 4980,
        "MSOA21CD": "E02005180",
        "MSOA21NM": "Burnley 005",
        "MSOA21NMW": " ",
        "BNG_E": 381547,
        "BNG_N": 434503,
        "LAT": 53.8065,
        "LONG": -2.28169,
        "GlobalID": "4a5bafa6-ea76-4906-a43c-27f31f4dbe95"
      }
    },
    {
      "type": "Feature",
      "id": 4981,
      "geometry": {
        "type": "Polygon",
        "coordinates": [
          [
            [
              383376.973,
              433279.321
            ],
            [
              382561.594,
              432560.812000001
            ],
            [
              381337,
              432464
            ],
            [
              381282.858,
              433010.176999999
            ],
            [
              381882.4,
              432873.4
            ],
            [
              382241.001,
              433595
            ],
            [
              382537.246,
              433216.953
            ],
            [
              382891.992,
              433707.842
            ],
            [
              383376.973,
              433279.321
            ]
          ]
        ]
      },
      "properties": {
        "FID": 4981,
        "MSOA21CD": "E02005181",
        "MSOA21NM": "Burnley 006",
        "MSOA21NMW": " ",
        "BNG_E": 382592,
        "BNG_N": 433005,
        "LAT": 53.79308,
        "LONG": -2.26574,
        "GlobalID": "61ce2ad9-8f64-4dfc-8219-b9c7f6d70167"
      }
    },
    {
      "type": "Feature",
      "id": 4982,
      "geometry": {
        "type": "Polygon",
        "coordinates": [
          [
            [
              385058.122,
              433804.744000001
            ],
            [
              385546.901,
              433384.335999999
            ],
            [
              385007,
              432477
            ],
            [
              385616.744,
              432255.759
            ],
            [
              385189.344,
              431973.280999999
            ],
            [
              384230.438,
              432273.780999999
            ],
            [
              384592.625,
              434050.187000001
            ],
            [
              384633.942,
              433755.127
            ],
            [
              385058.122,
              433804.744000001
            ]
          ]
        ]
      },
      "properties": {
        "FID": 4982,
        "MSOA21CD": "E02005182",
        "MSOA21NM": "Burnley 007",
        "MSOA21NMW": " ",
        "BNG_E": 384924,
        "BNG_N": 432955,
        "LAT": 53.7927,
        "LONG": -2.23033,
        "GlobalID": "7cfe86b5-909a-4c9b-bef7-4a13016246bd"
      }
    },
    {
      "type": "Feature",
      "id": 4983,
      "geometry": {
        "type": "Polygon",
        "coordinates": [
          [
            [
              385856.594,
              431206.719000001
            ],
            [
              385189.344,
              431973.280999999
            ],
            [
              385616.744,
              432255.759
            ],
            [
              385007,
              432477
            ],
            [
              385546.901,
              433384.335999999
            ],
            [
              385748.5354,
              433387.1764
            ],
            [
              386396.75,
              433404.312000001
            ],
            [
              386548.265,
              432987.016000001
            ],
            [
              387163.419,
              432937.18
            ],
            [
              387291.432,
              432637.77
            ],
            [
              387119.803,
              432145.033
            ],
            [
              386376.25,
              432648.85
            ],
            [
              386522.875,
              431701.75
            ],
            [
              385856.594,
              431206.719000001
            ]
          ]
        ]
      },
      "properties": {
        "FID": 4983,
        "MSOA21CD": "E02005183",
        "MSOA21NM": "Burnley 008",
        "MSOA21NMW": " ",
        "BNG_E": 386149,
        "BNG_N": 432444,
        "LAT": 53.78814,
        "LONG": -2.21172,
        "GlobalID": "8dccbafe-fdcc-42f5-82eb-8f74a28c4d36"
      }
    },
    {
      "type": "Feature",
      "id": 4984,
      "geometry": {
        "type": "Polygon",
        "coordinates": [
          [
            [
              390309.0455,
              435962.4322
            ],
            [
              390741.906,
              436026.905999999
            ],
            [
              391186.5,
              435526.5
            ],
            [
              391629.906,
              435952.687000001
            ],
            [
              392703.406,
              434383.501
            ],
            [
              391642.938,
              433641.030999999
            ],
            [
              391551.813,
              432819.282
            ],
            [
              391874.313,
              432420.780999999
            ],
            [
              391111.813,
              431537.594000001
            ],
            [
              391513.813,
              430449.219000001
            ],
            [
              391557.402,
              428698.114
            ],
            [
              391298.311,
              428151.684
            ],
            [
              390756,
              427715
            ],
            [
              390505.688,
              426637.874
            ],
            [
              390262.141,
              426398.1856
            ],
            [
              389800.813,
              426558.126
            ],
            [
              388662.6646,
              425190.912599999
            ],
            [
              387863.31,
              426062.095000001
            ],
            [
              386685.813,
              426239.312000001
            ],
            [
              385963.8841,
              426783.994999999
            ],
            [
              384751,
              426829.001
            ],
            [
              384111.096,
              428101.903999999
            ],
            [
              384361.094,
              428449.219000001
            ],
            [
              384774.938,
              428202.530999999
            ],
            [
              385230.344,
              430384
            ],
            [
              385856.594,
              431206.719000001
            ],
            [
              386522.875,
              431701.75
            ],
            [
              386376.25,
              432648.85
            ],
            [
              387119.803,
              432145.033
            ],
            [
              387291.432,
              432637.77
            ],
            [
              387163.419,
              432937.18
            ],
            [
              386548.265,
              432987.016000001
            ],
            [
              386396.75,
              433404.312000001
            ],
            [
              385748.5354,
              433387.1764
            ],
            [
              385826.1072,
              433746.6132
            ],
            [
              385846.3526,
              434497.980599999
            ],
            [
              386562.137,
              434500.227
            ],
            [
              387253.452,
              435464.661
            ],
            [
              386504.336,
              435144.526000001
            ],
            [
              386965.787,
              435788.007999999
            ],
            [
              387271.997,
              436204.811000001
            ],
            [
              387147.5,
              436574.812000001
            ],
            [
              388051.906,
              436224.75
            ],
            [
              390083,
              436393.562000001
            ],
            [
              390309.0455,
              435962.4322
            ]
          ]
        ]
      },
      "properties": {
        "FID": 4984,
        "MSOA21CD": "E02005184",
        "MSOA21NM": "Burnley 009",
        "MSOA21NMW": " ",
        "BNG_E": 388407,
        "BNG_N": 430923,
        "LAT": 53.77453,
        "LONG": -2.17738,
        "GlobalID": "53bc42c1-ba68-4412-a2da-f556f40abb58"
      }
    },
    {
      "type": "Feature",
      "id": 4985,
      "geometry": {
        "type": "Polygon",
        "coordinates": [
          [
            [
              383914.906,
              432169.812000001
            ],
            [
              383635,
              431810
            ],
            [
              383308,
              432162
            ],
            [
              383014.064,
              431970.530999999
            ],
            [
              382899.723,
              431364.249
            ],
            [
              382462.542,
              431119.505000001
            ],
            [
              381860.781,
              431783.594000001
            ],
            [
              381137.219,
              431327.687000001
            ],
            [
              380878.428,
              432155.563999999
            ],
            [
              381337,
              432464
            ],
            [
              382561.594,
              432560.812000001
            ],
            [
              383376.973,
              433279.321
            ],
            [
              383419.969,
              433380.844000001
            ],
            [
              383914.906,
              432169.812000001
            ]
          ]
        ]
      },
      "properties": {
        "FID": 4985,
        "MSOA21CD": "E02005185",
        "MSOA21NM": "Burnley 010",
        "MSOA21NMW": " ",
        "BNG_E": 382476,
        "BNG_N": 432224,
        "LAT": 53.78605,
        "LONG": -2.26745,
        "GlobalID": "fb881ba4-f4d8-4399-bb98-ce9d606d7441"
      }
    },
    {
      "type": "Feature",
      "id": 4986,
      "geometry": {
        "type": "Polygon",
        "coordinates": [
          [
            [
              380596.656,
              433013.875
            ],
            [
              381282.858,
              433010.176999999
            ],
            [
              381337,
              432464
            ],
            [
              380878.428,
              432155.563999999
            ],
            [
              381137.219,
              431327.687000001
            ],
            [
              381860.781,
              431783.594000001
            ],
            [
              382462.542,
              431119.505000001
            ],
            [
              383002.227,
              430545.5755
            ],
            [
              384755.094,
              431137.905999999
            ],
            [
              385230.344,
              430384
            ],
            [
              384774.938,
              428202.530999999
            ],
            [
              384361.094,
              428449.219000001
            ],
            [
              384111.096,
              428101.903999999
            ],
            [
              383502.1445,
              428770.195
            ],
            [
              383118.187,
              428195.655999999
            ],
            [
              382503.189,
              428000.875
            ],
            [
              382758.813,
              427779.219000001
            ],
            [
              382329.094,
              427349.625
            ],
            [
              381276.688,
              427526.187999999
            ],
            [
              380627.191,
              428441.498
            ],
            [
              380132.904,
              428052.904999999
            ],
            [
              379382.595,
              427895.905999999
            ],
            [
              379410.219,
              428400.5
            ],
            [
              379003.8776,
              428846.7094
            ],
            [
              378460.813,
              429382.405999999
            ],
            [
              378268.8102,
              430389.127599999
            ],
            [
              378405.313,
              431577.155999999
            ],
            [
              377971.002,
              431847.311000001
            ],
            [
              377787.505,
              432924.289000001
            ],
            [
              378210.906,
              433291.094000001
            ],
            [
              378836.813,
              432831.905999999
            ],
            [
              380596.656,
              433013.875
            ]
          ]
        ]
      },
      "properties": {
        "FID": 4986,
        "MSOA21CD": "E02005186",
        "MSOA21NM": "Burnley 011",
        "MSOA21NMW": " ",
        "BNG_E": 381741,
        "BNG_N": 430320,
        "LAT": 53.76891,
        "LONG": -2.27849,
        "GlobalID": "a0614653-b77e-4d22-a393-70c96aabce54"
      }
    },
    {
      "type": "Feature",
      "id": 5515,
      "geometry": {
        "type": "Polygon",
        "coordinates": [
          [
            [
              381431.999,
              482792.192
            ],
            [
              380849.702,
              481693.646500001
            ],
            [
              379083.313,
              481374
            ],
            [
              378804,
              480457.312000001
            ],
            [
              377492.688,
              479172.905999999
            ],
            [
              378187.344,
              478777.312000001
            ],
            [
              378494.186,
              477934.505000001
            ],
            [
              377760.414,
              478591.361500001
            ],
            [
              376031.612,
              476786.741
            ],
            [
              375584.281,
              475811.405999999
            ],
            [
              375548.812,
              475302.562000001
            ],
            [
              376263.5,
              474710.710000001
            ],
            [
              376020.0445,
              474374.821
            ],
            [
              376376,
              473990.687000001
            ],
            [
              378080.219,
              472940.437000001
            ],
            [
              378869.781,
              472996.780999999
            ],
            [
              379105.563,
              471331.062999999
            ],
            [
              379761.781,
              470377.094000001
            ],
            [
              380730.1934,
              469752.317199999
            ],
            [
              380806.5,
              469162.5
            ],
            [
              379849.531,
              468543.5
            ],
            [
              380004.5,
              467029.596999999
            ],
            [
              379284.906,
              465714.594000001
            ],
            [
              377059.5,
              463356.219000001
            ],
            [
              376202.094,
              462866.405999999
            ],
            [
              375605.7446,
              461521.7245
            ],
            [
              372209.812,
              460317.719000001
            ],
            [
              371759.811,
              460709.687000001
            ],
            [
              370053.687,
              460598.312000001
            ],
            [
              369352.312,
              461239.030999999
            ],
            [
              369714.187,
              464470.904999999
            ],
            [
              369297.904,
              464616.596000001
            ],
            [
              368648.5,
              465601.812000001
            ],
            [
              366981.687,
              466291.719000001
            ],
            [
              366774.157,
              466732.844000001
            ],
            [
              365826.312,
              466650.405999999
            ],
            [
              365826,
              467485.687999999
            ],
            [
              365000.031,
              467711.030999999
            ],
            [
              365040.781,
              468214.5
            ],
            [
              364415.811,
              468858.094000001
            ],
            [
              364487.937,
              469165.25
            ],
            [
              363279.597,
              469794.905999999
            ],
            [
              363191.1975,
              470277.6445
            ],
            [
              363412.812,
              470594.312000001
            ],
            [
              363289.968,
              471764.25
            ],
            [
              363654.312,
              472090.594000001
            ],
            [
              363491,
              473169.905999999
            ],
            [
              364358.718,
              473191.687000001
            ],
            [
              364597.906,
              473669.25
            ],
            [
              365227.307,
              473672.806
            ],
            [
              365580.5,
              474985.280999999
            ],
            [
              368788.75,
              478612.219000001
            ],
            [
              369206.812,
              480052.5
            ],
            [
              370052.221,
              481319.189999999
            ],
            [
              371319.192,
              481202.403000001
            ],
            [
              371708.384,
              480881.529999999
            ],
            [
              373239.686,
              481296.219000001
            ],
            [
              373651.808,
              481096.693
            ],
            [
              374238,
              482703
            ],
            [
              375786.903,
              482774.405999999
            ],
            [
              375837,
              483679.312999999
            ],
            [
              376490,
              483844.905999999
            ],
            [
              377412.906,
              482510.999
            ],
            [
              378090.313,
              482484.594000001
            ],
            [
              378875.095,
              482908.098999999
            ],
            [
              379309.904,
              484654.998
            ],
            [
              380217.5,
              483781.687000001
            ],
            [
              381023.5,
              484143.094000001
            ],
            [
              381431.999,
              482792.192
            ]
          ]
        ]
      },
      "properties": {
        "FID": 5515,
        "MSOA21CD": "E02005742",
        "MSOA21NM": "Craven 001",
        "MSOA21NMW": " ",
        "BNG_E": 372312,
        "BNG_N": 470722,
        "LAT": 54.13161,
        "LONG": -2.42522,
        "GlobalID": "67e47400-03a4-4bae-9d72-d98d0a6e9530"
      }
    },
    {
      "type": "Feature",
      "id": 5516,
      "geometry": {
        "type": "Polygon",
        "coordinates": [
          [
            [
              387608.906,
              452552.405999999
            ],
            [
              387239.1222,
              452627.7368
            ],
            [
              386936.503,
              452689.805
            ],
            [
              386343.4765,
              451887.372500001
            ],
            [
              386030.543,
              452133.103499999
            ],
            [
              385286.692,
              451690.409
            ],
            [
              385275,
              452375.187000001
            ],
            [
              384878.406,
              452818.905999999
            ],
            [
              385599.1854,
              453561.818
            ],
            [
              384991.688,
              453964.594000001
            ],
            [
              380792.903,
              453190.5
            ],
            [
              380496.441,
              453428.476
            ],
            [
              380637.438,
              453872.25
            ],
            [
              379173.906,
              455357.095000001
            ],
            [
              377809.688,
              454872.312000001
            ],
            [
              376997.313,
              455460
            ],
            [
              377009.188,
              457225.218
            ],
            [
              377142.594,
              457409.405999999
            ],
            [
              377764.5,
              456879.187000001
            ],
            [
              377844.188,
              457098.094000001
            ],
            [
              377587.596,
              457977.710999999
            ],
            [
              376685.5,
              458181.280999999
            ],
            [
              376391.401,
              460580.903999999
            ],
            [
              375605.7446,
              461521.7245
            ],
            [
              376202.094,
              462866.405999999
            ],
            [
              377059.5,
              463356.219000001
            ],
            [
              379284.906,
              465714.594000001
            ],
            [
              380004.5,
              467029.596999999
            ],
            [
              379849.531,
              468543.5
            ],
            [
              380806.5,
              469162.5
            ],
            [
              380730.1934,
              469752.317199999
            ],
            [
              379761.781,
              470377.094000001
            ],
            [
              379105.563,
              471331.062999999
            ],
            [
              378869.781,
              472996.780999999
            ],
            [
              378080.219,
              472940.437000001
            ],
            [
              376376,
              473990.687000001
            ],
            [
              376020.0445,
              474374.821
            ],
            [
              376263.5,
              474710.710000001
            ],
            [
              375548.812,
              475302.562000001
            ],
            [
              375584.281,
              475811.405999999
            ],
            [
              376031.612,
              476786.741
            ],
            [
              377760.414,
              478591.361500001
            ],
            [
              378494.186,
              477934.505000001
            ],
            [
              378187.344,
              478777.312000001
            ],
            [
              377492.688,
              479172.905999999
            ],
            [
              378804,
              480457.312000001
            ],
            [
              379083.313,
              481374
            ],
            [
              380849.702,
              481693.646500001
            ],
            [
              381431.999,
              482792.192
            ],
            [
              381632.313,
              482575.936000001
            ],
            [
              382916.094,
              483325.403000001
            ],
            [
              383971.8895,
              481012.959000001
            ],
            [
              382317.906,
              480009.594000001
            ],
            [
              381542.908,
              478937.312000001
            ],
            [
              383224.002,
              477856.807
            ],
            [
              383824.594,
              475724.812000001
            ],
            [
              384773.625,
              475172.437000001
            ],
            [
              384104.812,
              474753.249
            ],
            [
              383999.5,
              473512.905999999
            ],
            [
              383296.688,
              471926.470000001
            ],
            [
              384307,
              471338.5
            ],
            [
              384741.999,
              468871.404999999
            ],
            [
              384533.501,
              468337.5
            ],
            [
              386661.693,
              466510.561000001
            ],
            [
              385687.563,
              466354.312000001
            ],
            [
              385603.501,
              466022.594000001
            ],
            [
              385846.094,
              465064.094000001
            ],
            [
              386312.219,
              465117.062000001
            ],
            [
              386836.691,
              463756.999
            ],
            [
              386492.407,
              463227.312000001
            ],
            [
              385264.219,
              462558.219000001
            ],
            [
              385775.813,
              459905.312000001
            ],
            [
              386046.5,
              459502.5
            ],
            [
              387191.688,
              459333.187000001
            ],
            [
              386931.813,
              458546.719000001
            ],
            [
              387914.306,
              457196.312000001
            ],
            [
              387591.5,
              457017.094000001
            ],
            [
              387539.336,
              456322.823999999
            ],
            [
              388209.547,
              455338.643999999
            ],
            [
              388160.594,
              454260.312000001
            ],
            [
              387608.906,
              452552.405999999
            ]
          ]
        ]
      },
      "properties": {
        "FID": 5516,
        "MSOA21CD": "E02005744",
        "MSOA21NM": "Craven 003",
        "MSOA21NMW": " ",
        "BNG_E": 381865,
        "BNG_N": 466011,
        "LAT": 54.0897,
        "LONG": -2.27875,
        "GlobalID": "46a2d2b3-1de5-47ba-bf2c-71eb1dfca963"
      }
    },
    {
      "type": "Feature",
      "id": 5517,
      "geometry": {
        "type": "Polygon",
        "coordinates": [
          [
            [
              403334.013,
              451183.0353
            ],
            [
              401707.375,
              451304.125
            ],
            [
              400337.844,
              450971.405999999
            ],
            [
              399886,
              451228
            ],
            [
              400244.819,
              450716.927999999
            ],
            [
              399793.496,
              450701.101
            ],
            [
              399478.578,
              451076.927999999
            ],
            [
              399247.383,
              450882.736
            ],
            [
              399247.563,
              451556.062000001
            ],
            [
              398342.324,
              451493.045
            ],
            [
              398934.368,
              452507.913000001
            ],
            [
              399226,
              451929.999
            ],
            [
              399617.571,
              452345.967499999
            ],
            [
              401475.406,
              452646.155999999
            ],
            [
              402745.31,
              453240.999
            ],
            [
              403051.595,
              453063.125
            ],
            [
              402333.694,
              452561.189999999
            ],
            [
              402477.594,
              451939.905999999
            ],
            [
              402647.5,
              451421.405999999
            ],
            [
              403334.013,
              451183.0353
            ]
          ]
        ]
      },
      "properties": {
        "FID": 5517,
        "MSOA21CD": "E02005746",
        "MSOA21NM": "Craven 005",
        "MSOA21NMW": " ",
        "BNG_E": 400887,
        "BNG_N": 451971,
        "LAT": 53.96383,
        "LONG": -1.98797,
        "GlobalID": "2670b806-1763-4b83-a06e-3ebd636b59d9"
      }
    },
    {
      "type": "Feature",
      "id": 5518,
      "geometry": {
        "type": "Polygon",
        "coordinates": [
          [
            [
              403334.013,
              451183.0353
            ],
            [
              403420.999,
              450768.096999999
            ],
            [
              402317.786,
              450605.869000001
            ],
            [
              402391.709,
              450235.955800001
            ],
            [
              401131.511,
              450479.389
            ],
            [
              400228.906,
              449716.186000001
            ],
            [
              399042.1185,
              449663.8485
            ],
            [
              398895.78,
              449276.096000001
            ],
            [
              398478.5,
              449534.094000001
            ],
            [
              398278,
              450220.530999999
            ],
            [
              397043.406,
              450576.312000001
            ],
            [
              396853.9682,
              451165.330399999
            ],
            [
              398342.324,
              451493.045
            ],
            [
              399247.563,
              451556.062000001
            ],
            [
              399247.383,
              450882.736
            ],
            [
              399478.578,
              451076.927999999
            ],
            [
              399793.496,
              450701.101
            ],
            [
              400244.819,
              450716.927999999
            ],
            [
              399886,
              451228
            ],
            [
              400337.844,
              450971.405999999
            ],
            [
              401707.375,
              451304.125
            ],
            [
              403334.013,
              451183.0353
            ]
          ]
        ]
      },
      "properties": {
        "FID": 5518,
        "MSOA21CD": "E02005747",
        "MSOA21NM": "Craven 006",
        "MSOA21NMW": " ",
        "BNG_E": 399249,
        "BNG_N": 450466,
        "LAT": 53.95031,
        "LONG": -2.01293,
        "GlobalID": "1f653512-7bc4-4532-ba5b-87b95f2b51de"
      }
    },
    {
      "type": "Feature",
      "id": 5519,
      "geometry": {
        "type": "Polygon",
        "coordinates": [
          [
            [
              396853.9682,
              451165.330399999
            ],
            [
              397043.406,
              450576.312000001
            ],
            [
              398278,
              450220.530999999
            ],
            [
              398478.5,
              449534.094000001
            ],
            [
              398895.78,
              449276.096000001
            ],
            [
              399492.594,
              448053.905999999
            ],
            [
              399347.094,
              447557.094000001
            ],
            [
              400194,
              447236.595000001
            ],
            [
              400164.314,
              446433.905999999
            ],
            [
              399039.875,
              445946.687000001
            ],
            [
              397040.511,
              446201.274
            ],
            [
              397247.5,
              446002.5
            ],
            [
              396940.501,
              445225.311000001
            ],
            [
              398074.594,
              444462.812000001
            ],
            [
              398819.809,
              444643.903999999
            ],
            [
              398701.594,
              444337.594000001
            ],
            [
              398063.438,
              444287.155999999
            ],
            [
              398675.4804,
              441697.648600001
            ],
            [
              398012.188,
              440262.188999999
            ],
            [
              397062.942,
              439322.356000001
            ],
            [
              395175.094,
              440684.187000001
            ],
            [
              394758.982,
              441530.706
            ],
            [
              394185.094,
              441332.312000001
            ],
            [
              394676.719,
              442374.529999999
            ],
            [
              393301.0863,
              443971.6197
            ],
            [
              392662.002,
              445387.687999999
            ],
            [
              393037.654,
              445768.845000001
            ],
            [
              392652.813,
              446613.312000001
            ],
            [
              392100.594,
              446803.812000001
            ],
            [
              391931.499,
              447457.187000001
            ],
            [
              390906.3385,
              448029.296
            ],
            [
              390786.19,
              447734.597999999
            ],
            [
              390284.925,
              447774.9715
            ],
            [
              390135.813,
              448159.812000001
            ],
            [
              389402.406,
              447915.097999999
            ],
            [
              389456.344,
              448510.655999999
            ],
            [
              388951.188,
              448999.905999999
            ],
            [
              388546.188,
              448694.907
            ],
            [
              388130.499,
              448821.688999999
            ],
            [
              387921.875,
              449545.062000001
            ],
            [
              388318.175,
              450000.058
            ],
            [
              387988.25,
              450699.562000001
            ],
            [
              387239.1222,
              452627.7368
            ],
            [
              387608.906,
              452552.405999999
            ],
            [
              389884.313,
              452083.687000001
            ],
            [
              390964.188,
              452205.094000001
            ],
            [
              391597.0796,
              451312.092
            ],
            [
              391775.281,
              452511.311000001
            ],
            [
              392651.688,
              452372.405999999
            ],
            [
              393300.857,
              452624.393999999
            ],
            [
              393604.508,
              453592.982000001
            ],
            [
              392732.515,
              453349.866
            ],
            [
              393147.899,
              453917
            ],
            [
              392987.725,
              454116.291999999
            ],
            [
              392575.553,
              454052.484999999
            ],
            [
              390853.514,
              454986.878799999
            ],
            [
              390820.097,
              456387.096999999
            ],
            [
              391405.406,
              456585.905999999
            ],
            [
              393006.405,
              455507.096000001
            ],
            [
              394080.772,
              455851.3905
            ],
            [
              394438.81,
              455115.402000001
            ],
            [
              394220.5,
              454175.094000001
            ],
            [
              395082.625,
              452857.344000001
            ],
            [
              395098.313,
              452361.001
            ],
            [
              395871.097,
              452173.403000001
            ],
            [
              396086.094,
              451460.687000001
            ],
            [
              396853.9682,
              451165.330399999
            ]
          ]
        ]
      },
      "properties": {
        "FID": 5519,
        "MSOA21CD": "E02005748",
        "MSOA21NM": "Craven 007",
        "MSOA21NMW": " ",
        "BNG_E": 393747,
        "BNG_N": 449596,
        "LAT": 53.94245,
        "LONG": -2.09675,
        "GlobalID": "d75921f6-3900-4eb2-b621-549c75ea59dd"
      }
    },
    {
      "type": "Feature",
      "id": 5520,
      "geometry": {
        "type": "Polygon",
        "coordinates": [
          [
            [
              402391.709,
              450235.955800001
            ],
            [
              402573.171,
              449676.679500001
            ],
            [
              402032.654,
              449691.282
            ],
            [
              402522.089,
              448585.857999999
            ],
            [
              402197.6795,
              448409.982999999
            ],
            [
              402336.877,
              447971.284
            ],
            [
              401941.5,
              448204.687000001
            ],
            [
              401617.502,
              447809.049000001
            ],
            [
              402711.815,
              446672.188999999
            ],
            [
              403170.3326,
              446172.169299999
            ],
            [
              403214.25,
              445262.786
            ],
            [
              401450.094,
              444994.812000001
            ],
            [
              401611.311,
              442154.213
            ],
            [
              400909.688,
              441279.094000001
            ],
            [
              399913.59,
              441721.937000001
            ],
            [
              399211.072,
              441501.683
            ],
            [
              398675.4804,
              441697.648600001
            ],
            [
              398063.438,
              444287.155999999
            ],
            [
              398701.594,
              444337.594000001
            ],
            [
              398819.809,
              444643.903999999
            ],
            [
              398074.594,
              444462.812000001
            ],
            [
              396940.501,
              445225.311000001
            ],
            [
              397247.5,
              446002.5
            ],
            [
              397040.511,
              446201.274
            ],
            [
              399039.875,
              445946.687000001
            ],
            [
              400164.314,
              446433.905999999
            ],
            [
              400194,
              447236.595000001
            ],
            [
              399347.094,
              447557.094000001
            ],
            [
              399492.594,
              448053.905999999
            ],
            [
              398895.78,
              449276.096000001
            ],
            [
              399042.1185,
              449663.8485
            ],
            [
              400228.906,
              449716.186000001
            ],
            [
              401131.511,
              450479.389
            ],
            [
              402391.709,
              450235.955800001
            ]
          ]
        ]
      },
      "properties": {
        "FID": 5520,
        "MSOA21CD": "E02005749",
        "MSOA21NM": "Craven 008",
        "MSOA21NMW": " ",
        "BNG_E": 400129,
        "BNG_N": 445882,
        "LAT": 53.90911,
        "LONG": -1.99953,
        "GlobalID": "4f7976eb-901d-441b-ad9b-d13171839561"
      }
    },
    {
      "type": "Feature",
      "id": 5521,
      "geometry": {
        "type": "Polygon",
        "coordinates": [
          [
            [
              462483.814,
              511393.218
            ],
            [
              463653.367,
              510125.317
            ],
            [
              463832,
              509475.312000001
            ],
            [
              464632.501,
              509357.187000001
            ],
            [
              465962.688,
              509754.219000001
            ],
            [
              466732.174,
              507758.771
            ],
            [
              465913.729,
              507369.0995
            ],
            [
              462725.813,
              507495.405999999
            ],
            [
              461799.384,
              506721.189999999
            ],
            [
              461225.0405,
              505463.874
            ],
            [
              461545.031,
              505027.595000001
            ],
            [
              461371.125,
              503965.375
            ],
            [
              460787.938,
              503257.125
            ],
            [
              461145.5,
              502309
            ],
            [
              460405.313,
              501531.562000001
            ],
            [
              459700.7084,
              501449.408
            ],
            [
              458659.188,
              501951
            ],
            [
              458151.598,
              502553.596000001
            ],
            [
              458368.406,
              502698.812000001
            ],
            [
              456724.939,
              503815.437000001
            ],
            [
              455022.406,
              503624.155999999
            ],
            [
              453753.876,
              502960.83
            ],
            [
              453223.906,
              503716.312000001
            ],
            [
              452580.813,
              506043.905999999
            ],
            [
              451586.2495,
              507264.598999999
            ],
            [
              451554.234,
              507670.1065
            ],
            [
              452661.413,
              508147.01
            ],
            [
              452324.992,
              508507.98
            ],
            [
              451799.202,
              508230.757999999
            ],
            [
              451582.559,
              509283.288000001
            ],
            [
              452600.048,
              508959.975
            ],
            [
              453095,
              509524
            ],
            [
              453140,
              508540.001
            ],
            [
              453885.419,
              508005.356000001
            ],
            [
              453678.405,
              509040.312000001
            ],
            [
              454241.5563,
              508760.7141
            ],
            [
              456184.907,
              510033.812000001
            ],
            [
              455922.0245,
              510236.622
            ],
            [
              456385.594,
              510179
            ],
            [
              456514,
              510516
            ],
            [
              455948.512,
              510469.291999999
            ],
            [
              455492.469,
              511037.901000001
            ],
            [
              456286.963,
              511198.992000001
            ],
            [
              456777.683,
              511539.327
            ],
            [
              456658.9602,
              511838.9662
            ],
            [
              457453.594,
              511872.375
            ],
            [
              457615.906,
              512478.807
            ],
            [
              458730.094,
              512758.530999999
            ],
            [
              462483.814,
              511393.218
            ]
          ]
        ]
      },
      "properties": {
        "FID": 5521,
        "MSOA21CD": "E02005750",
        "MSOA21NM": "Hambleton 001",
        "MSOA21NMW": " ",
        "BNG_E": 459127,
        "BNG_N": 507084,
        "LAT": 54.45572,
        "LONG": -1.08953,
        "GlobalID": "9b9ddd99-a31f-48d9-bb1b-62c6aacaf4b9"
      }
    },
    {
      "type": "Feature",
      "id": 5522,
      "geometry": {
        "type": "Polygon",
        "coordinates": [
          [
            [
              452192.905,
              512664.903999999
            ],
            [
              452864.906,
              512745.312999999
            ],
            [
              453617.9275,
              512222.413799999
            ],
            [
              455389.5,
              512278.5
            ],
            [
              456658.9602,
              511838.9662
            ],
            [
              456777.683,
              511539.327
            ],
            [
              456286.963,
              511198.992000001
            ],
            [
              455492.469,
              511037.901000001
            ],
            [
              455948.512,
              510469.291999999
            ],
            [
              456514,
              510516
            ],
            [
              456385.594,
              510179
            ],
            [
              455922.0245,
              510236.622
            ],
            [
              456184.907,
              510033.812000001
            ],
            [
              454241.5563,
              508760.7141
            ],
            [
              453678.405,
              509040.312000001
            ],
            [
              453885.419,
              508005.356000001
            ],
            [
              453140,
              508540.001
            ],
            [
              453095,
              509524
            ],
            [
              452600.048,
              508959.975
            ],
            [
              451582.559,
              509283.288000001
            ],
            [
              451799.202,
              508230.757999999
            ],
            [
              452324.992,
              508507.98
            ],
            [
              452661.413,
              508147.01
            ],
            [
              451554.234,
              507670.1065
            ],
            [
              451586.2495,
              507264.598999999
            ],
            [
              452580.813,
              506043.905999999
            ],
            [
              453223.906,
              503716.312000001
            ],
            [
              453753.876,
              502960.83
            ],
            [
              455022.406,
              503624.155999999
            ],
            [
              456724.939,
              503815.437000001
            ],
            [
              458368.406,
              502698.812000001
            ],
            [
              458151.598,
              502553.596000001
            ],
            [
              458659.188,
              501951
            ],
            [
              459700.7084,
              501449.408
            ],
            [
              460453.181,
              500429.241
            ],
            [
              459919.003,
              499581.286
            ],
            [
              460690.406,
              498173.404999999
            ],
            [
              460775.691,
              496749.706
            ],
            [
              460002.627,
              496470.155999999
            ],
            [
              458690.5,
              492997.187000001
            ],
            [
              457544.594,
              492923.25
            ],
            [
              457156.688,
              493227.594000001
            ],
            [
              457405.8565,
              494042.284499999
            ],
            [
              457188.124,
              494763.970000001
            ],
            [
              456466,
              494571.812000001
            ],
            [
              455638.192,
              495154.806
            ],
            [
              454858.5945,
              495184.0985
            ],
            [
              454468.906,
              497765.687000001
            ],
            [
              453864.096,
              498800.403000001
            ],
            [
              453305.094,
              498222.219000001
            ],
            [
              451500.406,
              497873.219000001
            ],
            [
              450436.5,
              498334.905999999
            ],
            [
              449565.902,
              498093.047
            ],
            [
              448735.313,
              498098.312000001
            ],
            [
              447587.375,
              499336.654999999
            ],
            [
              446773.813,
              499146.312000001
            ],
            [
              446096.594,
              499890.811000001
            ],
            [
              445682.186,
              498732.75
            ],
            [
              444696,
              499160.687000001
            ],
            [
              444411.688,
              498956.719000001
            ],
            [
              443707.406,
              499760.905999999
            ],
            [
              443899.563,
              500774.280999999
            ],
            [
              442813.7905,
              501274.286
            ],
            [
              442761.0094,
              502129.9882
            ],
            [
              443490.7,
              502172.07
            ],
            [
              443597.83,
              503191.833000001
            ],
            [
              444292.691,
              503518.307
            ],
            [
              443635.185,
              505489.003
            ],
            [
              444930.188,
              506232.405999999
            ],
            [
              444840.688,
              507018.905999999
            ],
            [
              445358.813,
              506917.405999999
            ],
            [
              445953.094,
              507509.093
            ],
            [
              447007.3975,
              507907.9505
            ],
            [
              446353.188,
              508708.594000001
            ],
            [
              446438.0775,
              509095.010500001
            ],
            [
              445547.596,
              509349.904999999
            ],
            [
              446013.594,
              510033.219000001
            ],
            [
              446312.906,
              509942.187000001
            ],
            [
              446120.308,
              510524.689999999
            ],
            [
              447093.188,
              510879.093
            ],
            [
              448206.225,
              510472.183
            ],
            [
              448462.188,
              511639
            ],
            [
              448237.313,
              512006.687000001
            ],
            [
              449166.2222,
              512077.771199999
            ],
            [
              449674.999,
              512582.312000001
            ],
            [
              449638.5,
              513046.403000001
            ],
            [
              450591.406,
              513126.405999999
            ],
            [
              452192.905,
              512664.903999999
            ]
          ]
        ]
      },
      "properties": {
        "FID": 5522,
        "MSOA21CD": "E02005751",
        "MSOA21NM": "Hambleton 002",
        "MSOA21NMW": " ",
        "BNG_E": 448644,
        "BNG_N": 503079,
        "LAT": 54.42084,
        "LONG": -1.25186,
        "GlobalID": "2c5edb1e-fb70-4b61-9bd9-b709c9443be8"
      }
    },
    {
      "type": "Feature",
      "id": 5523,
      "geometry": {
        "type": "Polygon",
        "coordinates": [
          [
            [
              436710.91,
              510381.306
            ],
            [
              437248.594,
              510087
            ],
            [
              436894.813,
              509491.593
            ],
            [
              438149.438,
              509250.437999999
            ],
            [
              438503.344,
              511071.093
            ],
            [
              439014,
              511004.5
            ],
            [
              439290.688,
              510204.280999999
            ],
            [
              440065.594,
              510389.812000001
            ],
            [
              440192.066,
              511141.177999999
            ],
            [
              440893.781,
              510269.405999999
            ],
            [
              440631,
              510055
            ],
            [
              440643.657,
              508923.187000001
            ],
            [
              441295.094,
              508026.687999999
            ],
            [
              441814.5,
              508812.811000001
            ],
            [
              442552.5,
              508756.594000001
            ],
            [
              442644.412,
              507839.060000001
            ],
            [
              444276.719,
              508749.687000001
            ],
            [
              444607.938,
              509317.999
            ],
            [
              445547.596,
              509349.904999999
            ],
            [
              446438.0775,
              509095.010500001
            ],
            [
              446353.188,
              508708.594000001
            ],
            [
              447007.3975,
              507907.9505
            ],
            [
              445953.094,
              507509.093
            ],
            [
              445358.813,
              506917.405999999
            ],
            [
              444840.688,
              507018.905999999
            ],
            [
              444930.188,
              506232.405999999
            ],
            [
              443635.185,
              505489.003
            ],
            [
              444292.691,
              503518.307
            ],
            [
              443597.83,
              503191.833000001
            ],
            [
              443490.7,
              502172.07
            ],
            [
              442761.0094,
              502129.9882
            ],
            [
              442813.7905,
              501274.286
            ],
            [
              443899.563,
              500774.280999999
            ],
            [
              443707.406,
              499760.905999999
            ],
            [
              444411.688,
              498956.719000001
            ],
            [
              444696,
              499160.687000001
            ],
            [
              445682.186,
              498732.75
            ],
            [
              446096.594,
              499890.811000001
            ],
            [
              446773.813,
              499146.312000001
            ],
            [
              447587.375,
              499336.654999999
            ],
            [
              448735.313,
              498098.312000001
            ],
            [
              449565.902,
              498093.047
            ],
            [
              448546.548,
              495625.111
            ],
            [
              447882.313,
              495642.805
            ],
            [
              447813.5,
              494728.403000001
            ],
            [
              448311.313,
              493707.25
            ],
            [
              449091.719,
              493145.812000001
            ],
            [
              448897.375,
              490944.5
            ],
            [
              449489.8691,
              490156.987
            ],
            [
              448097.813,
              489836.187000001
            ],
            [
              446404.188,
              490632.594000001
            ],
            [
              443855.094,
              490000.095000001
            ],
            [
              443688.313,
              490690.780999999
            ],
            [
              443214.594,
              491099.75
            ],
            [
              443524.5,
              491662.687000001
            ],
            [
              443119.9586,
              491944.9849
            ],
            [
              442300.094,
              491892.780999999
            ],
            [
              442027.2841,
              492050.228599999
            ],
            [
              441829.375,
              492741.405999999
            ],
            [
              440177.594,
              492555.187000001
            ],
            [
              439770.5,
              492897.905999999
            ],
            [
              439625.3792,
              494240.4539
            ],
            [
              440291.409,
              494883.93
            ],
            [
              439429.401,
              496356.184
            ],
            [
              439177.505,
              495279.135
            ],
            [
              439583.093,
              494589.597999999
            ],
            [
              437483.8395,
              495535.585000001
            ],
            [
              437023.906,
              494965.812000001
            ],
            [
              437092.906,
              495466.312000001
            ],
            [
              436193.904,
              495165.597999999
            ],
            [
              435887.469,
              496365.375
            ],
            [
              436013.8118,
              498648.291999999
            ],
            [
              436023.194,
              499155.192
            ],
            [
              436717.7265,
              499610.841
            ],
            [
              436877.969,
              500157.094000001
            ],
            [
              436325.125,
              501393.030999999
            ],
            [
              435420.28,
              501209.812000001
            ],
            [
              434812.188,
              500682.844000001
            ],
            [
              434285.813,
              501282
            ],
            [
              433323.124,
              501202.135
            ],
            [
              433037.0068,
              501474.751399999
            ],
            [
              432794.815,
              500385.132999999
            ],
            [
              432424.812,
              500214.25
            ],
            [
              431956.807,
              501082.403999999
            ],
            [
              429742.903,
              499968.097999999
            ],
            [
              429053.8945,
              500280.5415
            ],
            [
              428847.188,
              500799.594000001
            ],
            [
              428603.8916,
              500682.328
            ],
            [
              427923.125,
              501204.030999999
            ],
            [
              427586.124,
              502066.477
            ],
            [
              427702.616,
              502644.6116
            ],
            [
              428752.563,
              503296.125
            ],
            [
              429255.807,
              502990.693
            ],
            [
              429681.257,
              503292.305
            ],
            [
              429202.219,
              503876.312000001
            ],
            [
              429530.417,
              505552.355599999
            ],
            [
              431554.906,
              506413.407
            ],
            [
              432151.844,
              505885.062000001
            ],
            [
              433639.406,
              505951.094000001
            ],
            [
              433401.281,
              506562.719000001
            ],
            [
              433825.813,
              506348
            ],
            [
              434327.0454,
              506817.105
            ],
            [
              434911,
              506351.687000001
            ],
            [
              435360.813,
              506474.437000001
            ],
            [
              434922.594,
              507466.187000001
            ],
            [
              435526.469,
              507985.25
            ],
            [
              434847,
              508818.625
            ],
            [
              435242.906,
              509704.312000001
            ],
            [
              434964.188,
              510199.405999999
            ],
            [
              435127.813,
              511126.094000001
            ],
            [
              434164.906,
              511358.844000001
            ],
            [
              434136.531,
              511849.530999999
            ],
            [
              435163.906,
              512200.312000001
            ],
            [
              436710.91,
              510381.306
            ]
          ]
        ]
      },
      "properties": {
        "FID": 5523,
        "MSOA21CD": "E02005752",
        "MSOA21NM": "Hambleton 003",
        "MSOA21NMW": " ",
        "BNG_E": 438576,
        "BNG_N": 503096,
        "LAT": 54.42186,
        "LONG": -1.407,
        "GlobalID": "7d492ee4-dc67-4ac4-8201-492484807d0e"
      }
    },
    {
      "type": "Feature",
      "id": 5524,
      "geometry": {
        "type": "Polygon",
        "coordinates": [
          [
            [
              436013.8118,
              498648.291999999
            ],
            [
              435136.992,
              498167.554
            ],
            [
              435161.1013,
              497272.581
            ],
            [
              435496.687,
              497198.566
            ],
            [
              434612,
              496705.405999999
            ],
            [
              434509.313,
              496024
            ],
            [
              434881.781,
              495286.155999999
            ],
            [
              434624.595,
              494464.687000001
            ],
            [
              434641.281,
              493474.530999999
            ],
            [
              435778.099,
              493555.627
            ],
            [
              436088.034,
              492756.164999999
            ],
            [
              436544.5606,
              492799.970000001
            ],
            [
              436865.079,
              491903.867000001
            ],
            [
              437142.4745,
              492684.4495
            ],
            [
              436939.024,
              492815.812999999
            ],
            [
              437252.418,
              492839.432
            ],
            [
              437176.41,
              493582.84
            ],
            [
              438977.594,
              492525
            ],
            [
              439735.497,
              492536.196
            ],
            [
              438550.768,
              491848.7465
            ],
            [
              438958.189,
              490371.812999999
            ],
            [
              437897.967,
              491560.668500001
            ],
            [
              437210.333,
              491217.720000001
            ],
            [
              437776.367,
              489802.198999999
            ],
            [
              436117.692,
              489457.007999999
            ],
            [
              435991.594,
              489899
            ],
            [
              435307.4455,
              489839.398499999
            ],
            [
              435012.1095,
              490126.1325
            ],
            [
              433258.19,
              489397.812999999
            ],
            [
              433500.313,
              488857.594000001
            ],
            [
              432853.905,
              488430.407
            ],
            [
              432903.313,
              488076.5
            ],
            [
              431856.094,
              489623
            ],
            [
              432058.499,
              490081.094000001
            ],
            [
              430987.808,
              490026.596999999
            ],
            [
              430322.406,
              490374.594000001
            ],
            [
              428699.9046,
              489152.726399999
            ],
            [
              428061.875,
              489884.594000001
            ],
            [
              427399.517,
              492745.7105
            ],
            [
              427116.2415,
              492648.7205
            ],
            [
              425537.687,
              495102.687000001
            ],
            [
              425103.8916,
              495793.210200001
            ],
            [
              425955.375,
              496662.030999999
            ],
            [
              426783.263,
              496305.911499999
            ],
            [
              427040.813,
              496509.812000001
            ],
            [
              427113.901,
              497846.691
            ],
            [
              427710.9185,
              498483.825999999
            ],
            [
              427894.375,
              500116.187000001
            ],
            [
              428603.8916,
              500682.328
            ],
            [
              428847.188,
              500799.594000001
            ],
            [
              429053.8945,
              500280.5415
            ],
            [
              429742.903,
              499968.097999999
            ],
            [
              431956.807,
              501082.403999999
            ],
            [
              432424.812,
              500214.25
            ],
            [
              432794.815,
              500385.132999999
            ],
            [
              433037.0068,
              501474.751399999
            ],
            [
              433323.124,
              501202.135
            ],
            [
              434285.813,
              501282
            ],
            [
              434812.188,
              500682.844000001
            ],
            [
              435420.28,
              501209.812000001
            ],
            [
              436325.125,
              501393.030999999
            ],
            [
              436877.969,
              500157.094000001
            ],
            [
              436717.7265,
              499610.841
            ],
            [
              436023.194,
              499155.192
            ],
            [
              436013.8118,
              498648.291999999
            ]
          ]
        ]
      },
      "properties": {
        "FID": 5524,
        "MSOA21CD": "E02005754",
        "MSOA21NM": "Hambleton 005",
        "MSOA21NMW": " ",
        "BNG_E": 432420,
        "BNG_N": 494476,
        "LAT": 54.34482,
        "LONG": -1.50281,
        "GlobalID": "f54c44a5-0568-4035-b691-9543387ee02d"
      }
    },
    {
      "type": "Feature",
      "id": 5525,
      "geometry": {
        "type": "Polygon",
        "coordinates": [
          [
            [
              428699.9046,
              489152.726399999
            ],
            [
              428540.375,
              487295.312000001
            ],
            [
              429349.7308,
              484801.092
            ],
            [
              428496.906,
              483735.5
            ],
            [
              429284.094,
              483284.687000001
            ],
            [
              429230.125,
              482660.937000001
            ],
            [
              428173.32,
              482515.4855
            ],
            [
              428277.805,
              482216.904999999
            ],
            [
              427946.6315,
              481950.294500001
            ],
            [
              427411.195,
              482193.808
            ],
            [
              427654.454,
              482801.136
            ],
            [
              426358.1855,
              482921.3805
            ],
            [
              424512.095,
              481698.903999999
            ],
            [
              423916.414,
              481562.973999999
            ],
            [
              423119,
              482406.5
            ],
            [
              423797.322,
              482699.642000001
            ],
            [
              422992.73,
              483892.2368
            ],
            [
              421978.999,
              483564.904999999
            ],
            [
              421739.719,
              484112.062000001
            ],
            [
              421449.1625,
              483952.844000001
            ],
            [
              421595.261,
              483599.129000001
            ],
            [
              421269.406,
              483535.655999999
            ],
            [
              420651.7792,
              485148.5118
            ],
            [
              419976.063,
              486488.219000001
            ],
            [
              419317.688,
              486846.530999999
            ],
            [
              419523.719,
              487049.405999999
            ],
            [
              419286.313,
              487806.596000001
            ],
            [
              420023.5,
              488003.187000001
            ],
            [
              421203.001,
              487772.404999999
            ],
            [
              422809.9075,
              488804.459000001
            ],
            [
              423069.186,
              489536.191
            ],
            [
              422898.813,
              490297.903999999
            ],
            [
              423393.094,
              490270.096999999
            ],
            [
              423313.501,
              491743.594000001
            ],
            [
              423667.313,
              491821.094000001
            ],
            [
              423407.406,
              492018.094000001
            ],
            [
              423680.8995,
              492393.967499999
            ],
            [
              423294.848,
              494272.030999999
            ],
            [
              425537.687,
              495102.687000001
            ],
            [
              427116.2415,
              492648.7205
            ],
            [
              427399.517,
              492745.7105
            ],
            [
              428061.875,
              489884.594000001
            ],
            [
              428699.9046,
              489152.726399999
            ]
          ]
        ]
      },
      "properties": {
        "FID": 5525,
        "MSOA21CD": "E02005755",
        "MSOA21NM": "Hambleton 006",
        "MSOA21NMW": " ",
        "BNG_E": 424318,
        "BNG_N": 488152,
        "LAT": 54.28843,
        "LONG": -1.62795,
        "GlobalID": "73535fc9-2d13-4b79-b46c-4c27e05828fb"
      }
    },
    {
      "type": "Feature",
      "id": 5526,
      "geometry": {
        "type": "Polygon",
        "coordinates": [
          [
            [
              442027.2841,
              492050.228599999
            ],
            [
              442300.094,
              491892.780999999
            ],
            [
              442287.712,
              490955.028000001
            ],
            [
              441520.831,
              490476.025
            ],
            [
              441631.313,
              489569.905999999
            ],
            [
              440816.813,
              487485.094000001
            ],
            [
              440929.313,
              486666.594000001
            ],
            [
              442203.095,
              485598.309
            ],
            [
              442247.052,
              484451.573999999
            ],
            [
              441959.469,
              484423.875
            ],
            [
              441496.629,
              485145.549000001
            ],
            [
              440610.263,
              485085.738
            ],
            [
              440120.094,
              484586.001
            ],
            [
              439555.227,
              484534.278000001
            ],
            [
              439039.313,
              483440.655999999
            ],
            [
              439917.906,
              483240.812000001
            ],
            [
              440228.806,
              481980.309
            ],
            [
              439486.811,
              481853.686000001
            ],
            [
              437936.3002,
              480545.455
            ],
            [
              437490.813,
              481021.187000001
            ],
            [
              436418.502,
              481284.192
            ],
            [
              435999.094,
              480484
            ],
            [
              436376.093,
              480186.094000001
            ],
            [
              434356.8584,
              479066.134
            ],
            [
              433702.905,
              480630.594000001
            ],
            [
              433149.8465,
              480344.958000001
            ],
            [
              433033.687,
              478733.096999999
            ],
            [
              432641.812,
              478835.719000001
            ],
            [
              430889.503,
              477777.784
            ],
            [
              430062,
              477739
            ],
            [
              428767.189,
              477344.312000001
            ],
            [
              428276.688,
              478307.561000001
            ],
            [
              427368.781,
              478868.625
            ],
            [
              426331.406,
              478447.280999999
            ],
            [
              426391.906,
              478008.405999999
            ],
            [
              426921.313,
              477959.405999999
            ],
            [
              426481.719,
              477231.937000001
            ],
            [
              426060.031,
              477335.344000001
            ],
            [
              424746,
              476739.219000001
            ],
            [
              423571.138,
              477263.171
            ],
            [
              424178.814,
              478077.812000001
            ],
            [
              424810.307,
              480412.808
            ],
            [
              424512.095,
              481698.903999999
            ],
            [
              426358.1855,
              482921.3805
            ],
            [
              427654.454,
              482801.136
            ],
            [
              427411.195,
              482193.808
            ],
            [
              427946.6315,
              481950.294500001
            ],
            [
              428277.805,
              482216.904999999
            ],
            [
              428173.32,
              482515.4855
            ],
            [
              429230.125,
              482660.937000001
            ],
            [
              429284.094,
              483284.687000001
            ],
            [
              428496.906,
              483735.5
            ],
            [
              429349.7308,
              484801.092
            ],
            [
              428540.375,
              487295.312000001
            ],
            [
              428699.9046,
              489152.726399999
            ],
            [
              430322.406,
              490374.594000001
            ],
            [
              430987.808,
              490026.596999999
            ],
            [
              432058.499,
              490081.094000001
            ],
            [
              431856.094,
              489623
            ],
            [
              432903.313,
              488076.5
            ],
            [
              432853.905,
              488430.407
            ],
            [
              433500.313,
              488857.594000001
            ],
            [
              433258.19,
              489397.812999999
            ],
            [
              435012.1095,
              490126.1325
            ],
            [
              435307.4455,
              489839.398499999
            ],
            [
              435991.594,
              489899
            ],
            [
              436117.692,
              489457.007999999
            ],
            [
              437776.367,
              489802.198999999
            ],
            [
              437210.333,
              491217.720000001
            ],
            [
              437897.967,
              491560.668500001
            ],
            [
              438958.189,
              490371.812999999
            ],
            [
              438550.768,
              491848.7465
            ],
            [
              439735.497,
              492536.196
            ],
            [
              439873.094,
              492210.812000001
            ],
            [
              442027.2841,
              492050.228599999
            ]
          ]
        ]
      },
      "properties": {
        "FID": 5526,
        "MSOA21CD": "E02005756",
        "MSOA21NM": "Hambleton 007",
        "MSOA21NMW": " ",
        "BNG_E": 434432,
        "BNG_N": 484640,
        "LAT": 54.25629,
        "LONG": -1.47299,
        "GlobalID": "6c3384e2-87e7-497e-8120-07bff6616546"
      }
    },
    {
      "type": "Feature",
      "id": 5527,
      "geometry": {
        "type": "Polygon",
        "coordinates": [
          [
            [
              449489.8691,
              490156.987
            ],
            [
              450892.719,
              488161.719000001
            ],
            [
              451867.188,
              484249.405999999
            ],
            [
              451312.202,
              484011.817600001
            ],
            [
              451253.294,
              483151.8675
            ],
            [
              451694.9912,
              482584.6798
            ],
            [
              451245.022,
              482427.880999999
            ],
            [
              451467.313,
              482321
            ],
            [
              451155.094,
              481905.780999999
            ],
            [
              450055.094,
              481591.594000001
            ],
            [
              449307.597,
              481894.5
            ],
            [
              449045.0056,
              481666.645199999
            ],
            [
              448602.906,
              482285.687000001
            ],
            [
              447866.313,
              481992
            ],
            [
              447628.094,
              481558.905999999
            ],
            [
              447287.28,
              481980.155999999
            ],
            [
              446988.5,
              481495.094000001
            ],
            [
              445739.4356,
              482310.5813
            ],
            [
              446171.047,
              481816.225
            ],
            [
              445771.246,
              481223.206499999
            ],
            [
              443495.923,
              482794.143999999
            ],
            [
              443256.905,
              482347.089
            ],
            [
              443683.8138,
              482208.912599999
            ],
            [
              443135.781,
              481916.437000001
            ],
            [
              443944,
              481196
            ],
            [
              443819.772,
              480978.204500001
            ],
            [
              443186.757,
              481065.686000001
            ],
            [
              442982.113,
              481528.054
            ],
            [
              442577.624,
              481308.289999999
            ],
            [
              441974.617,
              481682.641000001
            ],
            [
              441237.906,
              481401.094000001
            ],
            [
              440822.281,
              481101.5
            ],
            [
              440949.7742,
              479568.6428
            ],
            [
              440271.688,
              479693.530999999
            ],
            [
              438914.718,
              479037.469000001
            ],
            [
              438438.5,
              479051.312000001
            ],
            [
              437936.3002,
              480545.455
            ],
            [
              439486.811,
              481853.686000001
            ],
            [
              440228.806,
              481980.309
            ],
            [
              439917.906,
              483240.812000001
            ],
            [
              439039.313,
              483440.655999999
            ],
            [
              439555.227,
              484534.278000001
            ],
            [
              440120.094,
              484586.001
            ],
            [
              440610.263,
              485085.738
            ],
            [
              441496.629,
              485145.549000001
            ],
            [
              441959.469,
              484423.875
            ],
            [
              442247.052,
              484451.573999999
            ],
            [
              442203.095,
              485598.309
            ],
            [
              440929.313,
              486666.594000001
            ],
            [
              440816.813,
              487485.094000001
            ],
            [
              441631.313,
              489569.905999999
            ],
            [
              441520.831,
              490476.025
            ],
            [
              442287.712,
              490955.028000001
            ],
            [
              442300.094,
              491892.780999999
            ],
            [
              443119.9586,
              491944.9849
            ],
            [
              443524.5,
              491662.687000001
            ],
            [
              443214.594,
              491099.75
            ],
            [
              443688.313,
              490690.780999999
            ],
            [
              443855.094,
              490000.095000001
            ],
            [
              446404.188,
              490632.594000001
            ],
            [
              448097.813,
              489836.187000001
            ],
            [
              449489.8691,
              490156.987
            ]
          ]
        ]
      },
      "properties": {
        "FID": 5527,
        "MSOA21CD": "E02005757",
        "MSOA21NM": "Hambleton 008",
        "MSOA21NMW": " ",
        "BNG_E": 446898,
        "BNG_N": 485480,
        "LAT": 54.26286,
        "LONG": -1.28152,
        "GlobalID": "62bd6b18-a4b6-4491-abbf-ab7fe037f4d5"
      }
    },
    {
      "type": "Feature",
      "id": 5528,
      "geometry": {
        "type": "Polygon",
        "coordinates": [
          [
            [
              457108.783,
              476518.0732
            ],
            [
              456513.813,
              475535.594000001
            ],
            [
              457041.594,
              474478.155999999
            ],
            [
              456304,
              473762.780999999
            ],
            [
              456837.1427,
              473107.444700001
            ],
            [
              456460.906,
              472315.687000001
            ],
            [
              455349,
              472829.812000001
            ],
            [
              453056.531,
              471918.562000001
            ],
            [
              452228.188,
              472035.187000001
            ],
            [
              451071.2692,
              471391.198000001
            ],
            [
              451096.094,
              472538.594000001
            ],
            [
              450331.188,
              473736.905999999
            ],
            [
              450420.288,
              474865.731000001
            ],
            [
              449790.594,
              475713
            ],
            [
              449307.405,
              475804.905999999
            ],
            [
              449316.813,
              477168.187000001
            ],
            [
              449043.563,
              477378.75
            ],
            [
              448355.813,
              477149
            ],
            [
              447667.5,
              475394.306
            ],
            [
              448509.7105,
              474697.5715
            ],
            [
              448589.352,
              473207.233999999
            ],
            [
              448253.594,
              472853.907
            ],
            [
              447640.573,
              473011.179
            ],
            [
              447333.499,
              472449.594000001
            ],
            [
              445293.313,
              473452.219000001
            ],
            [
              444317.131,
              473386.001499999
            ],
            [
              444262.514,
              473731.014
            ],
            [
              444111.406,
              473554.5
            ],
            [
              443601.097,
              473926.999
            ],
            [
              442985.281,
              473644.594000001
            ],
            [
              443244.394,
              473096.234999999
            ],
            [
              442444.281,
              473336.5
            ],
            [
              442714,
              473937
            ],
            [
              442036.813,
              474241.594000001
            ],
            [
              441829.5,
              474773
            ],
            [
              440868.094,
              474831.687000001
            ],
            [
              440381,
              475492.5
            ],
            [
              439897.719,
              475596.437000001
            ],
            [
              439945.799,
              476155.437000001
            ],
            [
              439645.6685,
              476355.355
            ],
            [
              438459,
              476326.405999999
            ],
            [
              437153.5,
              476847.812000001
            ],
            [
              436753,
              477572.095000001
            ],
            [
              436858.669,
              478333.161
            ],
            [
              436226.689,
              479954.404999999
            ],
            [
              436376.093,
              480186.094000001
            ],
            [
              435999.094,
              480484
            ],
            [
              436418.502,
              481284.192
            ],
            [
              437490.813,
              481021.187000001
            ],
            [
              437936.3002,
              480545.455
            ],
            [
              438438.5,
              479051.312000001
            ],
            [
              438914.718,
              479037.469000001
            ],
            [
              440271.688,
              479693.530999999
            ],
            [
              440949.7742,
              479568.6428
            ],
            [
              440822.281,
              481101.5
            ],
            [
              441237.906,
              481401.094000001
            ],
            [
              441974.617,
              481682.641000001
            ],
            [
              442577.624,
              481308.289999999
            ],
            [
              442982.113,
              481528.054
            ],
            [
              443186.757,
              481065.686000001
            ],
            [
              443819.772,
              480978.204500001
            ],
            [
              443944,
              481196
            ],
            [
              443135.781,
              481916.437000001
            ],
            [
              443683.8138,
              482208.912599999
            ],
            [
              443256.905,
              482347.089
            ],
            [
              443495.923,
              482794.143999999
            ],
            [
              445771.246,
              481223.206499999
            ],
            [
              446171.047,
              481816.225
            ],
            [
              445739.4356,
              482310.5813
            ],
            [
              446988.5,
              481495.094000001
            ],
            [
              447287.28,
              481980.155999999
            ],
            [
              447628.094,
              481558.905999999
            ],
            [
              447866.313,
              481992
            ],
            [
              448602.906,
              482285.687000001
            ],
            [
              449045.0056,
              481666.645199999
            ],
            [
              449307.597,
              481894.5
            ],
            [
              450055.094,
              481591.594000001
            ],
            [
              451155.094,
              481905.780999999
            ],
            [
              451467.313,
              482321
            ],
            [
              451245.022,
              482427.880999999
            ],
            [
              451694.9912,
              482584.6798
            ],
            [
              452429.903,
              483118.092
            ],
            [
              452471.001,
              481477.094000001
            ],
            [
              452779.313,
              480897.405999999
            ],
            [
              452253.688,
              480360.312000001
            ],
            [
              452277.688,
              479980.405999999
            ],
            [
              453020.594,
              479495.405999999
            ],
            [
              452986.313,
              478569.905999999
            ],
            [
              454325.049,
              478842.265000001
            ],
            [
              456488.906,
              477452.905999999
            ],
            [
              457108.783,
              476518.0732
            ]
          ]
        ]
      },
      "properties": {
        "FID": 5528,
        "MSOA21CD": "E02005758",
        "MSOA21NM": "Hambleton 009",
        "MSOA21NMW": " ",
        "BNG_E": 442786,
        "BNG_N": 477255,
        "LAT": 54.1893,
        "LONG": -1.34581,
        "GlobalID": "a537f917-0703-4772-a3e5-20c89729d2d6"
      }
    },
    {
      "type": "Feature",
      "id": 5529,
      "geometry": {
        "type": "Polygon",
        "coordinates": [
          [
            [
              464583.75,
              471422.687000001
            ],
            [
              464896.2558,
              470220.2654
            ],
            [
              464416.281,
              468449.905999999
            ],
            [
              462617.625,
              468376.594000001
            ],
            [
              462913.406,
              467367.687000001
            ],
            [
              461579.409,
              465898.74
            ],
            [
              462485.499,
              465215.903999999
            ],
            [
              462293.5,
              464837.5
            ],
            [
              462771.188,
              465064.280999999
            ],
            [
              462971.813,
              464845.094000001
            ],
            [
              462586.406,
              464182.594000001
            ],
            [
              461900.702,
              463906.773
            ],
            [
              461651.094,
              462701.694
            ],
            [
              461728.0944,
              461727.6744
            ],
            [
              461499.693,
              461979.805
            ],
            [
              459745.626,
              461730.030999999
            ],
            [
              459402.596,
              461561.685000001
            ],
            [
              459292.9144,
              460879.916200001
            ],
            [
              458068.017,
              460344.835999999
            ],
            [
              457724.19,
              459584.161
            ],
            [
              456379.313,
              459658.210999999
            ],
            [
              456433.188,
              460296
            ],
            [
              455635.406,
              460559.780999999
            ],
            [
              455140.625,
              461317.125
            ],
            [
              453814.906,
              461129.905999999
            ],
            [
              453670.188,
              460795.187000001
            ],
            [
              453467.875,
              461009.905999999
            ],
            [
              453599.398,
              462336.784
            ],
            [
              452943.7175,
              462843.013
            ],
            [
              453264.594,
              463212
            ],
            [
              453109.925,
              463513.762
            ],
            [
              453370.594,
              463552.812000001
            ],
            [
              453261,
              464142.5
            ],
            [
              453887.338,
              464683.568
            ],
            [
              453097,
              466586.187000001
            ],
            [
              451200.563,
              467496.155999999
            ],
            [
              450067.406,
              467753.780999999
            ],
            [
              449517,
              467528.344000001
            ],
            [
              449301.5,
              469603.75
            ],
            [
              450899.906,
              470000.094000001
            ],
            [
              450038.111,
              471046.728
            ],
            [
              451071.2692,
              471391.198000001
            ],
            [
              452228.188,
              472035.187000001
            ],
            [
              453056.531,
              471918.562000001
            ],
            [
              455349,
              472829.812000001
            ],
            [
              456460.906,
              472315.687000001
            ],
            [
              456837.1427,
              473107.444700001
            ],
            [
              456304,
              473762.780999999
            ],
            [
              457041.594,
              474478.155999999
            ],
            [
              456513.813,
              475535.594000001
            ],
            [
              457108.783,
              476518.0732
            ],
            [
              458886.812,
              476987.686000001
            ],
            [
              459005.687,
              476128.687000001
            ],
            [
              460116.403,
              475533.903000001
            ],
            [
              459600.688,
              474505.5
            ],
            [
              464583.75,
              471422.687000001
            ]
          ]
        ]
      },
      "properties": {
        "FID": 5529,
        "MSOA21CD": "E02005759",
        "MSOA21NM": "Hambleton 010",
        "MSOA21NMW": " ",
        "BNG_E": 457082,
        "BNG_N": 468133,
        "LAT": 54.10594,
        "LONG": -1.12848,
        "GlobalID": "ef54fe5b-602f-4e26-b11a-4f67fee97626"
      }
    },
    {
      "type": "Feature",
      "id": 5530,
      "geometry": {
        "type": "Polygon",
        "coordinates": [
          [
            [
              451071.2692,
              471391.198000001
            ],
            [
              450038.111,
              471046.728
            ],
            [
              450899.906,
              470000.094000001
            ],
            [
              449301.5,
              469603.75
            ],
            [
              449517,
              467528.344000001
            ],
            [
              450067.406,
              467753.780999999
            ],
            [
              451200.563,
              467496.155999999
            ],
            [
              453097,
              466586.187000001
            ],
            [
              453887.338,
              464683.568
            ],
            [
              453261,
              464142.5
            ],
            [
              453370.594,
              463552.812000001
            ],
            [
              453109.925,
              463513.762
            ],
            [
              453264.594,
              463212
            ],
            [
              452943.7175,
              462843.013
            ],
            [
              453599.398,
              462336.784
            ],
            [
              453467.875,
              461009.905999999
            ],
            [
              453670.188,
              460795.187000001
            ],
            [
              453814.906,
              461129.905999999
            ],
            [
              455140.625,
              461317.125
            ],
            [
              455635.406,
              460559.780999999
            ],
            [
              456433.188,
              460296
            ],
            [
              456379.313,
              459658.210999999
            ],
            [
              456108.907,
              459062.375
            ],
            [
              456290.188,
              458443.5
            ],
            [
              455921.906,
              458078.405999999
            ],
            [
              456268.813,
              457534.655999999
            ],
            [
              455872.031,
              456657.375
            ],
            [
              456680.7334,
              455346.921599999
            ],
            [
              455705.406,
              455123.187000001
            ],
            [
              454141.2936,
              456553.3716
            ],
            [
              452074.188,
              458088.687000001
            ],
            [
              451312.688,
              457883.187000001
            ],
            [
              451353.906,
              458963.905999999
            ],
            [
              450897.497,
              460127.812999999
            ],
            [
              447425.531,
              460147.280999999
            ],
            [
              447178.5,
              461322.312000001
            ],
            [
              446673.863,
              461985.560000001
            ],
            [
              446745.625,
              463076.437000001
            ],
            [
              446035.4799,
              463595.3268
            ],
            [
              445193.5,
              465219.094000001
            ],
            [
              443557.5,
              465213.5
            ],
            [
              442941.563,
              466203.687000001
            ],
            [
              442866.588,
              467448.987
            ],
            [
              443836.3735,
              467225.5825
            ],
            [
              444057.813,
              467529.5
            ],
            [
              443677.593,
              468336
            ],
            [
              443520,
              468013.405999999
            ],
            [
              443204.125,
              468162.75
            ],
            [
              443577.314,
              468688.312000001
            ],
            [
              443705.625,
              469789.75
            ],
            [
              443226.719,
              470553.094000001
            ],
            [
              443298.093,
              471416.687999999
            ],
            [
              443731.905,
              472444.094000001
            ],
            [
              443550.194,
              472847.403000001
            ],
            [
              443242.5,
              472685.5
            ],
            [
              443244.394,
              473096.234999999
            ],
            [
              442985.281,
              473644.594000001
            ],
            [
              443601.097,
              473926.999
            ],
            [
              444111.406,
              473554.5
            ],
            [
              444262.514,
              473731.014
            ],
            [
              444317.131,
              473386.001499999
            ],
            [
              445293.313,
              473452.219000001
            ],
            [
              447333.499,
              472449.594000001
            ],
            [
              447640.573,
              473011.179
            ],
            [
              448253.594,
              472853.907
            ],
            [
              448589.352,
              473207.233999999
            ],
            [
              448509.7105,
              474697.5715
            ],
            [
              447667.5,
              475394.306
            ],
            [
              448355.813,
              477149
            ],
            [
              449043.563,
              477378.75
            ],
            [
              449316.813,
              477168.187000001
            ],
            [
              449307.405,
              475804.905999999
            ],
            [
              449790.594,
              475713
            ],
            [
              450420.288,
              474865.731000001
            ],
            [
              450331.188,
              473736.905999999
            ],
            [
              451096.094,
              472538.594000001
            ],
            [
              451071.2692,
              471391.198000001
            ]
          ]
        ]
      },
      "properties": {
        "FID": 5530,
        "MSOA21CD": "E02005760",
        "MSOA21NM": "Hambleton 011",
        "MSOA21NMW": " ",
        "BNG_E": 448114,
        "BNG_N": 466238,
        "LAT": 54.08982,
        "LONG": -1.26592,
        "GlobalID": "6d26d573-0b13-4fff-a896-cb09b7f8ab60"
      }
    },
    {
      "type": "Feature",
      "id": 5531,
      "geometry": {
        "type": "Polygon",
        "coordinates": [
          [
            [
              424512.095,
              481698.903999999
            ],
            [
              424810.307,
              480412.808
            ],
            [
              424178.814,
              478077.812000001
            ],
            [
              423571.138,
              477263.171
            ],
            [
              424746,
              476739.219000001
            ],
            [
              426060.031,
              477335.344000001
            ],
            [
              426481.719,
              477231.937000001
            ],
            [
              426921.313,
              477959.405999999
            ],
            [
              426391.906,
              478008.405999999
            ],
            [
              426331.406,
              478447.280999999
            ],
            [
              427368.781,
              478868.625
            ],
            [
              428276.688,
              478307.561000001
            ],
            [
              428767.189,
              477344.312000001
            ],
            [
              430062,
              477739
            ],
            [
              429704.724,
              476759.671
            ],
            [
              430102.4485,
              476413.015000001
            ],
            [
              430705.652,
              476521.891000001
            ],
            [
              430696.469,
              475271.753
            ],
            [
              431117.687,
              474480.187000001
            ],
            [
              432066.406,
              473928.5
            ],
            [
              431529.876,
              473999.75
            ],
            [
              431274.1556,
              473309.114800001
            ],
            [
              431212.472,
              472988.471000001
            ],
            [
              429826.695,
              472683.5735
            ],
            [
              429634,
              472347.594000001
            ],
            [
              428300.688,
              472693.687000001
            ],
            [
              428550.094,
              473323.094000001
            ],
            [
              427677.998,
              473015.584000001
            ],
            [
              427054.094,
              473212.220000001
            ],
            [
              427528.636,
              472705.937999999
            ],
            [
              428196.094,
              472646.437000001
            ],
            [
              428343.688,
              472117
            ],
            [
              429330.719,
              471570.75
            ],
            [
              429574.906,
              470319
            ],
            [
              429925.51,
              469960.475400001
            ],
            [
              429899.2238,
              469809.0792
            ],
            [
              429244.097,
              468870.194
            ],
            [
              429310.686,
              468343.756999999
            ],
            [
              428614,
              468246.280999999
            ],
            [
              428021.309,
              468544.403000001
            ],
            [
              427754.781,
              468087.187999999
            ],
            [
              427264.594,
              467889.405999999
            ],
            [
              427076.4085,
              468202.2335
            ],
            [
              426772.904,
              468124.808
            ],
            [
              426143.594,
              467526.812000001
            ],
            [
              426117.594,
              467183
            ],
            [
              426505.813,
              466982.905999999
            ],
            [
              426025.688,
              466488.594000001
            ],
            [
              426384.693,
              465637.41
            ],
            [
              424688.094,
              465882.030999999
            ],
            [
              423844.281,
              466464.187000001
            ],
            [
              422906.868,
              466569.412
            ],
            [
              421251.589,
              466029.624
            ],
            [
              421251.809,
              467022.591
            ],
            [
              419661.287,
              468653.402000001
            ],
            [
              419315.5,
              468376.719000001
            ],
            [
              417764.5,
              469209.905999999
            ],
            [
              416162.312,
              469034.595000001
            ],
            [
              415485.313,
              472055.844000001
            ],
            [
              414824.188,
              472727.094000001
            ],
            [
              414475.283,
              474235.68
            ],
            [
              412138.699,
              475000.038000001
            ],
            [
              411075.531,
              477565.470000001
            ],
            [
              410269,
              477764.311000001
            ],
            [
              408982.594,
              478890.594000001
            ],
            [
              407504.002,
              479368.192
            ],
            [
              407958.844,
              480511.075999999
            ],
            [
              411305.9,
              481782.397
            ],
            [
              412070.05,
              482792.210999999
            ],
            [
              411610.0412,
              483546.523800001
            ],
            [
              416003.195,
              482655.693
            ],
            [
              417111.094,
              483673.812000001
            ],
            [
              417224.875,
              484314.905999999
            ],
            [
              418514.5,
              484654.905999999
            ],
            [
              419037.804,
              484472.295
            ],
            [
              419342.811,
              485057.093
            ],
            [
              419719.219,
              484567.905999999
            ],
            [
              420651.7792,
              485148.5118
            ],
            [
              421269.406,
              483535.655999999
            ],
            [
              421595.261,
              483599.129000001
            ],
            [
              421449.1625,
              483952.844000001
            ],
            [
              421739.719,
              484112.062000001
            ],
            [
              421978.999,
              483564.904999999
            ],
            [
              422992.73,
              483892.2368
            ],
            [
              423797.322,
              482699.642000001
            ],
            [
              423119,
              482406.5
            ],
            [
              423916.414,
              481562.973999999
            ],
            [
              424512.095,
              481698.903999999
            ]
          ]
        ]
      },
      "properties": {
        "FID": 5531,
        "MSOA21CD": "E02005761",
        "MSOA21NM": "Harrogate 001",
        "MSOA21NMW": " ",
        "BNG_E": 421312,
        "BNG_N": 475393,
        "LAT": 54.1739,
        "LONG": -1.67502,
        "GlobalID": "b6fa4a98-3c34-4585-b775-67d0a160089f"
      }
    },
    {
      "type": "Feature",
      "id": 5532,
      "geometry": {
        "type": "Polygon",
        "coordinates": [
          [
            [
              431274.1556,
              473309.114800001
            ],
            [
              431365.47,
              472517.905999999
            ],
            [
              431758.75,
              472089.125
            ],
            [
              431216.906,
              471752.780999999
            ],
            [
              430961.281,
              470875.562000001
            ],
            [
              430207.564,
              470676.780999999
            ],
            [
              429925.51,
              469960.475400001
            ],
            [
              429574.906,
              470319
            ],
            [
              429330.719,
              471570.75
            ],
            [
              428343.688,
              472117
            ],
            [
              428196.094,
              472646.437000001
            ],
            [
              427528.636,
              472705.937999999
            ],
            [
              427054.094,
              473212.220000001
            ],
            [
              427677.998,
              473015.584000001
            ],
            [
              428550.094,
              473323.094000001
            ],
            [
              428300.688,
              472693.687000001
            ],
            [
              429634,
              472347.594000001
            ],
            [
              429826.695,
              472683.5735
            ],
            [
              431212.472,
              472988.471000001
            ],
            [
              431274.1556,
              473309.114800001
            ]
          ]
        ]
      },
      "properties": {
        "FID": 5532,
        "MSOA21CD": "E02005762",
        "MSOA21NM": "Harrogate 002",
        "MSOA21NMW": " ",
        "BNG_E": 430164,
        "BNG_N": 471643,
        "LAT": 54.13976,
        "LONG": -1.5398,
        "GlobalID": "2fba7c93-f9af-4846-8713-46e509688dbe"
      }
    },
    {
      "type": "Feature",
      "id": 5533,
      "geometry": {
        "type": "Polygon",
        "coordinates": [
          [
            [
              436376.093,
              480186.094000001
            ],
            [
              436226.689,
              479954.404999999
            ],
            [
              436858.669,
              478333.161
            ],
            [
              436753,
              477572.095000001
            ],
            [
              437153.5,
              476847.812000001
            ],
            [
              438459,
              476326.405999999
            ],
            [
              439645.6685,
              476355.355
            ],
            [
              439945.799,
              476155.437000001
            ],
            [
              439897.719,
              475596.437000001
            ],
            [
              440381,
              475492.5
            ],
            [
              440868.094,
              474831.687000001
            ],
            [
              441829.5,
              474773
            ],
            [
              442036.813,
              474241.594000001
            ],
            [
              442714,
              473937
            ],
            [
              442444.281,
              473336.5
            ],
            [
              443244.394,
              473096.234999999
            ],
            [
              443242.5,
              472685.5
            ],
            [
              443550.194,
              472847.403000001
            ],
            [
              443731.905,
              472444.094000001
            ],
            [
              443298.093,
              471416.687999999
            ],
            [
              442517.719,
              471761.344000001
            ],
            [
              441513.094,
              470888.405999999
            ],
            [
              441092.969,
              471118.937000001
            ],
            [
              440941.1455,
              470743.038000001
            ],
            [
              438737.813,
              469750.905999999
            ],
            [
              438494.065,
              470087.745999999
            ],
            [
              437281.004,
              469732.309
            ],
            [
              437893.402,
              469243.691
            ],
            [
              437659.099,
              468765.689999999
            ],
            [
              437847.188,
              467938.405999999
            ],
            [
              436633.094,
              467226.187000001
            ],
            [
              436588.096,
              466473.312000001
            ],
            [
              438455,
              466289.5
            ],
            [
              438622.813,
              467008.905999999
            ],
            [
              439032.904,
              467099.5
            ],
            [
              439128.188,
              466099.812000001
            ],
            [
              438686.5,
              465301.094000001
            ],
            [
              437291.135,
              464261.8038
            ],
            [
              435952.899,
              463896.182
            ],
            [
              434729.2346,
              464552.695599999
            ],
            [
              434594.951,
              465419.380999999
            ],
            [
              433245.5074,
              465260.130000001
            ],
            [
              432868.55,
              466280.958000001
            ],
            [
              433295.911,
              466123.056
            ],
            [
              433875.434,
              466478.723999999
            ],
            [
              433477.152,
              467034.739
            ],
            [
              433160.492,
              466629.573999999
            ],
            [
              432864.299,
              467184.257999999
            ],
            [
              432142,
              466863.001
            ],
            [
              431780.838,
              467391.523
            ],
            [
              430810.595,
              466534.187000001
            ],
            [
              430605.5,
              465785.595000001
            ],
            [
              430860.903,
              464879.094000001
            ],
            [
              430616.906,
              464839.307
            ],
            [
              430540.313,
              464089.719000001
            ],
            [
              429740.001,
              464347.311000001
            ],
            [
              428216.188,
              463734
            ],
            [
              428120.403,
              463204.904999999
            ],
            [
              427901.372,
              463158.751
            ],
            [
              427594.593,
              464536
            ],
            [
              426970.813,
              464777.094000001
            ],
            [
              426384.693,
              465637.41
            ],
            [
              426025.688,
              466488.594000001
            ],
            [
              426505.813,
              466982.905999999
            ],
            [
              426117.594,
              467183
            ],
            [
              426143.594,
              467526.812000001
            ],
            [
              426772.904,
              468124.808
            ],
            [
              427076.4085,
              468202.2335
            ],
            [
              427264.594,
              467889.405999999
            ],
            [
              427754.781,
              468087.187999999
            ],
            [
              428021.309,
              468544.403000001
            ],
            [
              428614,
              468246.280999999
            ],
            [
              429310.686,
              468343.756999999
            ],
            [
              429244.097,
              468870.194
            ],
            [
              429899.2238,
              469809.0792
            ],
            [
              430647.906,
              469441.312000001
            ],
            [
              432097.906,
              470149.812000001
            ],
            [
              432314.406,
              469872.094000001
            ],
            [
              432642.406,
              470131.687999999
            ],
            [
              432802.711,
              469831.596999999
            ],
            [
              433102.25,
              470000.030999999
            ],
            [
              431958.5,
              472462.5
            ],
            [
              431365.47,
              472517.905999999
            ],
            [
              431274.1556,
              473309.114800001
            ],
            [
              431529.876,
              473999.75
            ],
            [
              432066.406,
              473928.5
            ],
            [
              431117.687,
              474480.187000001
            ],
            [
              430696.469,
              475271.753
            ],
            [
              430705.652,
              476521.891000001
            ],
            [
              430102.4485,
              476413.015000001
            ],
            [
              429704.724,
              476759.671
            ],
            [
              430062,
              477739
            ],
            [
              430889.503,
              477777.784
            ],
            [
              432641.812,
              478835.719000001
            ],
            [
              433033.687,
              478733.096999999
            ],
            [
              433149.8465,
              480344.958000001
            ],
            [
              433702.905,
              480630.594000001
            ],
            [
              434356.8584,
              479066.134
            ],
            [
              436376.093,
              480186.094000001
            ]
          ]
        ]
      },
      "properties": {
        "FID": 5533,
        "MSOA21CD": "E02005763",
        "MSOA21NM": "Harrogate 003",
        "MSOA21NMW": " ",
        "BNG_E": 434878,
        "BNG_N": 472002,
        "LAT": 54.14269,
        "LONG": -1.4676,
        "GlobalID": "23e6736c-07e5-40de-8cbc-5f912e4b260e"
      }
    },
    {
      "type": "Feature",
      "id": 5534,
      "geometry": {
        "type": "Polygon",
        "coordinates": [
          [
            [
              429899.2238,
              469809.0792
            ],
            [
              429925.51,
              469960.475400001
            ],
            [
              430207.564,
              470676.780999999
            ],
            [
              430961.281,
              470875.562000001
            ],
            [
              431216.906,
              471752.780999999
            ],
            [
              431758.75,
              472089.125
            ],
            [
              431365.47,
              472517.905999999
            ],
            [
              431958.5,
              472462.5
            ],
            [
              433102.25,
              470000.030999999
            ],
            [
              432802.711,
              469831.596999999
            ],
            [
              432642.406,
              470131.687999999
            ],
            [
              432314.406,
              469872.094000001
            ],
            [
              432097.906,
              470149.812000001
            ],
            [
              430647.906,
              469441.312000001
            ],
            [
              429899.2238,
              469809.0792
            ]
          ]
        ]
      },
      "properties": {
        "FID": 5534,
        "MSOA21CD": "E02005764",
        "MSOA21NM": "Harrogate 004",
        "MSOA21NMW": " ",
        "BNG_E": 431478,
        "BNG_N": 470908,
        "LAT": 54.13307,
        "LONG": -1.51976,
        "GlobalID": "44b3c3bf-aed3-48f0-b2c7-8e6dae1c2d20"
      }
    },
    {
      "type": "Feature",
      "id": 5535,
      "geometry": {
        "type": "Polygon",
        "coordinates": [
          [
            [
              443298.093,
              471416.687999999
            ],
            [
              443226.719,
              470553.094000001
            ],
            [
              443705.625,
              469789.75
            ],
            [
              443577.314,
              468688.312000001
            ],
            [
              443204.125,
              468162.75
            ],
            [
              443520,
              468013.405999999
            ],
            [
              443677.593,
              468336
            ],
            [
              444057.813,
              467529.5
            ],
            [
              443836.3735,
              467225.5825
            ],
            [
              442866.588,
              467448.987
            ],
            [
              442941.563,
              466203.687000001
            ],
            [
              443557.5,
              465213.5
            ],
            [
              445193.5,
              465219.094000001
            ],
            [
              446035.4799,
              463595.3268
            ],
            [
              445814.001,
              463129.405999999
            ],
            [
              445246.906,
              463440.094000001
            ],
            [
              444240.738,
              462609.674000001
            ],
            [
              443792.236,
              462956.305500001
            ],
            [
              443063.906,
              462442.5
            ],
            [
              442474.313,
              462423.405999999
            ],
            [
              442899.8815,
              461957.321
            ],
            [
              442200.313,
              460976.594000001
            ],
            [
              440730.5,
              460329.499
            ],
            [
              440835.281,
              459272.25
            ],
            [
              439434.563,
              458760.905999999
            ],
            [
              438955.7161,
              457651.344900001
            ],
            [
              438479.563,
              457527.5
            ],
            [
              438697,
              458082.937000001
            ],
            [
              438047,
              458026.905999999
            ],
            [
              437936.094,
              458996.499
            ],
            [
              437550.438,
              459004.98
            ],
            [
              437575.71,
              459375.094000001
            ],
            [
              437083.181,
              459305.494000001
            ],
            [
              436535,
              458970.905999999
            ],
            [
              436467.596,
              459679.806
            ],
            [
              436004.426,
              459489.274499999
            ],
            [
              435836.313,
              459970.094000001
            ],
            [
              436640.598,
              460924.806
            ],
            [
              437333.906,
              461073
            ],
            [
              438629.094,
              462358.595000001
            ],
            [
              437291.135,
              464261.8038
            ],
            [
              438686.5,
              465301.094000001
            ],
            [
              439128.188,
              466099.812000001
            ],
            [
              439032.904,
              467099.5
            ],
            [
              438622.813,
              467008.905999999
            ],
            [
              438455,
              466289.5
            ],
            [
              436588.096,
              466473.312000001
            ],
            [
              436633.094,
              467226.187000001
            ],
            [
              437847.188,
              467938.405999999
            ],
            [
              437659.099,
              468765.689999999
            ],
            [
              437893.402,
              469243.691
            ],
            [
              437281.004,
              469732.309
            ],
            [
              438494.065,
              470087.745999999
            ],
            [
              438737.813,
              469750.905999999
            ],
            [
              440941.1455,
              470743.038000001
            ],
            [
              441092.969,
              471118.937000001
            ],
            [
              441513.094,
              470888.405999999
            ],
            [
              442517.719,
              471761.344000001
            ],
            [
              443298.093,
              471416.687999999
            ]
          ]
        ]
      },
      "properties": {
        "FID": 5535,
        "MSOA21CD": "E02005765",
        "MSOA21NM": "Harrogate 005",
        "MSOA21NMW": " ",
        "BNG_E": 440936,
        "BNG_N": 465598,
        "LAT": 54.08469,
        "LONG": -1.37574,
        "GlobalID": "04fcb561-f554-482d-829b-9d40ca76dccc"
      }
    },
    {
      "type": "Feature",
      "id": 5536,
      "geometry": {
        "type": "Polygon",
        "coordinates": [
          [
            [
              407504.002,
              479368.192
            ],
            [
              408982.594,
              478890.594000001
            ],
            [
              410269,
              477764.311000001
            ],
            [
              411075.531,
              477565.470000001
            ],
            [
              412138.699,
              475000.038000001
            ],
            [
              414475.283,
              474235.68
            ],
            [
              414824.188,
              472727.094000001
            ],
            [
              415485.313,
              472055.844000001
            ],
            [
              416162.312,
              469034.595000001
            ],
            [
              417764.5,
              469209.905999999
            ],
            [
              419315.5,
              468376.719000001
            ],
            [
              419661.287,
              468653.402000001
            ],
            [
              421251.809,
              467022.591
            ],
            [
              421251.589,
              466029.624
            ],
            [
              422906.868,
              466569.412
            ],
            [
              423844.281,
              466464.187000001
            ],
            [
              424688.094,
              465882.030999999
            ],
            [
              426384.693,
              465637.41
            ],
            [
              426970.813,
              464777.094000001
            ],
            [
              427594.593,
              464536
            ],
            [
              427901.372,
              463158.751
            ],
            [
              427062.633,
              462175.853599999
            ],
            [
              426273.312,
              462511.686000001
            ],
            [
              425560.9754,
              462423.783
            ],
            [
              424054.594,
              460170.687000001
            ],
            [
              422968.5,
              460428.812000001
            ],
            [
              421280.594,
              459721.187000001
            ],
            [
              419933.5,
              460153.405999999
            ],
            [
              417562.5,
              458028.905999999
            ],
            [
              415715.959,
              456922.771
            ],
            [
              415849.688,
              456553.5
            ],
            [
              413819.688,
              456556.375
            ],
            [
              411929.189,
              455611.194
            ],
            [
              411176.803,
              456392.961999999
            ],
            [
              410848.719,
              457590.562000001
            ],
            [
              410055.5485,
              457526.604499999
            ],
            [
              409696.533,
              459206.210999999
            ],
            [
              408453.813,
              459964.5
            ],
            [
              408698.094,
              460681.5
            ],
            [
              408379.3576,
              461125.242000001
            ],
            [
              409674.281,
              461915.312000001
            ],
            [
              410529.587,
              463859.759
            ],
            [
              409144.594,
              464965
            ],
            [
              408788.5,
              466872.5
            ],
            [
              407225.0805,
              467618.421
            ],
            [
              406954.938,
              468661.469000001
            ],
            [
              406266.71,
              469626.119000001
            ],
            [
              405186,
              469384.812000001
            ],
            [
              403498.188,
              469933.594000001
            ],
            [
              402898.344,
              470745.594000001
            ],
            [
              403088,
              471918.812000001
            ],
            [
              402476.188,
              472922.5
            ],
            [
              401894.313,
              473584.812000001
            ],
            [
              400584.875,
              473272.280999999
            ],
            [
              399803.689,
              475231.193
            ],
            [
              401487.188,
              476947.312000001
            ],
            [
              403871.188,
              478151.187000001
            ],
            [
              405029.5,
              478268.405999999
            ],
            [
              406906.044,
              479405.717800001
            ],
            [
              407504.002,
              479368.192
            ]
          ]
        ]
      },
      "properties": {
        "FID": 5536,
        "MSOA21CD": "E02005766",
        "MSOA21NM": "Harrogate 006",
        "MSOA21NMW": " ",
        "BNG_E": 413860,
        "BNG_N": 465524,
        "LAT": 54.08546,
        "LONG": -1.78963,
        "GlobalID": "b2f37999-a6cc-48ec-8992-12c00f888f45"
      }
    },
    {
      "type": "Feature",
      "id": 5537,
      "geometry": {
        "type": "Polygon",
        "coordinates": [
          [
            [
              437291.135,
              464261.8038
            ],
            [
              438629.094,
              462358.595000001
            ],
            [
              437333.906,
              461073
            ],
            [
              436640.598,
              460924.806
            ],
            [
              435836.313,
              459970.094000001
            ],
            [
              436004.426,
              459489.274499999
            ],
            [
              436467.596,
              459679.806
            ],
            [
              436535,
              458970.905999999
            ],
            [
              437083.181,
              459305.494000001
            ],
            [
              436539.781,
              458629.969000001
            ],
            [
              436501.281,
              457613.437000001
            ],
            [
              435775.863,
              457544.614
            ],
            [
              435614.938,
              458096.710000001
            ],
            [
              435272.128,
              458215.742000001
            ],
            [
              434873.094,
              457448.280999999
            ],
            [
              433643.7438,
              456682.546599999
            ],
            [
              433154.094,
              456915.596000001
            ],
            [
              433190.406,
              457717.905999999
            ],
            [
              432920.094,
              457875.812000001
            ],
            [
              433117.31,
              458250.188999999
            ],
            [
              432507.842,
              458203.689999999
            ],
            [
              432483.313,
              458564.5
            ],
            [
              431892.406,
              458800.844000001
            ],
            [
              431470.096,
              458488.501
            ],
            [
              431299.5,
              460474.687000001
            ],
            [
              429770.188,
              461783
            ],
            [
              429315.594,
              461829.187000001
            ],
            [
              428120.403,
              463204.904999999
            ],
            [
              428216.188,
              463734
            ],
            [
              429740.001,
              464347.311000001
            ],
            [
              430540.313,
              464089.719000001
            ],
            [
              430616.906,
              464839.307
            ],
            [
              430860.903,
              464879.094000001
            ],
            [
              430605.5,
              465785.595000001
            ],
            [
              430810.595,
              466534.187000001
            ],
            [
              431780.838,
              467391.523
            ],
            [
              432142,
              466863.001
            ],
            [
              432864.299,
              467184.257999999
            ],
            [
              433160.492,
              466629.573999999
            ],
            [
              433477.152,
              467034.739
            ],
            [
              433875.434,
              466478.723999999
            ],
            [
              433295.911,
              466123.056
            ],
            [
              432868.55,
              466280.958000001
            ],
            [
              433245.5074,
              465260.130000001
            ],
            [
              434594.951,
              465419.380999999
            ],
            [
              434729.2346,
              464552.695599999
            ],
            [
              435952.899,
              463896.182
            ],
            [
              437291.135,
              464261.8038
            ]
          ]
        ]
      },
      "properties": {
        "FID": 5537,
        "MSOA21CD": "E02005767",
        "MSOA21NM": "Harrogate 007",
        "MSOA21NMW": " ",
        "BNG_E": 433705,
        "BNG_N": 462037,
        "LAT": 54.05321,
        "LONG": -1.48666,
        "GlobalID": "f3a02cdc-0af6-45c1-ae25-10fe7937291a"
      }
    },
    {
      "type": "Feature",
      "id": 5538,
      "geometry": {
        "type": "Polygon",
        "coordinates": [
          [
            [
              431470.096,
              458488.501
            ],
            [
              430729.906,
              458377
            ],
            [
              430746.342,
              457686.424000001
            ],
            [
              430405.651,
              457396.647500001
            ],
            [
              430463.308,
              457799.084000001
            ],
            [
              430159.979,
              457300.306
            ],
            [
              429724.714,
              457544.491
            ],
            [
              429072.427,
              457653.731000001
            ],
            [
              429002.563,
              457042.125
            ],
            [
              428390.597,
              457021.999
            ],
            [
              428274.323,
              456458.547
            ],
            [
              428082.71,
              456771.372
            ],
            [
              427587.23,
              455771.113
            ],
            [
              427514.707,
              454615.59
            ],
            [
              426847.818,
              454268.442
            ],
            [
              426053.281,
              455316.687000001
            ],
            [
              424802.5,
              455737.530999999
            ],
            [
              425658.198,
              457653.935000001
            ],
            [
              425551.434,
              458139.192
            ],
            [
              425412.543,
              457912.536
            ],
            [
              425131,
              458235.812000001
            ],
            [
              425208.7312,
              458855.472999999
            ],
            [
              425742.813,
              458971.907
            ],
            [
              425791.719,
              459284.562000001
            ],
            [
              427087.51,
              459076.122
            ],
            [
              426956.313,
              461070.905999999
            ],
            [
              427554.593,
              461566.191
            ],
            [
              427062.633,
              462175.853599999
            ],
            [
              427901.372,
              463158.751
            ],
            [
              428120.403,
              463204.904999999
            ],
            [
              429315.594,
              461829.187000001
            ],
            [
              429770.188,
              461783
            ],
            [
              431299.5,
              460474.687000001
            ],
            [
              431470.096,
              458488.501
            ]
          ]
        ]
      },
      "properties": {
        "FID": 5538,
        "MSOA21CD": "E02005768",
        "MSOA21NM": "Harrogate 008",
        "MSOA21NMW": " ",
        "BNG_E": 428136,
        "BNG_N": 459961,
        "LAT": 54.03489,
        "LONG": -1.57192,
        "GlobalID": "9d8526e7-15e6-4c6f-aaa2-35e33a0020e1"
      }
    },
    {
      "type": "Feature",
      "id": 5539,
      "geometry": {
        "type": "Polygon",
        "coordinates": [
          [
            [
              435775.863,
              457544.614
            ],
            [
              436025.559,
              456757.1844
            ],
            [
              435416.0283,
              456798.0668
            ],
            [
              435380.371,
              456338.396
            ],
            [
              435077.019,
              456626.003
            ],
            [
              435045.099,
              455966.662
            ],
            [
              434084.209,
              456001.345000001
            ],
            [
              433795.69,
              455927.413000001
            ],
            [
              433643.7438,
              456682.546599999
            ],
            [
              434873.094,
              457448.280999999
            ],
            [
              435272.128,
              458215.742000001
            ],
            [
              435614.938,
              458096.710000001
            ],
            [
              435775.863,
              457544.614
            ]
          ]
        ]
      },
      "properties": {
        "FID": 5539,
        "MSOA21CD": "E02005769",
        "MSOA21NM": "Harrogate 009",
        "MSOA21NMW": " ",
        "BNG_E": 435248,
        "BNG_N": 457036,
        "LAT": 54.00816,
        "LONG": -1.46367,
        "GlobalID": "b55c886b-a7f5-4a1d-8de2-d7f553652ad9"
      }
    },
    {
      "type": "Feature",
      "id": 5540,
      "geometry": {
        "type": "Polygon",
        "coordinates": [
          [
            [
              433154.094,
              456915.596000001
            ],
            [
              432063.5,
              456923.562999999
            ],
            [
              431655.228,
              457315.777000001
            ],
            [
              430924.374,
              456669.017000001
            ],
            [
              430197.979,
              456644.289000001
            ],
            [
              429774.938,
              456845.297
            ],
            [
              429621.9116,
              456634.418400001
            ],
            [
              429724.714,
              457544.491
            ],
            [
              430159.979,
              457300.306
            ],
            [
              430463.308,
              457799.084000001
            ],
            [
              430405.651,
              457396.647500001
            ],
            [
              430746.342,
              457686.424000001
            ],
            [
              430729.906,
              458377
            ],
            [
              431470.096,
              458488.501
            ],
            [
              431892.406,
              458800.844000001
            ],
            [
              432483.313,
              458564.5
            ],
            [
              432507.842,
              458203.689999999
            ],
            [
              433117.31,
              458250.188999999
            ],
            [
              432920.094,
              457875.812000001
            ],
            [
              433190.406,
              457717.905999999
            ],
            [
              433154.094,
              456915.596000001
            ]
          ]
        ]
      },
      "properties": {
        "FID": 5540,
        "MSOA21CD": "E02005770",
        "MSOA21NM": "Harrogate 010",
        "MSOA21NMW": " ",
        "BNG_E": 431951,
        "BNG_N": 457660,
        "LAT": 54.01398,
        "LONG": -1.51391,
        "GlobalID": "73057ff0-be20-4114-8338-1dda4127388b"
      }
    },
    {
      "type": "Feature",
      "id": 5541,
      "geometry": {
        "type": "Polygon",
        "coordinates": [
          [
            [
              429724.714,
              457544.491
            ],
            [
              429621.9116,
              456634.418400001
            ],
            [
              429774.938,
              456845.297
            ],
            [
              430197.979,
              456644.289000001
            ],
            [
              429984.1344,
              456210.292400001
            ],
            [
              429480.1346,
              456023.4868
            ],
            [
              428586.125,
              456159
            ],
            [
              427587.23,
              455771.113
            ],
            [
              428082.71,
              456771.372
            ],
            [
              428274.323,
              456458.547
            ],
            [
              428390.597,
              457021.999
            ],
            [
              429002.563,
              457042.125
            ],
            [
              429072.427,
              457653.731000001
            ],
            [
              429724.714,
              457544.491
            ]
          ]
        ]
      },
      "properties": {
        "FID": 5541,
        "MSOA21CD": "E02005771",
        "MSOA21NM": "Harrogate 011",
        "MSOA21NMW": " ",
        "BNG_E": 428956,
        "BNG_N": 456763,
        "LAT": 54.0061,
        "LONG": -1.5597,
        "GlobalID": "2895013b-b028-49d2-99d3-d959fcabee8c"
      }
    },
    {
      "type": "Feature",
      "id": 5542,
      "geometry": {
        "type": "Polygon",
        "coordinates": [
          [
            [
              438955.7161,
              457651.344900001
            ],
            [
              439028.6,
              457435.312999999
            ],
            [
              439521.693,
              457776.998
            ],
            [
              439852.5,
              457638.594000001
            ],
            [
              440208.594,
              456205.905999999
            ],
            [
              439927.905,
              455515.405999999
            ],
            [
              439485.813,
              455543.095000001
            ],
            [
              438650.906,
              454661.711999999
            ],
            [
              438862.1764,
              454393.205399999
            ],
            [
              438058.813,
              454033.094000001
            ],
            [
              437813.317,
              454221.399
            ],
            [
              437539,
              453670.405999999
            ],
            [
              435323.973,
              452940.111
            ],
            [
              435764.813,
              452043.594000001
            ],
            [
              434414.384,
              451538.318
            ],
            [
              433551.6295,
              452282.41
            ],
            [
              432870.688,
              451991.594000001
            ],
            [
              432902.81,
              451579.596999999
            ],
            [
              432574.813,
              451736.687000001
            ],
            [
              432198.0304,
              451453.2468
            ],
            [
              431765.094,
              452300.469000001
            ],
            [
              432099.9562,
              452868.3846
            ],
            [
              432548.906,
              453635.187000001
            ],
            [
              433959.496,
              454068.310000001
            ],
            [
              433563.156,
              454823.344000001
            ],
            [
              433689.313,
              455260.812000001
            ],
            [
              434284.807,
              455383.308
            ],
            [
              434084.209,
              456001.345000001
            ],
            [
              435045.099,
              455966.662
            ],
            [
              435077.019,
              456626.003
            ],
            [
              435380.371,
              456338.396
            ],
            [
              435416.0283,
              456798.0668
            ],
            [
              436025.559,
              456757.1844
            ],
            [
              435775.863,
              457544.614
            ],
            [
              436501.281,
              457613.437000001
            ],
            [
              436539.781,
              458629.969000001
            ],
            [
              437083.181,
              459305.494000001
            ],
            [
              437575.71,
              459375.094000001
            ],
            [
              437550.438,
              459004.98
            ],
            [
              437936.094,
              458996.499
            ],
            [
              438047,
              458026.905999999
            ],
            [
              438697,
              458082.937000001
            ],
            [
              438479.563,
              457527.5
            ],
            [
              438955.7161,
              457651.344900001
            ]
          ]
        ]
      },
      "properties": {
        "FID": 5542,
        "MSOA21CD": "E02005772",
        "MSOA21NM": "Harrogate 012",
        "MSOA21NMW": " ",
        "BNG_E": 436824,
        "BNG_N": 455463,
        "LAT": 53.99392,
        "LONG": -1.43982,
        "GlobalID": "82f55557-1547-43b6-b110-57d06d549204"
      }
    },
    {
      "type": "Feature",
      "id": 5543,
      "geometry": {
        "type": "Polygon",
        "coordinates": [
          [
            [
              432063.5,
              456923.562999999
            ],
            [
              432356.749,
              456637.249
            ],
            [
              431839.019,
              456025.332
            ],
            [
              431868.098,
              455582.738
            ],
            [
              432013,
              455344
            ],
            [
              432047.483,
              455672.596000001
            ],
            [
              432489.933,
              455555.202
            ],
            [
              432189.601,
              455091.695
            ],
            [
              432434.7594,
              454847.397600001
            ],
            [
              431291.1958,
              455384.347999999
            ],
            [
              430925.015,
              455661.346999999
            ],
            [
              430708.715,
              456197.787
            ],
            [
              430439.094,
              455946.625
            ],
            [
              429984.1344,
              456210.292400001
            ],
            [
              430197.979,
              456644.289000001
            ],
            [
              430924.374,
              456669.017000001
            ],
            [
              431655.228,
              457315.777000001
            ],
            [
              432063.5,
              456923.562999999
            ]
          ]
        ]
      },
      "properties": {
        "FID": 5543,
        "MSOA21CD": "E02005773",
        "MSOA21NM": "Harrogate 013",
        "MSOA21NMW": " ",
        "BNG_E": 431242,
        "BNG_N": 456204,
        "LAT": 54.00094,
        "LONG": -1.52488,
        "GlobalID": "3d7ae40e-5abe-463d-84dd-b657d430a8c1"
      }
    },
    {
      "type": "Feature",
      "id": 5544,
      "geometry": {
        "type": "Polygon",
        "coordinates": [
          [
            [
              433154.094,
              456915.596000001
            ],
            [
              433643.7438,
              456682.546599999
            ],
            [
              433795.69,
              455927.413000001
            ],
            [
              432606.344,
              455481.844000001
            ],
            [
              432434.7594,
              454847.397600001
            ],
            [
              432189.601,
              455091.695
            ],
            [
              432489.933,
              455555.202
            ],
            [
              432047.483,
              455672.596000001
            ],
            [
              432013,
              455344
            ],
            [
              431868.098,
              455582.738
            ],
            [
              431839.019,
              456025.332
            ],
            [
              432356.749,
              456637.249
            ],
            [
              432063.5,
              456923.562999999
            ],
            [
              433154.094,
              456915.596000001
            ]
          ]
        ]
      },
      "properties": {
        "FID": 5544,
        "MSOA21CD": "E02005774",
        "MSOA21NM": "Harrogate 014",
        "MSOA21NMW": " ",
        "BNG_E": 432799,
        "BNG_N": 455880,
        "LAT": 53.99793,
        "LONG": -1.50116,
        "GlobalID": "67a99f5b-5057-42e9-ba66-04b43d295d18"
      }
    },
    {
      "type": "Feature",
      "id": 5545,
      "geometry": {
        "type": "Polygon",
        "coordinates": [
          [
            [
              430925.015,
              455661.346999999
            ],
            [
              430427.128,
              455609.552999999
            ],
            [
              430467.938,
              454843.967
            ],
            [
              430135,
              455408
            ],
            [
              429906.907,
              454710.374
            ],
            [
              429567.1167,
              454909.021299999
            ],
            [
              429597.588,
              454586.799000001
            ],
            [
              429005,
              454504
            ],
            [
              428612.136,
              455123.925000001
            ],
            [
              429480.1346,
              456023.4868
            ],
            [
              429984.1344,
              456210.292400001
            ],
            [
              430439.094,
              455946.625
            ],
            [
              430708.715,
              456197.787
            ],
            [
              430925.015,
              455661.346999999
            ]
          ]
        ]
      },
      "properties": {
        "FID": 5545,
        "MSOA21CD": "E02005775",
        "MSOA21NM": "Harrogate 015",
        "MSOA21NMW": " ",
        "BNG_E": 429839,
        "BNG_N": 455456,
        "LAT": 53.9943,
        "LONG": -1.54636,
        "GlobalID": "6e1579bc-ec7b-43fb-b6c4-24a830026c73"
      }
    },
    {
      "type": "Feature",
      "id": 5546,
      "geometry": {
        "type": "Polygon",
        "coordinates": [
          [
            [
              454141.2936,
              456553.3716
            ],
            [
              453883.1445,
              456179.218
            ],
            [
              453284.906,
              456575.375
            ],
            [
              453066.746,
              456353.148
            ],
            [
              453639.531,
              455882.094000001
            ],
            [
              453730.78,
              454673.562000001
            ],
            [
              453068.874,
              454537.562000001
            ],
            [
              452540.719,
              455070.187000001
            ],
            [
              451473.688,
              454675.312000001
            ],
            [
              451015.594,
              453472.812000001
            ],
            [
              452922.6504,
              447657.8684
            ],
            [
              452294.469,
              448011.437000001
            ],
            [
              451202.123,
              447935.002
            ],
            [
              450304.312,
              449034
            ],
            [
              449673.428,
              448649.206
            ],
            [
              449212.188,
              449088.405999999
            ],
            [
              447968.904,
              448970.595000001
            ],
            [
              448512.52,
              448209.808499999
            ],
            [
              448645.906,
              447325.594000001
            ],
            [
              448027.594,
              447003.5
            ],
            [
              448276.313,
              445060.687000001
            ],
            [
              447512.501,
              444155.813999999
            ],
            [
              447166.875,
              444816.75
            ],
            [
              446642.406,
              445071.687000001
            ],
            [
              447243.781,
              445353.812000001
            ],
            [
              445186.6515,
              445609.451400001
            ],
            [
              446046.719,
              445927.594000001
            ],
            [
              446253.406,
              447509.312000001
            ],
            [
              445589.844,
              447481.905999999
            ],
            [
              445787.5,
              447869.905999999
            ],
            [
              446445.782,
              448085.125
            ],
            [
              446033.656,
              448367.779999999
            ],
            [
              445476.596,
              447770.5
            ],
            [
              445598.688,
              448920.687000001
            ],
            [
              443453.314,
              449610.812000001
            ],
            [
              443115.0954,
              449462.0693
            ],
            [
              443391.1859,
              450175.342900001
            ],
            [
              442203.781,
              449698.5
            ],
            [
              440555.51,
              449656.671
            ],
            [
              439666.696,
              449768.343499999
            ],
            [
              439444.406,
              449207
            ],
            [
              438885.719,
              448975.905999999
            ],
            [
              437957.688,
              450211.312000001
            ],
            [
              437855.304,
              451615.283
            ],
            [
              437195.375,
              451982.937000001
            ],
            [
              437161.2905,
              452798.882999999
            ],
            [
              437753.906,
              452963.5
            ],
            [
              437827.125,
              453311.344000001
            ],
            [
              437539,
              453670.405999999
            ],
            [
              437813.317,
              454221.399
            ],
            [
              438058.813,
              454033.094000001
            ],
            [
              438862.1764,
              454393.205399999
            ],
            [
              438650.906,
              454661.711999999
            ],
            [
              439485.813,
              455543.095000001
            ],
            [
              439927.905,
              455515.405999999
            ],
            [
              440208.594,
              456205.905999999
            ],
            [
              439852.5,
              457638.594000001
            ],
            [
              439521.693,
              457776.998
            ],
            [
              439028.6,
              457435.312999999
            ],
            [
              438955.7161,
              457651.344900001
            ],
            [
              439434.563,
              458760.905999999
            ],
            [
              440835.281,
              459272.25
            ],
            [
              440730.5,
              460329.499
            ],
            [
              442200.313,
              460976.594000001
            ],
            [
              442899.8815,
              461957.321
            ],
            [
              442474.313,
              462423.405999999
            ],
            [
              443063.906,
              462442.5
            ],
            [
              443792.236,
              462956.305500001
            ],
            [
              444240.738,
              462609.674000001
            ],
            [
              445246.906,
              463440.094000001
            ],
            [
              445814.001,
              463129.405999999
            ],
            [
              446035.4799,
              463595.3268
            ],
            [
              446745.625,
              463076.437000001
            ],
            [
              446673.863,
              461985.560000001
            ],
            [
              447178.5,
              461322.312000001
            ],
            [
              447425.531,
              460147.280999999
            ],
            [
              450897.497,
              460127.812999999
            ],
            [
              451353.906,
              458963.905999999
            ],
            [
              451312.688,
              457883.187000001
            ],
            [
              452074.188,
              458088.687000001
            ],
            [
              454141.2936,
              456553.3716
            ]
          ]
        ]
      },
      "properties": {
        "FID": 5546,
        "MSOA21CD": "E02005776",
        "MSOA21NM": "Harrogate 016",
        "MSOA21NMW": " ",
        "BNG_E": 445668,
        "BNG_N": 455533,
        "LAT": 53.99384,
        "LONG": -1.30492,
        "GlobalID": "4ba91a6d-05e8-46f9-9905-a7fe2851b47d"
      }
    },
    {
      "type": "Feature",
      "id": 5547,
      "geometry": {
        "type": "Polygon",
        "coordinates": [
          [
            [
              432099.9562,
              452868.3846
            ],
            [
              431410.19,
              453447.347999999
            ],
            [
              431323.362,
              453072.066
            ],
            [
              430859.985,
              452954.799000001
            ],
            [
              430916.8889,
              453753.350299999
            ],
            [
              431231.077,
              454522.297
            ],
            [
              430974.1442,
              455098.9944
            ],
            [
              431291.1958,
              455384.347999999
            ],
            [
              432434.7594,
              454847.397600001
            ],
            [
              432606.344,
              455481.844000001
            ],
            [
              433795.69,
              455927.413000001
            ],
            [
              434084.209,
              456001.345000001
            ],
            [
              434284.807,
              455383.308
            ],
            [
              433689.313,
              455260.812000001
            ],
            [
              433563.156,
              454823.344000001
            ],
            [
              433959.496,
              454068.310000001
            ],
            [
              432548.906,
              453635.187000001
            ],
            [
              432099.9562,
              452868.3846
            ]
          ]
        ]
      },
      "properties": {
        "FID": 5547,
        "MSOA21CD": "E02005777",
        "MSOA21NM": "Harrogate 017",
        "MSOA21NMW": " ",
        "BNG_E": 432484,
        "BNG_N": 454439,
        "LAT": 53.985,
        "LONG": -1.50612,
        "GlobalID": "6b577ea4-ccee-420b-ad4d-e775940da702"
      }
    },
    {
      "type": "Feature",
      "id": 5548,
      "geometry": {
        "type": "Polygon",
        "coordinates": [
          [
            [
              427062.633,
              462175.853599999
            ],
            [
              427554.593,
              461566.191
            ],
            [
              426956.313,
              461070.905999999
            ],
            [
              427087.51,
              459076.122
            ],
            [
              425791.719,
              459284.562000001
            ],
            [
              425742.813,
              458971.907
            ],
            [
              425208.7312,
              458855.472999999
            ],
            [
              425131,
              458235.812000001
            ],
            [
              425412.543,
              457912.536
            ],
            [
              425551.434,
              458139.192
            ],
            [
              425658.198,
              457653.935000001
            ],
            [
              424802.5,
              455737.530999999
            ],
            [
              426053.281,
              455316.687000001
            ],
            [
              426847.818,
              454268.442
            ],
            [
              427514.707,
              454615.59
            ],
            [
              427396.922,
              454273.923
            ],
            [
              427906.1115,
              453362.828500001
            ],
            [
              428857.2585,
              453591.387499999
            ],
            [
              429013.785,
              452323.309
            ],
            [
              429102.839,
              451891.272
            ],
            [
              428686.38,
              451635.071
            ],
            [
              428970.625,
              451214.187000001
            ],
            [
              429513.657,
              451253.306
            ],
            [
              429713.2545,
              450821.4965
            ],
            [
              430045.096,
              451069.188999999
            ],
            [
              429961.598,
              450160.596000001
            ],
            [
              430229.905,
              449678.311000001
            ],
            [
              429307.4165,
              448319.3255
            ],
            [
              428586.624,
              447802
            ],
            [
              427899,
              447845.469000001
            ],
            [
              426982,
              448658.5
            ],
            [
              426588.689,
              447662
            ],
            [
              425888.906,
              447324.405999999
            ],
            [
              427498.807,
              445990.407
            ],
            [
              427244,
              445086.812000001
            ],
            [
              426428.188,
              445385.905999999
            ],
            [
              426375.594,
              446030.312000001
            ],
            [
              425029.75,
              445312.875
            ],
            [
              423600.313,
              445747.062000001
            ],
            [
              422959.327,
              445561.23
            ],
            [
              422682.313,
              446332.5
            ],
            [
              420974.077,
              446079.215
            ],
            [
              420515.813,
              446320.187999999
            ],
            [
              420655.25,
              446737.25
            ],
            [
              419336.149,
              447036.777000001
            ],
            [
              419400.8955,
              446807.8555
            ],
            [
              418722.813,
              446867.7985
            ],
            [
              418626.592,
              445855.749
            ],
            [
              418338.969,
              446234.687000001
            ],
            [
              418017.6646,
              446037.453
            ],
            [
              417034,
              446521.468
            ],
            [
              416803.219,
              447457.905999999
            ],
            [
              416155.031,
              447237.249
            ],
            [
              415502.313,
              447644.687000001
            ],
            [
              415015.063,
              447216.594000001
            ],
            [
              414687.688,
              447487.403000001
            ],
            [
              414387.5,
              448163.404999999
            ],
            [
              413712.5821,
              448148.012399999
            ],
            [
              413360.907,
              448193.5
            ],
            [
              413392.498,
              448946.904999999
            ],
            [
              413040.2415,
              448887.262
            ],
            [
              412893.194,
              449227.902000001
            ],
            [
              411244.9875,
              449111.922900001
            ],
            [
              411249.1488,
              449375.0625
            ],
            [
              410096.191,
              449415.788000001
            ],
            [
              410033.813,
              448887.594000001
            ],
            [
              410796.176,
              448371.114
            ],
            [
              409144.656,
              448620.625
            ],
            [
              409149.813,
              449391.187000001
            ],
            [
              408358.313,
              449892.5
            ],
            [
              408046.002,
              450914.095000001
            ],
            [
              408943,
              451103.5
            ],
            [
              409075.906,
              451770.187000001
            ],
            [
              412117.619,
              453578.091
            ],
            [
              411458.001,
              454413.595000001
            ],
            [
              411980.219,
              455178.405999999
            ],
            [
              411929.189,
              455611.194
            ],
            [
              413819.688,
              456556.375
            ],
            [
              415849.688,
              456553.5
            ],
            [
              415715.959,
              456922.771
            ],
            [
              417562.5,
              458028.905999999
            ],
            [
              419933.5,
              460153.405999999
            ],
            [
              421280.594,
              459721.187000001
            ],
            [
              422968.5,
              460428.812000001
            ],
            [
              424054.594,
              460170.687000001
            ],
            [
              425560.9754,
              462423.783
            ],
            [
              426273.312,
              462511.686000001
            ],
            [
              427062.633,
              462175.853599999
            ]
          ]
        ]
      },
      "properties": {
        "FID": 5548,
        "MSOA21CD": "E02005778",
        "MSOA21NM": "Harrogate 018",
        "MSOA21NMW": " ",
        "BNG_E": 419863,
        "BNG_N": 453799,
        "LAT": 53.97989,
        "LONG": -1.69863,
        "GlobalID": "8af59ddd-1ddd-479c-a62f-ce93d1ff4b64"
      }
    },
    {
      "type": "Feature",
      "id": 5549,
      "geometry": {
        "type": "Polygon",
        "coordinates": [
          [
            [
              431291.1958,
              455384.347999999
            ],
            [
              430974.1442,
              455098.9944
            ],
            [
              431231.077,
              454522.297
            ],
            [
              430916.8889,
              453753.350299999
            ],
            [
              430460.2126,
              453325.167199999
            ],
            [
              429597.588,
              454586.799000001
            ],
            [
              429567.1167,
              454909.021299999
            ],
            [
              429906.907,
              454710.374
            ],
            [
              430135,
              455408
            ],
            [
              430467.938,
              454843.967
            ],
            [
              430427.128,
              455609.552999999
            ],
            [
              430925.015,
              455661.346999999
            ],
            [
              431291.1958,
              455384.347999999
            ]
          ]
        ]
      },
      "properties": {
        "FID": 5549,
        "MSOA21CD": "E02005779",
        "MSOA21NM": "Harrogate 019",
        "MSOA21NMW": " ",
        "BNG_E": 430410,
        "BNG_N": 454514,
        "LAT": 53.9858,
        "LONG": -1.53774,
        "GlobalID": "730446d8-53e8-4174-a40b-8ba0e93736fb"
      }
    },
    {
      "type": "Feature",
      "id": 5550,
      "geometry": {
        "type": "Polygon",
        "coordinates": [
          [
            [
              429480.1346,
              456023.4868
            ],
            [
              428612.136,
              455123.925000001
            ],
            [
              429005,
              454504
            ],
            [
              429597.588,
              454586.799000001
            ],
            [
              430460.2126,
              453325.167199999
            ],
            [
              430916.8889,
              453753.350299999
            ],
            [
              430859.985,
              452954.799000001
            ],
            [
              430857.098,
              452209.094000001
            ],
            [
              430630.447,
              452652.341
            ],
            [
              429955.26,
              452217.491
            ],
            [
              429807.4042,
              452552.1216
            ],
            [
              429013.785,
              452323.309
            ],
            [
              428857.2585,
              453591.387499999
            ],
            [
              427906.1115,
              453362.828500001
            ],
            [
              427396.922,
              454273.923
            ],
            [
              427514.707,
              454615.59
            ],
            [
              427587.23,
              455771.113
            ],
            [
              428586.125,
              456159
            ],
            [
              429480.1346,
              456023.4868
            ]
          ]
        ]
      },
      "properties": {
        "FID": 5550,
        "MSOA21CD": "E02005780",
        "MSOA21NM": "Harrogate 020",
        "MSOA21NMW": " ",
        "BNG_E": 428706,
        "BNG_N": 454211,
        "LAT": 53.98318,
        "LONG": -1.56375,
        "GlobalID": "4d1742e6-ea55-4a37-8edb-b4c78a559eaf"
      }
    },
    {
      "type": "Feature",
      "id": 5551,
      "geometry": {
        "type": "Polygon",
        "coordinates": [
          [
            [
              438885.719,
              448975.905999999
            ],
            [
              438947.894,
              448132.517000001
            ],
            [
              437510.093,
              448209.312000001
            ],
            [
              437381.688,
              446263.905999999
            ],
            [
              436853.063,
              446560.219000001
            ],
            [
              436170.375,
              445801.530999999
            ],
            [
              435371.688,
              445670.999
            ],
            [
              435026.156,
              446224.812000001
            ],
            [
              433861.501,
              446204.812000001
            ],
            [
              433020.188,
              446687.780999999
            ],
            [
              431066.688,
              445939.187000001
            ],
            [
              429738.281,
              446177
            ],
            [
              429495.2368,
              445295.805199999
            ],
            [
              428817.5,
              445394.187000001
            ],
            [
              428493.781,
              446156.529999999
            ],
            [
              427498.807,
              445990.407
            ],
            [
              425888.906,
              447324.405999999
            ],
            [
              426588.689,
              447662
            ],
            [
              426982,
              448658.5
            ],
            [
              427899,
              447845.469000001
            ],
            [
              428586.624,
              447802
            ],
            [
              429307.4165,
              448319.3255
            ],
            [
              430229.905,
              449678.311000001
            ],
            [
              429961.598,
              450160.596000001
            ],
            [
              430045.096,
              451069.188999999
            ],
            [
              429713.2545,
              450821.4965
            ],
            [
              429513.657,
              451253.306
            ],
            [
              428970.625,
              451214.187000001
            ],
            [
              428686.38,
              451635.071
            ],
            [
              429102.839,
              451891.272
            ],
            [
              429013.785,
              452323.309
            ],
            [
              429807.4042,
              452552.1216
            ],
            [
              429955.26,
              452217.491
            ],
            [
              430630.447,
              452652.341
            ],
            [
              430857.098,
              452209.094000001
            ],
            [
              430859.985,
              452954.799000001
            ],
            [
              431323.362,
              453072.066
            ],
            [
              431410.19,
              453447.347999999
            ],
            [
              432099.9562,
              452868.3846
            ],
            [
              431765.094,
              452300.469000001
            ],
            [
              432198.0304,
              451453.2468
            ],
            [
              432574.813,
              451736.687000001
            ],
            [
              432902.81,
              451579.596999999
            ],
            [
              432870.688,
              451991.594000001
            ],
            [
              433551.6295,
              452282.41
            ],
            [
              434414.384,
              451538.318
            ],
            [
              435764.813,
              452043.594000001
            ],
            [
              435323.973,
              452940.111
            ],
            [
              437539,
              453670.405999999
            ],
            [
              437827.125,
              453311.344000001
            ],
            [
              437753.906,
              452963.5
            ],
            [
              437161.2905,
              452798.882999999
            ],
            [
              437195.375,
              451982.937000001
            ],
            [
              437855.304,
              451615.283
            ],
            [
              437957.688,
              450211.312000001
            ],
            [
              438885.719,
              448975.905999999
            ]
          ]
        ]
      },
      "properties": {
        "FID": 5551,
        "MSOA21CD": "E02005781",
        "MSOA21NM": "Harrogate 021",
        "MSOA21NMW": " ",
        "BNG_E": 434186,
        "BNG_N": 449495,
        "LAT": 53.94046,
        "LONG": -1.48072,
        "GlobalID": "ac322e9f-e2ab-4a81-8fbf-f7702ecf254f"
      }
    },
    {
      "type": "Feature",
      "id": 5552,
      "geometry": {
        "type": "Polygon",
        "coordinates": [
          [
            [
              419709.307,
              515678.312000001
            ],
            [
              420659.688,
              515385.687000001
            ],
            [
              422232.906,
              515532.062000001
            ],
            [
              422449.406,
              514427.187000001
            ],
            [
              423801.829,
              514513.516799999
            ],
            [
              423860.188,
              513772.687000001
            ],
            [
              423390.594,
              513600.687000001
            ],
            [
              423837.031,
              513261.469000001
            ],
            [
              425374.9028,
              513914.8882
            ],
            [
              425952.596,
              513605.306
            ],
            [
              425826.312,
              512879.5
            ],
            [
              427221.312,
              513139.5
            ],
            [
              427013.052,
              512595.551000001
            ],
            [
              426543.656,
              512151.687000001
            ],
            [
              427346.406,
              512288.062000001
            ],
            [
              427107.906,
              511386.780999999
            ],
            [
              427739.281,
              510618.187000001
            ],
            [
              428915.938,
              510048.875
            ],
            [
              429542.781,
              508524.030999999
            ],
            [
              430383.809,
              508297
            ],
            [
              431217.563,
              508513.780999999
            ],
            [
              430545.406,
              509032.687000001
            ],
            [
              430623.884,
              510041.715500001
            ],
            [
              431577.313,
              509932.594000001
            ],
            [
              431764.906,
              508958.812000001
            ],
            [
              432154,
              509785.812000001
            ],
            [
              433040.313,
              510200.687999999
            ],
            [
              432560.656,
              509038.437000001
            ],
            [
              434096.694,
              508845.710000001
            ],
            [
              434609,
              507548.187000001
            ],
            [
              434327.0454,
              506817.105
            ],
            [
              433825.813,
              506348
            ],
            [
              433401.281,
              506562.719000001
            ],
            [
              433639.406,
              505951.094000001
            ],
            [
              432151.844,
              505885.062000001
            ],
            [
              431554.906,
              506413.407
            ],
            [
              429530.417,
              505552.355599999
            ],
            [
              429202.219,
              503876.312000001
            ],
            [
              429681.257,
              503292.305
            ],
            [
              429255.807,
              502990.693
            ],
            [
              428752.563,
              503296.125
            ],
            [
              427702.616,
              502644.6116
            ],
            [
              426752.597,
              503575.093
            ],
            [
              425489.751,
              503457.4615
            ],
            [
              423947.838,
              502770.115
            ],
            [
              424154.307,
              501844.902000001
            ],
            [
              422135.906,
              501337.312000001
            ],
            [
              421806.308,
              503105.498
            ],
            [
              420984.688,
              502949.437000001
            ],
            [
              421355.406,
              502191.687000001
            ],
            [
              420450.313,
              502248.812000001
            ],
            [
              420017,
              501718.405999999
            ],
            [
              419548.4335,
              502163.221999999
            ],
            [
              419681.799,
              502445.657
            ],
            [
              418887.125,
              502513.280999999
            ],
            [
              418724.8778,
              502184.487600001
            ],
            [
              417779.5,
              501920.594000001
            ],
            [
              416160.688,
              502299.094000001
            ],
            [
              414738.166,
              503235.211999999
            ],
            [
              413935.597,
              503129.5
            ],
            [
              412929.308,
              503666.593
            ],
            [
              411993.531,
              505148.186000001
            ],
            [
              410932.688,
              505599.469000001
            ],
            [
              409821.406,
              505292.437000001
            ],
            [
              408651.719,
              504147.094000001
            ],
            [
              408009.187,
              505618.128
            ],
            [
              406490.469,
              506826.312000001
            ],
            [
              405577.406,
              506534.594000001
            ],
            [
              405345.377,
              505876.127
            ],
            [
              403823.596,
              506445.310000001
            ],
            [
              407005.689,
              507951.5
            ],
            [
              408029.406,
              509193.999
            ],
            [
              408699.094,
              509647.812000001
            ],
            [
              409225.5605,
              509619.922499999
            ],
            [
              409306.836,
              512032.818
            ],
            [
              409927.5,
              512047.812000001
            ],
            [
              410495.094,
              512580.312000001
            ],
            [
              411250.688,
              511969.187000001
            ],
            [
              411598.906,
              511107.497
            ],
            [
              413513.001,
              509909.811000001
            ],
            [
              413881.265,
              511765.858999999
            ],
            [
              414203.096,
              512431.686000001
            ],
            [
              414594.5246,
              512401.2136
            ],
            [
              414354.8715,
              515198.4695
            ],
            [
              415000.031,
              515308.625
            ],
            [
              415552.188,
              514877.312000001
            ],
            [
              417372.688,
              514748.596000001
            ],
            [
              417747.313,
              515058.905999999
            ],
            [
              418091.807,
              516367.595000001
            ],
            [
              419709.307,
              515678.312000001
            ]
          ]
        ]
      },
      "properties": {
        "FID": 5552,
        "MSOA21CD": "E02005782",
        "MSOA21NM": "Richmondshire 001",
        "MSOA21NMW": " ",
        "BNG_E": 418467,
        "BNG_N": 508857,
        "LAT": 54.47475,
        "LONG": -1.71655,
        "GlobalID": "83e6a7a6-6e53-4cdf-bf98-0ecd33618ce7"
      }
    },
    {
      "type": "Feature",
      "id": 5553,
      "geometry": {
        "type": "Polygon",
        "coordinates": [
          [
            [
              412929.308,
              503666.593
            ],
            [
              413935.597,
              503129.5
            ],
            [
              414738.166,
              503235.211999999
            ],
            [
              416160.688,
              502299.094000001
            ],
            [
              417779.5,
              501920.594000001
            ],
            [
              418724.8778,
              502184.487600001
            ],
            [
              418757.094,
              501489.187999999
            ],
            [
              418122.501,
              500559.789000001
            ],
            [
              417676.886,
              501037.501499999
            ],
            [
              417354.002,
              500572.282
            ],
            [
              416554.313,
              500489.594000001
            ],
            [
              416434.5316,
              500826.978599999
            ],
            [
              416212.998,
              500976.969000001
            ],
            [
              414735.406,
              500553.875
            ],
            [
              414614.406,
              501011.905999999
            ],
            [
              413907.313,
              501407.687000001
            ],
            [
              412922.007,
              501240.692
            ],
            [
              412711.094,
              501667.594000001
            ],
            [
              413123.188,
              502632.687000001
            ],
            [
              412929.308,
              503666.593
            ]
          ]
        ]
      },
      "properties": {
        "FID": 5553,
        "MSOA21CD": "E02005783",
        "MSOA21NM": "Richmondshire 002",
        "MSOA21NMW": " ",
        "BNG_E": 414956,
        "BNG_N": 502092,
        "LAT": 54.41407,
        "LONG": -1.77106,
        "GlobalID": "33a8d112-63eb-4f41-85f5-cdf8bb4d3b94"
      }
    },
    {
      "type": "Feature",
      "id": 5554,
      "geometry": {
        "type": "Polygon",
        "coordinates": [
          [
            [
              427702.616,
              502644.6116
            ],
            [
              427586.124,
              502066.477
            ],
            [
              427923.125,
              501204.030999999
            ],
            [
              428603.8916,
              500682.328
            ],
            [
              427894.375,
              500116.187000001
            ],
            [
              427710.9185,
              498483.825999999
            ],
            [
              427113.901,
              497846.691
            ],
            [
              427040.813,
              496509.812000001
            ],
            [
              426783.263,
              496305.911499999
            ],
            [
              425955.375,
              496662.030999999
            ],
            [
              425103.8916,
              495793.210200001
            ],
            [
              423479.803,
              496089.203
            ],
            [
              423399.188,
              496464.187000001
            ],
            [
              422285.594,
              497013.594000001
            ],
            [
              422206.406,
              497759.405999999
            ],
            [
              423279.4915,
              498815.5755
            ],
            [
              423258.189,
              499500.901000001
            ],
            [
              422194.312,
              499145.5
            ],
            [
              421936.594,
              499452.562000001
            ],
            [
              421450,
              499391.905999999
            ],
            [
              421376.313,
              499837.594000001
            ],
            [
              420751.789,
              499689.499
            ],
            [
              420334.375,
              499716.969000001
            ],
            [
              420127.188,
              500266.654999999
            ],
            [
              419610.813,
              499984.905999999
            ],
            [
              419390.219,
              499392.312000001
            ],
            [
              418634.094,
              499460.812000001
            ],
            [
              418289.094,
              499632.655999999
            ],
            [
              418547.59,
              500102.801000001
            ],
            [
              418122.501,
              500559.789000001
            ],
            [
              418757.094,
              501489.187999999
            ],
            [
              418724.8778,
              502184.487600001
            ],
            [
              418887.125,
              502513.280999999
            ],
            [
              419681.799,
              502445.657
            ],
            [
              419548.4335,
              502163.221999999
            ],
            [
              420017,
              501718.405999999
            ],
            [
              420450.313,
              502248.812000001
            ],
            [
              421355.406,
              502191.687000001
            ],
            [
              420984.688,
              502949.437000001
            ],
            [
              421806.308,
              503105.498
            ],
            [
              422135.906,
              501337.312000001
            ],
            [
              424154.307,
              501844.902000001
            ],
            [
              423947.838,
              502770.115
            ],
            [
              425489.751,
              503457.4615
            ],
            [
              426752.597,
              503575.093
            ],
            [
              427702.616,
              502644.6116
            ]
          ]
        ]
      },
      "properties": {
        "FID": 5554,
        "MSOA21CD": "E02005784",
        "MSOA21NM": "Richmondshire 003",
        "MSOA21NMW": " ",
        "BNG_E": 424643,
        "BNG_N": 499684,
        "LAT": 54.39206,
        "LONG": -1.622,
        "GlobalID": "f296106b-f984-484b-800f-66955289b1c7"
      }
    },
    {
      "type": "Feature",
      "id": 5555,
      "geometry": {
        "type": "Polygon",
        "coordinates": [
          [
            [
              418122.501,
              500559.789000001
            ],
            [
              418547.59,
              500102.801000001
            ],
            [
              418289.094,
              499632.655999999
            ],
            [
              418634.094,
              499460.812000001
            ],
            [
              419390.219,
              499392.312000001
            ],
            [
              419610.813,
              499984.905999999
            ],
            [
              420127.188,
              500266.654999999
            ],
            [
              420334.375,
              499716.969000001
            ],
            [
              420751.789,
              499689.499
            ],
            [
              420645.312,
              497304.697000001
            ],
            [
              420910.202,
              497180.151000001
            ],
            [
              420596.098,
              496956.095000001
            ],
            [
              421129.594,
              496522.312000001
            ],
            [
              419325.403,
              496285.806
            ],
            [
              419267.813,
              495799.125
            ],
            [
              419924.688,
              494853.687000001
            ],
            [
              418531.4685,
              494552.695
            ],
            [
              418490.791,
              495085.126499999
            ],
            [
              418875.687,
              495479.969000001
            ],
            [
              416714.5,
              495515.405999999
            ],
            [
              416893.855,
              496072.783
            ],
            [
              416509.5,
              497244.904999999
            ],
            [
              415234.906,
              496335.905999999
            ],
            [
              413541.5356,
              496604.607000001
            ],
            [
              413740.681,
              497228.814999999
            ],
            [
              413357.503,
              497454.717
            ],
            [
              413422.494,
              497762.240499999
            ],
            [
              413957.4635,
              498489.809
            ],
            [
              414689.406,
              498682.220000001
            ],
            [
              413921,
              497565.344000001
            ],
            [
              414950.111,
              497589.872
            ],
            [
              414978,
              497859.812000001
            ],
            [
              415600.094,
              497898.905999999
            ],
            [
              415775.689,
              498841.062000001
            ],
            [
              416644,
              499340.469000001
            ],
            [
              416732.403,
              499757
            ],
            [
              416245.5,
              500256.5
            ],
            [
              416215.3677,
              500791.752
            ],
            [
              416213.8515,
              500818.6845
            ],
            [
              416434.5316,
              500826.978599999
            ],
            [
              416554.313,
              500489.594000001
            ],
            [
              417354.002,
              500572.282
            ],
            [
              417676.886,
              501037.501499999
            ],
            [
              418122.501,
              500559.789000001
            ]
          ]
        ]
      },
      "properties": {
        "FID": 5555,
        "MSOA21CD": "E02005785",
        "MSOA21NM": "Richmondshire 004",
        "MSOA21NMW": " ",
        "BNG_E": 418108,
        "BNG_N": 497795,
        "LAT": 54.37535,
        "LONG": -1.72276,
        "GlobalID": "d752984e-f34b-4713-bb65-e28a582c8a82"
      }
    },
    {
      "type": "Feature",
      "id": 5556,
      "geometry": {
        "type": "Polygon",
        "coordinates": [
          [
            [
              412929.308,
              503666.593
            ],
            [
              413123.188,
              502632.687000001
            ],
            [
              412711.094,
              501667.594000001
            ],
            [
              412922.007,
              501240.692
            ],
            [
              413907.313,
              501407.687000001
            ],
            [
              414614.406,
              501011.905999999
            ],
            [
              414735.406,
              500553.875
            ],
            [
              416212.998,
              500976.969000001
            ],
            [
              416434.5316,
              500826.978599999
            ],
            [
              416213.8515,
              500818.6845
            ],
            [
              416215.3677,
              500791.752
            ],
            [
              416245.5,
              500256.5
            ],
            [
              416732.403,
              499757
            ],
            [
              416644,
              499340.469000001
            ],
            [
              415775.689,
              498841.062000001
            ],
            [
              415600.094,
              497898.905999999
            ],
            [
              414978,
              497859.812000001
            ],
            [
              414950.111,
              497589.872
            ],
            [
              413921,
              497565.344000001
            ],
            [
              414689.406,
              498682.220000001
            ],
            [
              413957.4635,
              498489.809
            ],
            [
              413422.494,
              497762.240499999
            ],
            [
              413357.503,
              497454.717
            ],
            [
              413740.681,
              497228.814999999
            ],
            [
              413541.5356,
              496604.607000001
            ],
            [
              413054.313,
              495353
            ],
            [
              412248,
              494476.499
            ],
            [
              410406.195,
              494767.674000001
            ],
            [
              407222.599,
              494553.806
            ],
            [
              407331.462,
              495158.3124
            ],
            [
              406568.906,
              495456.187000001
            ],
            [
              405000.0375,
              494877.6095
            ],
            [
              402432.344,
              495813.561000001
            ],
            [
              400578.795,
              496094.231000001
            ],
            [
              399389.094,
              494846.312000001
            ],
            [
              398454.7284,
              494383.562999999
            ],
            [
              397526.094,
              494905.312000001
            ],
            [
              396511.692,
              493996.002
            ],
            [
              397384.188,
              492894.094000001
            ],
            [
              397423.313,
              491942.812000001
            ],
            [
              398189.188,
              490820.969000001
            ],
            [
              398189.219,
              490123.812000001
            ],
            [
              399444.852,
              489562.505999999
            ],
            [
              399397.9775,
              489038.2311
            ],
            [
              399837.813,
              488686.812000001
            ],
            [
              400484.5,
              488880.875
            ],
            [
              400952.563,
              488446.030999999
            ],
            [
              402173.2635,
              488844.82
            ],
            [
              403506.094,
              489922.437000001
            ],
            [
              404762.5,
              490325.405999999
            ],
            [
              405347.406,
              489921.405999999
            ],
            [
              406244.406,
              489886.594000001
            ],
            [
              406783.999,
              489333.094000001
            ],
            [
              407915.535,
              489134.015000001
            ],
            [
              407777.098,
              488492.691
            ],
            [
              408204.594,
              488133.312000001
            ],
            [
              407934.906,
              487186
            ],
            [
              405246.8305,
              486602.179500001
            ],
            [
              404040.0658,
              486019.8561
            ],
            [
              405765.338,
              485465.595000001
            ],
            [
              406456.313,
              485754.75
            ],
            [
              407182.3655,
              484865.0285
            ],
            [
              407691.453,
              484926.0085
            ],
            [
              407723.593,
              484593.595000001
            ],
            [
              406542.143,
              483587.318499999
            ],
            [
              406510.739,
              482860.843
            ],
            [
              407017.188,
              481958.405999999
            ],
            [
              406472.688,
              480837.187000001
            ],
            [
              407080.903,
              479617.096000001
            ],
            [
              406906.044,
              479405.717800001
            ],
            [
              405029.5,
              478268.405999999
            ],
            [
              403871.188,
              478151.187000001
            ],
            [
              401487.188,
              476947.312000001
            ],
            [
              399803.689,
              475231.193
            ],
            [
              399137.273,
              475221.357000001
            ],
            [
              398607.438,
              475664.187000001
            ],
            [
              398048.811,
              475445.001
            ],
            [
              397867.305,
              476072.096999999
            ],
            [
              397109.81,
              476233.1
            ],
            [
              396557.71,
              477682.096000001
            ],
            [
              396219.313,
              477884.905999999
            ],
            [
              396127.8065,
              479398.891000001
            ],
            [
              394418.906,
              480586
            ],
            [
              393577.207,
              481809.614
            ],
            [
              392702.289,
              481877.402000001
            ],
            [
              391717.812,
              481115.594000001
            ],
            [
              390939.625,
              481071.844000001
            ],
            [
              390722.5,
              482156.219000001
            ],
            [
              390274.843,
              481882.532
            ],
            [
              390216.403,
              482218.998
            ],
            [
              389885,
              482116.594000001
            ],
            [
              389234.313,
              481411.594000001
            ],
            [
              388888.5,
              481430.594000001
            ],
            [
              387413.125,
              483375.655999999
            ],
            [
              385970,
              483887.594000001
            ],
            [
              385163.3505,
              484078.3925
            ],
            [
              382916.094,
              483325.403000001
            ],
            [
              381632.313,
              482575.936000001
            ],
            [
              381431.999,
              482792.192
            ],
            [
              381023.5,
              484143.094000001
            ],
            [
              380217.5,
              483781.687000001
            ],
            [
              379309.904,
              484654.998
            ],
            [
              379549.813,
              486114.812000001
            ],
            [
              378878.858,
              487165.036
            ],
            [
              379448.998,
              487993.595000001
            ],
            [
              378997.91,
              488712.163000001
            ],
            [
              379246.813,
              489316.312000001
            ],
            [
              378980.002,
              489778.096000001
            ],
            [
              379250,
              490176
            ],
            [
              379081.001,
              490656.594000001
            ],
            [
              379606.312,
              490932.780999999
            ],
            [
              379945.688,
              492125.094000001
            ],
            [
              379275.594,
              492955.499
            ],
            [
              378331.313,
              493315.25
            ],
            [
              378268,
              493926.469000001
            ],
            [
              376200.2205,
              495676.619899999
            ],
            [
              376652.094,
              495549.405999999
            ],
            [
              377701.094,
              496065
            ],
            [
              378911.313,
              497001.405999999
            ],
            [
              379503.404,
              497912.806
            ],
            [
              380777,
              497972.687000001
            ],
            [
              381150.906,
              499529.594000001
            ],
            [
              380262.812,
              500225.030999999
            ],
            [
              380102.501,
              502748.693
            ],
            [
              380415.313,
              503468.687000001
            ],
            [
              381165.093,
              504042.596000001
            ],
            [
              381103.094,
              504915.812000001
            ],
            [
              382499.406,
              505089.187000001
            ],
            [
              382887.372,
              505311.381999999
            ],
            [
              382725.5124,
              505791.2764
            ],
            [
              383916.8993,
              506310.6527
            ],
            [
              384819.5,
              505894.780999999
            ],
            [
              387822.219,
              505968.844000001
            ],
            [
              388591.406,
              507374.219000001
            ],
            [
              389040.499,
              507319.187000001
            ],
            [
              389063.4122,
              506991.674799999
            ],
            [
              389774.906,
              506691.405999999
            ],
            [
              390366.406,
              507185.094000001
            ],
            [
              392540.0394,
              507436.910800001
            ],
            [
              394498.595,
              508116.094000001
            ],
            [
              396129.75,
              509465.280999999
            ],
            [
              397299.3644,
              509805.567199999
            ],
            [
              397199.688,
              508869.5
            ],
            [
              400308.002,
              507946.903999999
            ],
            [
              401035.688,
              507170.375
            ],
            [
              401646.031,
              507148.75
            ],
            [
              402039.63,
              506235.593
            ],
            [
              403823.596,
              506445.310000001
            ],
            [
              405345.377,
              505876.127
            ],
            [
              405577.406,
              506534.594000001
            ],
            [
              406490.469,
              506826.312000001
            ],
            [
              408009.187,
              505618.128
            ],
            [
              408651.719,
              504147.094000001
            ],
            [
              409821.406,
              505292.437000001
            ],
            [
              410932.688,
              505599.469000001
            ],
            [
              411993.531,
              505148.186000001
            ],
            [
              412929.308,
              503666.593
            ]
          ]
        ]
      },
      "properties": {
        "FID": 5556,
        "MSOA21CD": "E02005786",
        "MSOA21NM": "Richmondshire 005",
        "MSOA21NMW": " ",
        "BNG_E": 396478,
        "BNG_N": 493599,
        "LAT": 54.33795,
        "LONG": -2.05568,
        "GlobalID": "39cf9ca2-e48e-4d5a-b259-3a5a5ce03cfc"
      }
    },
    {
      "type": "Feature",
      "id": 5557,
      "geometry": {
        "type": "Polygon",
        "coordinates": [
          [
            [
              425103.8916,
              495793.210200001
            ],
            [
              425537.687,
              495102.687000001
            ],
            [
              423294.848,
              494272.030999999
            ],
            [
              423680.8995,
              492393.967499999
            ],
            [
              423407.406,
              492018.094000001
            ],
            [
              423667.313,
              491821.094000001
            ],
            [
              423313.501,
              491743.594000001
            ],
            [
              423393.094,
              490270.096999999
            ],
            [
              422898.813,
              490297.903999999
            ],
            [
              423069.186,
              489536.191
            ],
            [
              422809.9075,
              488804.459000001
            ],
            [
              421203.001,
              487772.404999999
            ],
            [
              420023.5,
              488003.187000001
            ],
            [
              419286.313,
              487806.596000001
            ],
            [
              419523.719,
              487049.405999999
            ],
            [
              419317.688,
              486846.530999999
            ],
            [
              419976.063,
              486488.219000001
            ],
            [
              420651.7792,
              485148.5118
            ],
            [
              419719.219,
              484567.905999999
            ],
            [
              419342.811,
              485057.093
            ],
            [
              419037.804,
              484472.295
            ],
            [
              418514.5,
              484654.905999999
            ],
            [
              417224.875,
              484314.905999999
            ],
            [
              417111.094,
              483673.812000001
            ],
            [
              416003.195,
              482655.693
            ],
            [
              411610.0412,
              483546.523800001
            ],
            [
              412070.05,
              482792.210999999
            ],
            [
              411305.9,
              481782.397
            ],
            [
              407958.844,
              480511.075999999
            ],
            [
              407504.002,
              479368.192
            ],
            [
              406906.044,
              479405.717800001
            ],
            [
              407080.903,
              479617.096000001
            ],
            [
              406472.688,
              480837.187000001
            ],
            [
              407017.188,
              481958.405999999
            ],
            [
              406510.739,
              482860.843
            ],
            [
              406542.143,
              483587.318499999
            ],
            [
              407723.593,
              484593.595000001
            ],
            [
              407691.453,
              484926.0085
            ],
            [
              407182.3655,
              484865.0285
            ],
            [
              406456.313,
              485754.75
            ],
            [
              405765.338,
              485465.595000001
            ],
            [
              404040.0658,
              486019.8561
            ],
            [
              405246.8305,
              486602.179500001
            ],
            [
              407934.906,
              487186
            ],
            [
              408204.594,
              488133.312000001
            ],
            [
              407777.098,
              488492.691
            ],
            [
              407915.535,
              489134.015000001
            ],
            [
              406783.999,
              489333.094000001
            ],
            [
              406244.406,
              489886.594000001
            ],
            [
              405347.406,
              489921.405999999
            ],
            [
              404762.5,
              490325.405999999
            ],
            [
              403506.094,
              489922.437000001
            ],
            [
              402173.2635,
              488844.82
            ],
            [
              400952.563,
              488446.030999999
            ],
            [
              400484.5,
              488880.875
            ],
            [
              399837.813,
              488686.812000001
            ],
            [
              399397.9775,
              489038.2311
            ],
            [
              399444.852,
              489562.505999999
            ],
            [
              398189.219,
              490123.812000001
            ],
            [
              398189.188,
              490820.969000001
            ],
            [
              397423.313,
              491942.812000001
            ],
            [
              397384.188,
              492894.094000001
            ],
            [
              396511.692,
              493996.002
            ],
            [
              397526.094,
              494905.312000001
            ],
            [
              398454.7284,
              494383.562999999
            ],
            [
              399389.094,
              494846.312000001
            ],
            [
              400578.795,
              496094.231000001
            ],
            [
              402432.344,
              495813.561000001
            ],
            [
              405000.0375,
              494877.6095
            ],
            [
              406568.906,
              495456.187000001
            ],
            [
              407331.462,
              495158.3124
            ],
            [
              407222.599,
              494553.806
            ],
            [
              410406.195,
              494767.674000001
            ],
            [
              412248,
              494476.499
            ],
            [
              413054.313,
              495353
            ],
            [
              413541.5356,
              496604.607000001
            ],
            [
              415234.906,
              496335.905999999
            ],
            [
              416509.5,
              497244.904999999
            ],
            [
              416893.855,
              496072.783
            ],
            [
              416714.5,
              495515.405999999
            ],
            [
              418875.687,
              495479.969000001
            ],
            [
              418490.791,
              495085.126499999
            ],
            [
              418531.4685,
              494552.695
            ],
            [
              419924.688,
              494853.687000001
            ],
            [
              419267.813,
              495799.125
            ],
            [
              419325.403,
              496285.806
            ],
            [
              421129.594,
              496522.312000001
            ],
            [
              420596.098,
              496956.095000001
            ],
            [
              420910.202,
              497180.151000001
            ],
            [
              420645.312,
              497304.697000001
            ],
            [
              420751.789,
              499689.499
            ],
            [
              421376.313,
              499837.594000001
            ],
            [
              421450,
              499391.905999999
            ],
            [
              421936.594,
              499452.562000001
            ],
            [
              422194.312,
              499145.5
            ],
            [
              423258.189,
              499500.901000001
            ],
            [
              423279.4915,
              498815.5755
            ],
            [
              422206.406,
              497759.405999999
            ],
            [
              422285.594,
              497013.594000001
            ],
            [
              423399.188,
              496464.187000001
            ],
            [
              423479.803,
              496089.203
            ],
            [
              425103.8916,
              495793.210200001
            ]
          ]
        ]
      },
      "properties": {
        "FID": 5557,
        "MSOA21CD": "E02005787",
        "MSOA21NM": "Richmondshire 006",
        "MSOA21NMW": " ",
        "BNG_E": 414786,
        "BNG_N": 489607,
        "LAT": 54.30187,
        "LONG": -1.7743,
        "GlobalID": "e5b74c80-2045-4736-8528-7f6835b8da7a"
      }
    },
    {
      "type": "Feature",
      "id": 5558,
      "geometry": {
        "type": "Polygon",
        "coordinates": [
          [
            [
              481107.7304,
              497723.2848
            ],
            [
              481983.375,
              496384.062000001
            ],
            [
              483854.903,
              496502.280999999
            ],
            [
              484372.313,
              495864.812000001
            ],
            [
              484340.813,
              495144.687000001
            ],
            [
              483046.031,
              494751.969000001
            ],
            [
              482780.031,
              493600.030999999
            ],
            [
              482247.641,
              492968.596000001
            ],
            [
              481617.594,
              492818.687000001
            ],
            [
              481273.875,
              492202.062000001
            ],
            [
              481270.156,
              491515.125
            ],
            [
              481774.375,
              491051.062000001
            ],
            [
              482878.0772,
              488341.391000001
            ],
            [
              482434.807,
              488775.997
            ],
            [
              481991.406,
              488635.687000001
            ],
            [
              481989.094,
              488349.193
            ],
            [
              481774.694,
              488628.594000001
            ],
            [
              481770.688,
              488345.155999999
            ],
            [
              481759.813,
              488628.905999999
            ],
            [
              481247.555,
              488610.5655
            ],
            [
              481457.499,
              488934.594000001
            ],
            [
              480049.406,
              489152
            ],
            [
              479747.75,
              489851.5
            ],
            [
              478610.983,
              489414.811000001
            ],
            [
              479062.188,
              487108.187000001
            ],
            [
              478864.5,
              485755.812000001
            ],
            [
              478016.219,
              483850.594000001
            ],
            [
              477453.906,
              483673.312000001
            ],
            [
              476600.813,
              482306.905999999
            ],
            [
              477304.592,
              481174.720000001
            ],
            [
              476081.688,
              480845.875
            ],
            [
              474346.001,
              480931.875
            ],
            [
              473364.531,
              480528.875
            ],
            [
              472517.7665,
              481432.252
            ],
            [
              472384.375,
              482117.280999999
            ],
            [
              471467.906,
              482083.405999999
            ],
            [
              472333.683,
              483720.435000001
            ],
            [
              472124.6076,
              484166.912
            ],
            [
              472535.313,
              484342.312000001
            ],
            [
              473486,
              483774.094000001
            ],
            [
              475033.095,
              484075.405999999
            ],
            [
              475614.25,
              483667.030999999
            ],
            [
              475528.844,
              485720.375
            ],
            [
              474523.309,
              487126.310000001
            ],
            [
              472960.187,
              485752.003
            ],
            [
              472070.689,
              486028.593
            ],
            [
              471360.217,
              485186.004000001
            ],
            [
              470456,
              485288.844000001
            ],
            [
              469806.688,
              483273.469000001
            ],
            [
              470067.1852,
              482550.325999999
            ],
            [
              469110.188,
              482148.780999999
            ],
            [
              469040.906,
              481755.030999999
            ],
            [
              468412.868,
              482864.385
            ],
            [
              468100.563,
              481969.469000001
            ],
            [
              468231.54,
              481325.791999999
            ],
            [
              466543.906,
              481972.405999999
            ],
            [
              466165.688,
              483505.312000001
            ],
            [
              466525.904,
              483289.501
            ],
            [
              466589.281,
              484443.187000001
            ],
            [
              465539.406,
              485712
            ],
            [
              464973.6315,
              487644.119999999
            ],
            [
              466609.906,
              485306.999
            ],
            [
              467287.187,
              485352.687999999
            ],
            [
              467042.922,
              486852.950999999
            ],
            [
              466452.719,
              486921.375
            ],
            [
              465818.813,
              487774.187000001
            ],
            [
              466580.98,
              488437.43
            ],
            [
              466548.678,
              488806.521500001
            ],
            [
              465423.5,
              489480.594000001
            ],
            [
              465248.313,
              490213.062000001
            ],
            [
              463543.594,
              492696.999
            ],
            [
              462390.311,
              492346.596999999
            ],
            [
              460775.691,
              496749.706
            ],
            [
              460690.406,
              498173.404999999
            ],
            [
              459919.003,
              499581.286
            ],
            [
              460453.181,
              500429.241
            ],
            [
              459700.7084,
              501449.408
            ],
            [
              460405.313,
              501531.562000001
            ],
            [
              461145.5,
              502309
            ],
            [
              463251,
              502645.405999999
            ],
            [
              465815.0445,
              500523.601500001
            ],
            [
              466588.688,
              500641.405999999
            ],
            [
              468221.693,
              501994.809
            ],
            [
              469764.313,
              501101.312000001
            ],
            [
              470369.719,
              501113.312000001
            ],
            [
              474976.313,
              499245.312000001
            ],
            [
              475803.596,
              499003
            ],
            [
              476500.903,
              499193.999
            ],
            [
              477531.469,
              496684.469000001
            ],
            [
              478461.094,
              496093.594000001
            ],
            [
              479788.188,
              496404.5
            ],
            [
              480278.781,
              496988.812000001
            ],
            [
              480890.719,
              497139.812000001
            ],
            [
              481107.7304,
              497723.2848
            ]
          ]
        ]
      },
      "properties": {
        "FID": 5558,
        "MSOA21CD": "E02005788",
        "MSOA21NM": "Ryedale 001",
        "MSOA21NMW": " ",
        "BNG_E": 472832,
        "BNG_N": 491579,
        "LAT": 54.31463,
        "LONG": -0.88197,
        "GlobalID": "50ce666f-97c0-462e-a4bc-42d7e699fede"
      }
    },
    {
      "type": "Feature",
      "id": 5559,
      "geometry": {
        "type": "Polygon",
        "coordinates": [
          [
            [
              490589.0861,
              487479.2018
            ],
            [
              490419.819,
              486885.5195
            ],
            [
              490868.406,
              484551.312000001
            ],
            [
              491484.313,
              483031
            ],
            [
              490926,
              480614.25
            ],
            [
              490619,
              480605.5
            ],
            [
              490212.406,
              479737.594000001
            ],
            [
              490833.219,
              479683.625
            ],
            [
              491491.167,
              479124.772
            ],
            [
              491475.906,
              478826.780999999
            ],
            [
              490562.281,
              478265.155999999
            ],
            [
              490421.906,
              478568.312000001
            ],
            [
              489811.906,
              478457.312000001
            ],
            [
              489289.719,
              479315.030999999
            ],
            [
              488896.405,
              478746.693
            ],
            [
              488630.907,
              479015.687999999
            ],
            [
              487452.906,
              478814.405999999
            ],
            [
              486509.406,
              479185.312000001
            ],
            [
              485282.1475,
              478892.7755
            ],
            [
              484853.281,
              478316.905999999
            ],
            [
              484337.5,
              478293.594000001
            ],
            [
              484258.4965,
              478006.854
            ],
            [
              481722,
              476815.187000001
            ],
            [
              481731.695,
              476323.209000001
            ],
            [
              482366.898,
              475714.3254
            ],
            [
              481633.594,
              475463
            ],
            [
              480890.7178,
              476070.7676
            ],
            [
              480310.406,
              476503.187000001
            ],
            [
              479878,
              476157
            ],
            [
              479329.469,
              476705.280999999
            ],
            [
              479901.688,
              478162.094000001
            ],
            [
              479349.192,
              478994.807
            ],
            [
              478757.312,
              479188.187000001
            ],
            [
              478633.188,
              479883.905999999
            ],
            [
              477923.688,
              480247.905999999
            ],
            [
              477757.313,
              481009.5
            ],
            [
              477304.592,
              481174.720000001
            ],
            [
              476600.813,
              482306.905999999
            ],
            [
              477453.906,
              483673.312000001
            ],
            [
              478016.219,
              483850.594000001
            ],
            [
              478864.5,
              485755.812000001
            ],
            [
              479062.188,
              487108.187000001
            ],
            [
              478610.983,
              489414.811000001
            ],
            [
              479747.75,
              489851.5
            ],
            [
              480049.406,
              489152
            ],
            [
              481457.499,
              488934.594000001
            ],
            [
              481247.555,
              488610.5655
            ],
            [
              481759.813,
              488628.905999999
            ],
            [
              481770.688,
              488345.155999999
            ],
            [
              481774.694,
              488628.594000001
            ],
            [
              481989.094,
              488349.193
            ],
            [
              481991.406,
              488635.687000001
            ],
            [
              482434.807,
              488775.997
            ],
            [
              482878.0772,
              488341.391000001
            ],
            [
              481774.375,
              491051.062000001
            ],
            [
              481270.156,
              491515.125
            ],
            [
              481273.875,
              492202.062000001
            ],
            [
              481617.594,
              492818.687000001
            ],
            [
              482247.641,
              492968.596000001
            ],
            [
              482780.031,
              493600.030999999
            ],
            [
              483046.031,
              494751.969000001
            ],
            [
              484340.813,
              495144.687000001
            ],
            [
              484372.313,
              495864.812000001
            ],
            [
              483854.903,
              496502.280999999
            ],
            [
              484355.406,
              497368.687999999
            ],
            [
              485102.188,
              497470
            ],
            [
              485378.906,
              498303.595000001
            ],
            [
              486526.5,
              498465.25
            ],
            [
              487076.095,
              497601.062000001
            ],
            [
              488920.5875,
              498687.2985
            ],
            [
              488844.906,
              497440.812000001
            ],
            [
              489676.531,
              495192.094000001
            ],
            [
              490332.094,
              494420.594000001
            ],
            [
              491785.689,
              493562
            ],
            [
              492080.895,
              492617.501
            ],
            [
              493277.313,
              491864.437000001
            ],
            [
              493309.31,
              491588.407
            ],
            [
              492550.001,
              491521.844000001
            ],
            [
              490917.813,
              490059.687000001
            ],
            [
              490385.375,
              487884.5
            ],
            [
              490589.0861,
              487479.2018
            ]
          ]
        ]
      },
      "properties": {
        "FID": 5559,
        "MSOA21CD": "E02005789",
        "MSOA21NM": "Ryedale 002",
        "MSOA21NMW": " ",
        "BNG_E": 484955,
        "BNG_N": 488010,
        "LAT": 54.28069,
        "LONG": -0.69668,
        "GlobalID": "01a11e69-b55f-4895-b2f0-9a46cbe3b21d"
      }
    },
    {
      "type": "Feature",
      "id": 5560,
      "geometry": {
        "type": "Polygon",
        "coordinates": [
          [
            [
              460775.691,
              496749.706
            ],
            [
              462390.311,
              492346.596999999
            ],
            [
              463543.594,
              492696.999
            ],
            [
              465248.313,
              490213.062000001
            ],
            [
              465423.5,
              489480.594000001
            ],
            [
              466548.678,
              488806.521500001
            ],
            [
              466580.98,
              488437.43
            ],
            [
              465818.813,
              487774.187000001
            ],
            [
              466452.719,
              486921.375
            ],
            [
              467042.922,
              486852.950999999
            ],
            [
              467287.187,
              485352.687999999
            ],
            [
              466609.906,
              485306.999
            ],
            [
              464973.6315,
              487644.119999999
            ],
            [
              465539.406,
              485712
            ],
            [
              466589.281,
              484443.187000001
            ],
            [
              466525.904,
              483289.501
            ],
            [
              466165.688,
              483505.312000001
            ],
            [
              466543.906,
              481972.405999999
            ],
            [
              468231.54,
              481325.791999999
            ],
            [
              468100.563,
              481969.469000001
            ],
            [
              468412.868,
              482864.385
            ],
            [
              469040.906,
              481755.030999999
            ],
            [
              469110.188,
              482148.780999999
            ],
            [
              470067.1852,
              482550.325999999
            ],
            [
              469806.688,
              483273.469000001
            ],
            [
              470456,
              485288.844000001
            ],
            [
              471360.217,
              485186.004000001
            ],
            [
              472070.689,
              486028.593
            ],
            [
              472960.187,
              485752.003
            ],
            [
              474523.309,
              487126.310000001
            ],
            [
              475528.844,
              485720.375
            ],
            [
              475614.25,
              483667.030999999
            ],
            [
              475033.095,
              484075.405999999
            ],
            [
              473486,
              483774.094000001
            ],
            [
              472535.313,
              484342.312000001
            ],
            [
              472124.6076,
              484166.912
            ],
            [
              472333.683,
              483720.435000001
            ],
            [
              471467.906,
              482083.405999999
            ],
            [
              472384.375,
              482117.280999999
            ],
            [
              472517.7665,
              481432.252
            ],
            [
              473364.531,
              480528.875
            ],
            [
              474346.001,
              480931.875
            ],
            [
              476081.688,
              480845.875
            ],
            [
              476088,
              480196.719000001
            ],
            [
              476575.0885,
              480192.6445
            ],
            [
              476645.906,
              479921.904999999
            ],
            [
              476174.476,
              479684.9
            ],
            [
              476461.999,
              479603.473999999
            ],
            [
              476258.281,
              479197.5
            ],
            [
              476644.5,
              478785.5
            ],
            [
              476064.8385,
              478980.498500001
            ],
            [
              475931.1945,
              478281.077500001
            ],
            [
              476469.591,
              478137.415999999
            ],
            [
              476349.406,
              477909.687999999
            ],
            [
              474354.0986,
              478343.511600001
            ],
            [
              474222.808,
              477404.908
            ],
            [
              473689.094,
              478002.094000001
            ],
            [
              473124.999,
              477561.344000001
            ],
            [
              472028.344,
              477922.780999999
            ],
            [
              471121.563,
              476853.344000001
            ],
            [
              470226.402,
              476932.5
            ],
            [
              469395.719,
              476453.5
            ],
            [
              468346.594,
              477093.594000001
            ],
            [
              468895.7405,
              477880.176999999
            ],
            [
              467939.902,
              477338.5
            ],
            [
              466242.094,
              477161.312000001
            ],
            [
              465591.406,
              477503
            ],
            [
              465693.076,
              477085
            ],
            [
              465163.283,
              476204.419
            ],
            [
              463843.688,
              475701.403000001
            ],
            [
              463953.142,
              474613.25
            ],
            [
              464687.906,
              474542.5
            ],
            [
              464752,
              474262.312000001
            ],
            [
              465246.969,
              474523.344000001
            ],
            [
              465868.406,
              473608.312000001
            ],
            [
              465875.592,
              472975.192
            ],
            [
              465241.531,
              472253.028999999
            ],
            [
              465397.999,
              471659.405999999
            ],
            [
              464583.75,
              471422.687000001
            ],
            [
              459600.688,
              474505.5
            ],
            [
              460116.403,
              475533.903000001
            ],
            [
              459005.687,
              476128.687000001
            ],
            [
              458886.812,
              476987.686000001
            ],
            [
              457108.783,
              476518.0732
            ],
            [
              456488.906,
              477452.905999999
            ],
            [
              454325.049,
              478842.265000001
            ],
            [
              452986.313,
              478569.905999999
            ],
            [
              453020.594,
              479495.405999999
            ],
            [
              452277.688,
              479980.405999999
            ],
            [
              452253.688,
              480360.312000001
            ],
            [
              452779.313,
              480897.405999999
            ],
            [
              452471.001,
              481477.094000001
            ],
            [
              452429.903,
              483118.092
            ],
            [
              451694.9912,
              482584.6798
            ],
            [
              451253.294,
              483151.8675
            ],
            [
              451312.202,
              484011.817600001
            ],
            [
              451867.188,
              484249.405999999
            ],
            [
              450892.719,
              488161.719000001
            ],
            [
              449489.8691,
              490156.987
            ],
            [
              448897.375,
              490944.5
            ],
            [
              449091.719,
              493145.812000001
            ],
            [
              448311.313,
              493707.25
            ],
            [
              447813.5,
              494728.403000001
            ],
            [
              447882.313,
              495642.805
            ],
            [
              448546.548,
              495625.111
            ],
            [
              449565.902,
              498093.047
            ],
            [
              450436.5,
              498334.905999999
            ],
            [
              451500.406,
              497873.219000001
            ],
            [
              453305.094,
              498222.219000001
            ],
            [
              453864.096,
              498800.403000001
            ],
            [
              454468.906,
              497765.687000001
            ],
            [
              454858.5945,
              495184.0985
            ],
            [
              455638.192,
              495154.806
            ],
            [
              456466,
              494571.812000001
            ],
            [
              457188.124,
              494763.970000001
            ],
            [
              457405.8565,
              494042.284499999
            ],
            [
              457156.688,
              493227.594000001
            ],
            [
              457544.594,
              492923.25
            ],
            [
              458690.5,
              492997.187000001
            ],
            [
              460002.627,
              496470.155999999
            ],
            [
              460775.691,
              496749.706
            ]
          ]
        ]
      },
      "properties": {
        "FID": 5560,
        "MSOA21CD": "E02005790",
        "MSOA21NM": "Ryedale 003",
        "MSOA21NMW": " ",
        "BNG_E": 462231,
        "BNG_N": 482729,
        "LAT": 54.2365,
        "LONG": -1.04673,
        "GlobalID": "99a0fb68-6ed9-40b3-a8c3-7fe624de34f1"
      }
    },
    {
      "type": "Feature",
      "id": 5561,
      "geometry": {
        "type": "Polygon",
        "coordinates": [
          [
            [
              503347.597,
              476517
            ],
            [
              503363.844,
              476200.886
            ],
            [
              502947.099,
              476008.471000001
            ],
            [
              503061.5425,
              475648.115499999
            ],
            [
              502398.4845,
              475383.787
            ],
            [
              502860.969,
              472429.937000001
            ],
            [
              500834.502,
              471108.687999999
            ],
            [
              501130.594,
              470089.905999999
            ],
            [
              500230.5152,
              469456.825200001
            ],
            [
              500394.948,
              469057.683
            ],
            [
              498396.406,
              467857.094000001
            ],
            [
              496610.471,
              466510.845000001
            ],
            [
              496385,
              466936.312000001
            ],
            [
              495990.813,
              466687.812000001
            ],
            [
              495471.5655,
              467161.080499999
            ],
            [
              494071.596,
              467407.499
            ],
            [
              493861.107,
              466991.787
            ],
            [
              492264.438,
              466599
            ],
            [
              490696.75,
              464723.937000001
            ],
            [
              487781.3745,
              463844.9365
            ],
            [
              488823.406,
              462975.905999999
            ],
            [
              487972.813,
              461683.309
            ],
            [
              487890.3704,
              460961.1504
            ],
            [
              486754.313,
              460997.812999999
            ],
            [
              486099.094,
              460215
            ],
            [
              486026.188,
              459430.499
            ],
            [
              486694.688,
              458807.501
            ],
            [
              486409.063,
              457809.094000001
            ],
            [
              484979.281,
              457445.969000001
            ],
            [
              484586.001,
              458006.280999999
            ],
            [
              483289.188,
              458153.094000001
            ],
            [
              483007.3605,
              460102.0755
            ],
            [
              478771.689,
              458781.094000001
            ],
            [
              478779.188,
              459342
            ],
            [
              480260.093,
              462234.595000001
            ],
            [
              480112.812,
              463079.594000001
            ],
            [
              479684,
              463782.686000001
            ],
            [
              478647.813,
              463920.594000001
            ],
            [
              478461.689,
              464289.687000001
            ],
            [
              477469.094,
              464201.594000001
            ],
            [
              477760.5,
              465033.905999999
            ],
            [
              476678.097,
              465227.403999999
            ],
            [
              476762.688,
              466688.094000001
            ],
            [
              476246.408,
              466880.189999999
            ],
            [
              476571.7499,
              468456.5251
            ],
            [
              477421.593,
              468627.280999999
            ],
            [
              478177.094,
              468268.312000001
            ],
            [
              479290.999,
              468282.405999999
            ],
            [
              479661.906,
              469704.25
            ],
            [
              481387,
              469475.308
            ],
            [
              481406.209,
              470484.581
            ],
            [
              480779.669,
              471236.380000001
            ],
            [
              480501.009,
              471732.666999999
            ],
            [
              481322.7,
              472393.414000001
            ],
            [
              481046.192,
              472939.498
            ],
            [
              481902.219,
              473555.530999999
            ],
            [
              482254,
              474414.5
            ],
            [
              482855.999,
              474915.5
            ],
            [
              482779.313,
              475535.187000001
            ],
            [
              482366.898,
              475714.3254
            ],
            [
              481731.695,
              476323.209000001
            ],
            [
              481722,
              476815.187000001
            ],
            [
              484258.4965,
              478006.854
            ],
            [
              484337.5,
              478293.594000001
            ],
            [
              484853.281,
              478316.905999999
            ],
            [
              485282.1475,
              478892.7755
            ],
            [
              486509.406,
              479185.312000001
            ],
            [
              487452.906,
              478814.405999999
            ],
            [
              488630.907,
              479015.687999999
            ],
            [
              488896.405,
              478746.693
            ],
            [
              489289.719,
              479315.030999999
            ],
            [
              489811.906,
              478457.312000001
            ],
            [
              490421.906,
              478568.312000001
            ],
            [
              490562.281,
              478265.155999999
            ],
            [
              491475.906,
              478826.780999999
            ],
            [
              491491.167,
              479124.772
            ],
            [
              492355.403,
              479020.5
            ],
            [
              493612.594,
              479461.999
            ],
            [
              494679.094,
              478391.655999999
            ],
            [
              495488.094,
              479282.594000001
            ],
            [
              496649.964,
              479010.089
            ],
            [
              497628.5,
              479861.812000001
            ],
            [
              498059.281,
              479989.812000001
            ],
            [
              498352.809,
              479626.408
            ],
            [
              499805.662,
              480655.789000001
            ],
            [
              501990.5976,
              481046.017200001
            ],
            [
              503347.597,
              476517
            ]
          ]
        ]
      },
      "properties": {
        "FID": 5561,
        "MSOA21CD": "E02005791",
        "MSOA21NM": "Ryedale 004",
        "MSOA21NMW": " ",
        "BNG_E": 489926,
        "BNG_N": 469284,
        "LAT": 54.1116,
        "LONG": -0.62595,
        "GlobalID": "750470ad-8f06-4722-a469-f535478afc95"
      }
    },
    {
      "type": "Feature",
      "id": 5562,
      "geometry": {
        "type": "Polygon",
        "coordinates": [
          [
            [
              480890.7178,
              476070.7676
            ],
            [
              479714.906,
              475294.187000001
            ],
            [
              478767.178,
              475446.096999999
            ],
            [
              477956.501,
              474895.403999999
            ],
            [
              477119.463,
              472067.448000001
            ],
            [
              476997.094,
              470769.594000001
            ],
            [
              477669.593,
              470637.062000001
            ],
            [
              477724.813,
              469904.094000001
            ],
            [
              476882,
              469727.812000001
            ],
            [
              476571.7499,
              468456.5251
            ],
            [
              476246.408,
              466880.189999999
            ],
            [
              476762.688,
              466688.094000001
            ],
            [
              476678.097,
              465227.403999999
            ],
            [
              477760.5,
              465033.905999999
            ],
            [
              477469.094,
              464201.594000001
            ],
            [
              478461.689,
              464289.687000001
            ],
            [
              478647.813,
              463920.594000001
            ],
            [
              479684,
              463782.686000001
            ],
            [
              480112.812,
              463079.594000001
            ],
            [
              480260.093,
              462234.595000001
            ],
            [
              478779.188,
              459342
            ],
            [
              475753.813,
              458854.218
            ],
            [
              474813.813,
              458418.25
            ],
            [
              473586.188,
              458488.25
            ],
            [
              473643.344,
              458085.469000001
            ],
            [
              472937.094,
              457624.5
            ],
            [
              472604,
              456508.719000001
            ],
            [
              471716.719,
              456273.75
            ],
            [
              471372.906,
              455665.780999999
            ],
            [
              470559.8622,
              455585.073000001
            ],
            [
              469313.688,
              455300.405999999
            ],
            [
              468448.937,
              454712.192
            ],
            [
              467831.689,
              454921.405999999
            ],
            [
              466683.814,
              454418.499
            ],
            [
              465948.123,
              454678.655999999
            ],
            [
              466891.0735,
              455491.323999999
            ],
            [
              467025.031,
              456026.437000001
            ],
            [
              467498.405,
              456148.905999999
            ],
            [
              467252.314,
              457008.625
            ],
            [
              466642.001,
              456769.403000001
            ],
            [
              466991.499,
              457063.030999999
            ],
            [
              466763.225,
              457589.2106
            ],
            [
              467134.901,
              458233.691
            ],
            [
              466969.69,
              458414.502
            ],
            [
              467784.69,
              459044.595000001
            ],
            [
              467537.313,
              459051.719000001
            ],
            [
              467350.5,
              459742.687000001
            ],
            [
              466758.594,
              459914.062000001
            ],
            [
              466595.691,
              460796.002
            ],
            [
              466022.597,
              461169.309
            ],
            [
              465408.594,
              462612.594000001
            ],
            [
              464630,
              461931.5
            ],
            [
              461651.094,
              462701.694
            ],
            [
              461900.702,
              463906.773
            ],
            [
              462586.406,
              464182.594000001
            ],
            [
              462971.813,
              464845.094000001
            ],
            [
              462771.188,
              465064.280999999
            ],
            [
              462293.5,
              464837.5
            ],
            [
              462485.499,
              465215.903999999
            ],
            [
              461579.409,
              465898.74
            ],
            [
              462913.406,
              467367.687000001
            ],
            [
              462617.625,
              468376.594000001
            ],
            [
              464416.281,
              468449.905999999
            ],
            [
              464896.2558,
              470220.2654
            ],
            [
              464583.75,
              471422.687000001
            ],
            [
              465397.999,
              471659.405999999
            ],
            [
              465241.531,
              472253.028999999
            ],
            [
              465875.592,
              472975.192
            ],
            [
              465868.406,
              473608.312000001
            ],
            [
              465246.969,
              474523.344000001
            ],
            [
              464752,
              474262.312000001
            ],
            [
              464687.906,
              474542.5
            ],
            [
              463953.142,
              474613.25
            ],
            [
              463843.688,
              475701.403000001
            ],
            [
              465163.283,
              476204.419
            ],
            [
              465693.076,
              477085
            ],
            [
              465591.406,
              477503
            ],
            [
              466242.094,
              477161.312000001
            ],
            [
              467939.902,
              477338.5
            ],
            [
              468895.7405,
              477880.176999999
            ],
            [
              468346.594,
              477093.594000001
            ],
            [
              469395.719,
              476453.5
            ],
            [
              470226.402,
              476932.5
            ],
            [
              471121.563,
              476853.344000001
            ],
            [
              472028.344,
              477922.780999999
            ],
            [
              473124.999,
              477561.344000001
            ],
            [
              473689.094,
              478002.094000001
            ],
            [
              474222.808,
              477404.908
            ],
            [
              474354.0986,
              478343.511600001
            ],
            [
              476349.406,
              477909.687999999
            ],
            [
              476469.591,
              478137.415999999
            ],
            [
              475931.1945,
              478281.077500001
            ],
            [
              476064.8385,
              478980.498500001
            ],
            [
              476644.5,
              478785.5
            ],
            [
              476258.281,
              479197.5
            ],
            [
              476461.999,
              479603.473999999
            ],
            [
              476174.476,
              479684.9
            ],
            [
              476645.906,
              479921.904999999
            ],
            [
              476575.0885,
              480192.6445
            ],
            [
              476088,
              480196.719000001
            ],
            [
              476081.688,
              480845.875
            ],
            [
              477304.592,
              481174.720000001
            ],
            [
              477757.313,
              481009.5
            ],
            [
              477923.688,
              480247.905999999
            ],
            [
              478633.188,
              479883.905999999
            ],
            [
              478757.312,
              479188.187000001
            ],
            [
              479349.192,
              478994.807
            ],
            [
              479901.688,
              478162.094000001
            ],
            [
              479329.469,
              476705.280999999
            ],
            [
              479878,
              476157
            ],
            [
              480310.406,
              476503.187000001
            ],
            [
              480890.7178,
              476070.7676
            ]
          ]
        ]
      },
      "properties": {
        "FID": 5562,
        "MSOA21CD": "E02005794",
        "MSOA21NM": "Ryedale 007",
        "MSOA21NMW": " ",
        "BNG_E": 471234,
        "BNG_N": 466365,
        "LAT": 54.08829,
        "LONG": -0.91249,
        "GlobalID": "a0a9d3ad-515c-40fa-ac03-6d0b3521793d"
      }
    },
    {
      "type": "Feature",
      "id": 5563,
      "geometry": {
        "type": "MultiPolygon",
        "coordinates": [
          [
            [
              [
                489970.9294,
                511626.599099999
              ],
              [
                489955.4227,
                511564.9312
              ],
              [
                489961.6936,
                511670.138800001
              ],
              [
                489970.9294,
                511626.599099999
              ]
            ]
          ],
          [
            [
              [
                488188.1802,
                511993.122099999
              ],
              [
                489862.6992,
                511508.2007
              ],
              [
                489925.3041,
                511841.688100001
              ],
              [
                489932.2965,
                511808.724199999
              ],
              [
                489928.9584,
                511459.6863
              ],
              [
                489665.7464,
                510412.9278
              ],
              [
                489378.705,
                510336.9428
              ],
              [
                489263.188,
                510753.655999999
              ],
              [
                488593,
                510543
              ],
              [
                488587.2181,
                510218.446
              ],
              [
                487823.426,
                510631.818
              ],
              [
                487583.875,
                510256.593
              ],
              [
                488188.1802,
                511993.122099999
              ]
            ]
          ]
        ]
      },
      "properties": {
        "FID": 5563,
        "MSOA21CD": "E02005795",
        "MSOA21NM": "Scarborough 001",
        "MSOA21NMW": " ",
        "BNG_E": 488812,
        "BNG_N": 511096,
        "LAT": 54.48746,
        "LONG": -0.63058,
        "GlobalID": "1d21b89e-ee9e-4853-a8e1-28741add887d"
      }
    },
    {
      "type": "Feature",
      "id": 5564,
      "geometry": {
        "type": "Polygon",
        "coordinates": [
          [
            [
              488188.1802,
              511993.122099999
            ],
            [
              487583.875,
              510256.593
            ],
            [
              487012.194,
              509914.689999999
            ],
            [
              487141.676,
              509066.155400001
            ],
            [
              486202.844,
              507753.032
            ],
            [
              486292.501,
              507354.529999999
            ],
            [
              485517.501,
              507372.780999999
            ],
            [
              485307.906,
              506552
            ],
            [
              484490.813,
              506783.312000001
            ],
            [
              484210.188,
              506053.405999999
            ],
            [
              484581.306,
              505114.808
            ],
            [
              484172.406,
              504132.5
            ],
            [
              483025.813,
              504722.812000001
            ],
            [
              482954.091,
              505120.999
            ],
            [
              482414.72,
              504160.719000001
            ],
            [
              482108.813,
              504149
            ],
            [
              482233.69,
              503739.1285
            ],
            [
              481861.413,
              503384.016000001
            ],
            [
              481975.593,
              502620
            ],
            [
              481747.8125,
              502397.3335
            ],
            [
              482460,
              501198.405999999
            ],
            [
              481338.906,
              500208.094000001
            ],
            [
              481107.7304,
              497723.2848
            ],
            [
              480890.719,
              497139.812000001
            ],
            [
              480278.781,
              496988.812000001
            ],
            [
              479788.188,
              496404.5
            ],
            [
              478461.094,
              496093.594000001
            ],
            [
              477531.469,
              496684.469000001
            ],
            [
              476500.903,
              499193.999
            ],
            [
              475803.596,
              499003
            ],
            [
              474976.313,
              499245.312000001
            ],
            [
              470369.719,
              501113.312000001
            ],
            [
              469764.313,
              501101.312000001
            ],
            [
              468221.693,
              501994.809
            ],
            [
              466588.688,
              500641.405999999
            ],
            [
              465815.0445,
              500523.601500001
            ],
            [
              463251,
              502645.405999999
            ],
            [
              461145.5,
              502309
            ],
            [
              460787.938,
              503257.125
            ],
            [
              461371.125,
              503965.375
            ],
            [
              461545.031,
              505027.595000001
            ],
            [
              461225.0405,
              505463.874
            ],
            [
              461799.384,
              506721.189999999
            ],
            [
              462725.813,
              507495.405999999
            ],
            [
              465913.729,
              507369.0995
            ],
            [
              466732.174,
              507758.771
            ],
            [
              465962.688,
              509754.219000001
            ],
            [
              464632.501,
              509357.187000001
            ],
            [
              463832,
              509475.312000001
            ],
            [
              463653.367,
              510125.317
            ],
            [
              462483.814,
              511393.218
            ],
            [
              463316.788,
              512295.095000001
            ],
            [
              464636.313,
              512421.191
            ],
            [
              466949.156,
              511815.312999999
            ],
            [
              467928,
              510802.219000001
            ],
            [
              472584.307,
              511876.687000001
            ],
            [
              472921.407,
              511227.404999999
            ],
            [
              474692.281,
              510900.75
            ],
            [
              474983.5924,
              511267.468800001
            ],
            [
              474355.292,
              512535.843499999
            ],
            [
              474608.25,
              515577.312000001
            ],
            [
              475975.594,
              517666.812000001
            ],
            [
              476699.656,
              518116.530999999
            ],
            [
              477689.25,
              517966.779999999
            ],
            [
              477786.031,
              518481.219000001
            ],
            [
              478132.7957,
              518786.642999999
            ],
            [
              479351.004,
              518706.5012
            ],
            [
              479381.8002,
              518245.5001
            ],
            [
              479973.5528,
              517747.375499999
            ],
            [
              479958.3964,
              517712.197899999
            ],
            [
              479843.1012,
              517493.4991
            ],
            [
              479999.9762,
              517422.1171
            ],
            [
              480907.0037,
              517009.397
            ],
            [
              481156.137,
              516158.890900001
            ],
            [
              481079.626,
              516038.507999999
            ],
            [
              481284.0371,
              515722.2578
            ],
            [
              481340.5003,
              515529.500299999
            ],
            [
              482206.8003,
              515475.5001
            ],
            [
              482841.5214,
              515831.866900001
            ],
            [
              482917.456,
              515845.096000001
            ],
            [
              482923.1343,
              515877.6888
            ],
            [
              483380.002,
              516134.198999999
            ],
            [
              484654.1036,
              514682.703
            ],
            [
              485389.2998,
              514616.6009
            ],
            [
              485711.0483,
              514224.541200001
            ],
            [
              485739.94,
              513989.169
            ],
            [
              486000.2059,
              513872.194499999
            ],
            [
              486032.6998,
              513832.5998
            ],
            [
              485889.6,
              513109.303300001
            ],
            [
              486212.1991,
              512526.4005
            ],
            [
              488184.0994,
              511994.3039
            ],
            [
              488188.1802,
              511993.122099999
            ]
          ]
        ]
      },
      "properties": {
        "FID": 5564,
        "MSOA21CD": "E02005796",
        "MSOA21NM": "Scarborough 002",
        "MSOA21NMW": " ",
        "BNG_E": 476257,
        "BNG_N": 507493,
        "LAT": 54.45712,
        "LONG": -0.82526,
        "GlobalID": "f643c8b5-51b8-4b0f-92d4-09f8d8268349"
      }
    },
    {
      "type": "Feature",
      "id": 5565,
      "geometry": {
        "type": "Polygon",
        "coordinates": [
          [
            [
              491282.034,
              511217.5594
            ],
            [
              491124.313,
              510465.405999999
            ],
            [
              490742.903,
              510196.096000001
            ],
            [
              491078.438,
              509305.687000001
            ],
            [
              490827.969,
              508442.187000001
            ],
            [
              489370.598,
              509336.122
            ],
            [
              487735.812,
              508441.202
            ],
            [
              487141.676,
              509066.155400001
            ],
            [
              487012.194,
              509914.689999999
            ],
            [
              487583.875,
              510256.593
            ],
            [
              487823.426,
              510631.818
            ],
            [
              488587.2181,
              510218.446
            ],
            [
              488593,
              510543
            ],
            [
              489263.188,
              510753.655999999
            ],
            [
              489378.705,
              510336.9428
            ],
            [
              489665.7464,
              510412.9278
            ],
            [
              489928.9584,
              511459.6863
            ],
            [
              489928.0812,
              511367.959000001
            ],
            [
              489925.0997,
              511056.201099999
            ],
            [
              489951.1124,
              511492.616699999
            ],
            [
              489955.4227,
              511564.9312
            ],
            [
              489970.9294,
              511626.599099999
            ],
            [
              489971.8862,
              511644.1105
            ],
            [
              489975.903,
              511626.797800001
            ],
            [
              489983.5199,
              511852.1745
            ],
            [
              490063.2652,
              511694.4176
            ],
            [
              490143.69,
              511521.550000001
            ],
            [
              490147.4079,
              511521.078199999
            ],
            [
              490180.4959,
              511462.504699999
            ],
            [
              491223.7023,
              511186.004000001
            ],
            [
              491282.034,
              511217.5594
            ]
          ]
        ]
      },
      "properties": {
        "FID": 5565,
        "MSOA21CD": "E02005797",
        "MSOA21NM": "Scarborough 003",
        "MSOA21NMW": " ",
        "BNG_E": 488460,
        "BNG_N": 509749,
        "LAT": 54.47542,
        "LONG": -0.63641,
        "GlobalID": "14a0fa08-e9f4-4ca6-9f0f-d0421d41b7dd"
      }
    },
    {
      "type": "Feature",
      "id": 5566,
      "geometry": {
        "type": "Polygon",
        "coordinates": [
          [
            [
              502947.7356,
              492702.0988
            ],
            [
              501189.959,
              491533.9
            ],
            [
              501039.3135,
              490959.376499999
            ],
            [
              500838.756,
              491093.032
            ],
            [
              501053.41,
              490694.321
            ],
            [
              501132.691,
              490987.43
            ],
            [
              501192.684,
              490380.92
            ],
            [
              500903.375,
              490218.426999999
            ],
            [
              500384.587,
              490587.419
            ],
            [
              500100.178,
              490265.216
            ],
            [
              500462.09,
              490294.909
            ],
            [
              500188.099,
              489685.517000001
            ],
            [
              500687,
              489760
            ],
            [
              500725,
              489335
            ],
            [
              500976.7862,
              489478.240900001
            ],
            [
              500833.901,
              488863.905999999
            ],
            [
              499348.097,
              488914.812999999
            ],
            [
              498690.906,
              487736.594000001
            ],
            [
              498008.999,
              487419.187000001
            ],
            [
              496234.096,
              488824.501
            ],
            [
              496074.3205,
              489325.4825
            ],
            [
              495533.406,
              489082.905999999
            ],
            [
              495635.188,
              489616.687000001
            ],
            [
              494673.814,
              489254.030999999
            ],
            [
              494320.25,
              489844.780999999
            ],
            [
              493813.406,
              490015.062000001
            ],
            [
              493254.219,
              489648.562000001
            ],
            [
              493538.563,
              489280.562000001
            ],
            [
              493213.407,
              489006.625
            ],
            [
              492846.719,
              489149.719000001
            ],
            [
              492628.094,
              488321.030999999
            ],
            [
              491994.125,
              487595.155999999
            ],
            [
              491023.156,
              487840.780999999
            ],
            [
              490890.219,
              487410.25
            ],
            [
              490589.0861,
              487479.2018
            ],
            [
              490385.375,
              487884.5
            ],
            [
              490917.813,
              490059.687000001
            ],
            [
              492550.001,
              491521.844000001
            ],
            [
              493309.31,
              491588.407
            ],
            [
              493277.313,
              491864.437000001
            ],
            [
              492080.895,
              492617.501
            ],
            [
              491785.689,
              493562
            ],
            [
              490332.094,
              494420.594000001
            ],
            [
              489676.531,
              495192.094000001
            ],
            [
              488844.906,
              497440.812000001
            ],
            [
              488920.5875,
              498687.2985
            ],
            [
              487076.095,
              497601.062000001
            ],
            [
              486526.5,
              498465.25
            ],
            [
              485378.906,
              498303.595000001
            ],
            [
              485102.188,
              497470
            ],
            [
              484355.406,
              497368.687999999
            ],
            [
              483854.903,
              496502.280999999
            ],
            [
              481983.375,
              496384.062000001
            ],
            [
              481107.7304,
              497723.2848
            ],
            [
              481338.906,
              500208.094000001
            ],
            [
              482460,
              501198.405999999
            ],
            [
              481747.8125,
              502397.3335
            ],
            [
              481975.593,
              502620
            ],
            [
              481861.413,
              503384.016000001
            ],
            [
              482233.69,
              503739.1285
            ],
            [
              482108.813,
              504149
            ],
            [
              482414.72,
              504160.719000001
            ],
            [
              482954.091,
              505120.999
            ],
            [
              483025.813,
              504722.812000001
            ],
            [
              484172.406,
              504132.5
            ],
            [
              484581.306,
              505114.808
            ],
            [
              484210.188,
              506053.405999999
            ],
            [
              484490.813,
              506783.312000001
            ],
            [
              485307.906,
              506552
            ],
            [
              485517.501,
              507372.780999999
            ],
            [
              486292.501,
              507354.529999999
            ],
            [
              486202.844,
              507753.032
            ],
            [
              487141.676,
              509066.155400001
            ],
            [
              487735.812,
              508441.202
            ],
            [
              489370.598,
              509336.122
            ],
            [
              490827.969,
              508442.187000001
            ],
            [
              491078.438,
              509305.687000001
            ],
            [
              490742.903,
              510196.096000001
            ],
            [
              491124.313,
              510465.405999999
            ],
            [
              491282.034,
              511217.5594
            ],
            [
              491464.9067,
              511316.4871
            ],
            [
              491556.7041,
              511281.9979
            ],
            [
              491757.9999,
              510756.600299999
            ],
            [
              492824.1017,
              510317.8025
            ],
            [
              493632.2991,
              508706.2038
            ],
            [
              495973.6994,
              506734.199100001
            ],
            [
              495918.3993,
              506056.201300001
            ],
            [
              495337.6997,
              505532.6008
            ],
            [
              495398.9,
              504333.5999
            ],
            [
              495960.4998,
              503317.4998
            ],
            [
              497279.0979,
              502354.3013
            ],
            [
              498012.3988,
              502430.100500001
            ],
            [
              498443.8818,
              502039.390699999
            ],
            [
              498535.63,
              501878.539999999
            ],
            [
              498990.1189,
              501544.7707
            ],
            [
              499320.4003,
              501245.6994
            ],
            [
              500000.0011,
              500008.572699999
            ],
            [
              500002.3596,
              500004.2794
            ],
            [
              500004.7181,
              499999.986
            ],
            [
              500801.8,
              498549
            ],
            [
              501011.5366,
              497138.527100001
            ],
            [
              501018.6041,
              497090.998600001
            ],
            [
              501944.2029,
              496104.301100001
            ],
            [
              501998.6038,
              494973.604699999
            ],
            [
              502607.0003,
              494863.100199999
            ],
            [
              503033.2023,
              494030.704600001
            ],
            [
              502751.0988,
              493415.8003
            ],
            [
              502943.901,
              492739.903899999
            ],
            [
              502947.7356,
              492702.0988
            ]
          ]
        ]
      },
      "properties": {
        "FID": 5566,
        "MSOA21CD": "E02005798",
        "MSOA21NM": "Scarborough 004",
        "MSOA21NMW": " ",
        "BNG_E": 490790,
        "BNG_N": 499383,
        "LAT": 54.38187,
        "LONG": -0.60363,
        "GlobalID": "732d8ae5-2955-4acb-8334-164221ffd09d"
      }
    },
    {
      "type": "Feature",
      "id": 5567,
      "geometry": {
        "type": "Polygon",
        "coordinates": [
          [
            [
              503645.8469,
              490953.481799999
            ],
            [
              503417,
              491062.405999999
            ],
            [
              502630.313,
              490730.812000001
            ],
            [
              503266.0692,
              489880.382999999
            ],
            [
              502414.6635,
              489757.670499999
            ],
            [
              502081.0108,
              488946.845000001
            ],
            [
              501034.315,
              488685.586999999
            ],
            [
              500833.901,
              488863.905999999
            ],
            [
              500976.7862,
              489478.240900001
            ],
            [
              500725,
              489335
            ],
            [
              500687,
              489760
            ],
            [
              500188.099,
              489685.517000001
            ],
            [
              500462.09,
              490294.909
            ],
            [
              500100.178,
              490265.216
            ],
            [
              500384.587,
              490587.419
            ],
            [
              500903.375,
              490218.426999999
            ],
            [
              501192.684,
              490380.92
            ],
            [
              501132.691,
              490987.43
            ],
            [
              501053.41,
              490694.321
            ],
            [
              500838.756,
              491093.032
            ],
            [
              501039.3135,
              490959.376499999
            ],
            [
              501189.959,
              491533.9
            ],
            [
              502947.7356,
              492702.0988
            ],
            [
              503049.601,
              491697.8013
            ],
            [
              503404.4795,
              491390.6328
            ],
            [
              503470.18,
              491298
            ],
            [
              503504.3496,
              491304.189300001
            ],
            [
              503710.1,
              491126.100099999
            ],
            [
              503645.8469,
              490953.481799999
            ]
          ]
        ]
      },
      "properties": {
        "FID": 5567,
        "MSOA21CD": "E02005799",
        "MSOA21NM": "Scarborough 005",
        "MSOA21NMW": " ",
        "BNG_E": 501912,
        "BNG_N": 490394,
        "LAT": 54.29902,
        "LONG": -0.43553,
        "GlobalID": "1e03d1e2-3a11-4fbe-9161-f0eadd1f5ab0"
      }
    },
    {
      "type": "Feature",
      "id": 5568,
      "geometry": {
        "type": "Polygon",
        "coordinates": [
          [
            [
              503645.8469,
              490953.481799999
            ],
            [
              503597.5025,
              490823.602600001
            ],
            [
              503707.6882,
              490334.634299999
            ],
            [
              503676.95,
              490246.85
            ],
            [
              503764.5199,
              490082.433499999
            ],
            [
              503789.3608,
              489972.1975
            ],
            [
              503785.7,
              489939.199999999
            ],
            [
              503799.4893,
              489927.250600001
            ],
            [
              503857.9998,
              489667.600099999
            ],
            [
              504459.4989,
              489227.999399999
            ],
            [
              504548.4191,
              489277.0395
            ],
            [
              504567.45,
              489261.76
            ],
            [
              504718.7469,
              489370.976299999
            ],
            [
              504806.3231,
              489419.2751
            ],
            [
              504830.3041,
              489432.500800001
            ],
            [
              505071.0699,
              489480.5408
            ],
            [
              505152.2905,
              489388.001399999
            ],
            [
              505228.6276,
              489146.1307
            ],
            [
              505198.9361,
              488933.788899999
            ],
            [
              504628.1633,
              488424.644300001
            ],
            [
              503898.06,
              488614.830499999
            ],
            [
              503618.742,
              489127.732999999
            ],
            [
              503744.656,
              489439.187000001
            ],
            [
              503266.0692,
              489880.382999999
            ],
            [
              502630.313,
              490730.812000001
            ],
            [
              503417,
              491062.405999999
            ],
            [
              503645.8469,
              490953.481799999
            ]
          ]
        ]
      },
      "properties": {
        "FID": 5568,
        "MSOA21CD": "E02005800",
        "MSOA21NM": "Scarborough 006",
        "MSOA21NMW": " ",
        "BNG_E": 503952,
        "BNG_N": 489208,
        "LAT": 54.28795,
        "LONG": -0.40461,
        "GlobalID": "acaabca1-da62-4837-b480-90ae8f6f61eb"
      }
    },
    {
      "type": "Feature",
      "id": 5569,
      "geometry": {
        "type": "Polygon",
        "coordinates": [
          [
            [
              503618.742,
              489127.732999999
            ],
            [
              502992.598,
              488562.594000001
            ],
            [
              502260.6295,
              488446.840500001
            ],
            [
              502522.005,
              488693.586999999
            ],
            [
              502081.0108,
              488946.845000001
            ],
            [
              502414.6635,
              489757.670499999
            ],
            [
              503266.0692,
              489880.382999999
            ],
            [
              503744.656,
              489439.187000001
            ],
            [
              503618.742,
              489127.732999999
            ]
          ]
        ]
      },
      "properties": {
        "FID": 5569,
        "MSOA21CD": "E02005801",
        "MSOA21NM": "Scarborough 007",
        "MSOA21NMW": " ",
        "BNG_E": 502773,
        "BNG_N": 489155,
        "LAT": 54.28772,
        "LONG": -0.42273,
        "GlobalID": "2dc72a24-c630-4972-827f-b674e6cdaee1"
      }
    },
    {
      "type": "Feature",
      "id": 5570,
      "geometry": {
        "type": "Polygon",
        "coordinates": [
          [
            [
              503898.06,
              488614.830499999
            ],
            [
              503455.5,
              487681.26
            ],
            [
              503216.701,
              488236.471000001
            ],
            [
              502943,
              488194
            ],
            [
              502992.598,
              488562.594000001
            ],
            [
              503618.742,
              489127.732999999
            ],
            [
              503898.06,
              488614.830499999
            ]
          ]
        ]
      },
      "properties": {
        "FID": 5570,
        "MSOA21CD": "E02005802",
        "MSOA21NM": "Scarborough 008",
        "MSOA21NMW": " ",
        "BNG_E": 503473,
        "BNG_N": 488417,
        "LAT": 54.28095,
        "LONG": -0.41223,
        "GlobalID": "7fadd8f0-2abd-4b8c-90a7-4e8117646b50"
      }
    },
    {
      "type": "Feature",
      "id": 5571,
      "geometry": {
        "type": "Polygon",
        "coordinates": [
          [
            [
              502992.598,
              488562.594000001
            ],
            [
              502943,
              488194
            ],
            [
              503216.701,
              488236.471000001
            ],
            [
              503455.5,
              487681.26
            ],
            [
              503338.89,
              486430.882999999
            ],
            [
              503247.596,
              485426.3664
            ],
            [
              502802.188,
              485587
            ],
            [
              502154.429,
              486739.202
            ],
            [
              501485.002,
              486642.969000001
            ],
            [
              501114.5,
              486611
            ],
            [
              500769.938,
              487497.687000001
            ],
            [
              501034.315,
              488685.586999999
            ],
            [
              502081.0108,
              488946.845000001
            ],
            [
              502522.005,
              488693.586999999
            ],
            [
              502260.6295,
              488446.840500001
            ],
            [
              502992.598,
              488562.594000001
            ]
          ]
        ]
      },
      "properties": {
        "FID": 5571,
        "MSOA21CD": "E02005803",
        "MSOA21NM": "Scarborough 009",
        "MSOA21NMW": " ",
        "BNG_E": 502159,
        "BNG_N": 487193,
        "LAT": 54.27021,
        "LONG": -0.43283,
        "GlobalID": "a65110fb-ade1-487d-adee-e22611716896"
      }
    },
    {
      "type": "Feature",
      "id": 5572,
      "geometry": {
        "type": "Polygon",
        "coordinates": [
          [
            [
              504628.1633,
              488424.644300001
            ],
            [
              504455.7011,
              488270.803400001
            ],
            [
              504462.9375,
              488192.7268
            ],
            [
              504507.5017,
              487711.9033
            ],
            [
              505146.3364,
              486979.106699999
            ],
            [
              504879.317,
              486554.416999999
            ],
            [
              504484.999,
              486742
            ],
            [
              504743,
              486504
            ],
            [
              504368.658,
              486364
            ],
            [
              504178.731,
              485719.151000001
            ],
            [
              503882,
              486126
            ],
            [
              503533,
              485735.999
            ],
            [
              503338.89,
              486430.882999999
            ],
            [
              503455.5,
              487681.26
            ],
            [
              503898.06,
              488614.830499999
            ],
            [
              504628.1633,
              488424.644300001
            ]
          ]
        ]
      },
      "properties": {
        "FID": 5572,
        "MSOA21CD": "E02005804",
        "MSOA21NM": "Scarborough 010",
        "MSOA21NMW": " ",
        "BNG_E": 504173,
        "BNG_N": 487134,
        "LAT": 54.26928,
        "LONG": -0.40193,
        "GlobalID": "e6f5fa51-8833-4433-b110-ebf8fa590af0"
      }
    },
    {
      "type": "Feature",
      "id": 5573,
      "geometry": {
        "type": "Polygon",
        "coordinates": [
          [
            [
              510759.1892,
              482602.661
            ],
            [
              510669.593,
              481244.002
            ],
            [
              509263.907,
              481508.594000001
            ],
            [
              508201.782,
              480680.625
            ],
            [
              507217.905,
              480480
            ],
            [
              504729.313,
              480950.812000001
            ],
            [
              503920.903,
              481508.810000001
            ],
            [
              503932.584,
              483768.9648
            ],
            [
              504957.7635,
              483469.603499999
            ],
            [
              504998,
              483797
            ],
            [
              504609.004,
              483966.048
            ],
            [
              504961,
              484175
            ],
            [
              504867.834,
              484788.586999999
            ],
            [
              505301.2765,
              484884.897500001
            ],
            [
              504840.285,
              485520.223999999
            ],
            [
              503176.004,
              485062.033
            ],
            [
              503247.596,
              485426.3664
            ],
            [
              503338.89,
              486430.882999999
            ],
            [
              503533,
              485735.999
            ],
            [
              503882,
              486126
            ],
            [
              504178.731,
              485719.151000001
            ],
            [
              504368.658,
              486364
            ],
            [
              504743,
              486504
            ],
            [
              504484.999,
              486742
            ],
            [
              504879.317,
              486554.416999999
            ],
            [
              505146.3364,
              486979.106699999
            ],
            [
              506309.9326,
              485644.365
            ],
            [
              506350.7204,
              485616.2851
            ],
            [
              506436.3185,
              485417.7015
            ],
            [
              506481.0417,
              485306.6238
            ],
            [
              506335.9999,
              484962.499
            ],
            [
              506712.7006,
              484500.3014
            ],
            [
              507603.2999,
              484051.800100001
            ],
            [
              508361.5991,
              484262.6006
            ],
            [
              508619.8001,
              483797.503799999
            ],
            [
              510000.0999,
              483121.700200001
            ],
            [
              510091.2002,
              482746.300100001
            ],
            [
              510759.1892,
              482602.661
            ]
          ]
        ]
      },
      "properties": {
        "FID": 5573,
        "MSOA21CD": "E02005805",
        "MSOA21NM": "Scarborough 011",
        "MSOA21NMW": " ",
        "BNG_E": 506863,
        "BNG_N": 483704,
        "LAT": 54.23791,
        "LONG": -0.36187,
        "GlobalID": "b821bfba-1071-49f2-a99d-38c77fcd1301"
      }
    },
    {
      "type": "Feature",
      "id": 5574,
      "geometry": {
        "type": "Polygon",
        "coordinates": [
          [
            [
              503247.596,
              485426.3664
            ],
            [
              503176.004,
              485062.033
            ],
            [
              504840.285,
              485520.223999999
            ],
            [
              505301.2765,
              484884.897500001
            ],
            [
              504867.834,
              484788.586999999
            ],
            [
              504961,
              484175
            ],
            [
              504609.004,
              483966.048
            ],
            [
              504998,
              483797
            ],
            [
              504957.7635,
              483469.603499999
            ],
            [
              503932.584,
              483768.9648
            ],
            [
              503443.7449,
              483953.023600001
            ],
            [
              503504.326,
              483613.764
            ],
            [
              503128.671,
              483634.209000001
            ],
            [
              502875,
              484022
            ],
            [
              502704,
              483355
            ],
            [
              501186.097,
              483747.4614
            ],
            [
              501309.507,
              484171.471000001
            ],
            [
              501776,
              483935
            ],
            [
              501885.28,
              484235.806
            ],
            [
              501189.313,
              485312.594000001
            ],
            [
              501485.002,
              486642.969000001
            ],
            [
              502154.429,
              486739.202
            ],
            [
              502802.188,
              485587
            ],
            [
              503247.596,
              485426.3664
            ]
          ]
        ]
      },
      "properties": {
        "FID": 5574,
        "MSOA21CD": "E02005806",
        "MSOA21NM": "Scarborough 012",
        "MSOA21NMW": " ",
        "BNG_E": 504209,
        "BNG_N": 485070,
        "LAT": 54.25073,
        "LONG": -0.4021,
        "GlobalID": "c08e4548-2eca-44fa-a6b6-ed51493a0c8b"
      }
    },
    {
      "type": "Feature",
      "id": 5575,
      "geometry": {
        "type": "Polygon",
        "coordinates": [
          [
            [
              500833.901,
              488863.905999999
            ],
            [
              501034.315,
              488685.586999999
            ],
            [
              500769.938,
              487497.687000001
            ],
            [
              501114.5,
              486611
            ],
            [
              501485.002,
              486642.969000001
            ],
            [
              501189.313,
              485312.594000001
            ],
            [
              501885.28,
              484235.806
            ],
            [
              501776,
              483935
            ],
            [
              501309.507,
              484171.471000001
            ],
            [
              501186.097,
              483747.4614
            ],
            [
              502704,
              483355
            ],
            [
              502875,
              484022
            ],
            [
              503128.671,
              483634.209000001
            ],
            [
              503504.326,
              483613.764
            ],
            [
              503443.7449,
              483953.023600001
            ],
            [
              503932.584,
              483768.9648
            ],
            [
              503920.903,
              481508.810000001
            ],
            [
              503062.906,
              480781.905999999
            ],
            [
              501990.5976,
              481046.017200001
            ],
            [
              499805.662,
              480655.789000001
            ],
            [
              498352.809,
              479626.408
            ],
            [
              498059.281,
              479989.812000001
            ],
            [
              497628.5,
              479861.812000001
            ],
            [
              496649.964,
              479010.089
            ],
            [
              495488.094,
              479282.594000001
            ],
            [
              494679.094,
              478391.655999999
            ],
            [
              493612.594,
              479461.999
            ],
            [
              492355.403,
              479020.5
            ],
            [
              491491.167,
              479124.772
            ],
            [
              490833.219,
              479683.625
            ],
            [
              490212.406,
              479737.594000001
            ],
            [
              490619,
              480605.5
            ],
            [
              490926,
              480614.25
            ],
            [
              491484.313,
              483031
            ],
            [
              490868.406,
              484551.312000001
            ],
            [
              490419.819,
              486885.5195
            ],
            [
              490589.0861,
              487479.2018
            ],
            [
              490890.219,
              487410.25
            ],
            [
              491023.156,
              487840.780999999
            ],
            [
              491994.125,
              487595.155999999
            ],
            [
              492628.094,
              488321.030999999
            ],
            [
              492846.719,
              489149.719000001
            ],
            [
              493213.407,
              489006.625
            ],
            [
              493538.563,
              489280.562000001
            ],
            [
              493254.219,
              489648.562000001
            ],
            [
              493813.406,
              490015.062000001
            ],
            [
              494320.25,
              489844.780999999
            ],
            [
              494673.814,
              489254.030999999
            ],
            [
              495635.188,
              489616.687000001
            ],
            [
              495533.406,
              489082.905999999
            ],
            [
              496074.3205,
              489325.4825
            ],
            [
              496234.096,
              488824.501
            ],
            [
              498008.999,
              487419.187000001
            ],
            [
              498690.906,
              487736.594000001
            ],
            [
              499348.097,
              488914.812999999
            ],
            [
              500833.901,
              488863.905999999
            ]
          ]
        ]
      },
      "properties": {
        "FID": 5575,
        "MSOA21CD": "E02005807",
        "MSOA21NM": "Scarborough 013",
        "MSOA21NMW": " ",
        "BNG_E": 496443,
        "BNG_N": 484203,
        "LAT": 54.24446,
        "LONG": -0.52152,
        "GlobalID": "4cf6b31a-4899-4dcc-a592-345771cea781"
      }
    },
    {
      "type": "Feature",
      "id": 5576,
      "geometry": {
        "type": "Polygon",
        "coordinates": [
          [
            [
              516817.2827,
              475005.692399999
            ],
            [
              516277.781,
              472806.812000001
            ],
            [
              515802.2945,
              472544.874500001
            ],
            [
              515766.961,
              472178.040999999
            ],
            [
              515265.097,
              472700.903000001
            ],
            [
              513414.123,
              473023.497
            ],
            [
              513181.874,
              472770.125
            ],
            [
              511773.845,
              472894.205800001
            ],
            [
              510900.0956,
              472485.144400001
            ],
            [
              510240.646,
              473597.300000001
            ],
            [
              509663.195,
              473458.219000001
            ],
            [
              509572.307,
              474014.903000001
            ],
            [
              508108.1755,
              473599.329
            ],
            [
              507201.188,
              474273.594000001
            ],
            [
              506226.313,
              474361.530999999
            ],
            [
              506230.906,
              475302.405999999
            ],
            [
              505134.125,
              476832
            ],
            [
              503347.597,
              476517
            ],
            [
              501990.5976,
              481046.017200001
            ],
            [
              503062.906,
              480781.905999999
            ],
            [
              503920.903,
              481508.810000001
            ],
            [
              504729.313,
              480950.812000001
            ],
            [
              507217.905,
              480480
            ],
            [
              508201.782,
              480680.625
            ],
            [
              509263.907,
              481508.594000001
            ],
            [
              510669.593,
              481244.002
            ],
            [
              510759.1892,
              482602.661
            ],
            [
              513610.2003,
              481412.9001
            ],
            [
              512553.2961,
              481586.296800001
            ],
            [
              512251.8,
              481272.1997
            ],
            [
              511960.6432,
              479999.993100001
            ],
            [
              511951.3992,
              479959.601299999
            ],
            [
              512134.8008,
              479061.199200001
            ],
            [
              512604.692,
              478292.2106
            ],
            [
              512695.637,
              478065.453
            ],
            [
              512848.9648,
              477892.452
            ],
            [
              513379.2039,
              477024.702500001
            ],
            [
              513458.9068,
              476964.7357
            ],
            [
              515482.4002,
              475442.300100001
            ],
            [
              516817.2827,
              475005.692399999
            ]
          ]
        ]
      },
      "properties": {
        "FID": 5576,
        "MSOA21CD": "E02005808",
        "MSOA21NM": "Scarborough 014",
        "MSOA21NMW": " ",
        "BNG_E": 508044,
        "BNG_N": 477388,
        "LAT": 54.18092,
        "LONG": -0.34602,
        "GlobalID": "9a58589f-d336-4784-8294-63a16ec4ff83"
      }
    },
    {
      "type": "Feature",
      "id": 5577,
      "geometry": {
        "type": "Polygon",
        "coordinates": [
          [
            [
              447512.501,
              444155.813999999
            ],
            [
              448417.9518,
              443956.4694
            ],
            [
              448769.563,
              444299.437000001
            ],
            [
              449892.369,
              444469.529999999
            ],
            [
              449888.3305,
              444835.766000001
            ],
            [
              451469.312,
              443670.369000001
            ],
            [
              450497.31,
              441711.596999999
            ],
            [
              449931.594,
              442496.280999999
            ],
            [
              449262.906,
              442373.969000001
            ],
            [
              449039.2038,
              442943.828400001
            ],
            [
              448274.699,
              442255.191
            ],
            [
              448253.011,
              441407.601
            ],
            [
              447927.631,
              441027.204
            ],
            [
              448516.6645,
              440521.183499999
            ],
            [
              447622.188,
              440277.844000001
            ],
            [
              447138.034,
              440702.618000001
            ],
            [
              447137.045,
              439907.579
            ],
            [
              446499.313,
              439989.219000001
            ],
            [
              446254.597,
              439717.592
            ],
            [
              446426.999,
              438996.905999999
            ],
            [
              444860.594,
              438588.094000001
            ],
            [
              445015.594,
              438230.812000001
            ],
            [
              444505.498,
              437885.782
            ],
            [
              444411.406,
              438449.812000001
            ],
            [
              443381.317,
              438968.592
            ],
            [
              443618.5,
              439702
            ],
            [
              442656.887,
              440250.1676
            ],
            [
              445302.813,
              441228.187000001
            ],
            [
              444821.938,
              442741.375
            ],
            [
              445087.688,
              443047.094000001
            ],
            [
              444743.813,
              443278.094000001
            ],
            [
              444932.375,
              444677.562000001
            ],
            [
              444629.655,
              445131.782
            ],
            [
              444706.438,
              445468.905999999
            ],
            [
              445186.6515,
              445609.451400001
            ],
            [
              447243.781,
              445353.812000001
            ],
            [
              446642.406,
              445071.687000001
            ],
            [
              447166.875,
              444816.75
            ],
            [
              447512.501,
              444155.813999999
            ]
          ]
        ]
      },
      "properties": {
        "FID": 5577,
        "MSOA21CD": "E02005809",
        "MSOA21NM": "Selby 001",
        "MSOA21NMW": " ",
        "BNG_E": 447063,
        "BNG_N": 442373,
        "LAT": 53.87545,
        "LONG": -1.28566,
        "GlobalID": "d65a6ff5-b4a1-499a-8273-3f5c1c2ea224"
      }
    },
    {
      "type": "Feature",
      "id": 5578,
      "geometry": {
        "type": "Polygon",
        "coordinates": [
          [
            [
              452922.6504,
              447657.8684
            ],
            [
              453218.308,
              447683.594000001
            ],
            [
              453582.8363,
              446962.499700001
            ],
            [
              454002.406,
              447060.094000001
            ],
            [
              454584.874,
              446168.25
            ],
            [
              454955.694,
              446367.784
            ],
            [
              455666.194,
              444746.312000001
            ],
            [
              456382.813,
              444372.312000001
            ],
            [
              456843.188,
              444747.687000001
            ],
            [
              457617.147,
              443295.3125
            ],
            [
              458933.69,
              442539.094000001
            ],
            [
              457460.188,
              441195.094000001
            ],
            [
              458105.594,
              440324.5
            ],
            [
              457692.688,
              439090
            ],
            [
              457082.187,
              438899.780999999
            ],
            [
              457401.1935,
              437967.731000001
            ],
            [
              457624.873,
              437760.494000001
            ],
            [
              458114.406,
              438181.5
            ],
            [
              459105.969,
              438263.844000001
            ],
            [
              460077.188,
              437647.312000001
            ],
            [
              460882.594,
              438124.687000001
            ],
            [
              460387.001,
              436624.905999999
            ],
            [
              461924.5,
              435660.5
            ],
            [
              463129.828,
              435332.516000001
            ],
            [
              462809.688,
              434674.405999999
            ],
            [
              462821.8555,
              433552.613
            ],
            [
              462857.376,
              433009.719000001
            ],
            [
              461755.187,
              432798.692
            ],
            [
              461768.594,
              433543.593
            ],
            [
              460801.517,
              433906.948000001
            ],
            [
              459864.692,
              434707.902000001
            ],
            [
              459240.781,
              434409.187000001
            ],
            [
              458394.906,
              434629
            ],
            [
              457785.813,
              434182.530999999
            ],
            [
              457730.5,
              433704.812000001
            ],
            [
              456481.3436,
              433070.5977
            ],
            [
              457149,
              432707.094000001
            ],
            [
              457390.5,
              432058.593
            ],
            [
              456890.401,
              431755.217
            ],
            [
              456630.813,
              431708.307
            ],
            [
              454732.594,
              432431.403000001
            ],
            [
              454862.903,
              434579.807
            ],
            [
              453889.5,
              433946.593
            ],
            [
              453609.906,
              434402.094000001
            ],
            [
              452700.094,
              434045.187000001
            ],
            [
              451659,
              434596.405999999
            ],
            [
              451389.597,
              434328.001
            ],
            [
              450882.189,
              434724.687000001
            ],
            [
              450948.188,
              435982.187000001
            ],
            [
              450050.0016,
              435980.27
            ],
            [
              449967.5,
              434965
            ],
            [
              449341.5625,
              434866.4735
            ],
            [
              448933.687,
              434409.594000001
            ],
            [
              445946.499,
              435806.687999999
            ],
            [
              445497.4,
              436177.737
            ],
            [
              445541.313,
              436510.312000001
            ],
            [
              443790.75,
              437683.594000001
            ],
            [
              444505.498,
              437885.782
            ],
            [
              445015.594,
              438230.812000001
            ],
            [
              444860.594,
              438588.094000001
            ],
            [
              446426.999,
              438996.905999999
            ],
            [
              446254.597,
              439717.592
            ],
            [
              446499.313,
              439989.219000001
            ],
            [
              447137.045,
              439907.579
            ],
            [
              447138.034,
              440702.618000001
            ],
            [
              447622.188,
              440277.844000001
            ],
            [
              448516.6645,
              440521.183499999
            ],
            [
              447927.631,
              441027.204
            ],
            [
              448253.011,
              441407.601
            ],
            [
              448274.699,
              442255.191
            ],
            [
              449039.2038,
              442943.828400001
            ],
            [
              449262.906,
              442373.969000001
            ],
            [
              449931.594,
              442496.280999999
            ],
            [
              450497.31,
              441711.596999999
            ],
            [
              451469.312,
              443670.369000001
            ],
            [
              449888.3305,
              444835.766000001
            ],
            [
              449892.369,
              444469.529999999
            ],
            [
              448769.563,
              444299.437000001
            ],
            [
              448417.9518,
              443956.4694
            ],
            [
              447512.501,
              444155.813999999
            ],
            [
              448276.313,
              445060.687000001
            ],
            [
              448027.594,
              447003.5
            ],
            [
              448645.906,
              447325.594000001
            ],
            [
              448512.52,
              448209.808499999
            ],
            [
              447968.904,
              448970.595000001
            ],
            [
              449212.188,
              449088.405999999
            ],
            [
              449673.428,
              448649.206
            ],
            [
              450304.312,
              449034
            ],
            [
              451202.123,
              447935.002
            ],
            [
              452294.469,
              448011.437000001
            ],
            [
              452922.6504,
              447657.8684
            ]
          ]
        ]
      },
      "properties": {
        "FID": 5578,
        "MSOA21CD": "E02005810",
        "MSOA21NM": "Selby 002",
        "MSOA21NMW": " ",
        "BNG_E": 453007,
        "BNG_N": 440388,
        "LAT": 53.85704,
        "LONG": -1.19561,
        "GlobalID": "e7f99b4f-54a1-4360-a051-604b30146651"
      }
    },
    {
      "type": "Feature",
      "id": 5579,
      "geometry": {
        "type": "Polygon",
        "coordinates": [
          [
            [
              467840.107,
              443391.005999999
            ],
            [
              469245.402,
              443696.812000001
            ],
            [
              469500,
              444062.812000001
            ],
            [
              469859.781,
              444003.655999999
            ],
            [
              470147.313,
              443148.312000001
            ],
            [
              470642.188,
              443461.312000001
            ],
            [
              470863.254,
              443264.822000001
            ],
            [
              470743.719,
              442937.405999999
            ],
            [
              469823.188,
              442621
            ],
            [
              469863.813,
              441799.594000001
            ],
            [
              469270.844,
              441117.155999999
            ],
            [
              469691.5,
              440363.905999999
            ],
            [
              469379.156,
              439112.75
            ],
            [
              469839.688,
              437900.812000001
            ],
            [
              469834.656,
              436878.687000001
            ],
            [
              471196.999,
              436072.903000001
            ],
            [
              470274.531,
              434474.844000001
            ],
            [
              470706.25,
              433951.125
            ],
            [
              470319.499,
              432730.530999999
            ],
            [
              468347.594,
              433612.562000001
            ],
            [
              468345.094,
              435632
            ],
            [
              467538.813,
              435417.812000001
            ],
            [
              466657.689,
              436651.807
            ],
            [
              465074.501,
              436622.594000001
            ],
            [
              465175.906,
              435886.094000001
            ],
            [
              464742.0493,
              435847.3769
            ],
            [
              464416.438,
              433923.375
            ],
            [
              463559.1875,
              433831.543500001
            ],
            [
              463354.927,
              433218.473999999
            ],
            [
              462821.8555,
              433552.613
            ],
            [
              462809.688,
              434674.405999999
            ],
            [
              463129.828,
              435332.516000001
            ],
            [
              461924.5,
              435660.5
            ],
            [
              460387.001,
              436624.905999999
            ],
            [
              460882.594,
              438124.687000001
            ],
            [
              460077.188,
              437647.312000001
            ],
            [
              459105.969,
              438263.844000001
            ],
            [
              458114.406,
              438181.5
            ],
            [
              457624.873,
              437760.494000001
            ],
            [
              457401.1935,
              437967.731000001
            ],
            [
              457082.187,
              438899.780999999
            ],
            [
              457692.688,
              439090
            ],
            [
              458105.594,
              440324.5
            ],
            [
              457460.188,
              441195.094000001
            ],
            [
              458933.69,
              442539.094000001
            ],
            [
              459239.688,
              442642.344000001
            ],
            [
              459547.072,
              443513.130999999
            ],
            [
              460725.906,
              443436.594000001
            ],
            [
              461574.6156,
              442445.481799999
            ],
            [
              464407.906,
              444017.687000001
            ],
            [
              465282.001,
              444210.5
            ],
            [
              466315.6178,
              442579.868000001
            ],
            [
              467840.107,
              443391.005999999
            ]
          ]
        ]
      },
      "properties": {
        "FID": 5579,
        "MSOA21CD": "E02005811",
        "MSOA21NM": "Selby 003",
        "MSOA21NMW": " ",
        "BNG_E": 463435,
        "BNG_N": 438441,
        "LAT": 53.83838,
        "LONG": -1.03749,
        "GlobalID": "a602e7c8-a3a9-42dc-be16-c6f530bda944"
      }
    },
    {
      "type": "Feature",
      "id": 5580,
      "geometry": {
        "type": "Polygon",
        "coordinates": [
          [
            [
              454732.594,
              432431.403000001
            ],
            [
              453949.749,
              432549.186000001
            ],
            [
              453389.5812,
              431388.754000001
            ],
            [
              452377.813,
              431350.280999999
            ],
            [
              451834.001,
              430771.596999999
            ],
            [
              450985.31,
              430591.714
            ],
            [
              451461.781,
              430315.312000001
            ],
            [
              446758.8076,
              429582.4802
            ],
            [
              446525.813,
              430780.5
            ],
            [
              445785.406,
              430965.907
            ],
            [
              446002.344,
              431177.594000001
            ],
            [
              445313.4422,
              431908.315400001
            ],
            [
              445213.405,
              435023.095000001
            ],
            [
              445368.654,
              435560.706
            ],
            [
              445946.499,
              435806.687999999
            ],
            [
              448933.687,
              434409.594000001
            ],
            [
              449341.5625,
              434866.4735
            ],
            [
              449967.5,
              434965
            ],
            [
              450050.0016,
              435980.27
            ],
            [
              450948.188,
              435982.187000001
            ],
            [
              450882.189,
              434724.687000001
            ],
            [
              451389.597,
              434328.001
            ],
            [
              451659,
              434596.405999999
            ],
            [
              452700.094,
              434045.187000001
            ],
            [
              453609.906,
              434402.094000001
            ],
            [
              453889.5,
              433946.593
            ],
            [
              454862.903,
              434579.807
            ],
            [
              454732.594,
              432431.403000001
            ]
          ]
        ]
      },
      "properties": {
        "FID": 5580,
        "MSOA21CD": "E02005812",
        "MSOA21NM": "Selby 004",
        "MSOA21NMW": " ",
        "BNG_E": 450002,
        "BNG_N": 432783,
        "LAT": 53.78899,
        "LONG": -1.24252,
        "GlobalID": "a91c3232-efe9-46a7-96fc-2b32bbb72942"
      }
    },
    {
      "type": "Feature",
      "id": 5581,
      "geometry": {
        "type": "Polygon",
        "coordinates": [
          [
            [
              462821.8555,
              433552.613
            ],
            [
              463354.927,
              433218.473999999
            ],
            [
              463227.156,
              433024.718
            ],
            [
              463640.83,
              432797.1218
            ],
            [
              463590.189,
              431663.193
            ],
            [
              464234.906,
              431649.312000001
            ],
            [
              464603.406,
              431139.905999999
            ],
            [
              464007.498,
              430808.403999999
            ],
            [
              463576.094,
              431042.405999999
            ],
            [
              462546.595,
              430199
            ],
            [
              461469.25,
              430709.530999999
            ],
            [
              461579.7924,
              431134.8391
            ],
            [
              461331.6838,
              431184.512800001
            ],
            [
              461361.125,
              431668.187000001
            ],
            [
              460958.5074,
              431861.919600001
            ],
            [
              461135.75,
              432271.719000001
            ],
            [
              460453.029,
              432054.835999999
            ],
            [
              460435.139,
              432978.221000001
            ],
            [
              460983.081,
              433099.158
            ],
            [
              460205.313,
              433509.021
            ],
            [
              460801.517,
              433906.948000001
            ],
            [
              461768.594,
              433543.593
            ],
            [
              461755.187,
              432798.692
            ],
            [
              462857.376,
              433009.719000001
            ],
            [
              462821.8555,
              433552.613
            ]
          ]
        ]
      },
      "properties": {
        "FID": 5581,
        "MSOA21CD": "E02005813",
        "MSOA21NM": "Selby 005",
        "MSOA21NMW": " ",
        "BNG_E": 462390,
        "BNG_N": 431214,
        "LAT": 53.77356,
        "LONG": -1.05483,
        "GlobalID": "3b10e2c7-ba40-43dd-b063-2347bf48e32b"
      }
    },
    {
      "type": "Feature",
      "id": 5582,
      "geometry": {
        "type": "Polygon",
        "coordinates": [
          [
            [
              460801.517,
              433906.948000001
            ],
            [
              460205.313,
              433509.021
            ],
            [
              460983.081,
              433099.158
            ],
            [
              460435.139,
              432978.221000001
            ],
            [
              460453.029,
              432054.835999999
            ],
            [
              461135.75,
              432271.719000001
            ],
            [
              460958.5074,
              431861.919600001
            ],
            [
              461361.125,
              431668.187000001
            ],
            [
              461331.6838,
              431184.512800001
            ],
            [
              461224.5,
              431412.300000001
            ],
            [
              460191.542,
              431411.460999999
            ],
            [
              460193.5334,
              430966.735400001
            ],
            [
              459718,
              430553.888
            ],
            [
              459667.152,
              429463.821
            ],
            [
              458830.2666,
              429150.713
            ],
            [
              458247.72,
              430676.306
            ],
            [
              458656,
              430657.136
            ],
            [
              458550.375,
              431263.905999999
            ],
            [
              458838,
              431719.687000001
            ],
            [
              457917.594,
              431526.187000001
            ],
            [
              456890.401,
              431755.217
            ],
            [
              457390.5,
              432058.593
            ],
            [
              457149,
              432707.094000001
            ],
            [
              456481.3436,
              433070.5977
            ],
            [
              457730.5,
              433704.812000001
            ],
            [
              457785.813,
              434182.530999999
            ],
            [
              458394.906,
              434629
            ],
            [
              459240.781,
              434409.187000001
            ],
            [
              459864.692,
              434707.902000001
            ],
            [
              460801.517,
              433906.948000001
            ]
          ]
        ]
      },
      "properties": {
        "FID": 5582,
        "MSOA21CD": "E02005814",
        "MSOA21NM": "Selby 006",
        "MSOA21NMW": " ",
        "BNG_E": 458945,
        "BNG_N": 431953,
        "LAT": 53.7806,
        "LONG": -1.10696,
        "GlobalID": "0719c0fb-9691-4486-b3af-33123eb1a244"
      }
    },
    {
      "type": "Feature",
      "id": 5583,
      "geometry": {
        "type": "Polygon",
        "coordinates": [
          [
            [
              461331.6838,
              431184.512800001
            ],
            [
              461579.7924,
              431134.8391
            ],
            [
              461469.25,
              430709.530999999
            ],
            [
              462546.595,
              430199
            ],
            [
              463576.094,
              431042.405999999
            ],
            [
              464007.498,
              430808.403999999
            ],
            [
              463801.597,
              430265.306
            ],
            [
              464454.313,
              429713.812000001
            ],
            [
              465964.188,
              430736.594000001
            ],
            [
              466338.093,
              430287.903999999
            ],
            [
              466423.406,
              428302.094000001
            ],
            [
              465933.813,
              428150.5
            ],
            [
              465824.188,
              427471.780999999
            ],
            [
              465300.688,
              427337.187000001
            ],
            [
              462041.2704,
              428763.5514
            ],
            [
              462066.1815,
              427623.855
            ],
            [
              461275.813,
              426629.404999999
            ],
            [
              458791.187,
              427003.404999999
            ],
            [
              457872.1145,
              427542.489499999
            ],
            [
              457621.774,
              427282.120999999
            ],
            [
              457317.926,
              427544.842800001
            ],
            [
              456229.625,
              427463.437000001
            ],
            [
              455090.597,
              428107.093
            ],
            [
              454099.187,
              428507.097999999
            ],
            [
              453917.1425,
              429484.2108
            ],
            [
              455674,
              429804.594000001
            ],
            [
              457459.003,
              429531.7905
            ],
            [
              457327.4635,
              430802.23
            ],
            [
              456635.906,
              431237.191
            ],
            [
              456630.813,
              431708.307
            ],
            [
              456890.401,
              431755.217
            ],
            [
              457917.594,
              431526.187000001
            ],
            [
              458838,
              431719.687000001
            ],
            [
              458550.375,
              431263.905999999
            ],
            [
              458656,
              430657.136
            ],
            [
              458247.72,
              430676.306
            ],
            [
              458830.2666,
              429150.713
            ],
            [
              459667.152,
              429463.821
            ],
            [
              459718,
              430553.888
            ],
            [
              460193.5334,
              430966.735400001
            ],
            [
              460191.542,
              431411.460999999
            ],
            [
              461224.5,
              431412.300000001
            ],
            [
              461331.6838,
              431184.512800001
            ]
          ]
        ]
      },
      "properties": {
        "FID": 5583,
        "MSOA21CD": "E02005815",
        "MSOA21NM": "Selby 007",
        "MSOA21NMW": " ",
        "BNG_E": 462582,
        "BNG_N": 429197,
        "LAT": 53.75541,
        "LONG": -1.05233,
        "GlobalID": "f2c9092f-61c3-4e8f-9f5a-cc8e8088bd03"
      }
    },
    {
      "type": "Feature",
      "id": 5584,
      "geometry": {
        "type": "Polygon",
        "coordinates": [
          [
            [
              470319.499,
              432730.530999999
            ],
            [
              470170.844,
              431969.125
            ],
            [
              470735.313,
              430927.469000001
            ],
            [
              470497.906,
              430064.094000001
            ],
            [
              469227.188,
              429108.094000001
            ],
            [
              467781.096,
              428653.904999999
            ],
            [
              468478.5,
              428284.812000001
            ],
            [
              468639.594,
              427130
            ],
            [
              470256.903,
              426698.5
            ],
            [
              471878.063,
              426831.469000001
            ],
            [
              471909.5,
              426304.5
            ],
            [
              472233.127,
              426193.619000001
            ],
            [
              472344.75,
              425068.843
            ],
            [
              471144.25,
              425232.344000001
            ],
            [
              469789.5,
              424527.030999999
            ],
            [
              468911.094,
              424781.687000001
            ],
            [
              468662.906,
              423973
            ],
            [
              468904.781,
              423682.439999999
            ],
            [
              468647.1738,
              423567.5746
            ],
            [
              468389.906,
              423164.905999999
            ],
            [
              468084.875,
              423365.25
            ],
            [
              468239.187,
              423853.812000001
            ],
            [
              467361.313,
              423641.812000001
            ],
            [
              467422.281,
              422758.405999999
            ],
            [
              466106.094,
              422957.594000001
            ],
            [
              465675.5,
              422551
            ],
            [
              464642.563,
              422841.062000001
            ],
            [
              463564.814,
              422363.905999999
            ],
            [
              463099.814,
              422885.405999999
            ],
            [
              462583.188,
              422681.405999999
            ],
            [
              462236.79,
              423514.695
            ],
            [
              463600.594,
              424383.905999999
            ],
            [
              462862.192,
              425153.306
            ],
            [
              461571.594,
              425820.312000001
            ],
            [
              461275.813,
              426629.404999999
            ],
            [
              462066.1815,
              427623.855
            ],
            [
              462041.2704,
              428763.5514
            ],
            [
              465300.688,
              427337.187000001
            ],
            [
              465824.188,
              427471.780999999
            ],
            [
              465933.813,
              428150.5
            ],
            [
              466423.406,
              428302.094000001
            ],
            [
              466338.093,
              430287.903999999
            ],
            [
              465964.188,
              430736.594000001
            ],
            [
              464454.313,
              429713.812000001
            ],
            [
              463801.597,
              430265.306
            ],
            [
              464007.498,
              430808.403999999
            ],
            [
              464603.406,
              431139.905999999
            ],
            [
              464234.906,
              431649.312000001
            ],
            [
              463590.189,
              431663.193
            ],
            [
              463640.83,
              432797.1218
            ],
            [
              463227.156,
              433024.718
            ],
            [
              463354.927,
              433218.473999999
            ],
            [
              463559.1875,
              433831.543500001
            ],
            [
              464416.438,
              433923.375
            ],
            [
              464742.0493,
              435847.3769
            ],
            [
              465175.906,
              435886.094000001
            ],
            [
              465074.501,
              436622.594000001
            ],
            [
              466657.689,
              436651.807
            ],
            [
              467538.813,
              435417.812000001
            ],
            [
              468345.094,
              435632
            ],
            [
              468347.594,
              433612.562000001
            ],
            [
              470319.499,
              432730.530999999
            ]
          ]
        ]
      },
      "properties": {
        "FID": 5584,
        "MSOA21CD": "E02005816",
        "MSOA21NM": "Selby 008",
        "MSOA21NMW": " ",
        "BNG_E": 466573,
        "BNG_N": 426332,
        "LAT": 53.72917,
        "LONG": -0.99242,
        "GlobalID": "a40cf442-3a95-4850-8226-08723eae73f2"
      }
    },
    {
      "type": "Feature",
      "id": 5585,
      "geometry": {
        "type": "Polygon",
        "coordinates": [
          [
            [
              454732.594,
              432431.403000001
            ],
            [
              456630.813,
              431708.307
            ],
            [
              456635.906,
              431237.191
            ],
            [
              457327.4635,
              430802.23
            ],
            [
              457459.003,
              429531.7905
            ],
            [
              455674,
              429804.594000001
            ],
            [
              453917.1425,
              429484.2108
            ],
            [
              454099.187,
              428507.097999999
            ],
            [
              455090.597,
              428107.093
            ],
            [
              454508.126,
              427266.655999999
            ],
            [
              454613.042,
              426699.833000001
            ],
            [
              455214.684,
              426434.807
            ],
            [
              455083.3302,
              426226.898600001
            ],
            [
              454492.781,
              426074.5
            ],
            [
              453727.719,
              426551.187000001
            ],
            [
              452854.313,
              426418.969000001
            ],
            [
              452309.594,
              425573.625
            ],
            [
              452203.188,
              424467.905999999
            ],
            [
              451589.192,
              424502.789000001
            ],
            [
              451181.313,
              423993.812000001
            ],
            [
              450944.375,
              424549.875
            ],
            [
              450312.22,
              424257.094000001
            ],
            [
              448937.222,
              424288.527000001
            ],
            [
              448340.094,
              424550.937000001
            ],
            [
              448142.125,
              425621.905999999
            ],
            [
              447740.192,
              425827.807
            ],
            [
              446802.188,
              427158.219000001
            ],
            [
              446132.3238,
              427484.4212
            ],
            [
              445252.1285,
              427693.488500001
            ],
            [
              445444.625,
              429053.713
            ],
            [
              446585.5,
              429017.530999999
            ],
            [
              446462.5,
              429404.719000001
            ],
            [
              446758.8076,
              429582.4802
            ],
            [
              451461.781,
              430315.312000001
            ],
            [
              450985.31,
              430591.714
            ],
            [
              451834.001,
              430771.596999999
            ],
            [
              452377.813,
              431350.280999999
            ],
            [
              453389.5812,
              431388.754000001
            ],
            [
              453949.749,
              432549.186000001
            ],
            [
              454732.594,
              432431.403000001
            ]
          ]
        ]
      },
      "properties": {
        "FID": 5585,
        "MSOA21CD": "E02005817",
        "MSOA21NM": "Selby 009",
        "MSOA21NMW": " ",
        "BNG_E": 449967,
        "BNG_N": 428287,
        "LAT": 53.74859,
        "LONG": -1.24378,
        "GlobalID": "c3371b6f-94b9-4cf3-94f7-57883e183bd0"
      }
    },
    {
      "type": "Feature",
      "id": 5586,
      "geometry": {
        "type": "Polygon",
        "coordinates": [
          [
            [
              461275.813,
              426629.404999999
            ],
            [
              461571.594,
              425820.312000001
            ],
            [
              462862.192,
              425153.306
            ],
            [
              463600.594,
              424383.905999999
            ],
            [
              462236.79,
              423514.695
            ],
            [
              461984,
              423789.312000001
            ],
            [
              461519.094,
              423339.187000001
            ],
            [
              461165.787,
              423457.778999999
            ],
            [
              460524.502,
              421553.692
            ],
            [
              460790.188,
              421296.312000001
            ],
            [
              459421.313,
              420141.594000001
            ],
            [
              459323.656,
              419602.062000001
            ],
            [
              460121.191,
              419514.903000001
            ],
            [
              460518.563,
              418820.125
            ],
            [
              461485.403,
              418568.782
            ],
            [
              461479.906,
              418333.193
            ],
            [
              462202.188,
              418494.405999999
            ],
            [
              462971.4,
              418147.288000001
            ],
            [
              462673.093,
              417640.312000001
            ],
            [
              461868.382,
              417345.564999999
            ],
            [
              460588.188,
              417634.187000001
            ],
            [
              458167.313,
              417051.687000001
            ],
            [
              457680.094,
              416625.5
            ],
            [
              457699.189,
              415731.5
            ],
            [
              457270.093,
              415478.810000001
            ],
            [
              456139.906,
              416583.312000001
            ],
            [
              453635.406,
              415790.812000001
            ],
            [
              452336.192,
              416582.59
            ],
            [
              452268.5,
              416336.219000001
            ],
            [
              451952.905,
              416446.902000001
            ],
            [
              451712.096,
              415855.093
            ],
            [
              451854.219,
              414470
            ],
            [
              450841.002,
              414112.687999999
            ],
            [
              450159.901,
              415607.700999999
            ],
            [
              449440.593,
              416332.687000001
            ],
            [
              449328.8106,
              417195.284
            ],
            [
              449753.656,
              417274.062000001
            ],
            [
              449866.688,
              417941.094000001
            ],
            [
              449499.625,
              419165.75
            ],
            [
              450044.307,
              419905.313999999
            ],
            [
              450020.749,
              421897.113
            ],
            [
              451085.9412,
              422127.0878
            ],
            [
              452986.935,
              422345.653999999
            ],
            [
              452991.904,
              422995.492000001
            ],
            [
              451688.5,
              423689
            ],
            [
              451589.192,
              424502.789000001
            ],
            [
              452203.188,
              424467.905999999
            ],
            [
              452309.594,
              425573.625
            ],
            [
              452854.313,
              426418.969000001
            ],
            [
              453727.719,
              426551.187000001
            ],
            [
              454492.781,
              426074.5
            ],
            [
              455083.3302,
              426226.898600001
            ],
            [
              455214.684,
              426434.807
            ],
            [
              454613.042,
              426699.833000001
            ],
            [
              454508.126,
              427266.655999999
            ],
            [
              455090.597,
              428107.093
            ],
            [
              456229.625,
              427463.437000001
            ],
            [
              457317.926,
              427544.842800001
            ],
            [
              457621.774,
              427282.120999999
            ],
            [
              457872.1145,
              427542.489499999
            ],
            [
              458791.187,
              427003.404999999
            ],
            [
              461275.813,
              426629.404999999
            ]
          ]
        ]
      },
      "properties": {
        "FID": 5586,
        "MSOA21CD": "E02005818",
        "MSOA21NM": "Selby 010",
        "MSOA21NMW": " ",
        "BNG_E": 456457,
        "BNG_N": 421796,
        "LAT": 53.68959,
        "LONG": -1.14656,
        "GlobalID": "05fd1e57-0611-40c1-9a17-5d9991759f05"
      }
    },
    {
      "type": "Feature",
      "id": 6564,
      "geometry": {
        "type": "Polygon",
        "coordinates": [
          [
            [
              464453.403,
              306785.687999999
            ],
            [
              464265.694,
              305569
            ],
            [
              464551.806,
              305385.595000001
            ],
            [
              464595,
              304520.688999999
            ],
            [
              463974.5,
              304242.5
            ],
            [
              463376.8662,
              304476.0118
            ],
            [
              463616,
              304619.001
            ],
            [
              463340.8946,
              304728.3442
            ],
            [
              463619.494,
              305066.254000001
            ],
            [
              463386,
              305476
            ],
            [
              463736,
              305500
            ],
            [
              463563.526,
              306101.011
            ],
            [
              464007.0605,
              306240.1105
            ],
            [
              463661.564,
              306613.563999999
            ],
            [
              463752.674,
              306937.691
            ],
            [
              464453.403,
              306785.687999999
            ]
          ]
        ]
      },
      "properties": {
        "FID": 6564,
        "MSOA21CD": "E02006815",
        "MSOA21NM": "Leicester 037",
        "MSOA21NMW": " ",
        "BNG_E": 463992,
        "BNG_N": 305257,
        "LAT": 52.64131,
        "LONG": -1.05573,
        "GlobalID": "eddfcbb8-96c9-4350-9db0-f3b15de5d9f5"
      }
    },
    {
      "type": "Feature",
      "id": 6566,
      "geometry": {
        "type": "Polygon",
        "coordinates": [
          [
            [
              459976.846,
              301629.285
            ],
            [
              459792.2858,
              300695.8368
            ],
            [
              460157.168,
              300470.023
            ],
            [
              460494.914,
              300686.882999999
            ],
            [
              460499.896,
              300185.216
            ],
            [
              459266.311,
              300121
            ],
            [
              459092.888,
              301026.811000001
            ],
            [
              458542.167,
              301073.84
            ],
            [
              458515.691,
              301447.971999999
            ],
            [
              458537.611,
              301867.856000001
            ],
            [
              458957.129,
              301915.941
            ],
            [
              458756.0675,
              302677.184900001
            ],
            [
              459226.25,
              302537.905999999
            ],
            [
              459577.51,
              301493.903000001
            ],
            [
              459723,
              301827.978399999
            ],
            [
              459976.846,
              301629.285
            ]
          ]
        ]
      },
      "properties": {
        "FID": 6566,
        "MSOA21CD": "E02006817",
        "MSOA21NM": "Leicester 038",
        "MSOA21NMW": " ",
        "BNG_E": 459508,
        "BNG_N": 300908,
        "LAT": 52.60273,
        "LONG": -1.12277,
        "GlobalID": "ec2b7b59-051c-4034-bc24-27a3d648d1c0"
      }
    },
    {
      "type": "Feature",
      "id": 6568,
      "geometry": {
        "type": "Polygon",
        "coordinates": [
          [
            [
              455782,
              306375.84
            ],
            [
              456046.307,
              305831.335999999
            ],
            [
              455401.606,
              305797.909
            ],
            [
              455367.984,
              305251.721999999
            ],
            [
              454733.5815,
              304619.0615
            ],
            [
              454927,
              304259
            ],
            [
              453767,
              304460
            ],
            [
              453675.0225,
              303919.923
            ],
            [
              453177.692,
              304390.693
            ],
            [
              453737.7615,
              305275.727
            ],
            [
              454170.906,
              304975.187999999
            ],
            [
              454863.402,
              305044.095000001
            ],
            [
              455370.999,
              306454
            ],
            [
              455782,
              306375.84
            ]
          ]
        ]
      },
      "properties": {
        "FID": 6568,
        "MSOA21CD": "E02006819",
        "MSOA21NM": "Leicester 039",
        "MSOA21NMW": " ",
        "BNG_E": 454602,
        "BNG_N": 304670,
        "LAT": 52.63706,
        "LONG": -1.19458,
        "GlobalID": "f4dc31ab-d9e1-4971-98e9-ab6336f7be53"
      }
    },
    {
      "type": "Feature",
      "id": 6599,
      "geometry": {
        "type": "Polygon",
        "coordinates": [
          [
            [
              459767.969,
              303996.625
            ],
            [
              459546.547,
              303772.829
            ],
            [
              459732.973,
              303590.575999999
            ],
            [
              459754.655,
              303566.062000001
            ],
            [
              459276,
              303276
            ],
            [
              458779.074,
              303604.995999999
            ],
            [
              458510.866,
              302797.112
            ],
            [
              458083.3942,
              303209.437000001
            ],
            [
              458104.95,
              303439.004000001
            ],
            [
              458152.127,
              304047.560000001
            ],
            [
              459200,
              303832
            ],
            [
              459448.745,
              304327.933
            ],
            [
              459767.969,
              303996.625
            ]
          ]
        ]
      },
      "properties": {
        "FID": 6599,
        "MSOA21CD": "E02006850",
        "MSOA21NM": "Leicester 040",
        "MSOA21NMW": " ",
        "BNG_E": 459324,
        "BNG_N": 303563,
        "LAT": 52.62661,
        "LONG": -1.12501,
        "GlobalID": "ab8b23a0-3988-4b25-b483-5ce9831f6368"
      }
    },
    {
      "type": "Feature",
      "id": 6600,
      "geometry": {
        "type": "Polygon",
        "coordinates": [
          [
            [
              459448.745,
              304327.933
            ],
            [
              459200,
              303832
            ],
            [
              458152.127,
              304047.560000001
            ],
            [
              458142.444,
              304339.845000001
            ],
            [
              458996.091,
              305190.595000001
            ],
            [
              459448.745,
              304327.933
            ]
          ]
        ]
      },
      "properties": {
        "FID": 6600,
        "MSOA21CD": "E02006851",
        "MSOA21NM": "Leicester 041",
        "MSOA21NMW": " ",
        "BNG_E": 458796,
        "BNG_N": 304538,
        "LAT": 52.63543,
        "LONG": -1.13264,
        "GlobalID": "42e352b9-861a-47de-8845-48fe5e19c293"
      }
    },
    {
      "type": "Feature",
      "id": 6628,
      "geometry": {
        "type": "Polygon",
        "coordinates": [
          [
            [
              385189.344,
              431973.280999999
            ],
            [
              385856.594,
              431206.719000001
            ],
            [
              385230.344,
              430384
            ],
            [
              384755.094,
              431137.905999999
            ],
            [
              383002.227,
              430545.5755
            ],
            [
              382462.542,
              431119.505000001
            ],
            [
              382899.723,
              431364.249
            ],
            [
              383014.064,
              431970.530999999
            ],
            [
              383308,
              432162
            ],
            [
              383635,
              431810
            ],
            [
              383914.906,
              432169.812000001
            ],
            [
              384230.438,
              432273.780999999
            ],
            [
              385189.344,
              431973.280999999
            ]
          ]
        ]
      },
      "properties": {
        "FID": 6628,
        "MSOA21CD": "E02006881",
        "MSOA21NM": "Burnley 014",
        "MSOA21NMW": " ",
        "BNG_E": 384156,
        "BNG_N": 431329,
        "LAT": 53.77806,
        "LONG": -2.24191,
        "GlobalID": "e9e7f0d9-c318-4183-860f-dc62250dd4a7"
      }
    },
    {
      "type": "Feature",
      "id": 6707,
      "geometry": {
        "type": "Polygon",
        "coordinates": [
          [
            [
              463367.9989,
              307854.3062
            ],
            [
              463891.789,
              307758.1405
            ],
            [
              463752.674,
              306937.691
            ],
            [
              463661.564,
              306613.563999999
            ],
            [
              463385.866,
              306583.622
            ],
            [
              463207.93,
              306987.301000001
            ],
            [
              462674.959,
              307105.466
            ],
            [
              462959.27,
              307891.540999999
            ],
            [
              463367.9989,
              307854.3062
            ]
          ]
        ]
      },
      "properties": {
        "FID": 6707,
        "MSOA21CD": "E02006964",
        "MSOA21NM": "Leicester 042",
        "MSOA21NMW": " ",
        "BNG_E": 463311,
        "BNG_N": 307235,
        "LAT": 52.65917,
        "LONG": -1.06541,
        "GlobalID": "6f2f4b9e-7915-4c96-915f-048017c88d93"
      }
    },
    {
      "type": "Feature",
      "id": 6708,
      "geometry": {
        "type": "Polygon",
        "coordinates": [
          [
            [
              463385.866,
              306583.622
            ],
            [
              463037.937,
              305576.517000001
            ],
            [
              462041.098,
              305307.402000001
            ],
            [
              461877.906,
              305314.280999999
            ],
            [
              461987.281,
              305711.594000001
            ],
            [
              461386.875,
              305773.562000001
            ],
            [
              461458.594,
              306363.030999999
            ],
            [
              461802.537,
              306798.308
            ],
            [
              462959.27,
              307891.540999999
            ],
            [
              462674.959,
              307105.466
            ],
            [
              463207.93,
              306987.301000001
            ],
            [
              463385.866,
              306583.622
            ]
          ]
        ]
      },
      "properties": {
        "FID": 6708,
        "MSOA21CD": "E02006965",
        "MSOA21NM": "Leicester 043",
        "MSOA21NMW": " ",
        "BNG_E": 462408,
        "BNG_N": 306292,
        "LAT": 52.6508,
        "LONG": -1.07894,
        "GlobalID": "f8b032f1-e7a2-4cad-9f16-16c62fb8d759"
      }
    },
    {
      "type": "Feature",
      "id": 6781,
      "geometry": {
        "type": "Polygon",
        "coordinates": [
          [
            [
              399803.689,
              475231.193
            ],
            [
              400584.875,
              473272.280999999
            ],
            [
              401894.313,
              473584.812000001
            ],
            [
              402476.188,
              472922.5
            ],
            [
              403088,
              471918.812000001
            ],
            [
              402898.344,
              470745.594000001
            ],
            [
              403498.188,
              469933.594000001
            ],
            [
              405186,
              469384.812000001
            ],
            [
              406266.71,
              469626.119000001
            ],
            [
              406954.938,
              468661.469000001
            ],
            [
              407225.0805,
              467618.421
            ],
            [
              408788.5,
              466872.5
            ],
            [
              409144.594,
              464965
            ],
            [
              410529.587,
              463859.759
            ],
            [
              409674.281,
              461915.312000001
            ],
            [
              408379.3576,
              461125.242000001
            ],
            [
              408698.094,
              460681.5
            ],
            [
              408453.813,
              459964.5
            ],
            [
              409696.533,
              459206.210999999
            ],
            [
              410055.5485,
              457526.604499999
            ],
            [
              410848.719,
              457590.562000001
            ],
            [
              411176.803,
              456392.961999999
            ],
            [
              411929.189,
              455611.194
            ],
            [
              411980.219,
              455178.405999999
            ],
            [
              411458.001,
              454413.595000001
            ],
            [
              412117.619,
              453578.091
            ],
            [
              409075.906,
              451770.187000001
            ],
            [
              408943,
              451103.5
            ],
            [
              408046.002,
              450914.095000001
            ],
            [
              408051.5,
              451829.5
            ],
            [
              407708.5,
              451900.312000001
            ],
            [
              407110.306,
              451035.999
            ],
            [
              406247.875,
              451368
            ],
            [
              405165.75,
              451061.312999999
            ],
            [
              404635.359,
              450463.7862
            ],
            [
              403334.013,
              451183.0353
            ],
            [
              402647.5,
              451421.405999999
            ],
            [
              402477.594,
              451939.905999999
            ],
            [
              402333.694,
              452561.189999999
            ],
            [
              403051.595,
              453063.125
            ],
            [
              402745.31,
              453240.999
            ],
            [
              401475.406,
              452646.155999999
            ],
            [
              399617.571,
              452345.967499999
            ],
            [
              399226,
              451929.999
            ],
            [
              398934.368,
              452507.913000001
            ],
            [
              398342.324,
              451493.045
            ],
            [
              396853.9682,
              451165.330399999
            ],
            [
              396086.094,
              451460.687000001
            ],
            [
              395871.097,
              452173.403000001
            ],
            [
              395098.313,
              452361.001
            ],
            [
              395082.625,
              452857.344000001
            ],
            [
              394220.5,
              454175.094000001
            ],
            [
              394438.81,
              455115.402000001
            ],
            [
              394080.772,
              455851.3905
            ],
            [
              393006.405,
              455507.096000001
            ],
            [
              391405.406,
              456585.905999999
            ],
            [
              390820.097,
              456387.096999999
            ],
            [
              390853.514,
              454986.878799999
            ],
            [
              392575.553,
              454052.484999999
            ],
            [
              392987.725,
              454116.291999999
            ],
            [
              393147.899,
              453917
            ],
            [
              392732.515,
              453349.866
            ],
            [
              393604.508,
              453592.982000001
            ],
            [
              393300.857,
              452624.393999999
            ],
            [
              392651.688,
              452372.405999999
            ],
            [
              391775.281,
              452511.311000001
            ],
            [
              391597.0796,
              451312.092
            ],
            [
              390964.188,
              452205.094000001
            ],
            [
              389884.313,
              452083.687000001
            ],
            [
              387608.906,
              452552.405999999
            ],
            [
              388160.594,
              454260.312000001
            ],
            [
              388209.547,
              455338.643999999
            ],
            [
              387539.336,
              456322.823999999
            ],
            [
              387591.5,
              457017.094000001
            ],
            [
              387914.306,
              457196.312000001
            ],
            [
              386931.813,
              458546.719000001
            ],
            [
              387191.688,
              459333.187000001
            ],
            [
              386046.5,
              459502.5
            ],
            [
              385775.813,
              459905.312000001
            ],
            [
              385264.219,
              462558.219000001
            ],
            [
              386492.407,
              463227.312000001
            ],
            [
              386836.691,
              463756.999
            ],
            [
              386312.219,
              465117.062000001
            ],
            [
              385846.094,
              465064.094000001
            ],
            [
              385603.501,
              466022.594000001
            ],
            [
              385687.563,
              466354.312000001
            ],
            [
              386661.693,
              466510.561000001
            ],
            [
              384533.501,
              468337.5
            ],
            [
              384741.999,
              468871.404999999
            ],
            [
              384307,
              471338.5
            ],
            [
              383296.688,
              471926.470000001
            ],
            [
              383999.5,
              473512.905999999
            ],
            [
              384104.812,
              474753.249
            ],
            [
              384773.625,
              475172.437000001
            ],
            [
              383824.594,
              475724.812000001
            ],
            [
              383224.002,
              477856.807
            ],
            [
              381542.908,
              478937.312000001
            ],
            [
              382317.906,
              480009.594000001
            ],
            [
              383971.8895,
              481012.959000001
            ],
            [
              382916.094,
              483325.403000001
            ],
            [
              385163.3505,
              484078.3925
            ],
            [
              385970,
              483887.594000001
            ],
            [
              387413.125,
              483375.655999999
            ],
            [
              388888.5,
              481430.594000001
            ],
            [
              389234.313,
              481411.594000001
            ],
            [
              389885,
              482116.594000001
            ],
            [
              390216.403,
              482218.998
            ],
            [
              390274.843,
              481882.532
            ],
            [
              390722.5,
              482156.219000001
            ],
            [
              390939.625,
              481071.844000001
            ],
            [
              391717.812,
              481115.594000001
            ],
            [
              392702.289,
              481877.402000001
            ],
            [
              393577.207,
              481809.614
            ],
            [
              394418.906,
              480586
            ],
            [
              396127.8065,
              479398.891000001
            ],
            [
              396219.313,
              477884.905999999
            ],
            [
              396557.71,
              477682.096000001
            ],
            [
              397109.81,
              476233.1
            ],
            [
              397867.305,
              476072.096999999
            ],
            [
              398048.811,
              475445.001
            ],
            [
              398607.438,
              475664.187000001
            ],
            [
              399137.273,
              475221.357000001
            ],
            [
              399803.689,
              475231.193
            ]
          ]
        ]
      },
      "properties": {
        "FID": 6781,
        "MSOA21CD": "E02007041",
        "MSOA21NM": "Craven 009",
        "MSOA21NMW": " ",
        "BNG_E": 396830,
        "BNG_N": 463986,
        "LAT": 54.07181,
        "LONG": -2.04994,
        "GlobalID": "69b657b3-5aa6-4144-8f48-c36b163cca4d"
      }
    },
    {
      "type": "Feature",
      "id": 6782,
      "geometry": {
        "type": "Polygon",
        "coordinates": [
          [
            [
              442027.2841,
              492050.228599999
            ],
            [
              439873.094,
              492210.812000001
            ],
            [
              439735.497,
              492536.196
            ],
            [
              438977.594,
              492525
            ],
            [
              437176.41,
              493582.84
            ],
            [
              437252.418,
              492839.432
            ],
            [
              436939.024,
              492815.812999999
            ],
            [
              437142.4745,
              492684.4495
            ],
            [
              436865.079,
              491903.867000001
            ],
            [
              436544.5606,
              492799.970000001
            ],
            [
              436357.0304,
              493323.285399999
            ],
            [
              436940.025,
              493240.507999999
            ],
            [
              437094.4595,
              493725.029999999
            ],
            [
              437616.9652,
              493653.0704
            ],
            [
              437354.149,
              494045.017000001
            ],
            [
              437899.1724,
              494224.109300001
            ],
            [
              437735.001,
              494665
            ],
            [
              437124.757,
              494542.562999999
            ],
            [
              436221.719,
              493642.279999999
            ],
            [
              435817.123,
              494047.749
            ],
            [
              435984.5,
              494328.812000001
            ],
            [
              435640.811,
              494147.098999999
            ],
            [
              434624.595,
              494464.687000001
            ],
            [
              434881.781,
              495286.155999999
            ],
            [
              434509.313,
              496024
            ],
            [
              434612,
              496705.405999999
            ],
            [
              435496.687,
              497198.566
            ],
            [
              435161.1013,
              497272.581
            ],
            [
              435136.992,
              498167.554
            ],
            [
              436013.8118,
              498648.291999999
            ],
            [
              435887.469,
              496365.375
            ],
            [
              436193.904,
              495165.597999999
            ],
            [
              437092.906,
              495466.312000001
            ],
            [
              437023.906,
              494965.812000001
            ],
            [
              437483.8395,
              495535.585000001
            ],
            [
              439583.093,
              494589.597999999
            ],
            [
              439177.505,
              495279.135
            ],
            [
              439429.401,
              496356.184
            ],
            [
              440291.409,
              494883.93
            ],
            [
              439625.3792,
              494240.4539
            ],
            [
              439770.5,
              492897.905999999
            ],
            [
              440177.594,
              492555.187000001
            ],
            [
              441829.375,
              492741.405999999
            ],
            [
              442027.2841,
              492050.228599999
            ]
          ]
        ]
      },
      "properties": {
        "FID": 6782,
        "MSOA21CD": "E02007042",
        "MSOA21NM": "Hambleton 012",
        "MSOA21NMW": " ",
        "BNG_E": 438266,
        "BNG_N": 493993,
        "LAT": 54.34007,
        "LONG": -1.41295,
        "GlobalID": "66f0dc88-cde7-4036-8dd3-d12b2ff896ee"
      }
    },
    {
      "type": "Feature",
      "id": 6783,
      "geometry": {
        "type": "Polygon",
        "coordinates": [
          [
            [
              436544.5606,
              492799.970000001
            ],
            [
              436088.034,
              492756.164999999
            ],
            [
              435778.099,
              493555.627
            ],
            [
              434641.281,
              493474.530999999
            ],
            [
              434624.595,
              494464.687000001
            ],
            [
              435640.811,
              494147.098999999
            ],
            [
              435984.5,
              494328.812000001
            ],
            [
              435817.123,
              494047.749
            ],
            [
              436221.719,
              493642.279999999
            ],
            [
              437124.757,
              494542.562999999
            ],
            [
              437735.001,
              494665
            ],
            [
              437899.1724,
              494224.109300001
            ],
            [
              437354.149,
              494045.017000001
            ],
            [
              437616.9652,
              493653.0704
            ],
            [
              437094.4595,
              493725.029999999
            ],
            [
              436940.025,
              493240.507999999
            ],
            [
              436357.0304,
              493323.285399999
            ],
            [
              436544.5606,
              492799.970000001
            ]
          ]
        ]
      },
      "properties": {
        "FID": 6783,
        "MSOA21CD": "E02007043",
        "MSOA21NM": "Hambleton 013",
        "MSOA21NMW": " ",
        "BNG_E": 435369,
        "BNG_N": 493707,
        "LAT": 54.33771,
        "LONG": -1.45754,
        "GlobalID": "f247fa7d-2ea8-47d5-bc39-c570e6efb755"
      }
    },
    {
      "type": "Feature",
      "id": 6784,
      "geometry": {
        "type": "Polygon",
        "coordinates": [
          [
            [
              482366.898,
              475714.3254
            ],
            [
              482779.313,
              475535.187000001
            ],
            [
              482855.999,
              474915.5
            ],
            [
              482254,
              474414.5
            ],
            [
              481902.219,
              473555.530999999
            ],
            [
              481046.192,
              472939.498
            ],
            [
              481322.7,
              472393.414000001
            ],
            [
              480501.009,
              471732.666999999
            ],
            [
              480779.669,
              471236.380000001
            ],
            [
              480207,
              471567
            ],
            [
              480159.404,
              470987.236
            ],
            [
              479804.37,
              470957.851
            ],
            [
              479495.498,
              471720.09
            ],
            [
              478427.246,
              471422.616
            ],
            [
              478641,
              471908
            ],
            [
              477825.631,
              472424.629000001
            ],
            [
              477119.463,
              472067.448000001
            ],
            [
              477956.501,
              474895.403999999
            ],
            [
              478767.178,
              475446.096999999
            ],
            [
              479714.906,
              475294.187000001
            ],
            [
              480890.7178,
              476070.7676
            ],
            [
              481633.594,
              475463
            ],
            [
              482366.898,
              475714.3254
            ]
          ]
        ]
      },
      "properties": {
        "FID": 6784,
        "MSOA21CD": "E02007044",
        "MSOA21NM": "Ryedale 009",
        "MSOA21NMW": " ",
        "BNG_E": 480001,
        "BNG_N": 473230,
        "LAT": 54.14869,
        "LONG": -0.77668,
        "GlobalID": "98e4482a-7a75-48b0-90af-52ed4a678c5c"
      }
    },
    {
      "type": "Feature",
      "id": 6785,
      "geometry": {
        "type": "Polygon",
        "coordinates": [
          [
            [
              480779.669,
              471236.380000001
            ],
            [
              481406.209,
              470484.581
            ],
            [
              481387,
              469475.308
            ],
            [
              479661.906,
              469704.25
            ],
            [
              479290.999,
              468282.405999999
            ],
            [
              478177.094,
              468268.312000001
            ],
            [
              477421.593,
              468627.280999999
            ],
            [
              476571.7499,
              468456.5251
            ],
            [
              476882,
              469727.812000001
            ],
            [
              477724.813,
              469904.094000001
            ],
            [
              477669.593,
              470637.062000001
            ],
            [
              476997.094,
              470769.594000001
            ],
            [
              477119.463,
              472067.448000001
            ],
            [
              477825.631,
              472424.629000001
            ],
            [
              478641,
              471908
            ],
            [
              478427.246,
              471422.616
            ],
            [
              479495.498,
              471720.09
            ],
            [
              479804.37,
              470957.851
            ],
            [
              480159.404,
              470987.236
            ],
            [
              480207,
              471567
            ],
            [
              480779.669,
              471236.380000001
            ]
          ]
        ]
      },
      "properties": {
        "FID": 6785,
        "MSOA21CD": "E02007045",
        "MSOA21NM": "Ryedale 010",
        "MSOA21NMW": " ",
        "BNG_E": 479491,
        "BNG_N": 470324,
        "LAT": 54.12266,
        "LONG": -0.78525,
        "GlobalID": "99e30b33-fe44-4a7f-965c-231f5fb3ba29"
      }
    },
    {
      "type": "Feature",
      "id": 6823,
      "geometry": {
        "type": "MultiPolygon",
        "coordinates": [
          [
            [
              [
                530198.78,
                177833.789000001
              ],
              [
                529690.347,
                176843.219000001
              ],
              [
                529223,
                177297.001
              ],
              [
                529088,
                176996
              ],
              [
                528707,
                177065.0528
              ],
              [
                528118.684,
                177373.456
              ],
              [
                528331.2741,
                177577.885399999
              ],
              [
                529260.4702,
                177748.9614
              ],
              [
                529377.5525,
                177770.467499999
              ],
              [
                529513.3973,
                177795.4201
              ],
              [
                530046.8011,
                177893.3979
              ],
              [
                530070.0528,
                177918.627
              ],
              [
                530198.78,
                177833.789000001
              ]
            ]
          ],
          [
            [
              [
                529495.8738,
                177924.225199999
              ],
              [
                529372.5834,
                177850.2897
              ],
              [
                529079.7629,
                177869.326400001
              ],
              [
                529495.8738,
                177924.225199999
              ]
            ]
          ]
        ]
      },
      "properties": {
        "FID": 6823,
        "MSOA21CD": "E02007083",
        "MSOA21NM": "Wandsworth 038",
        "MSOA21NMW": " ",
        "BNG_E": 529030,
        "BNG_N": 177347,
        "LAT": 51.48037,
        "LONG": -0.14327,
        "GlobalID": "26d7b104-e083-4cb7-b0a1-c6b01fa757dc"
      }
    },
    {
      "type": "Feature",
      "id": 6824,
      "geometry": {
        "type": "Polygon",
        "coordinates": [
          [
            [
              529690.347,
              176843.219000001
            ],
            [
              529689.8458,
              176836.967599999
            ],
            [
              529293.3286,
              176346.888599999
            ],
            [
              529088.911,
              176222.652000001
            ],
            [
              528812,
              176079.011
            ],
            [
              528624.027,
              176342.673
            ],
            [
              528110.313,
              176198.047
            ],
            [
              528271.9474,
              176484.8039
            ],
            [
              528707,
              177065.0528
            ],
            [
              529088,
              176996
            ],
            [
              529223,
              177297.001
            ],
            [
              529690.347,
              176843.219000001
            ]
          ]
        ]
      },
      "properties": {
        "FID": 6824,
        "MSOA21CD": "E02007084",
        "MSOA21NM": "Wandsworth 039",
        "MSOA21NMW": " ",
        "BNG_E": 528969,
        "BNG_N": 176689,
        "LAT": 51.47447,
        "LONG": -0.14438,
        "GlobalID": "d32d529c-0e04-40df-8a2c-4a4708e1685a"
      }
    }
  ]
}
